Source: USDA National Nutrient Database for Standard Reference Legacy Software v.3.9.4 2018-05-17
"Nutrients: 18:2 t not further defined (g); 18:2 i (g); Sucrose (g)"
"Food Groups: American Indian/Alaska Native Foods"
Food Subset:All Foods
Ordered by:Food Name
Measured by:Household
Report Run at: 06-02-2018T14:00
NDB_NO,Description,Weight(g),Measure,"18:2 t not further defined"(g)Per Measure,"18:2 i"(g)Per Measure,"Sucrose"(g)Per Measure,
"""35234""","Piki bread, made from blue cornmeal (Hopi)",28.0,"1.0 piece",0.001,--,0.45,,
"""35236""","Stew, pinto bean and hominy, badufsuki (Hopi)",227.0,"8.0 oz",--,--,0.00,,
"""35237""","Tamales, masa and pork filling (Hopi)",113.0,"4.0 oz",0.003,--,0.54,,
"""35239""","Tortilla, blue corn, Sakwavikaviki (Hopi)",57.0,"1.0 piece",--,--,0.00,,
"""35232""","Wocas, dried seeds, Oregon, yellow pond lily (Klamath)",28.35,"1.0 oz",0.001,--,0.00,,
"""35235""","Wocas, tuber, cooked, Oregon, yellow pond lily (Klamath)",28.35,"1.0 oz",--,--,0.00,,
