Source: USDA National Nutrient Database for Standard Reference Legacy Software v.3.9.4 2018-05-17
"Nutrients: Vitamin A, IU (IU); Energy (kcal); 24:1 c (g)"
"Food Groups: American Indian/Alaska Native Foods"
Food Subset:All Foods
Ordered by:Food Name
Measured by:Household
Report Run at: 06-02-2018T14:00
NDB_NO,Description,Weight(g),Measure,"Vitamin A, IU"(IU)Per Measure,"Energy"(kcal)Per Measure,"24:1 c"(g)Per Measure,
"""35015""","Blackberries, wild, raw (Alaska Native)",157.0,"1.0 cup",72,82,--,,
"""35211""","Caribou, hind quarter, meat, cooked (Alaska Native)",66.0,"0.5 cup",206,105,0.000,,
"""35195""","Cattail, Narrow Leaf Shoots (Northern Plains Indians)",19.0,"1.0 shoot",2,5,--,,
"""35204""","Chokecherries, raw, pitted (Northern Plains Indians)",154.0,"1.0 cup",259,249,--,,
"""35183""","Corn, dried, yellow (Northern Plains Indians)",28.35,"1.0 oz",74,119,--,,
"""35196""","Lambsquarters, raw (Northern Plains Indians)",0.9,"1.0 leaf",18,0,--,,
"""35197""","Lambsquarters, steamed (Northern Plains Indians)",65.0,"1.0 cup",2523,31,--,,
"""35234""","Piki bread, made from blue cornmeal (Hopi)",28.0,"1.0 piece",1,109,0.000,,
"""35206""","Plums, wild (Northern Plains Indians)",161.0,"1.0 cup",5577,147,--,,
"""35202""","Raspberries, wild (Northern Plains Indians)",130.0,"1.0 cup",65,81,--,,
"""35203""","Rose Hips, wild (Northern Plains Indians)",127.0,"1.0 cup",5518,206,--,,
"""35190""","Salmon, red (sockeye), filets with skin, smoked (Alaska Native)",108.0,"1.0 filet",111,373,0.038,,
"""35144""","Stew, dumpling with mutton (Navajo)",308.0,"1.0 serving",0,311,--,,
"""35145""","Stew, hominy with mutton (Navajo)",411.0,"1.0 serving",0,341,--,,
"""35146""","Stew, mutton, corn, squash (Navajo)",303.0,"1.0 serving",0,312,--,,
"""35236""","Stew, pinto bean and hominy, badufsuki (Hopi)",227.0,"8.0 oz",2,73,0.000,,
"""35205""","Stinging Nettles, blanched (Northern Plains Indians)",89.0,"1.0 cup",1790,37,--,,
"""35147""","Tamales (Navajo)",186.0,"1.0 piece",0,285,--,,
"""35237""","Tamales, masa and pork filling (Hopi)",113.0,"4.0 oz",1749,190,0.002,,
"""35239""","Tortilla, blue corn, Sakwavikaviki (Hopi)",57.0,"1.0 piece",1,157,0.000,,
"""35009""","Whale, beluga, meat, dried (Alaska Native)",45.0,"1.0 strip",0,147,--,,
