Source: USDA National Nutrient Database for Standard Reference Legacy Software v.3.9.4 2018-05-17
"Nutrients: Vitamin B-12, added (µg); Choline, total (mg); Serine (g)"
"Food Groups: American Indian/Alaska Native Foods"
Food Subset:All Foods
Ordered by:Food Name
Measured by:Household
Report Run at: 06-02-2018T14:00
NDB_NO,Description,Weight(g),Measure,"Vitamin B-12, added"(µg)Per Measure,"Choline, total"(mg)Per Measure,"Serine"(g)Per Measure,
"""35015""","Blackberries, wild, raw (Alaska Native)",157.0,"1.0 cup",0.00,--,--,,
"""35211""","Caribou, hind quarter, meat, cooked (Alaska Native)",66.0,"0.5 cup",0.00,79.5,--,,
"""35183""","Corn, dried, yellow (Northern Plains Indians)",28.35,"1.0 oz",0.00,--,0.208,,
"""35190""","Salmon, red (sockeye), filets with skin, smoked (Alaska Native)",108.0,"1.0 filet",0.00,241.7,--,,
"""35009""","Whale, beluga, meat, dried (Alaska Native)",45.0,"1.0 strip",0.00,59.3,1.090,,
