Source: USDA National Nutrient Database for Standard Reference Legacy Software v.3.9.4 2018-05-17
"Nutrients: 14:1 (g); Folate, DFE (µg); 20:3 undifferentiated (g)"
"Food Groups: American Indian/Alaska Native Foods"
Food Subset:All Foods
Ordered by:Food Name
Measured by:Household
Report Run at: 06-02-2018T14:00
NDB_NO,Description,Weight(g),Measure,"14:1"(g)Per Measure,"Folate, DFE"(µg)Per Measure,"20:3 undifferentiated"(g)Per Measure,
"""35140""","Bread, kneel down (Navajo)",28.35,"1.0 oz",0.000,--,--,,
"""35211""","Caribou, hind quarter, meat, cooked (Alaska Native)",66.0,"0.5 cup",0.003,3,0.000,,
"""35183""","Corn, dried, yellow (Northern Plains Indians)",28.35,"1.0 oz",0.000,--,--,,
"""35142""","Frybread, made with lard (Navajo)",152.0,"1.0 piece",0.049,298,0.000,,
"""35141""","Mutton, cooked, roasted (Navajo)",28.35,"1.0 oz",0.003,--,0.000,,
"""35234""","Piki bread, made from blue cornmeal (Hopi)",28.0,"1.0 piece",0.000,--,0.001,,
"""35190""","Salmon, red (sockeye), filets with skin, smoked (Alaska Native)",108.0,"1.0 filet",0.000,10,0.032,,
"""35144""","Stew, dumpling with mutton (Navajo)",308.0,"1.0 serving",0.000,--,--,,
"""35145""","Stew, hominy with mutton (Navajo)",411.0,"1.0 serving",0.012,--,0.000,,
"""35146""","Stew, mutton, corn, squash (Navajo)",303.0,"1.0 serving",0.000,--,--,,
"""35236""","Stew, pinto bean and hominy, badufsuki (Hopi)",227.0,"8.0 oz",0.000,--,--,,
"""35147""","Tamales (Navajo)",186.0,"1.0 piece",0.073,--,0.000,,
"""35237""","Tamales, masa and pork filling (Hopi)",113.0,"4.0 oz",0.001,--,0.007,,
"""35239""","Tortilla, blue corn, Sakwavikaviki (Hopi)",57.0,"1.0 piece",0.000,--,--,,
"""35143""","Tortilla, includes plain and from mutton sandwich (Navajo)",197.0,"1.0 serving",0.000,313,--,,
"""35009""","Whale, beluga, meat, dried (Alaska Native)",45.0,"1.0 strip",0.015,4,0.000,,
"""35232""","Wocas, dried seeds, Oregon, yellow pond lily (Klamath)",28.35,"1.0 oz",0.000,1,0.001,,
"""35235""","Wocas, tuber, cooked, Oregon, yellow pond lily (Klamath)",28.35,"1.0 oz",0.000,1,--,,
