Source: USDA National Nutrient Database for Standard Reference Legacy Software v.3.9.4 2018-05-17
"Nutrients: Galactose (g); 22:5 n-3 (DPA) (g); Alcohol, ethyl (g)"
"Food Groups: American Indian/Alaska Native Foods"
Food Subset:All Foods
Ordered by:Food Name
Measured by:Household
Report Run at: 06-02-2018T14:00
NDB_NO,Description,Weight(g),Measure,"Galactose"(g)Per Measure,"22:5 n-3 (DPA)"(g)Per Measure,"Alcohol, ethyl"(g)Per Measure,
"""35015""","Blackberries, wild, raw (Alaska Native)",157.0,"1.0 cup",--,--,0.0,,
"""35140""","Bread, kneel down (Navajo)",28.35,"1.0 oz",0.00,--,--,,
"""35211""","Caribou, hind quarter, meat, cooked (Alaska Native)",66.0,"0.5 cup",--,0.040,0.0,,
"""35195""","Cattail, Narrow Leaf Shoots (Northern Plains Indians)",19.0,"1.0 shoot",0.00,--,--,,
"""35204""","Chokecherries, raw, pitted (Northern Plains Indians)",154.0,"1.0 cup",0.00,--,--,,
"""35183""","Corn, dried, yellow (Northern Plains Indians)",28.35,"1.0 oz",--,--,0.0,,
"""35142""","Frybread, made with lard (Navajo)",152.0,"1.0 piece",0.00,--,--,,
"""35234""","Piki bread, made from blue cornmeal (Hopi)",28.0,"1.0 piece",0.00,--,--,,
"""35206""","Plums, wild (Northern Plains Indians)",161.0,"1.0 cup",0.00,--,--,,
"""35201""","Prairie Turnips, boiled (Northern Plains Indians)",14.0,"1.0 bulb",0.00,--,--,,
"""35200""","Prairie Turnips, raw (Northern Plains Indians)",12.6,"1.0 bulb peeled",0.00,--,--,,
"""35198""","Prickly pears, raw (Northern Plains Indians)",19.0,"1.0 pad peeled",0.00,--,--,,
"""35202""","Raspberries, wild (Northern Plains Indians)",130.0,"1.0 cup",0.00,--,--,,
"""35203""","Rose Hips, wild (Northern Plains Indians)",127.0,"1.0 cup",0.00,--,--,,
"""35190""","Salmon, red (sockeye), filets with skin, smoked (Alaska Native)",108.0,"1.0 filet",--,0.335,0.0,,
"""35139""","Squash, Indian, cooked, boiled (Navajo)",28.35,"1.0 oz",0.00,--,--,,
"""35144""","Stew, dumpling with mutton (Navajo)",308.0,"1.0 serving",0.00,--,--,,
"""35145""","Stew, hominy with mutton (Navajo)",411.0,"1.0 serving",0.00,--,--,,
"""35146""","Stew, mutton, corn, squash (Navajo)",303.0,"1.0 serving",0.00,--,--,,
"""35236""","Stew, pinto bean and hominy, badufsuki (Hopi)",227.0,"8.0 oz",0.00,--,--,,
"""35205""","Stinging Nettles, blanched (Northern Plains Indians)",89.0,"1.0 cup",0.00,--,--,,
"""35147""","Tamales (Navajo)",186.0,"1.0 piece",0.00,--,--,,
"""35237""","Tamales, masa and pork filling (Hopi)",113.0,"4.0 oz",0.00,0.003,--,,
"""35239""","Tortilla, blue corn, Sakwavikaviki (Hopi)",57.0,"1.0 piece",0.00,--,--,,
"""35143""","Tortilla, includes plain and from mutton sandwich (Navajo)",197.0,"1.0 serving",0.00,--,--,,
"""35009""","Whale, beluga, meat, dried (Alaska Native)",45.0,"1.0 strip",--,0.018,0.0,,
"""35232""","Wocas, dried seeds, Oregon, yellow pond lily (Klamath)",28.35,"1.0 oz",--,--,0.0,,
"""35235""","Wocas, tuber, cooked, Oregon, yellow pond lily (Klamath)",28.35,"1.0 oz",--,--,0.0,,
