Source: USDA National Nutrient Database for Standard Reference Legacy Software v.3.9.4 2018-05-17
"Nutrients: Vitamin D (D2 + D3) (µg); Valine (g); Magnesium, Mg (mg)"
"Food Groups: American Indian/Alaska Native Foods"
Food Subset:All Foods
Ordered by:Food Name
Measured by:Household
Report Run at: 06-02-2018T14:00
NDB_NO,Description,Weight(g),Measure,"Vitamin D (D2 + D3)"(µg)Per Measure,"Valine"(g)Per Measure,"Magnesium, Mg"(mg)Per Measure,
"""35183""","Corn, dried, yellow (Northern Plains Indians)",28.35,"1.0 oz",0.0,0.186,42,,
