Source: USDA National Nutrient Database for Standard Reference Legacy Software v.3.9.4 2018-05-17
"Nutrients: Threonine (g); 18:3 n-6 c,c,c (g); Maltose (g)"
"Food Groups: American Indian/Alaska Native Foods"
Food Subset:All Foods
Ordered by:Food Name
Measured by:Household
Report Run at: 06-02-2018T14:00
NDB_NO,Description,Weight(g),Measure,"Threonine"(g)Per Measure,"18:3 n-6 c,c,c"(g)Per Measure,"Maltose"(g)Per Measure,
"""35183""","Corn, dried, yellow (Northern Plains Indians)",28.35,"1.0 oz",0.122,--,0.00,,
"""35141""","Mutton, cooked, roasted (Navajo)",28.35,"1.0 oz",0.398,0.007,--,,
"""35145""","Stew, hominy with mutton (Navajo)",411.0,"1.0 serving",0.978,0.008,0.00,,
"""35146""","Stew, mutton, corn, squash (Navajo)",303.0,"1.0 serving",0.927,0.024,0.00,,
"""35147""","Tamales (Navajo)",186.0,"1.0 piece",0.445,0.000,0.41,,
"""35143""","Tortilla, includes plain and from mutton sandwich (Navajo)",197.0,"1.0 serving",0.359,0.000,4.67,,
"""35009""","Whale, beluga, meat, dried (Alaska Native)",45.0,"1.0 strip",1.227,--,0.00,,
