Source: USDA National Nutrient Database for Standard Reference Legacy Software v.3.9.4 2018-05-17
"Nutrients: 18:2 undifferentiated (g); Potassium, K (mg); Betaine (mg)"
"Food Groups: Baby Foods"
Food Subset:All Foods
Ordered by:Food Name
Measured by:Household
Report Run at: 06-02-2018T14:18
NDB_NO,Description,Weight(g),Measure,"18:2 undifferentiated"(g)Per Measure,"Potassium, K"(mg)Per Measure,"Betaine"(mg)Per Measure,
"""42150""","Babyfood, apple yogurt dessert, strained",15.0,"1.0 tbsp",0.004,10,--,,
"""03167""","Babyfood, apple-banana juice",31.2,"1.0 fl oz",0.009,38,--,,
"""03289""","Babyfood, apples with ham, strained",15.0,"1.0 tbsp",0.015,18,--,,
"""03115""","Babyfood, apples, dices, toddler",28.35,"1.0 oz",0.007,24,--,,
"""03997""","Babyfood, Baby MUM MUM Rice Biscuits",8.0,"4.0 biscuit",0.016,40,0.0,,
"""42284""","Babyfood, baked product, finger snacks cereal fortified",1.7,"1.0 cookie",0.059,2,--,,
"""43550""","Babyfood, banana apple dessert, strained",15.0,"1.0 tbsp",0.005,11,--,,
"""42119""","Babyfood, banana juice with low fat yogurt",31.5,"1.0 fl oz",0.005,50,--,,
"""43546""","Babyfood, banana no tapioca, strained",15.0,"1.0 tbsp",0.004,44,--,,
"""03995""","Babyfood, banana with mixed berries, strained",99.0,"1.0 packet",0.078,280,--,,
"""03301""","Babyfood, beverage, GERBER, GRADUATES, FRUIT SPLASHERS",113.0,"4.0 oz",0.014,25,--,,
"""03290""","Babyfood, carrots and beef, strained",15.0,"1.0 tbsp",0.010,34,--,,
"""42316""","Babyfood, carrots, toddler",28.35,"1.0 oz",0.037,37,--,,
"""03181""","Babyfood, cereal, barley, dry fortified",2.4,"1.0 tbsp",0.085,11,--,,
"""03681""","Babyfood, cereal, barley, prepared with whole milk",28.35,"1.0 oz",0.065,43,0.2,,
"""42285""","Babyfood, cereal, brown rice, dry, instant",3.7,"1.0 tbsp",0.038,14,--,,
"""03201""","Babyfood, cereal, egg yolks and bacon, junior",28.35,"1.0 oz",0.155,10,--,,
"""03211""","Babyfood, cereal, high protein, with apple and orange, dry",2.4,"1.0 tbsp",0.073,32,--,,
"""03185""","Babyfood, cereal, mixed, dry fortified",2.5,"1.0 tbsp",0.040,12,--,,
"""03685""","Babyfood, cereal, mixed, prepared with whole milk",28.35,"1.0 oz",0.081,47,0.1,,
"""03188""","Babyfood, cereal, mixed, with applesauce and bananas, junior, fortified",28.35,"1.0 oz",0.041,31,--,,
"""03187""","Babyfood, cereal, mixed, with applesauce and bananas, strained",28.35,"1.0 oz",0.051,31,--,,
"""03186""","Babyfood, cereal, mixed, with bananas, dry",2.5,"1.0 tbsp",0.041,17,--,,
"""03686""","Babyfood, cereal, mixed, with bananas, prepared with whole milk",28.35,"1.0 oz",0.074,50,0.2,,
"""03189""","Babyfood, cereal, oatmeal, dry fortified",3.2,"1.0 tbsp",0.054,18,0.7,,
"""03192""","Babyfood, cereal, oatmeal, with applesauce and bananas, junior, fortified",28.35,"1.0 oz",0.069,27,--,,
"""03191""","Babyfood, cereal, oatmeal, with applesauce and bananas, strained",28.35,"1.0 oz",0.069,27,--,,
"""03190""","Babyfood, cereal, oatmeal, with bananas, dry",15.0,"1.0 serving",0.295,90,--,,
"""03690""","Babyfood, cereal, oatmeal, with bananas, prepared with whole milk",28.35,"1.0 oz",0.074,50,0.2,,
"""43544""","Babyfood, cereal, rice with pears and apple, dry, instant fortified",15.0,"1.0 serving",0.030,62,--,,
"""03194""","Babyfood, cereal, rice, dry fortified",2.5,"1.0 tbsp",0.009,7,--,,
"""03694""","Babyfood, cereal, rice, prepared with whole milk",28.35,"1.0 oz",0.070,43,0.2,,
"""03195""","Babyfood, cereal, rice, with applesauce and bananas, strained",16.0,"1.0 tbsp",0.013,4,--,,
"""03212""","Babyfood, cereal, rice, with bananas, dry",2.5,"1.0 tbsp",0.032,19,--,,
"""03712""","Babyfood, cereal, rice, with bananas, prepared with whole milk",28.35,"1.0 oz",0.059,51,0.2,,
"""03184""","Babyfood, cereal, whole wheat, with apples, dry fortified",15.0,"0.5 oz",0.241,75,--,,
"""03198""","Babyfood, cereal, with egg yolks, junior",28.35,"1.0 oz",0.074,10,--,,
"""03197""","Babyfood, cereal, with egg yolks, strained",28.35,"1.0 oz",0.074,11,--,,
"""03199""","Babyfood, cereal, with eggs, strained",28.35,"1.0 oz",0.082,12,--,,
"""03222""","Babyfood, cherry cobbler, junior",28.35,"1.0 oz",0.004,13,--,,
"""03206""","Babyfood, cookie, baby, fruit",8.0,"1.0 cookie",0.322,34,--,,
"""03213""","Babyfood, cookies",28.35,"1.0 oz",0.807,142,--,,
"""03214""","Babyfood, cookies, arrowroot",28.35,"1.0 oz",0.159,44,--,,
"""03934""","Babyfood, corn and sweet potatoes, strained",28.35,"1.0 oz",0.033,44,--,,
"""03209""","Babyfood, crackers, vegetable",0.7,"1.0 cracker",0.007,2,--,,
"""43004""","Babyfood, dessert, banana pudding, strained",15.0,"1.0 tbsp",0.013,14,--,,
"""43539""","Babyfood, dessert, banana yogurt, strained",15.0,"1.0 tbsp",0.003,15,--,,
"""43537""","Babyfood, dessert, blueberry yogurt, strained",15.0,"1.0 tbsp",0.002,9,--,,
"""03225""","Babyfood, dessert, cherry vanilla pudding, junior",28.35,"1.0 oz",0.007,9,--,,
"""03224""","Babyfood, dessert, cherry vanilla pudding, strained",28.35,"1.0 oz",0.010,10,--,,
"""03246""","Babyfood, dessert, custard pudding, vanilla, junior",229.0,"1.0 cup",0.247,156,--,,
"""03245""","Babyfood, dessert, custard pudding, vanilla, strained",229.0,"1.0 cup",0.298,151,--,,
"""03221""","Babyfood, dessert, dutch apple, junior",28.35,"1.0 oz",0.011,19,--,,
"""03220""","Babyfood, dessert, dutch apple, strained",28.35,"1.0 oz",0.002,9,--,,
"""03236""","Babyfood, dessert, fruit dessert, without ascorbic acid, junior",15.0,"1.0 tbsp",0.000,14,--,,
"""03235""","Babyfood, dessert, fruit dessert, without ascorbic acid, strained",15.0,"1.0 tbsp",0.000,14,--,,
"""03226""","Babyfood, dessert, fruit pudding, orange, strained",28.35,"1.0 oz",0.008,24,--,,
"""03233""","Babyfood, dessert, fruit pudding, pineapple, strained",15.0,"1.0 tbsp",0.005,12,--,,
"""03228""","Babyfood, dessert, peach cobbler, junior",15.0,"1.0 tbsp",0.000,8,--,,
"""03227""","Babyfood, dessert, peach cobbler, strained",15.0,"1.0 tbsp",0.000,8,--,,
"""43536""","Babyfood, dessert, peach yogurt",15.0,"1.0 tbsp",0.001,15,--,,
"""03297""","Babyfood, dinner, apples and chicken, strained",28.35,"1.0 oz",0.086,27,--,,
"""03287""","Babyfood, dinner, beef noodle, junior",16.0,"1.0 tbsp",0.011,7,--,,
"""03047""","Babyfood, dinner, beef noodle, strained",16.0,"1.0 tbsp",0.018,14,--,,
"""03055""","Babyfood, dinner, beef with vegetables",113.0,"1.0 jar Beech-Nut Stage 2 (4 oz)",0.844,144,--,,
"""03298""","Babyfood, dinner, broccoli and chicken, junior",29.0,"1.0 tbsp",0.093,49,0.7,,
"""43008""","Babyfood, dinner, chicken and rice",16.0,"1.0 tbsp",0.026,10,--,,
"""03069""","Babyfood, dinner, chicken noodle, junior",16.0,"1.0 tbsp",0.090,23,--,,
"""03068""","Babyfood, dinner, chicken noodle, strained",16.0,"1.0 tbsp",0.090,23,--,,
"""03070""","Babyfood, dinner, chicken soup, strained",113.0,"1.0 jar Beech-Nut Stage 2 (4 oz)",0.895,75,--,,
"""03072""","Babyfood, dinner, chicken stew, toddler",16.0,"1.0 tbsp",0.117,15,--,,
"""03090""","Babyfood, dinner, macaroni and cheese, junior",28.35,"1.0 oz",0.030,12,--,,
"""03089""","Babyfood, dinner, macaroni and cheese, strained",28.35,"1.0 oz",0.021,19,1.1,,
"""03045""","Babyfood, dinner, macaroni and tomato and beef, junior",16.0,"1.0 tbsp",0.011,12,--,,
"""03044""","Babyfood, dinner, macaroni and tomato and beef, strained",16.0,"1.0 tbsp",0.027,18,--,,
"""43432""","Babyfood, dinner, macaroni, beef and tomato sauce, toddler",16.0,"1.0 tbsp",0.018,24,--,,
"""03279""","Babyfood, dinner, mixed vegetable, junior",99.0,"1.0 serving",0.000,111,--,,
"""03077""","Babyfood, dinner, pasta with vegetables",113.0,"1.0 jar, Gerber (4 oz)",0.124,150,--,,
"""03050""","Babyfood, dinner, spaghetti and tomato and meat, junior",16.0,"1.0 tbsp",0.026,20,--,,
"""03303""","Babyfood, dinner, sweet potatoes and chicken, strained",16.0,"1.0 tbsp",0.078,32,--,,
"""03083""","Babyfood, dinner, turkey and rice, junior",16.0,"1.0 tbsp",0.032,14,--,,
"""03082""","Babyfood, dinner, turkey and rice, strained",16.0,"1.0 tbsp",0.044,15,--,,
"""03296""","Babyfood, dinner, turkey, rice, and vegetables, toddler",28.35,"1.0 oz",0.085,30,--,,
"""03054""","Babyfood, dinner, vegetables and beef, junior",256.0,"1.0 cup",0.358,371,2.8,,
"""03053""","Babyfood, dinner, vegetables and beef, strained",256.0,"1.0 cup",0.358,371,2.8,,
"""03274""","Babyfood, dinner, vegetables and chicken, junior",256.0,"1.0 cup",0.609,212,--,,
"""03067""","Babyfood, dinner, vegetables and lamb, junior",28.35,"1.0 oz",0.035,27,--,,
"""03085""","Babyfood, dinner, vegetables and turkey, junior",256.0,"1.0 cup",0.909,251,--,,
"""03084""","Babyfood, dinner, vegetables and turkey, strained",256.0,"1.0 cup",0.530,261,--,,
"""03073""","Babyfood, dinner, vegetables chicken, strained",256.0,"1.0 cup",0.855,404,--,,
"""03964""","Babyfood, fortified cereal bar, fruit filling",19.0,"1.0 bar",0.206,34,0.0,,
"""03154""","Babyfood, fruit and vegetable, apple and sweet potato",113.0,"1.0 jar, Gerber (4 oz)",0.075,168,--,,
"""03140""","Babyfood, fruit dessert, mango with tapioca",15.0,"1.0 tbsp",0.001,10,--,,
"""43585""","Babyfood, fruit supreme dessert",15.0,"1.0 tbsp",0.007,19,--,,
"""03165""","Babyfood, fruit, apple and blueberry, junior",28.35,"1.0 oz",0.014,18,--,,
"""03164""","Babyfood, fruit, apple and blueberry, strained",28.35,"1.0 oz",0.014,20,--,,
"""03153""","Babyfood, fruit, apple and raspberry, junior",28.35,"1.0 oz",0.014,20,--,,
"""03152""","Babyfood, fruit, apple and raspberry, strained",28.35,"1.0 oz",0.014,23,--,,
"""03143""","Babyfood, fruit, applesauce and apricots, junior",16.0,"1.0 tbsp",0.007,17,--,,
"""03142""","Babyfood, fruit, applesauce and apricots, strained",16.0,"1.0 tbsp",0.007,19,--,,
"""03145""","Babyfood, fruit, applesauce and cherries, junior",28.35,"1.0 oz",0.000,37,--,,
"""03144""","Babyfood, fruit, applesauce and cherries, strained",28.35,"1.0 oz",0.000,37,--,,
"""03151""","Babyfood, fruit, applesauce and pineapple, junior",28.35,"1.0 oz",0.006,22,--,,
"""03150""","Babyfood, fruit, applesauce and pineapple, strained",28.35,"1.0 oz",0.006,22,--,,
"""03147""","Babyfood, fruit, applesauce with banana, junior",16.0,"1.0 tbsp",0.006,21,--,,
"""03117""","Babyfood, fruit, applesauce, junior",16.0,"1.0 tbsp",0.000,12,--,,
"""03116""","Babyfood, fruit, applesauce, strained",16.0,"1.0 tbsp",0.008,11,--,,
"""03128""","Babyfood, fruit, apricot with tapioca, junior",15.0,"1.0 tbsp",0.000,19,--,,
"""03118""","Babyfood, fruit, apricot with tapioca, strained",15.0,"1.0 tbsp",0.000,18,--,,
"""03994""","Babyfood, fruit, banana and strawberry, junior",140.0,"1.0 bottle",0.074,553,0.1,,
"""03156""","Babyfood, fruit, bananas and pineapple with tapioca, junior",15.0,"1.0 tbsp",0.002,12,--,,
"""03157""","Babyfood, fruit, bananas and pineapple with tapioca, strained",15.0,"1.0 tbsp",0.000,10,--,,
"""03163""","Babyfood, fruit, bananas with apples and pears, strained",15.0,"1.0 tbsp",0.009,35,--,,
"""03280""","Babyfood, fruit, bananas with tapioca, junior",15.0,"1.0 tbsp",0.004,16,--,,
"""03129""","Babyfood, fruit, bananas with tapioca, strained",15.0,"1.0 tbsp",0.002,13,--,,
"""03131""","Babyfood, fruit, peaches, junior",17.0,"1.0 tbsp",0.003,33,0.1,,
"""03130""","Babyfood, fruit, peaches, strained",17.0,"1.0 tbsp",0.003,33,0.1,,
"""03159""","Babyfood, fruit, pears and pineapple, junior",16.0,"1.0 tbsp",0.007,19,--,,
"""03158""","Babyfood, fruit, pears and pineapple, strained",16.0,"1.0 tbsp",0.003,19,--,,
"""03133""","Babyfood, fruit, pears, junior",16.0,"1.0 tbsp",0.004,18,--,,
"""03132""","Babyfood, fruit, pears, strained",16.0,"1.0 tbsp",0.007,21,--,,
"""03135""","Babyfood, fruit, plums with tapioca, without ascorbic acid, junior",15.0,"1.0 tbsp",0.000,12,--,,
"""03134""","Babyfood, fruit, plums with tapioca, without ascorbic acid, strained",15.0,"1.0 tbsp",0.000,13,--,,
"""03137""","Babyfood, fruit, prunes with tapioca, without ascorbic acid, junior",28.35,"1.0 oz",0.006,46,--,,
"""03136""","Babyfood, fruit, prunes with tapioca, without ascorbic acid, strained",15.0,"1.0 tbsp",0.003,27,--,,
"""43007""","Babyfood, fruit, tutti frutti, junior",15.0,"1.0 tbsp",0.008,7,--,,
"""43006""","Babyfood, fruit, tutti frutti, strained",15.0,"1.0 tbsp",0.006,7,--,,
"""03022""","Babyfood, GERBER, 2nd Foods, apple, carrot and squash, organic",99.0,"1.0 serving",0.000,105,--,,
"""03025""","Babyfood, GERBER, 3rd Foods, apple, mango and kiwi",170.0,"1.0 serving",0.000,209,0.2,,
"""33878""","Babyfood, GERBER, Banana with orange medley",113.0,"1.0 jar",--,299,0.0,,
"""03216""","Babyfood, GERBER, GRADUATES Lil Biscuits Vanilla Wheat",28.35,"1.0 oz",0.376,90,--,,
"""44074""","Babyfood, grape juice, no sugar, canned",118.0,"4.0 fl oz",0.000,106,--,,
"""42286""","Babyfood, green beans and turkey, strained",14.0,"1.0 tbsp",0.038,26,--,,
"""03093""","Babyfood, green beans, dices, toddler",28.35,"1.0 oz",0.011,33,--,,
"""03001""","Babyfood, juice treats, fruit medley, toddler",28.0,"1.0 packet",0.000,15,--,,
"""03166""","Babyfood, juice, apple",31.7,"1.0 fl oz",0.009,29,--,,
"""43535""","Babyfood, juice, apple - cherry",31.2,"1.0 fl oz",0.008,34,--,,
"""03265""","Babyfood, juice, apple and grape",31.2,"1.0 fl oz",0.015,28,--,,
"""03168""","Babyfood, juice, apple and peach",31.2,"1.0 fl oz",0.008,30,--,,
"""03171""","Babyfood, juice, apple and prune",31.2,"1.0 fl oz",0.008,46,--,,
"""03269""","Babyfood, juice, apple, with calcium",189.0,"1.0 serving",0.051,174,--,,
"""42266""","Babyfood, juice, apple-sweet potato",30.8,"1.0 fl oz",0.014,42,--,,
"""03267""","Babyfood, juice, fruit punch, with calcium",31.2,"1.0 fl oz",0.008,27,--,,
"""03179""","Babyfood, juice, mixed fruit",31.2,"1.0 fl oz",0.011,32,--,,
"""03172""","Babyfood, juice, orange",31.2,"1.0 fl oz",0.014,57,--,,
"""03174""","Babyfood, juice, orange and apple and banana",31.2,"1.0 fl oz",0.007,42,--,,
"""03175""","Babyfood, juice, orange and apricot",31.2,"1.0 fl oz",0.005,62,--,,
"""03177""","Babyfood, juice, orange and pineapple",31.2,"1.0 fl oz",0.005,44,--,,
"""42267""","Babyfood, juice, orange-carrot",30.8,"1.0 fl oz",0.008,54,--,,
"""43408""","Babyfood, juice, pear",31.2,"1.0 fl oz",0.000,41,--,,
"""03048""","Babyfood, macaroni and cheese, toddler",113.0,"1.0 container",0.148,20,20.9,,
"""03959""","Babyfood, mashed cheddar potatoes and broccoli, toddlers",170.0,"1.0 container",0.128,201,0.2,,
"""43417""","Babyfood, meat, beef with vegetables, toddler",179.0,"1.0 jar NFS",0.138,301,--,,
"""03003""","Babyfood, meat, beef, junior",28.35,"1.0 oz",0.026,53,0.9,,
"""03002""","Babyfood, meat, beef, strained",14.7,"1.0 tbsp",0.013,27,0.5,,
"""03014""","Babyfood, meat, chicken sticks, junior",10.0,"1.0 stick",0.276,11,--,,
"""03013""","Babyfood, meat, chicken, junior",15.0,"1.0 tbsp",0.338,18,1.7,,
"""03012""","Babyfood, meat, chicken, strained",15.0,"1.0 tbsp",0.278,21,1.7,,
"""03009""","Babyfood, meat, ham, junior",28.35,"1.0 oz",0.235,60,--,,
"""03008""","Babyfood, meat, ham, strained",15.0,"1.0 tbsp",0.070,31,--,,
"""03011""","Babyfood, meat, lamb, junior",28.35,"1.0 oz",0.043,60,1.9,,
"""03010""","Babyfood, meat, lamb, strained",22.0,"1.0 tbsp",0.037,42,1.5,,
"""03021""","Babyfood, meat, meat sticks, junior",10.0,"1.0 stick",0.146,11,--,,
"""03007""","Babyfood, meat, pork, strained",28.35,"1.0 oz",0.196,63,--,,
"""03017""","Babyfood, meat, turkey sticks, junior",10.0,"1.0 stick",0.301,12,0.4,,
"""03016""","Babyfood, meat, turkey, junior",19.0,"1.0 tbsp",0.198,26,0.9,,
"""03015""","Babyfood, meat, turkey, strained",15.0,"1.0 tbsp",0.156,20,0.7,,
"""03005""","Babyfood, meat, veal, strained",16.0,"1.0 tbsp",0.017,27,1.1,,
"""42120""","Babyfood, mixed fruit juice with low fat yogurt",31.5,"1.0 fl oz",0.005,43,--,,
"""43523""","Babyfood, mixed fruit yogurt, strained",15.0,"1.0 tbsp",0.002,9,--,,
"""03996""","Babyfood, Multigrain whole grain cereal, dry fortified",16.0,"3.0 tbsp",0.378,75,--,,
"""03205""","Babyfood, oatmeal cereal with fruit, dry, instant, toddler fortified",5.3,"1.0 tbsp",0.116,18,--,,
"""03161""","Babyfood, peaches, dices, toddler",28.35,"1.0 oz",0.019,24,--,,
"""03141""","Babyfood, pears, dices, toddler",28.35,"1.0 oz",0.013,14,--,,
"""42279""","Babyfood, peas and brown rice",230.0,"1.0 cup",0.393,214,--,,
"""03122""","Babyfood, peas, dices, toddler",28.35,"1.0 oz",0.085,23,--,,
"""03293""","Babyfood, plums, bananas and rice, strained",28.35,"1.0 oz",0.016,75,--,,
"""03112""","Babyfood, potatoes, toddler",163.0,"1.0 cup",0.031,179,--,,
"""03215""","Babyfood, pretzels",28.35,"1.0 oz",0.283,39,--,,
"""03139""","Babyfood, prunes, without vitamin c, strained",15.0,"1.0 tbsp",0.007,46,--,,
"""03046""","Babyfood, ravioli, cheese filled, with tomato sauce",16.0,"1.0 tbsp",0.068,5,--,,
"""43529""","Babyfood, rice and apples, dry",2.5,"1.0 tbsp",0.020,10,--,,
"""33881""","Babyfood, rice cereal, dry, EARTHS BEST ORGANIC WHOLE GRAIN, fortified only with iron",18.0,"4.0 tbsp",0.324,33,--,,
"""03019""","Babyfood, snack, GERBER GRADUATE FRUIT  STRIPS, Real Fruit Bars",9.9,"1.0 bar",0.054,31,--,,
"""03998""","Babyfood, Snack, GERBER, GRADUATES, LIL CRUNCHIES, baked whole grain corn snack",7.0,"18.0 piece",0.444,15,--,,
"""03302""","Babyfood, snack, GERBER, GRADUATES, YOGURT MELTS",7.0,"1.0 serving",0.010,50,0.2,,
"""03026""","Babyfood, tropical fruit medley",88.0,"1.0 serving",--,124,0.0,,
"""42278""","Babyfood, vegetable and brown rice, strained",230.0,"1.0 cup",0.695,310,--,,
"""03114""","Babyfood, vegetable, butternut squash and corn",113.0,"1.0 jar, Gerber (4 oz)",0.296,398,--,,
"""03096""","Babyfood, vegetable, green beans and potatoes",113.0,"1.0 jar, Gerber (4 oz)",0.099,167,--,,
"""03098""","Babyfood, vegetables, beets, strained",224.0,"1.0 cup",0.074,408,--,,
"""03100""","Babyfood, vegetables, carrots, junior",224.0,"1.0 cup",0.179,452,--,,
"""03099""","Babyfood, vegetables, carrots, strained",224.0,"1.0 cup",0.090,439,--,,
"""03120""","Babyfood, vegetables, corn, creamed, junior",240.0,"1.0 cup",0.415,194,--,,
"""03119""","Babyfood, vegetables, corn, creamed, strained",113.0,"1.0 jar",0.193,102,--,,
"""03283""","Babyfood, vegetables, garden vegetable, strained",28.35,"1.0 oz",0.015,48,--,,
"""03092""","Babyfood, vegetables, green beans, junior",240.0,"1.0 cup",0.048,307,--,,
"""03091""","Babyfood, vegetables, green beans, strained",240.0,"1.0 cup",0.139,350,0.2,,
"""03282""","Babyfood, vegetables, mix vegetables junior",99.0,"1.0 serving 3.5 oz serving",0.151,168,--,,
"""03286""","Babyfood, vegetables, mix vegetables strained",28.35,"1.0 oz",0.051,36,--,,
"""03121""","Babyfood, vegetables, peas, strained",16.0,"1.0 tbsp",0.027,17,0.1,,
"""03127""","Babyfood, vegetables, spinach, creamed, strained",240.0,"1.0 cup",0.144,458,--,,
"""03105""","Babyfood, vegetables, squash, junior",16.0,"1.0 tbsp",0.005,30,0.0,,
"""03104""","Babyfood, vegetables, squash, strained",16.0,"1.0 tbsp",0.005,30,0.0,,
"""03108""","Babyfood, vegetables, sweet potatoes strained",224.0,"1.0 cup",0.083,589,--,,
"""03109""","Babyfood, vegetables, sweet potatoes, junior",224.0,"1.0 cup",0.083,544,--,,
"""03024""","Babyfood, water, bottled, GERBER, without added fluoride",113.0,"1.0 serving",--,0,--,,
"""03956""","Babyfood, yogurt, whole milk, with fruit, multigrain cereal and added DHA fortified",31.0,"1.0 oz",0.046,46,0.2,,
"""03965""","Babyfood, yogurt, whole milk, with fruit, multigrain cereal and added iron fortified",16.0,"1.0 tbsp",0.023,23,0.0,,
"""03860""","Child formula, ABBOTT NUTRITION, PEDIASURE, ready-to-feed",31.0,"1.0 fl oz",0.302,39,--,,
"""03870""","Child formula, ABBOTT NUTRITION, PEDIASURE, ready-to-feed, with iron and fiber",31.0,"1.0 fl oz",0.302,38,--,,
"""03000""","Clif Z bar",36.0,"1.0 bar",1.030,120,2.2,,
"""43075""","Fluid replacement, electrolyte solution (include PEDIALYTE)",31.2,"1.0 fl oz",0.000,24,--,,
"""03957""","Infant formula, ABBOTT NUTRITION, ALIMENTUM ADVANCE, with iron, powder, not reconstituted, with DHA and ARA",8.7,"1.0 scoop",0.713,52,--,,
"""03944""","Infant formula, ABBOTT NUTRITION, SIMILAC NEOSURE, ready-to-feed, with ARA and DHA",30.5,"1.0 fl oz",0.222,30,--,,
"""03951""","Infant formula, ABBOTT NUTRITION, SIMILAC, ADVANCE, with iron, liquid concentrate, not reconstituted",31.4,"1.0 fl oz",0.441,42,--,,
"""03950""","Infant formula, ABBOTT NUTRITION, SIMILAC, ADVANCE, with iron, powder, not reconstituted",8.5,"1.0 scoop",0.491,47,--,,
"""03949""","Infant formula, ABBOTT NUTRITION, SIMILAC, ADVANCE, with iron, ready-to-feed",30.4,"1.0 fl oz",0.220,21,--,,
"""03935""","Infant formula, ABBOTT NUTRITION, SIMILAC, ALIMENTUM, ADVANCE, ready-to-feed, with ARA and DHA",30.5,"1.0 fl oz",0.322,23,--,,
"""03846""","Infant formula, ABBOTT NUTRITION, SIMILAC, ALIMENTUM, with iron, ready-to-feed",30.5,"1.0 fl oz",0.322,23,--,,
"""03992""","Infant formula, ABBOTT NUTRITION, SIMILAC, Expert Care, Diarrhea, ready- to- feed with ARA and DHA",30.4,"1.0 fl oz",0.182,22,--,,
"""03999""","Infant formula, ABBOTT NUTRITION, SIMILAC, For Spit Up, powder, with ARA and DHA",9.5,"1.0 scoop",0.510,52,--,,
"""03993""","Infant formula, ABBOTT NUTRITION, SIMILAC, For Spit Up, ready-to-feed, with ARA and DHA",30.4,"1.0 fl oz",0.209,21,--,,
"""33871""","Infant formula, ABBOTT NUTRITION, SIMILAC, GO AND GROW, powder, with ARA and DHA",9.6,"1.0 scoop",0.447,74,--,,
"""03991""","Infant formula, ABBOTT NUTRITION, SIMILAC, GO AND GROW, ready-to-feed, with ARA and DHA",153.0,"5.0 fl oz",0.635,150,--,,
"""03952""","Infant formula, ABBOTT NUTRITION, SIMILAC, ISOMIL, ADVANCE with iron, liquid concentrate",31.4,"1.0 fl oz",0.458,43,--,,
"""03954""","Infant formula, ABBOTT NUTRITION, SIMILAC, ISOMIL, ADVANCE with iron, powder, not reconstituted",8.7,"1.0 scoop",0.514,48,--,,
"""03953""","Infant formula, ABBOTT NUTRITION, SIMILAC, ISOMIL, ADVANCE with iron, ready-to-feed",30.5,"1.0 fl oz",0.229,22,--,,
"""03842""","Infant formula, ABBOTT NUTRITION, SIMILAC, ISOMIL, with iron, liquid concentrate",31.4,"1.0 fl oz",0.458,43,--,,
"""03843""","Infant formula, ABBOTT NUTRITION, SIMILAC, ISOMIL, with iron, powder, not reconstituted",8.7,"1.0 scoop",0.514,48,--,,
"""03841""","Infant formula, ABBOTT NUTRITION, SIMILAC, ISOMIL, with iron, ready-to-feed",30.5,"1.0 fl oz",0.229,22,--,,
"""03945""","Infant formula, ABBOTT NUTRITION, SIMILAC, NEOSURE, powder, with ARA and DHA",30.5,"1.0 fl oz",1.762,223,--,,
"""03837""","Infant formula, ABBOTT NUTRITION, SIMILAC, PM 60/40, powder not reconstituted",8.7,"1.0 scoop",0.910,36,--,,
"""03946""","Infant formula, ABBOTT NUTRITION, SIMILAC, SENSITIVE (LACTOSE FREE) ready-to-feed, with ARA and DHA",30.5,"1.0 fl oz",0.221,23,--,,
"""03947""","Infant formula, ABBOTT NUTRITION, SIMILAC, SENSITIVE, (LACTOSE FREE), liquid concentrate, with ARA and DHA",30.5,"1.0 fl oz",0.411,42,--,,
"""03948""","Infant formula, ABBOTT NUTRITION, SIMILAC, SENSITIVE, (LACTOSE FREE), powder, with ARA and DHA",30.5,"1.0 fl oz",1.664,170,--,,
"""03851""","Infant formula, ABBOTT NUTRITION, SIMILAC, with iron, liquid concentrate, not reconstituted",31.4,"1.0 fl oz",0.441,42,--,,
"""03853""","Infant formula, ABBOTT NUTRITION, SIMILAC, with iron, powder, not reconstituted",8.5,"1.0 scoop",0.491,47,--,,
"""33868""","Infant Formula, GERBER GOOD START 2, GENTLE PLUS, powder",9.4,"1.0 scoop",0.393,50,--,,
"""03989""","Infant Formula, GERBER GOOD START 2, GENTLE PLUS, ready-to-feed",30.4,"1.0 fl oz",0.118,22,--,,
"""33872""","Infant formula, GERBER, GOOD START 2 SOY, with iron, powder",9.4,"1.0 scoop",0.443,55,--,,
"""03987""","Infant formula, GERBER, GOOD START 2 Soy, with iron, ready-to-feed",30.4,"1.0 fl oz",0.183,23,--,,
"""33869""","Infant formula, GERBER, GOOD START 2, PROTECT PLUS, powder",9.4,"1.0 scoop",0.411,52,--,,
"""03990""","Infant formula, GERBER, GOOD START 2, PROTECT PLUS, ready-to-feed",30.4,"1.0 fl oz",0.174,22,--,,
"""33867""","Infant formula, GERBER, GOOD START, PROTECT PLUS, powder",9.4,"1.0 scoop",0.409,52,--,,
"""03988""","Infant formula, GERBER, GOOD START, PROTECT PLUS, ready-to-feed",30.4,"1.0 fl oz",0.174,22,--,,
"""03376""","Infant formula, MEAD JOHNSON, Enfamil 24, ready to feed, with ARA and DHA",30.5,"1.0 fl oz",0.189,26,--,,
"""03381""","Infant formula, MEAD JOHNSON, Enfamil Enspire Powder, with ARA and DHA, not reconstituted",8.8,"1.0 scoop",0.352,48,--,,
"""03393""","Infant formula, MEAD JOHNSON, Enfamil for Supplementing, ready to feed, with ARA and DHA",103.0,"100.0 ml",0.536,73,--,,
"""03963""","Infant Formula, MEAD JOHNSON, ENFAMIL GENTLEASE, with iron, prepared from powder",30.5,"1.0 fl oz",0.162,22,--,,
"""03815""","Infant formula, MEAD JOHNSON, ENFAMIL LIPIL, with iron, ready-to-feed, with ARA and DHA",106.0,"1.0 serving 100 ml",0.620,75,--,,
"""03384""","Infant formula, MEAD JOHNSON, Enfamil Premature 30 Calories, ready to feed, with ARA and DHA",30.5,"1.0 fl oz",0.238,29,--,,
"""03382""","Infant formula, MEAD JOHNSON, Enfamil Premature High Protein 24 Calories, ready to feed, with ARA and DHA",30.4,"1.0 fl oz",0.192,23,--,,
"""03386""","Infant formula, MEAD JOHNSON, Enfamil Reguline Powder, with ARA and DHA, not reconstituted",8.7,"1.0 scoop",0.348,48,--,,
"""03387""","Infant formula, MEAD JOHNSON, Enfamil Reguline, ready to feed, with ARA and DHA",30.5,"1.0 fl oz",0.156,22,--,,
"""03943""","Infant formula, MEAD JOHNSON, ENFAMIL, AR, powder, with ARA and DHA",9.0,"1.0 scoop",0.315,49,--,,
"""03942""","Infant formula, MEAD JOHNSON, ENFAMIL, AR, ready-to-feed, with ARA and DHA",106.0,"1.0 serving 100 ml",0.541,75,--,,
"""03955""","Infant Formula, MEAD JOHNSON, ENFAMIL, ENFACARE, ready-to-feed, with ARA and DHA",30.8,"1.0 fl oz",0.207,23,--,,
"""03849""","Infant formula, MEAD JOHNSON, ENFAMIL, ENFACARE, with iron, powder, with ARA and DHA",9.9,"1.0 scoop",0.426,51,--,,
"""33866""","Infant formula, MEAD JOHNSON, ENFAMIL, ENFAGROW, GENTLEASE, Toddler transitions, with ARA and DHA, powder",9.0,"1.0 scoop",0.360,58,--,,
"""03982""","Infant formula, MEAD JOHNSON, ENFAMIL, Enfagrow, Soy, Toddler ready-to-feed",30.4,"1.0 fl oz",0.099,24,--,,
"""33870""","Infant formula, MEAD JOHNSON, ENFAMIL, ENFAGROW, Soy, Toddler transitions, with ARA and DHA,  powder",9.4,"1.0 scoop",0.320,54,--,,
"""03980""","Infant Formula, MEAD JOHNSON, ENFAMIL, GENTLEASE, with ARA and DHA powder not reconstituted",8.7,"1.0 scoop",0.383,48,--,,
"""03832""","Infant formula, MEAD JOHNSON, ENFAMIL, Infant, ready-to-feed, with ARA and DHA",106.0,"1.0 serving 100 ml",0.551,75,--,,
"""03812""","Infant formula, MEAD JOHNSON, ENFAMIL, Infant, with iron, liquid concentrate, with ARA and DHA, reconstituted",31.3,"1.0 fl oz",0.166,22,--,,
"""03808""","Infant formula, MEAD JOHNSON, ENFAMIL, Infant, with iron, powder, with ARA and DHA",8.8,"1.0 scope",0.400,49,--,,
"""03818""","Infant formula, MEAD JOHNSON, ENFAMIL, LIPIL, low iron, liquid concentrate, with ARA and DHA",31.3,"1.0 fl oz",0.388,44,--,,
"""03825""","Infant formula, MEAD JOHNSON, ENFAMIL, LIPIL, low iron, ready to feed, with ARA and DHA",106.0,"1.0 serving 100 ml",0.620,75,--,,
"""33862""","Infant Formula, MEAD JOHNSON, ENFAMIL, Newborn, with ARA and DHA, powder",8.7,"1.0 scoop",0.383,48,--,,
"""03986""","Infant Formula, MEAD JOHNSON, ENFAMIL, Newborn, with DHA and ARA, ready-to-feed",30.5,"1.0 fl oz",0.171,22,--,,
"""03983""","Infant formula, MEAD JOHNSON, ENFAMIL, NUTRAMIGEN AA, ready-to-feed",30.4,"1.0 fl oz",0.197,22,--,,
"""03838""","Infant formula, MEAD JOHNSON, ENFAMIL, NUTRAMIGEN WITH LGG, with iron, powder, not reconstituted, with ARA and DHA",9.0,"1.0 scoop",0.387,50,--,,
"""33873""","Infant formula, MEAD JOHNSON, ENFAMIL, NUTRAMIGEN, PurAmino, powder, not reconstituted",9.4,"1.0 scoop",0.404,52,--,,
"""03844""","Infant formula, MEAD JOHNSON, ENFAMIL, NUTRAMIGEN, with iron, liquid concentrate not reconstituted, with ARA and DHA",31.6,"1.0 fl oz",0.177,23,--,,
"""03845""","Infant formula, MEAD JOHNSON, ENFAMIL, NUTRAMIGEN, with iron, ready-to-feed, with ARA and DHA",107.0,"1.0 serving 100 ml",0.599,77,--,,
"""33874""","Infant formula, MEAD JOHNSON, ENFAMIL, Premature, 20 calories ready-to-feed Low iron",30.4,"1.0 fl oz",0.320,19,--,,
"""33875""","Infant formula, MEAD JOHNSON, ENFAMIL, Premature, 24 calories ready-to-feed Low iron",30.0,"5.0 fl oz",0.317,19,--,,
"""03984""","Infant formula, MEAD JOHNSON, ENFAMIL, Premature, with iron, 20 calories, ready-to-feed",30.4,"1.0 fl oz",0.161,19,--,,
"""03985""","Infant formula, MEAD JOHNSON, ENFAMIL, Premature, with iron, 24 calories, ready-to-feed",30.4,"1.0 fl oz",0.192,23,--,,
"""33864""","Infant Formula, MEAD JOHNSON, ENFAMIL, Premium LIPIL, Infant, Liquid concentrate, not reconstituted",31.4,"1.0 fl oz",0.362,44,--,,
"""33863""","Infant Formula, MEAD JOHNSON, ENFAMIL, Premium LIPIL, Infant, powder",8.7,"1.0 scoop",0.396,48,--,,
"""33865""","Infant Formula, MEAD JOHNSON, ENFAMIL, Premium, Infant, Liquid concentrate, not reconstituted",31.4,"1.0 fl oz",0.377,43,--,,
"""33877""","Infant Formula, MEAD JOHNSON, ENFAMIL, Premium, Infant, powder",8.7,"1.0 scoop",0.396,48,--,,
"""33876""","Infant Formula, MEAD JOHNSON, ENFAMIL, Premium, Infant, ready-to-feed",30.5,"1.0 fl oz",0.128,22,--,,
"""03854""","Infant formula, MEAD JOHNSON, ENFAMIL, PROSOBEE, liquid concentrate, reconstituted, with ARA and DHA",31.3,"1.0 fl oz",0.175,24,--,,
"""03852""","Infant formula, MEAD JOHNSON, ENFAMIL, PROSOBEE, with iron, powder, not reconstituted, with ARA and DHA",8.8,"1.0 scoop",0.361,54,--,,
"""03805""","Infant formula, MEAD JOHNSON, ENFAMIL, with iron, powder",8.3,"1.0 scoop",0.390,46,--,,
"""03388""","Infant formula, MEAD JOHNSON, Gentlease, ready to feed, with ARA and DHA",30.0,"1.0 fl oz",0.168,25,--,,
"""03929""","Infant formula, MEAD JOHNSON, NEXT STEP PROSOBEE, powder, not reconstituted",9.3,"1.0 scoop",0.335,53,--,,
"""03861""","Infant formula, MEAD JOHNSON, NEXT STEP, PROSOBEE LIPIL, powder, with ARA and DHA",28.0,"3.0 scoop",1.008,160,--,,
"""03864""","Infant formula, MEAD JOHNSON, NEXT STEP, PROSOBEE, LIPIL, ready to feed, with ARA and DHA",103.0,"1.0 serving 100 ml",0.510,81,--,,
"""03390""","Infant formula, MEAD JOHNSON, Pregestimil 20 Calories, ready to feed, with ARA and DHA",1.0,"100.0 ml",0.006,1,--,,
"""03391""","Infant formula, MEAD JOHNSON, Pregestimil 24 Calories, ready to feed, with ARA and DHA",104.0,"100.0 ml",0.759,89,--,,
"""03821""","Infant formula, MEAD JOHNSON, PREGESTIMIL, with iron, powder, with ARA and DHA, not reconstituted",8.8,"1.0 scoop",0.414,48,--,,
"""03822""","Infant formula, MEAD JOHNSON, PREGESTIMIL, with iron, with ARA and DHA, prepared from powder",104.0,"1.0 serving 100 ml",0.645,76,--,,
"""03857""","Infant formula, MEAD JOHNSON, PROSOBEE, with iron, ready to feed, with ARA and DHA",106.0,"1.0 serving 100 ml",0.594,84,--,,
"""03823""","Infant formula, MEAD JOHNSON, PROSOBEE, with iron, ready-to-feed",106.0,"1.0 Serving 100 ml",0.630,84,--,,
"""03930""","Infant formula, MEAD JOHNSON,NEXT STEP PROSOBEE, prepared from powder",30.5,"1.0 fl oz",0.151,24,--,,
"""03928""","Infant formula, NESTLE, GOOD START ESSENTIALS SOY, with iron, powder",8.5,"1.0 scoop",0.400,49,--,,
"""03867""","Infant formula, NESTLE, GOOD START SOY, with ARA and DHA, powder",9.4,"1.0 scoop",0.442,55,--,,
"""03966""","Infant formula, NESTLE, GOOD START SOY, with DHA and ARA, liquid concentrate",29.2,"1.0 fl oz",0.362,45,--,,
"""03859""","Infant formula, NESTLE, GOOD START SOY, with DHA and ARA, ready-to-feed",29.0,"1.0 oz",0.175,21,--,,
"""03961""","Infant formula, NESTLE, GOOD START SUPREME, with iron, DHA and ARA, prepared from liquid concentrate",31.4,"1.0 fl oz",0.199,22,--,,
"""03960""","Infant formula, NESTLE, GOOD START SUPREME, with iron, DHA and ARA, ready-to-feed",30.5,"1.0 fl oz",0.193,22,--,,
"""03801""","Infant formula, NESTLE, GOOD START SUPREME, with iron, liquid concentrate, not reconstituted",31.4,"1.0 fl oz",0.408,43,--,,
"""03802""","Infant formula, NESTLE, GOOD START SUPREME, with iron, powder",8.7,"1.0 scoop",0.467,48,--,,
"""03937""","Infant formula, PBM PRODUCTS, store brand, liquid concentrate, not reconstituted",31.4,"1.0 fl oz",0.283,34,--,,
"""03938""","Infant formula, PBM PRODUCTS, store brand, powder",8.4,"1.0 scoop",0.301,37,--,,
"""03936""","Infant formula, PBM PRODUCTS, store brand, ready-to-feed",30.4,"1.0 fl oz",0.137,17,--,,
"""03940""","Infant formula, PBM PRODUCTS, store brand, soy, liquid concentrate, not reconstituted",31.4,"1.0 fl oz",0.283,43,--,,
"""03941""","Infant formula, PBM PRODUCTS, store brand, soy, powder",8.7,"1.0 scoop",0.303,46,--,,
"""03939""","Infant formula, PBM PRODUCTS, store brand, soy, ready-to-feed",30.4,"1.0 fl oz",0.137,21,--,,
"""03392""","Toddler drink, MEAD JOHNSON, PurAmino Toddler Powder, with ARA and DHA, not reconstituted",7.2,"1.0 scoop",0.310,40,--,,
"""03968""","Toddler formula, MEAD JOHNSON, ENFAGROW PREMIUM (formerly ENFAMIL, LIPIL, NEXT STEP), ready-to-feed",29.2,"1.0 fl oz",0.181,26,--,,
"""03967""","Toddler formula, MEAD JOHNSON, ENFAGROW, Toddler Transitions, with ARA and DHA, powder",9.0,"1.0 scoop",0.360,58,--,,
"""03217""","Zwieback",28.35,"1.0 oz",0.569,86,--,,
