Source: USDA National Nutrient Database for Standard Reference Legacy Software v.3.9.4 2018-05-17
"Nutrients: Lysine (g); 22:1 c (g); Fluoride, F (µg)"
"Food Groups: Baby Foods"
Food Subset:All Foods
Ordered by:Food Name
Measured by:Household
Report Run at: 06-02-2018T14:17
NDB_NO,Description,Weight(g),Measure,"Lysine"(g)Per Measure,"22:1 c"(g)Per Measure,"Fluoride, F"(µg)Per Measure,
"""03997""","Babyfood, Baby MUM MUM Rice Biscuits",8.0,"4.0 biscuit",0.024,--,0.0,,
"""03995""","Babyfood, banana with mixed berries, strained",99.0,"1.0 packet",0.034,--,1.5,,
"""03301""","Babyfood, beverage, GERBER, GRADUATES, FRUIT SPLASHERS",113.0,"4.0 oz",0.002,--,75.4,,
"""03681""","Babyfood, cereal, barley, prepared with whole milk",28.35,"1.0 oz",0.044,--,--,,
"""03682""","Babyfood, cereal, high protein, prepared with whole milk",28.35,"1.0 oz",0.172,--,--,,
"""03185""","Babyfood, cereal, mixed, dry fortified",2.5,"1.0 tbsp",0.010,--,--,,
"""03685""","Babyfood, cereal, mixed, prepared with whole milk",28.35,"1.0 oz",0.047,--,--,,
"""03188""","Babyfood, cereal, mixed, with applesauce and bananas, junior, fortified",28.35,"1.0 oz",0.010,--,0.3,,
"""03187""","Babyfood, cereal, mixed, with applesauce and bananas, strained",28.35,"1.0 oz",0.010,--,0.3,,
"""03186""","Babyfood, cereal, mixed, with bananas, dry",2.5,"1.0 tbsp",0.012,--,--,,
"""03686""","Babyfood, cereal, mixed, with bananas, prepared with whole milk",28.35,"1.0 oz",0.048,--,--,,
"""03689""","Babyfood, cereal, oatmeal, prepared with whole milk",28.35,"1.0 oz",0.088,--,--,,
"""03192""","Babyfood, cereal, oatmeal, with applesauce and bananas, junior, fortified",28.35,"1.0 oz",0.015,--,2.3,,
"""03191""","Babyfood, cereal, oatmeal, with applesauce and bananas, strained",28.35,"1.0 oz",0.015,--,--,,
"""03190""","Babyfood, cereal, oatmeal, with bananas, dry",15.0,"1.0 serving",0.084,--,--,,
"""03690""","Babyfood, cereal, oatmeal, with bananas, prepared with whole milk",28.35,"1.0 oz",0.088,--,--,,
"""03194""","Babyfood, cereal, rice, dry fortified",2.5,"1.0 tbsp",0.008,0.000,--,,
"""03694""","Babyfood, cereal, rice, prepared with whole milk",28.35,"1.0 oz",0.043,--,--,,
"""03195""","Babyfood, cereal, rice, with applesauce and bananas, strained",16.0,"1.0 tbsp",0.011,--,2.6,,
"""03212""","Babyfood, cereal, rice, with bananas, dry",2.5,"1.0 tbsp",0.011,--,--,,
"""03712""","Babyfood, cereal, rice, with bananas, prepared with whole milk",28.35,"1.0 oz",0.046,--,--,,
"""03198""","Babyfood, cereal, with egg yolks, junior",28.35,"1.0 oz",0.036,--,--,,
"""03197""","Babyfood, cereal, with egg yolks, strained",28.35,"1.0 oz",0.036,--,--,,
"""03934""","Babyfood, corn and sweet potatoes, strained",28.35,"1.0 oz",0.019,--,0.1,,
"""03245""","Babyfood, dessert, custard pudding, vanilla, strained",229.0,"1.0 cup",0.261,--,--,,
"""03221""","Babyfood, dessert, dutch apple, junior",28.35,"1.0 oz",0.004,--,0.6,,
"""03226""","Babyfood, dessert, fruit pudding, orange, strained",28.35,"1.0 oz",0.026,--,--,,
"""03049""","Babyfood, dinner, beef and rice, toddler",28.35,"1.0 oz",0.107,--,--,,
"""03043""","Babyfood, dinner, beef lasagna, toddler",28.35,"1.0 oz",0.084,--,--,,
"""03287""","Babyfood, dinner, beef noodle, junior",16.0,"1.0 tbsp",0.030,--,--,,
"""03072""","Babyfood, dinner, chicken stew, toddler",16.0,"1.0 tbsp",0.066,--,--,,
"""03090""","Babyfood, dinner, macaroni and cheese, junior",28.35,"1.0 oz",0.042,--,1.7,,
"""03045""","Babyfood, dinner, macaroni and tomato and beef, junior",16.0,"1.0 tbsp",0.024,--,--,,
"""03051""","Babyfood, dinner, spaghetti and tomato and meat, toddler",28.35,"1.0 oz",0.089,--,--,,
"""03054""","Babyfood, dinner, vegetables and beef, junior",256.0,"1.0 cup",0.420,--,55.0,,
"""03053""","Babyfood, dinner, vegetables and beef, strained",256.0,"1.0 cup",0.471,--,--,,
"""03067""","Babyfood, dinner, vegetables and lamb, junior",28.35,"1.0 oz",0.044,--,--,,
"""03994""","Babyfood, fruit, banana and strawberry, junior",140.0,"1.0 bottle",0.076,--,3.4,,
"""03022""","Babyfood, GERBER, 2nd Foods, apple, carrot and squash, organic",99.0,"1.0 serving",0.082,--,0.0,,
"""44074""","Babyfood, grape juice, no sugar, canned",118.0,"4.0 fl oz",0.022,--,47.8,,
"""03001""","Babyfood, juice treats, fruit medley, toddler",28.0,"1.0 packet",--,--,0.0,,
"""03959""","Babyfood, mashed cheddar potatoes and broccoli, toddlers",170.0,"1.0 container",0.122,--,119.3,,
"""03014""","Babyfood, meat, chicken sticks, junior",10.0,"1.0 stick",0.116,--,--,,
"""03013""","Babyfood, meat, chicken, junior",15.0,"1.0 tbsp",0.184,--,--,,
"""03012""","Babyfood, meat, chicken, strained",15.0,"1.0 tbsp",0.172,--,--,,
"""03009""","Babyfood, meat, ham, junior",28.35,"1.0 oz",0.364,--,0.9,,
"""03008""","Babyfood, meat, ham, strained",15.0,"1.0 tbsp",0.177,--,--,,
"""03011""","Babyfood, meat, lamb, junior",28.35,"1.0 oz",0.382,--,2.8,,
"""03021""","Babyfood, meat, meat sticks, junior",10.0,"1.0 stick",0.103,--,--,,
"""03007""","Babyfood, meat, pork, strained",28.35,"1.0 oz",0.328,--,--,,
"""03017""","Babyfood, meat, turkey sticks, junior",10.0,"1.0 stick",0.118,--,--,,
"""03015""","Babyfood, meat, turkey, strained",15.0,"1.0 tbsp",0.178,--,--,,
"""33881""","Babyfood, rice cereal, dry, EARTHS BEST ORGANIC WHOLE GRAIN, fortified only with iron",18.0,"4.0 tbsp",0.055,--,--,,
"""03019""","Babyfood, snack, GERBER GRADUATE FRUIT  STRIPS, Real Fruit Bars",9.9,"1.0 bar",0.000,--,--,,
"""03302""","Babyfood, snack, GERBER, GRADUATES, YOGURT MELTS",7.0,"1.0 serving",0.074,--,0.6,,
"""03026""","Babyfood, tropical fruit medley",88.0,"1.0 serving",0.013,--,2.9,,
"""03098""","Babyfood, vegetables, beets, strained",224.0,"1.0 cup",0.076,--,--,,
"""03100""","Babyfood, vegetables, carrots, junior",224.0,"1.0 cup",0.047,--,26.9,,
"""03099""","Babyfood, vegetables, carrots, strained",224.0,"1.0 cup",0.045,--,2.2,,
"""03120""","Babyfood, vegetables, corn, creamed, junior",240.0,"1.0 cup",0.197,--,76.8,,
"""03119""","Babyfood, vegetables, corn, creamed, strained",113.0,"1.0 jar",0.092,--,--,,
"""03283""","Babyfood, vegetables, garden vegetable, strained",28.35,"1.0 oz",0.033,--,--,,
"""03092""","Babyfood, vegetables, green beans, junior",240.0,"1.0 cup",0.142,--,28.8,,
"""03091""","Babyfood, vegetables, green beans, strained",240.0,"1.0 cup",0.156,--,38.4,,
"""03282""","Babyfood, vegetables, mix vegetables junior",99.0,"1.0 serving 3.5 oz serving",0.047,--,--,,
"""03286""","Babyfood, vegetables, mix vegetables strained",28.35,"1.0 oz",0.011,--,--,,
"""03127""","Babyfood, vegetables, spinach, creamed, strained",240.0,"1.0 cup",0.355,--,--,,
"""03108""","Babyfood, vegetables, sweet potatoes strained",224.0,"1.0 cup",0.099,--,2.2,,
"""03109""","Babyfood, vegetables, sweet potatoes, junior",224.0,"1.0 cup",0.096,--,22.4,,
"""03000""","Clif Z bar",36.0,"1.0 bar",0.087,--,0.0,,
