Source: USDA National Nutrient Database for Standard Reference Legacy Software v.3.9.4 2018-05-17
"Nutrients: 17:1 (g); 21:5 (g); 20:2 n-6 c,c (g)"
"Food Groups: Baby Foods"
Food Subset:All Foods
Ordered by:Food Name
Measured by:Household
Report Run at: 06-02-2018T14:17
NDB_NO,Description,Weight(g),Measure,"17:1"(g)Per Measure,"21:5"(g)Per Measure,"20:2 n-6 c,c"(g)Per Measure,
"""42285""","Babyfood, cereal, brown rice, dry, instant",3.7,"1.0 tbsp",--,--,0.000,,
"""03189""","Babyfood, cereal, oatmeal, dry fortified",3.2,"1.0 tbsp",0.000,--,0.000,,
"""03194""","Babyfood, cereal, rice, dry fortified",2.5,"1.0 tbsp",--,--,0.000,,
"""03298""","Babyfood, dinner, broccoli and chicken, junior",29.0,"1.0 tbsp",--,--,0.000,,
"""03089""","Babyfood, dinner, macaroni and cheese, strained",28.35,"1.0 oz",--,--,0.000,,
"""03279""","Babyfood, dinner, mixed vegetable, junior",99.0,"1.0 serving",--,--,0.000,,
"""03054""","Babyfood, dinner, vegetables and beef, junior",256.0,"1.0 cup",0.051,--,0.000,,
"""03053""","Babyfood, dinner, vegetables and beef, strained",256.0,"1.0 cup",0.051,--,0.000,,
"""03964""","Babyfood, fortified cereal bar, fruit filling",19.0,"1.0 bar",--,--,0.000,,
"""03131""","Babyfood, fruit, peaches, junior",17.0,"1.0 tbsp",--,--,0.000,,
"""03130""","Babyfood, fruit, peaches, strained",17.0,"1.0 tbsp",--,--,0.000,,
"""03022""","Babyfood, GERBER, 2nd Foods, apple, carrot and squash, organic",99.0,"1.0 serving",--,--,0.000,,
"""03048""","Babyfood, macaroni and cheese, toddler",113.0,"1.0 container",--,--,0.000,,
"""03959""","Babyfood, mashed cheddar potatoes and broccoli, toddlers",170.0,"1.0 container",--,--,0.000,,
"""03003""","Babyfood, meat, beef, junior",28.35,"1.0 oz",0.006,--,0.000,,
"""03002""","Babyfood, meat, beef, strained",14.7,"1.0 tbsp",0.003,--,0.000,,
"""03010""","Babyfood, meat, lamb, strained",22.0,"1.0 tbsp",0.007,--,0.000,,
"""03016""","Babyfood, meat, turkey, junior",19.0,"1.0 tbsp",--,--,0.000,,
"""03015""","Babyfood, meat, turkey, strained",15.0,"1.0 tbsp",--,--,0.000,,
"""03005""","Babyfood, meat, veal, strained",16.0,"1.0 tbsp",0.003,--,0.000,,
"""42279""","Babyfood, peas and brown rice",230.0,"1.0 cup",--,--,0.000,,
"""03998""","Babyfood, Snack, GERBER, GRADUATES, LIL CRUNCHIES, baked whole grain corn snack",7.0,"18.0 piece",--,--,0.000,,
"""03302""","Babyfood, snack, GERBER, GRADUATES, YOGURT MELTS",7.0,"1.0 serving",0.000,--,0.000,,
"""03091""","Babyfood, vegetables, green beans, strained",240.0,"1.0 cup",--,--,0.000,,
"""03121""","Babyfood, vegetables, peas, strained",16.0,"1.0 tbsp",--,--,0.000,,
"""03105""","Babyfood, vegetables, squash, junior",16.0,"1.0 tbsp",--,--,0.000,,
"""03104""","Babyfood, vegetables, squash, strained",16.0,"1.0 tbsp",--,--,0.000,,
"""03965""","Babyfood, yogurt, whole milk, with fruit, multigrain cereal and added iron fortified",16.0,"1.0 tbsp",--,--,0.000,,
"""03000""","Clif Z bar",36.0,"1.0 bar",--,--,0.000,,
"""03217""","Zwieback",28.35,"1.0 oz",--,--,0.000,,
