Source: USDA National Nutrient Database for Standard Reference Legacy Software v.3.9.4 2018-05-17
"Nutrients: 13:0 (g); Beta-sitosterol (mg); 18:4 (g)"
"Food Groups: Baby Foods"
Food Subset:All Foods
Ordered by:Food Name
Measured by:Household
Report Run at: 06-02-2018T14:17
NDB_NO,Description,Weight(g),Measure,"13:0"(g)Per Measure,"Beta-sitosterol"(mg)Per Measure,"18:4"(g)Per Measure,
"""03997""","Babyfood, Baby MUM MUM Rice Biscuits",8.0,"4.0 biscuit",--,--,0.000,,
"""03681""","Babyfood, cereal, barley, prepared with whole milk",28.35,"1.0 oz",--,--,0.000,,
"""03685""","Babyfood, cereal, mixed, prepared with whole milk",28.35,"1.0 oz",--,--,0.000,,
"""03686""","Babyfood, cereal, mixed, with bananas, prepared with whole milk",28.35,"1.0 oz",--,--,0.000,,
"""03690""","Babyfood, cereal, oatmeal, with bananas, prepared with whole milk",28.35,"1.0 oz",--,--,0.000,,
"""03694""","Babyfood, cereal, rice, prepared with whole milk",28.35,"1.0 oz",--,--,0.000,,
"""03712""","Babyfood, cereal, rice, with bananas, prepared with whole milk",28.35,"1.0 oz",--,--,0.000,,
"""03089""","Babyfood, dinner, macaroni and cheese, strained",28.35,"1.0 oz",--,--,0.000,,
"""03048""","Babyfood, macaroni and cheese, toddler",113.0,"1.0 container",--,--,0.000,,
"""03000""","Clif Z bar",36.0,"1.0 bar",--,1,0.000,,
"""03217""","Zwieback",28.35,"1.0 oz",--,--,0.000,,
