Source: USDA National Nutrient Database for Standard Reference Legacy Software v.3.9.4 2018-05-17
"Nutrients: Fiber, total dietary (g); 20:3 n-3 (g); Lutein + zeaxanthin (µg)"
"Food Groups: Baby Foods"
Food Subset:All Foods
Ordered by:Food Name
Measured by:Household
Report Run at: 06-02-2018T14:17
NDB_NO,Description,Weight(g),Measure,"Fiber, total dietary"(g)Per Measure,"20:3 n-3"(g)Per Measure,"Lutein + zeaxanthin"(µg)Per Measure,
"""42150""","Babyfood, apple yogurt dessert, strained",15.0,"1.0 tbsp",0.1,--,1,,
"""03167""","Babyfood, apple-banana juice",31.2,"1.0 fl oz",0.1,--,5,,
"""03289""","Babyfood, apples with ham, strained",15.0,"1.0 tbsp",0.3,--,2,,
"""03115""","Babyfood, apples, dices, toddler",28.35,"1.0 oz",0.5,--,1,,
"""03997""","Babyfood, Baby MUM MUM Rice Biscuits",8.0,"4.0 biscuit",--,--,0,,
"""42284""","Babyfood, baked product, finger snacks cereal fortified",1.7,"1.0 cookie",0.0,--,0,,
"""43550""","Babyfood, banana apple dessert, strained",15.0,"1.0 tbsp",0.1,--,2,,
"""42119""","Babyfood, banana juice with low fat yogurt",31.5,"1.0 fl oz",0.1,--,5,,
"""43546""","Babyfood, banana no tapioca, strained",15.0,"1.0 tbsp",0.2,--,3,,
"""03995""","Babyfood, banana with mixed berries, strained",99.0,"1.0 packet",1.0,--,47,,
"""03301""","Babyfood, beverage, GERBER, GRADUATES, FRUIT SPLASHERS",113.0,"4.0 oz",0.0,--,38,,
"""03290""","Babyfood, carrots and beef, strained",15.0,"1.0 tbsp",0.4,--,21,,
"""42316""","Babyfood, carrots, toddler",28.35,"1.0 oz",0.7,--,47,,
"""03181""","Babyfood, cereal, barley, dry fortified",2.4,"1.0 tbsp",0.2,--,4,,
"""03681""","Babyfood, cereal, barley, prepared with whole milk",28.35,"1.0 oz",0.2,--,3,,
"""42285""","Babyfood, cereal, brown rice, dry, instant",3.7,"1.0 tbsp",0.2,--,0,,
"""03201""","Babyfood, cereal, egg yolks and bacon, junior",28.35,"1.0 oz",0.3,--,--,,
"""03211""","Babyfood, cereal, high protein, with apple and orange, dry",2.4,"1.0 tbsp",0.2,--,--,,
"""03185""","Babyfood, cereal, mixed, dry fortified",2.5,"1.0 tbsp",0.2,--,4,,
"""03685""","Babyfood, cereal, mixed, prepared with whole milk",28.35,"1.0 oz",0.2,--,5,,
"""03188""","Babyfood, cereal, mixed, with applesauce and bananas, junior, fortified",28.35,"1.0 oz",0.3,--,3,,
"""03187""","Babyfood, cereal, mixed, with applesauce and bananas, strained",28.35,"1.0 oz",0.3,--,3,,
"""03186""","Babyfood, cereal, mixed, with bananas, dry",2.5,"1.0 tbsp",0.2,--,2,,
"""03686""","Babyfood, cereal, mixed, with bananas, prepared with whole milk",28.35,"1.0 oz",0.1,--,3,,
"""03189""","Babyfood, cereal, oatmeal, dry fortified",3.2,"1.0 tbsp",0.2,0.000,6,,
"""03689""","Babyfood, cereal, oatmeal, prepared with whole milk",28.35,"1.0 oz",0.3,--,--,,
"""03192""","Babyfood, cereal, oatmeal, with applesauce and bananas, junior, fortified",28.35,"1.0 oz",0.3,--,5,,
"""03191""","Babyfood, cereal, oatmeal, with applesauce and bananas, strained",28.35,"1.0 oz",0.3,--,26,,
"""03190""","Babyfood, cereal, oatmeal, with bananas, dry",15.0,"1.0 serving",0.8,--,24,,
"""03690""","Babyfood, cereal, oatmeal, with bananas, prepared with whole milk",28.35,"1.0 oz",0.1,--,3,,
"""43544""","Babyfood, cereal, rice with pears and apple, dry, instant fortified",15.0,"1.0 serving",0.4,--,0,,
"""03194""","Babyfood, cereal, rice, dry fortified",2.5,"1.0 tbsp",0.0,--,0,,
"""03694""","Babyfood, cereal, rice, prepared with whole milk",28.35,"1.0 oz",--,--,0,,
"""03195""","Babyfood, cereal, rice, with applesauce and bananas, strained",16.0,"1.0 tbsp",0.2,--,1,,
"""03212""","Babyfood, cereal, rice, with bananas, dry",2.5,"1.0 tbsp",0.0,--,1,,
"""03712""","Babyfood, cereal, rice, with bananas, prepared with whole milk",28.35,"1.0 oz",0.0,--,1,,
"""03184""","Babyfood, cereal, whole wheat, with apples, dry fortified",15.0,"0.5 oz",1.0,--,30,,
"""03198""","Babyfood, cereal, with egg yolks, junior",28.35,"1.0 oz",0.3,--,--,,
"""03197""","Babyfood, cereal, with egg yolks, strained",28.35,"1.0 oz",0.3,--,--,,
"""03222""","Babyfood, cherry cobbler, junior",28.35,"1.0 oz",0.1,--,6,,
"""03206""","Babyfood, cookie, baby, fruit",8.0,"1.0 cookie",0.3,--,14,,
"""03213""","Babyfood, cookies",28.35,"1.0 oz",0.1,--,3,,
"""03214""","Babyfood, cookies, arrowroot",28.35,"1.0 oz",0.1,--,0,,
"""03934""","Babyfood, corn and sweet potatoes, strained",28.35,"1.0 oz",0.5,--,61,,
"""03209""","Babyfood, crackers, vegetable",0.7,"1.0 cracker",0.0,--,0,,
"""43004""","Babyfood, dessert, banana pudding, strained",15.0,"1.0 tbsp",0.1,--,3,,
"""43539""","Babyfood, dessert, banana yogurt, strained",15.0,"1.0 tbsp",0.1,--,1,,
"""43537""","Babyfood, dessert, blueberry yogurt, strained",15.0,"1.0 tbsp",0.1,--,10,,
"""03225""","Babyfood, dessert, cherry vanilla pudding, junior",28.35,"1.0 oz",0.1,--,3,,
"""03224""","Babyfood, dessert, cherry vanilla pudding, strained",28.35,"1.0 oz",0.1,--,3,,
"""03246""","Babyfood, dessert, custard pudding, vanilla, junior",229.0,"1.0 cup",0.5,--,89,,
"""03245""","Babyfood, dessert, custard pudding, vanilla, strained",229.0,"1.0 cup",0.0,--,89,,
"""03221""","Babyfood, dessert, dutch apple, junior",28.35,"1.0 oz",0.4,--,3,,
"""03220""","Babyfood, dessert, dutch apple, strained",28.35,"1.0 oz",0.4,--,4,,
"""03236""","Babyfood, dessert, fruit dessert, without ascorbic acid, junior",15.0,"1.0 tbsp",0.1,--,6,,
"""03235""","Babyfood, dessert, fruit dessert, without ascorbic acid, strained",15.0,"1.0 tbsp",0.1,--,6,,
"""03226""","Babyfood, dessert, fruit pudding, orange, strained",28.35,"1.0 oz",0.2,--,--,,
"""03233""","Babyfood, dessert, fruit pudding, pineapple, strained",15.0,"1.0 tbsp",0.1,--,0,,
"""03228""","Babyfood, dessert, peach cobbler, junior",15.0,"1.0 tbsp",0.1,--,6,,
"""03227""","Babyfood, dessert, peach cobbler, strained",15.0,"1.0 tbsp",0.1,--,6,,
"""43536""","Babyfood, dessert, peach yogurt",15.0,"1.0 tbsp",0.1,--,0,,
"""03297""","Babyfood, dinner, apples and chicken, strained",28.35,"1.0 oz",0.5,--,5,,
"""03287""","Babyfood, dinner, beef noodle, junior",16.0,"1.0 tbsp",0.2,--,26,,
"""03047""","Babyfood, dinner, beef noodle, strained",16.0,"1.0 tbsp",0.2,--,4,,
"""03055""","Babyfood, dinner, beef with vegetables",113.0,"1.0 jar Beech-Nut Stage 2 (4 oz)",2.0,--,66,,
"""03298""","Babyfood, dinner, broccoli and chicken, junior",29.0,"1.0 tbsp",0.4,--,148,,
"""43008""","Babyfood, dinner, chicken and rice",16.0,"1.0 tbsp",0.2,--,17,,
"""03069""","Babyfood, dinner, chicken noodle, junior",16.0,"1.0 tbsp",0.3,--,5,,
"""03068""","Babyfood, dinner, chicken noodle, strained",16.0,"1.0 tbsp",0.3,--,6,,
"""03070""","Babyfood, dinner, chicken soup, strained",113.0,"1.0 jar Beech-Nut Stage 2 (4 oz)",1.2,--,45,,
"""03072""","Babyfood, dinner, chicken stew, toddler",16.0,"1.0 tbsp",0.1,--,28,,
"""03090""","Babyfood, dinner, macaroni and cheese, junior",28.35,"1.0 oz",0.1,--,0,,
"""03089""","Babyfood, dinner, macaroni and cheese, strained",28.35,"1.0 oz",0.2,--,0,,
"""03045""","Babyfood, dinner, macaroni and tomato and beef, junior",16.0,"1.0 tbsp",0.2,--,2,,
"""03044""","Babyfood, dinner, macaroni and tomato and beef, strained",16.0,"1.0 tbsp",0.2,--,0,,
"""43432""","Babyfood, dinner, macaroni, beef and tomato sauce, toddler",16.0,"1.0 tbsp",0.2,--,2,,
"""03279""","Babyfood, dinner, mixed vegetable, junior",99.0,"1.0 serving",1.0,--,176,,
"""03077""","Babyfood, dinner, pasta with vegetables",113.0,"1.0 jar, Gerber (4 oz)",1.7,--,385,,
"""03050""","Babyfood, dinner, spaghetti and tomato and meat, junior",16.0,"1.0 tbsp",0.2,--,0,,
"""03303""","Babyfood, dinner, sweet potatoes and chicken, strained",16.0,"1.0 tbsp",0.2,--,0,,
"""03083""","Babyfood, dinner, turkey and rice, junior",16.0,"1.0 tbsp",0.2,--,21,,
"""03082""","Babyfood, dinner, turkey and rice, strained",16.0,"1.0 tbsp",0.1,--,6,,
"""03296""","Babyfood, dinner, turkey, rice, and vegetables, toddler",28.35,"1.0 oz",0.2,--,39,,
"""03054""","Babyfood, dinner, vegetables and beef, junior",256.0,"1.0 cup",3.3,--,131,,
"""03053""","Babyfood, dinner, vegetables and beef, strained",256.0,"1.0 cup",3.3,--,131,,
"""03274""","Babyfood, dinner, vegetables and chicken, junior",256.0,"1.0 cup",2.8,--,92,,
"""03067""","Babyfood, dinner, vegetables and lamb, junior",28.35,"1.0 oz",0.3,--,--,,
"""03081""","Babyfood, dinner, vegetables and noodles and turkey, junior",28.35,"1.0 oz",0.3,--,--,,
"""03079""","Babyfood, dinner, vegetables and noodles and turkey, strained",28.35,"1.0 oz",0.3,--,--,,
"""03085""","Babyfood, dinner, vegetables and turkey, junior",256.0,"1.0 cup",2.3,--,445,,
"""03084""","Babyfood, dinner, vegetables and turkey, strained",256.0,"1.0 cup",3.8,--,195,,
"""03073""","Babyfood, dinner, vegetables chicken, strained",256.0,"1.0 cup",5.4,--,184,,
"""03076""","Babyfood, dinner, vegetables, noodles and chicken, junior",28.35,"1.0 oz",0.3,--,--,,
"""03075""","Babyfood, dinner, vegetables, noodles and chicken, strained",28.35,"1.0 oz",0.3,--,--,,
"""03964""","Babyfood, fortified cereal bar, fruit filling",19.0,"1.0 bar",0.3,--,6,,
"""03154""","Babyfood, fruit and vegetable, apple and sweet potato",113.0,"1.0 jar, Gerber (4 oz)",1.6,--,15,,
"""03140""","Babyfood, fruit dessert, mango with tapioca",15.0,"1.0 tbsp",0.2,--,0,,
"""43585""","Babyfood, fruit supreme dessert",15.0,"1.0 tbsp",0.3,--,22,,
"""03165""","Babyfood, fruit, apple and blueberry, junior",28.35,"1.0 oz",0.5,--,12,,
"""03164""","Babyfood, fruit, apple and blueberry, strained",28.35,"1.0 oz",0.5,--,7,,
"""03153""","Babyfood, fruit, apple and raspberry, junior",28.35,"1.0 oz",0.6,--,6,,
"""03152""","Babyfood, fruit, apple and raspberry, strained",28.35,"1.0 oz",0.6,--,6,,
"""03143""","Babyfood, fruit, applesauce and apricots, junior",16.0,"1.0 tbsp",0.3,--,2,,
"""03142""","Babyfood, fruit, applesauce and apricots, strained",16.0,"1.0 tbsp",0.3,--,4,,
"""03145""","Babyfood, fruit, applesauce and cherries, junior",28.35,"1.0 oz",0.3,--,13,,
"""03144""","Babyfood, fruit, applesauce and cherries, strained",28.35,"1.0 oz",0.3,--,16,,
"""03151""","Babyfood, fruit, applesauce and pineapple, junior",28.35,"1.0 oz",0.4,--,--,,
"""03150""","Babyfood, fruit, applesauce and pineapple, strained",28.35,"1.0 oz",0.4,--,--,,
"""03147""","Babyfood, fruit, applesauce with banana, junior",16.0,"1.0 tbsp",0.3,--,1,,
"""03117""","Babyfood, fruit, applesauce, junior",16.0,"1.0 tbsp",0.3,--,1,,
"""03116""","Babyfood, fruit, applesauce, strained",16.0,"1.0 tbsp",0.3,--,3,,
"""03128""","Babyfood, fruit, apricot with tapioca, junior",15.0,"1.0 tbsp",0.2,--,2,,
"""03118""","Babyfood, fruit, apricot with tapioca, strained",15.0,"1.0 tbsp",0.2,--,2,,
"""03994""","Babyfood, fruit, banana and strawberry, junior",140.0,"1.0 bottle",2.0,--,34,,
"""03156""","Babyfood, fruit, bananas and pineapple with tapioca, junior",15.0,"1.0 tbsp",0.2,--,0,,
"""03157""","Babyfood, fruit, bananas and pineapple with tapioca, strained",15.0,"1.0 tbsp",0.2,--,2,,
"""03163""","Babyfood, fruit, bananas with apples and pears, strained",15.0,"1.0 tbsp",0.2,--,2,,
"""03280""","Babyfood, fruit, bananas with tapioca, junior",15.0,"1.0 tbsp",0.2,--,1,,
"""03129""","Babyfood, fruit, bananas with tapioca, strained",15.0,"1.0 tbsp",0.2,--,0,,
"""03162""","Babyfood, fruit, papaya and applesauce with tapioca, strained",28.35,"1.0 oz",0.4,--,--,,
"""03131""","Babyfood, fruit, peaches, junior",17.0,"1.0 tbsp",0.2,--,28,,
"""03130""","Babyfood, fruit, peaches, strained",17.0,"1.0 tbsp",0.2,--,28,,
"""03159""","Babyfood, fruit, pears and pineapple, junior",16.0,"1.0 tbsp",0.4,--,5,,
"""03158""","Babyfood, fruit, pears and pineapple, strained",16.0,"1.0 tbsp",0.4,--,2,,
"""03133""","Babyfood, fruit, pears, junior",16.0,"1.0 tbsp",0.4,--,6,,
"""03132""","Babyfood, fruit, pears, strained",16.0,"1.0 tbsp",0.4,--,6,,
"""03135""","Babyfood, fruit, plums with tapioca, without ascorbic acid, junior",15.0,"1.0 tbsp",0.2,--,4,,
"""03134""","Babyfood, fruit, plums with tapioca, without ascorbic acid, strained",15.0,"1.0 tbsp",0.2,--,4,,
"""03137""","Babyfood, fruit, prunes with tapioca, without ascorbic acid, junior",28.35,"1.0 oz",0.8,--,11,,
"""03136""","Babyfood, fruit, prunes with tapioca, without ascorbic acid, strained",15.0,"1.0 tbsp",0.4,--,6,,
"""43007""","Babyfood, fruit, tutti frutti, junior",15.0,"1.0 tbsp",0.1,--,4,,
"""43006""","Babyfood, fruit, tutti frutti, strained",15.0,"1.0 tbsp",0.1,--,3,,
"""03022""","Babyfood, GERBER, 2nd Foods, apple, carrot and squash, organic",99.0,"1.0 serving",1.2,--,17,,
"""03025""","Babyfood, GERBER, 3rd Foods, apple, mango and kiwi",170.0,"1.0 serving",3.4,--,51,,
"""33878""","Babyfood, GERBER, Banana with orange medley",113.0,"1.0 jar",2.4,--,32,,
"""03216""","Babyfood, GERBER, GRADUATES Lil Biscuits Vanilla Wheat",28.35,"1.0 oz",1.7,0.000,48,,
"""44074""","Babyfood, grape juice, no sugar, canned",118.0,"4.0 fl oz",0.0,--,98,,
"""42286""","Babyfood, green beans and turkey, strained",14.0,"1.0 tbsp",0.2,--,89,,
"""03093""","Babyfood, green beans, dices, toddler",28.35,"1.0 oz",0.4,--,138,,
"""03001""","Babyfood, juice treats, fruit medley, toddler",28.0,"1.0 packet",0.0,--,1,,
"""03166""","Babyfood, juice, apple",31.7,"1.0 fl oz",0.0,--,5,,
"""43535""","Babyfood, juice, apple - cherry",31.2,"1.0 fl oz",0.1,--,7,,
"""03265""","Babyfood, juice, apple and grape",31.2,"1.0 fl oz",0.0,--,0,,
"""03168""","Babyfood, juice, apple and peach",31.2,"1.0 fl oz",0.0,--,9,,
"""03171""","Babyfood, juice, apple and prune",31.2,"1.0 fl oz",0.0,--,7,,
"""03269""","Babyfood, juice, apple, with calcium",189.0,"1.0 serving",0.8,--,0,,
"""42266""","Babyfood, juice, apple-sweet potato",30.8,"1.0 fl oz",0.2,--,2,,
"""03267""","Babyfood, juice, fruit punch, with calcium",31.2,"1.0 fl oz",0.1,--,7,,
"""03179""","Babyfood, juice, mixed fruit",31.2,"1.0 fl oz",0.0,--,7,,
"""03172""","Babyfood, juice, orange",31.2,"1.0 fl oz",0.0,--,35,,
"""03174""","Babyfood, juice, orange and apple and banana",31.2,"1.0 fl oz",0.0,--,18,,
"""03175""","Babyfood, juice, orange and apricot",31.2,"1.0 fl oz",0.0,--,--,,
"""03177""","Babyfood, juice, orange and pineapple",31.2,"1.0 fl oz",0.0,--,--,,
"""42267""","Babyfood, juice, orange-carrot",30.8,"1.0 fl oz",0.1,--,42,,
"""43408""","Babyfood, juice, pear",31.2,"1.0 fl oz",0.0,--,0,,
"""03048""","Babyfood, macaroni and cheese, toddler",113.0,"1.0 container",0.6,--,2,,
"""03959""","Babyfood, mashed cheddar potatoes and broccoli, toddlers",170.0,"1.0 container",2.0,--,167,,
"""43417""","Babyfood, meat, beef with vegetables, toddler",179.0,"1.0 jar NFS",3.2,--,306,,
"""03003""","Babyfood, meat, beef, junior",28.35,"1.0 oz",--,--,0,,
"""03002""","Babyfood, meat, beef, strained",14.7,"1.0 tbsp",--,--,0,,
"""03014""","Babyfood, meat, chicken sticks, junior",10.0,"1.0 stick",0.0,--,0,,
"""03013""","Babyfood, meat, chicken, junior",15.0,"1.0 tbsp",--,--,0,,
"""03012""","Babyfood, meat, chicken, strained",15.0,"1.0 tbsp",--,--,0,,
"""03009""","Babyfood, meat, ham, junior",28.35,"1.0 oz",--,--,0,,
"""03008""","Babyfood, meat, ham, strained",15.0,"1.0 tbsp",--,--,0,,
"""03011""","Babyfood, meat, lamb, junior",28.35,"1.0 oz",0.0,--,--,,
"""03010""","Babyfood, meat, lamb, strained",22.0,"1.0 tbsp",--,--,0,,
"""03021""","Babyfood, meat, meat sticks, junior",10.0,"1.0 stick",0.0,--,0,,
"""03007""","Babyfood, meat, pork, strained",28.35,"1.0 oz",--,--,0,,
"""03017""","Babyfood, meat, turkey sticks, junior",10.0,"1.0 stick",0.0,--,0,,
"""03016""","Babyfood, meat, turkey, junior",19.0,"1.0 tbsp",--,--,0,,
"""03015""","Babyfood, meat, turkey, strained",15.0,"1.0 tbsp",--,--,0,,
"""03005""","Babyfood, meat, veal, strained",16.0,"1.0 tbsp",--,--,0,,
"""42120""","Babyfood, mixed fruit juice with low fat yogurt",31.5,"1.0 fl oz",0.1,--,6,,
"""43523""","Babyfood, mixed fruit yogurt, strained",15.0,"1.0 tbsp",0.1,--,3,,
"""03996""","Babyfood, Multigrain whole grain cereal, dry fortified",16.0,"3.0 tbsp",1.1,--,10,,
"""03205""","Babyfood, oatmeal cereal with fruit, dry, instant, toddler fortified",5.3,"1.0 tbsp",0.4,--,2,,
"""03161""","Babyfood, peaches, dices, toddler",28.35,"1.0 oz",0.2,--,29,,
"""03141""","Babyfood, pears, dices, toddler",28.35,"1.0 oz",0.3,--,12,,
"""42279""","Babyfood, peas and brown rice",230.0,"1.0 cup",5.8,--,2900,,
"""03122""","Babyfood, peas, dices, toddler",28.35,"1.0 oz",1.1,--,512,,
"""03293""","Babyfood, plums, bananas and rice, strained",28.35,"1.0 oz",0.4,--,18,,
"""03112""","Babyfood, potatoes, toddler",163.0,"1.0 cup",1.5,--,0,,
"""03215""","Babyfood, pretzels",28.35,"1.0 oz",0.7,--,20,,
"""03139""","Babyfood, prunes, without vitamin c, strained",15.0,"1.0 tbsp",0.4,--,8,,
"""03046""","Babyfood, ravioli, cheese filled, with tomato sauce",16.0,"1.0 tbsp",0.0,--,11,,
"""43529""","Babyfood, rice and apples, dry",2.5,"1.0 tbsp",0.1,--,0,,
"""33881""","Babyfood, rice cereal, dry, EARTHS BEST ORGANIC WHOLE GRAIN, fortified only with iron",18.0,"4.0 tbsp",0.1,--,0,,
"""03019""","Babyfood, snack, GERBER GRADUATE FRUIT  STRIPS, Real Fruit Bars",9.9,"1.0 bar",0.2,--,8,,
"""03998""","Babyfood, Snack, GERBER, GRADUATES, LIL CRUNCHIES, baked whole grain corn snack",7.0,"18.0 piece",0.0,--,64,,
"""03302""","Babyfood, snack, GERBER, GRADUATES, YOGURT MELTS",7.0,"1.0 serving",0.2,--,21,,
"""03026""","Babyfood, tropical fruit medley",88.0,"1.0 serving",1.1,--,18,,
"""42278""","Babyfood, vegetable and brown rice, strained",230.0,"1.0 cup",2.5,--,1265,,
"""03114""","Babyfood, vegetable, butternut squash and corn",113.0,"1.0 jar, Gerber (4 oz)",2.3,--,1096,,
"""03096""","Babyfood, vegetable, green beans and potatoes",113.0,"1.0 jar, Gerber (4 oz)",1.6,--,56,,
"""03098""","Babyfood, vegetables, beets, strained",224.0,"1.0 cup",4.3,--,0,,
"""03100""","Babyfood, vegetables, carrots, junior",224.0,"1.0 cup",3.8,--,515,,
"""03099""","Babyfood, vegetables, carrots, strained",224.0,"1.0 cup",3.8,--,0,,
"""03120""","Babyfood, vegetables, corn, creamed, junior",240.0,"1.0 cup",5.0,--,1015,,
"""03119""","Babyfood, vegetables, corn, creamed, strained",113.0,"1.0 jar",2.4,--,403,,
"""03283""","Babyfood, vegetables, garden vegetable, strained",28.35,"1.0 oz",0.4,--,390,,
"""03092""","Babyfood, vegetables, green beans, junior",240.0,"1.0 cup",4.6,--,1183,,
"""03091""","Babyfood, vegetables, green beans, strained",240.0,"1.0 cup",5.3,--,1262,,
"""03282""","Babyfood, vegetables, mix vegetables junior",99.0,"1.0 serving 3.5 oz serving",1.5,--,492,,
"""03286""","Babyfood, vegetables, mix vegetables strained",28.35,"1.0 oz",0.4,--,108,,
"""03121""","Babyfood, vegetables, peas, strained",16.0,"1.0 tbsp",0.3,--,234,,
"""03127""","Babyfood, vegetables, spinach, creamed, strained",240.0,"1.0 cup",4.3,--,10812,,
"""03105""","Babyfood, vegetables, squash, junior",16.0,"1.0 tbsp",0.1,--,564,,
"""03104""","Babyfood, vegetables, squash, strained",16.0,"1.0 tbsp",0.1,--,564,,
"""03108""","Babyfood, vegetables, sweet potatoes strained",224.0,"1.0 cup",3.4,--,0,,
"""03109""","Babyfood, vegetables, sweet potatoes, junior",224.0,"1.0 cup",3.4,--,0,,
"""03024""","Babyfood, water, bottled, GERBER, without added fluoride",113.0,"1.0 serving",--,--,0,,
"""03956""","Babyfood, yogurt, whole milk, with fruit, multigrain cereal and added DHA fortified",31.0,"1.0 oz",0.1,--,2,,
"""03965""","Babyfood, yogurt, whole milk, with fruit, multigrain cereal and added iron fortified",16.0,"1.0 tbsp",0.1,--,2,,
"""03860""","Child formula, ABBOTT NUTRITION, PEDIASURE, ready-to-feed",31.0,"1.0 fl oz",--,--,0,,
"""03870""","Child formula, ABBOTT NUTRITION, PEDIASURE, ready-to-feed, with iron and fiber",31.0,"1.0 fl oz",0.2,--,0,,
"""03000""","Clif Z bar",36.0,"1.0 bar",3.0,--,22,,
"""43075""","Fluid replacement, electrolyte solution (include PEDIALYTE)",31.2,"1.0 fl oz",--,--,0,,
"""03957""","Infant formula, ABBOTT NUTRITION, ALIMENTUM ADVANCE, with iron, powder, not reconstituted, with DHA and ARA",8.7,"1.0 scoop",--,--,0,,
"""03944""","Infant formula, ABBOTT NUTRITION, SIMILAC NEOSURE, ready-to-feed, with ARA and DHA",30.5,"1.0 fl oz",--,--,0,,
"""03951""","Infant formula, ABBOTT NUTRITION, SIMILAC, ADVANCE, with iron, liquid concentrate, not reconstituted",31.4,"1.0 fl oz",--,--,0,,
"""03950""","Infant formula, ABBOTT NUTRITION, SIMILAC, ADVANCE, with iron, powder, not reconstituted",8.5,"1.0 scoop",--,--,0,,
"""03949""","Infant formula, ABBOTT NUTRITION, SIMILAC, ADVANCE, with iron, ready-to-feed",30.4,"1.0 fl oz",--,--,0,,
"""03935""","Infant formula, ABBOTT NUTRITION, SIMILAC, ALIMENTUM, ADVANCE, ready-to-feed, with ARA and DHA",30.5,"1.0 fl oz",--,--,0,,
"""03846""","Infant formula, ABBOTT NUTRITION, SIMILAC, ALIMENTUM, with iron, ready-to-feed",30.5,"1.0 fl oz",--,--,0,,
"""03992""","Infant formula, ABBOTT NUTRITION, SIMILAC, Expert Care, Diarrhea, ready- to- feed with ARA and DHA",30.4,"1.0 fl oz",0.2,--,0,,
"""03999""","Infant formula, ABBOTT NUTRITION, SIMILAC, For Spit Up, powder, with ARA and DHA",9.5,"1.0 scoop",--,--,0,,
"""03993""","Infant formula, ABBOTT NUTRITION, SIMILAC, For Spit Up, ready-to-feed, with ARA and DHA",30.4,"1.0 fl oz",--,--,0,,
"""33871""","Infant formula, ABBOTT NUTRITION, SIMILAC, GO AND GROW, powder, with ARA and DHA",9.6,"1.0 scoop",--,--,0,,
"""03991""","Infant formula, ABBOTT NUTRITION, SIMILAC, GO AND GROW, ready-to-feed, with ARA and DHA",153.0,"5.0 fl oz",--,--,0,,
"""03952""","Infant formula, ABBOTT NUTRITION, SIMILAC, ISOMIL, ADVANCE with iron, liquid concentrate",31.4,"1.0 fl oz",--,--,0,,
"""03954""","Infant formula, ABBOTT NUTRITION, SIMILAC, ISOMIL, ADVANCE with iron, powder, not reconstituted",8.7,"1.0 scoop",--,--,0,,
"""03953""","Infant formula, ABBOTT NUTRITION, SIMILAC, ISOMIL, ADVANCE with iron, ready-to-feed",30.5,"1.0 fl oz",--,--,0,,
"""03842""","Infant formula, ABBOTT NUTRITION, SIMILAC, ISOMIL, with iron, liquid concentrate",31.4,"1.0 fl oz",--,--,0,,
"""03843""","Infant formula, ABBOTT NUTRITION, SIMILAC, ISOMIL, with iron, powder, not reconstituted",8.7,"1.0 scoop",--,--,0,,
"""03841""","Infant formula, ABBOTT NUTRITION, SIMILAC, ISOMIL, with iron, ready-to-feed",30.5,"1.0 fl oz",--,--,0,,
"""03945""","Infant formula, ABBOTT NUTRITION, SIMILAC, NEOSURE, powder, with ARA and DHA",30.5,"1.0 fl oz",--,--,0,,
"""03837""","Infant formula, ABBOTT NUTRITION, SIMILAC, PM 60/40, powder not reconstituted",8.7,"1.0 scoop",--,--,0,,
"""03946""","Infant formula, ABBOTT NUTRITION, SIMILAC, SENSITIVE (LACTOSE FREE) ready-to-feed, with ARA and DHA",30.5,"1.0 fl oz",--,--,0,,
"""03947""","Infant formula, ABBOTT NUTRITION, SIMILAC, SENSITIVE, (LACTOSE FREE), liquid concentrate, with ARA and DHA",30.5,"1.0 fl oz",--,--,0,,
"""03948""","Infant formula, ABBOTT NUTRITION, SIMILAC, SENSITIVE, (LACTOSE FREE), powder, with ARA and DHA",30.5,"1.0 fl oz",--,--,0,,
"""03851""","Infant formula, ABBOTT NUTRITION, SIMILAC, with iron, liquid concentrate, not reconstituted",31.4,"1.0 fl oz",--,--,0,,
"""03853""","Infant formula, ABBOTT NUTRITION, SIMILAC, with iron, powder, not reconstituted",8.5,"1.0 scoop",--,--,0,,
"""33868""","Infant Formula, GERBER GOOD START 2, GENTLE PLUS, powder",9.4,"1.0 scoop",--,--,0,,
"""03989""","Infant Formula, GERBER GOOD START 2, GENTLE PLUS, ready-to-feed",30.4,"1.0 fl oz",--,--,0,,
"""33872""","Infant formula, GERBER, GOOD START 2 SOY, with iron, powder",9.4,"1.0 scoop",--,--,0,,
"""03987""","Infant formula, GERBER, GOOD START 2 Soy, with iron, ready-to-feed",30.4,"1.0 fl oz",--,--,0,,
"""33869""","Infant formula, GERBER, GOOD START 2, PROTECT PLUS, powder",9.4,"1.0 scoop",--,--,0,,
"""03990""","Infant formula, GERBER, GOOD START 2, PROTECT PLUS, ready-to-feed",30.4,"1.0 fl oz",--,--,0,,
"""33867""","Infant formula, GERBER, GOOD START, PROTECT PLUS, powder",9.4,"1.0 scoop",--,--,0,,
"""03988""","Infant formula, GERBER, GOOD START, PROTECT PLUS, ready-to-feed",30.4,"1.0 fl oz",--,--,0,,
"""03376""","Infant formula, MEAD JOHNSON, Enfamil 24, ready to feed, with ARA and DHA",30.5,"1.0 fl oz",0.0,--,--,,
"""03381""","Infant formula, MEAD JOHNSON, Enfamil Enspire Powder, with ARA and DHA, not reconstituted",8.8,"1.0 scoop",0.0,--,--,,
"""03385""","Infant formula, MEAD JOHNSON, Enfamil for Supplementing, powder, with ARA and DHA, not reconstituted",8.7,"1.0 serving",0.0,--,--,,
"""03963""","Infant Formula, MEAD JOHNSON, ENFAMIL GENTLEASE, with iron, prepared from powder",30.5,"1.0 fl oz",--,--,0,,
"""03815""","Infant formula, MEAD JOHNSON, ENFAMIL LIPIL, with iron, ready-to-feed, with ARA and DHA",106.0,"1.0 serving 100 ml",--,--,0,,
"""03943""","Infant formula, MEAD JOHNSON, ENFAMIL, AR, powder, with ARA and DHA",9.0,"1.0 scoop",--,--,0,,
"""03942""","Infant formula, MEAD JOHNSON, ENFAMIL, AR, ready-to-feed, with ARA and DHA",106.0,"1.0 serving 100 ml",0.4,--,0,,
"""03955""","Infant Formula, MEAD JOHNSON, ENFAMIL, ENFACARE, ready-to-feed, with ARA and DHA",30.8,"1.0 fl oz",--,--,0,,
"""03849""","Infant formula, MEAD JOHNSON, ENFAMIL, ENFACARE, with iron, powder, with ARA and DHA",9.9,"1.0 scoop",--,--,0,,
"""33866""","Infant formula, MEAD JOHNSON, ENFAMIL, ENFAGROW, GENTLEASE, Toddler transitions, with ARA and DHA, powder",9.0,"1.0 scoop",--,--,0,,
"""03982""","Infant formula, MEAD JOHNSON, ENFAMIL, Enfagrow, Soy, Toddler ready-to-feed",30.4,"1.0 fl oz",--,--,0,,
"""33870""","Infant formula, MEAD JOHNSON, ENFAMIL, ENFAGROW, Soy, Toddler transitions, with ARA and DHA,  powder",9.4,"1.0 scoop",--,--,0,,
"""03980""","Infant Formula, MEAD JOHNSON, ENFAMIL, GENTLEASE, with ARA and DHA powder not reconstituted",8.7,"1.0 scoop",--,--,0,,
"""03832""","Infant formula, MEAD JOHNSON, ENFAMIL, Infant, ready-to-feed, with ARA and DHA",106.0,"1.0 serving 100 ml",--,--,0,,
"""03812""","Infant formula, MEAD JOHNSON, ENFAMIL, Infant, with iron, liquid concentrate, with ARA and DHA, reconstituted",31.3,"1.0 fl oz",--,--,0,,
"""03808""","Infant formula, MEAD JOHNSON, ENFAMIL, Infant, with iron, powder, with ARA and DHA",8.8,"1.0 scope",--,--,0,,
"""03818""","Infant formula, MEAD JOHNSON, ENFAMIL, LIPIL, low iron, liquid concentrate, with ARA and DHA",31.3,"1.0 fl oz",--,--,0,,
"""03825""","Infant formula, MEAD JOHNSON, ENFAMIL, LIPIL, low iron, ready to feed, with ARA and DHA",106.0,"1.0 serving 100 ml",--,--,0,,
"""33862""","Infant Formula, MEAD JOHNSON, ENFAMIL, Newborn, with ARA and DHA, powder",8.7,"1.0 scoop",--,--,0,,
"""03986""","Infant Formula, MEAD JOHNSON, ENFAMIL, Newborn, with DHA and ARA, ready-to-feed",30.5,"1.0 fl oz",--,--,0,,
"""03983""","Infant formula, MEAD JOHNSON, ENFAMIL, NUTRAMIGEN AA, ready-to-feed",30.4,"1.0 fl oz",--,--,0,,
"""03838""","Infant formula, MEAD JOHNSON, ENFAMIL, NUTRAMIGEN WITH LGG, with iron, powder, not reconstituted, with ARA and DHA",9.0,"1.0 scoop",--,--,0,,
"""33873""","Infant formula, MEAD JOHNSON, ENFAMIL, NUTRAMIGEN, PurAmino, powder, not reconstituted",9.4,"1.0 scoop",--,--,0,,
"""03844""","Infant formula, MEAD JOHNSON, ENFAMIL, NUTRAMIGEN, with iron, liquid concentrate not reconstituted, with ARA and DHA",31.6,"1.0 fl oz",--,--,0,,
"""03845""","Infant formula, MEAD JOHNSON, ENFAMIL, NUTRAMIGEN, with iron, ready-to-feed, with ARA and DHA",107.0,"1.0 serving 100 ml",--,--,0,,
"""33874""","Infant formula, MEAD JOHNSON, ENFAMIL, Premature, 20 calories ready-to-feed Low iron",30.4,"1.0 fl oz",--,--,0,,
"""33875""","Infant formula, MEAD JOHNSON, ENFAMIL, Premature, 24 calories ready-to-feed Low iron",30.0,"5.0 fl oz",--,--,0,,
"""03984""","Infant formula, MEAD JOHNSON, ENFAMIL, Premature, with iron, 20 calories, ready-to-feed",30.4,"1.0 fl oz",--,--,0,,
"""03985""","Infant formula, MEAD JOHNSON, ENFAMIL, Premature, with iron, 24 calories, ready-to-feed",30.4,"1.0 fl oz",--,--,0,,
"""33864""","Infant Formula, MEAD JOHNSON, ENFAMIL, Premium LIPIL, Infant, Liquid concentrate, not reconstituted",31.4,"1.0 fl oz",--,--,0,,
"""33863""","Infant Formula, MEAD JOHNSON, ENFAMIL, Premium LIPIL, Infant, powder",8.7,"1.0 scoop",--,--,0,,
"""33865""","Infant Formula, MEAD JOHNSON, ENFAMIL, Premium, Infant, Liquid concentrate, not reconstituted",31.4,"1.0 fl oz",--,--,0,,
"""33877""","Infant Formula, MEAD JOHNSON, ENFAMIL, Premium, Infant, powder",8.7,"1.0 scoop",--,--,0,,
"""33876""","Infant Formula, MEAD JOHNSON, ENFAMIL, Premium, Infant, ready-to-feed",30.5,"1.0 fl oz",--,--,0,,
"""03854""","Infant formula, MEAD JOHNSON, ENFAMIL, PROSOBEE, liquid concentrate, reconstituted, with ARA and DHA",31.3,"1.0 fl oz",--,--,0,,
"""03852""","Infant formula, MEAD JOHNSON, ENFAMIL, PROSOBEE, with iron, powder, not reconstituted, with ARA and DHA",8.8,"1.0 scoop",--,--,0,,
"""03805""","Infant formula, MEAD JOHNSON, ENFAMIL, with iron, powder",8.3,"1.0 scoop",--,--,0,,
"""03929""","Infant formula, MEAD JOHNSON, NEXT STEP PROSOBEE, powder, not reconstituted",9.3,"1.0 scoop",--,--,0,,
"""03861""","Infant formula, MEAD JOHNSON, NEXT STEP, PROSOBEE LIPIL, powder, with ARA and DHA",28.0,"3.0 scoop",--,--,0,,
"""03864""","Infant formula, MEAD JOHNSON, NEXT STEP, PROSOBEE, LIPIL, ready to feed, with ARA and DHA",103.0,"1.0 serving 100 ml",--,--,0,,
"""03821""","Infant formula, MEAD JOHNSON, PREGESTIMIL, with iron, powder, with ARA and DHA, not reconstituted",8.8,"1.0 scoop",--,--,0,,
"""03822""","Infant formula, MEAD JOHNSON, PREGESTIMIL, with iron, with ARA and DHA, prepared from powder",104.0,"1.0 serving 100 ml",--,--,0,,
"""03857""","Infant formula, MEAD JOHNSON, PROSOBEE, with iron, ready to feed, with ARA and DHA",106.0,"1.0 serving 100 ml",--,--,0,,
"""03823""","Infant formula, MEAD JOHNSON, PROSOBEE, with iron, ready-to-feed",106.0,"1.0 Serving 100 ml",--,--,0,,
"""03930""","Infant formula, MEAD JOHNSON,NEXT STEP PROSOBEE, prepared from powder",30.5,"1.0 fl oz",--,--,0,,
"""03928""","Infant formula, NESTLE, GOOD START ESSENTIALS SOY, with iron, powder",8.5,"1.0 scoop",--,--,0,,
"""03867""","Infant formula, NESTLE, GOOD START SOY, with ARA and DHA, powder",9.4,"1.0 scoop",--,--,0,,
"""03966""","Infant formula, NESTLE, GOOD START SOY, with DHA and ARA, liquid concentrate",29.2,"1.0 fl oz",--,--,0,,
"""03859""","Infant formula, NESTLE, GOOD START SOY, with DHA and ARA, ready-to-feed",29.0,"1.0 oz",--,--,0,,
"""03961""","Infant formula, NESTLE, GOOD START SUPREME, with iron, DHA and ARA, prepared from liquid concentrate",31.4,"1.0 fl oz",--,--,0,,
"""03960""","Infant formula, NESTLE, GOOD START SUPREME, with iron, DHA and ARA, ready-to-feed",30.5,"1.0 fl oz",--,--,0,,
"""03801""","Infant formula, NESTLE, GOOD START SUPREME, with iron, liquid concentrate, not reconstituted",31.4,"1.0 fl oz",--,--,0,,
"""03802""","Infant formula, NESTLE, GOOD START SUPREME, with iron, powder",8.7,"1.0 scoop",--,--,0,,
"""03937""","Infant formula, PBM PRODUCTS, store brand, liquid concentrate, not reconstituted",31.4,"1.0 fl oz",--,--,0,,
"""03938""","Infant formula, PBM PRODUCTS, store brand, powder",8.4,"1.0 scoop",--,--,0,,
"""03936""","Infant formula, PBM PRODUCTS, store brand, ready-to-feed",30.4,"1.0 fl oz",--,--,0,,
"""03940""","Infant formula, PBM PRODUCTS, store brand, soy, liquid concentrate, not reconstituted",31.4,"1.0 fl oz",--,--,0,,
"""03941""","Infant formula, PBM PRODUCTS, store brand, soy, powder",8.7,"1.0 scoop",--,--,0,,
"""03939""","Infant formula, PBM PRODUCTS, store brand, soy, ready-to-feed",30.4,"1.0 fl oz",--,--,0,,
"""03968""","Toddler formula, MEAD JOHNSON, ENFAGROW PREMIUM (formerly ENFAMIL, LIPIL, NEXT STEP), ready-to-feed",29.2,"1.0 fl oz",--,--,0,,
"""03967""","Toddler formula, MEAD JOHNSON, ENFAGROW, Toddler Transitions, with ARA and DHA, powder",9.0,"1.0 scoop",--,--,0,,
"""03217""","Zwieback",28.35,"1.0 oz",0.7,--,5,,
