Source: USDA National Nutrient Database for Standard Reference Legacy Software v.3.9.4 2018-05-17
"Nutrients: Carbohydrate, by difference (g); 22:1 t (g); 18:2 t,t (g)"
"Food Groups: Baby Foods"
Food Subset:All Foods
Ordered by:Food Name
Measured by:Household
Report Run at: 06-02-2018T14:18
NDB_NO,Description,Weight(g),Measure,"Carbohydrate, by difference"(g)Per Measure,"22:1 t"(g)Per Measure,"18:2 t,t"(g)Per Measure,
"""42150""","Babyfood, apple yogurt dessert, strained",15.0,"1.0 tbsp",2.92,--,--,,
"""03167""","Babyfood, apple-banana juice",31.2,"1.0 fl oz",3.84,--,--,,
"""03289""","Babyfood, apples with ham, strained",15.0,"1.0 tbsp",1.64,--,--,,
"""03115""","Babyfood, apples, dices, toddler",28.35,"1.0 oz",3.28,--,--,,
"""03997""","Babyfood, Baby MUM MUM Rice Biscuits",8.0,"4.0 biscuit",6.66,--,--,,
"""42284""","Babyfood, baked product, finger snacks cereal fortified",1.7,"1.0 cookie",1.30,--,--,,
"""43550""","Babyfood, banana apple dessert, strained",15.0,"1.0 tbsp",2.44,--,--,,
"""42119""","Babyfood, banana juice with low fat yogurt",31.5,"1.0 fl oz",5.53,--,--,,
"""43546""","Babyfood, banana no tapioca, strained",15.0,"1.0 tbsp",3.20,--,--,,
"""03995""","Babyfood, banana with mixed berries, strained",99.0,"1.0 packet",21.10,--,--,,
"""03301""","Babyfood, beverage, GERBER, GRADUATES, FRUIT SPLASHERS",113.0,"4.0 oz",8.31,--,--,,
"""03290""","Babyfood, carrots and beef, strained",15.0,"1.0 tbsp",0.85,--,--,,
"""42316""","Babyfood, carrots, toddler",28.35,"1.0 oz",1.48,--,--,,
"""03181""","Babyfood, cereal, barley, dry fortified",2.4,"1.0 tbsp",1.67,--,--,,
"""03681""","Babyfood, cereal, barley, prepared with whole milk",28.35,"1.0 oz",2.82,--,--,,
"""42285""","Babyfood, cereal, brown rice, dry, instant",3.7,"1.0 tbsp",3.18,--,--,,
"""03201""","Babyfood, cereal, egg yolks and bacon, junior",28.35,"1.0 oz",1.76,--,--,,
"""03682""","Babyfood, cereal, high protein, prepared with whole milk",28.35,"1.0 oz",3.29,--,--,,
"""03211""","Babyfood, cereal, high protein, with apple and orange, dry",2.4,"1.0 tbsp",1.38,--,--,,
"""03711""","Babyfood, cereal, high protein, with apple and orange, prepared with whole milk",28.35,"1.0 oz",3.80,--,--,,
"""03185""","Babyfood, cereal, mixed, dry fortified",2.5,"1.0 tbsp",1.96,--,--,,
"""03685""","Babyfood, cereal, mixed, prepared with whole milk",28.35,"1.0 oz",3.49,--,--,,
"""03188""","Babyfood, cereal, mixed, with applesauce and bananas, junior, fortified",28.35,"1.0 oz",5.33,--,--,,
"""03187""","Babyfood, cereal, mixed, with applesauce and bananas, strained",28.35,"1.0 oz",5.21,--,--,,
"""03186""","Babyfood, cereal, mixed, with bananas, dry",2.5,"1.0 tbsp",1.93,--,--,,
"""03686""","Babyfood, cereal, mixed, with bananas, prepared with whole milk",28.35,"1.0 oz",2.83,--,--,,
"""03704""","Babyfood, cereal, mixed, with honey, prepared with whole milk",28.35,"1.0 oz",4.51,--,--,,
"""03189""","Babyfood, cereal, oatmeal, dry fortified",3.2,"1.0 tbsp",2.35,0.000,--,,
"""03689""","Babyfood, cereal, oatmeal, prepared with whole milk",28.35,"1.0 oz",4.34,--,--,,
"""03192""","Babyfood, cereal, oatmeal, with applesauce and bananas, junior, fortified",28.35,"1.0 oz",4.54,--,--,,
"""03191""","Babyfood, cereal, oatmeal, with applesauce and bananas, strained",28.35,"1.0 oz",4.43,--,--,,
"""03190""","Babyfood, cereal, oatmeal, with bananas, dry",15.0,"1.0 serving",11.71,--,--,,
"""03690""","Babyfood, cereal, oatmeal, with bananas, prepared with whole milk",28.35,"1.0 oz",2.83,--,--,,
"""03193""","Babyfood, cereal, oatmeal, with honey, dry",2.4,"1.0 tbsp",1.66,--,--,,
"""03693""","Babyfood, cereal, oatmeal, with honey, prepared with whole milk",28.35,"1.0 oz",4.34,--,--,,
"""43544""","Babyfood, cereal, rice with pears and apple, dry, instant fortified",15.0,"1.0 serving",13.28,--,--,,
"""03194""","Babyfood, cereal, rice, dry fortified",2.5,"1.0 tbsp",2.08,0.000,--,,
"""03694""","Babyfood, cereal, rice, prepared with whole milk",28.35,"1.0 oz",2.92,--,--,,
"""03195""","Babyfood, cereal, rice, with applesauce and bananas, strained",16.0,"1.0 tbsp",2.74,--,--,,
"""03212""","Babyfood, cereal, rice, with bananas, dry",2.5,"1.0 tbsp",2.00,--,--,,
"""03712""","Babyfood, cereal, rice, with bananas, prepared with whole milk",28.35,"1.0 oz",2.97,--,--,,
"""03696""","Babyfood, cereal, rice, with honey, prepared with whole milk",28.35,"1.0 oz",4.85,--,--,,
"""03184""","Babyfood, cereal, whole wheat, with apples, dry fortified",15.0,"0.5 oz",12.48,--,--,,
"""03198""","Babyfood, cereal, with egg yolks, junior",28.35,"1.0 oz",2.01,--,--,,
"""03197""","Babyfood, cereal, with egg yolks, strained",28.35,"1.0 oz",1.98,--,--,,
"""03199""","Babyfood, cereal, with eggs, strained",28.35,"1.0 oz",2.27,--,--,,
"""03222""","Babyfood, cherry cobbler, junior",28.35,"1.0 oz",5.44,--,--,,
"""03206""","Babyfood, cookie, baby, fruit",8.0,"1.0 cookie",5.90,--,--,,
"""03213""","Babyfood, cookies",28.35,"1.0 oz",19.02,--,--,,
"""03214""","Babyfood, cookies, arrowroot",28.35,"1.0 oz",21.38,--,--,,
"""03934""","Babyfood, corn and sweet potatoes, strained",28.35,"1.0 oz",4.32,--,--,,
"""03209""","Babyfood, crackers, vegetable",0.7,"1.0 cracker",0.47,--,--,,
"""43004""","Babyfood, dessert, banana pudding, strained",15.0,"1.0 tbsp",2.12,--,--,,
"""43539""","Babyfood, dessert, banana yogurt, strained",15.0,"1.0 tbsp",2.60,--,--,,
"""43537""","Babyfood, dessert, blueberry yogurt, strained",15.0,"1.0 tbsp",2.56,--,--,,
"""03225""","Babyfood, dessert, cherry vanilla pudding, junior",28.35,"1.0 oz",5.22,--,--,,
"""03224""","Babyfood, dessert, cherry vanilla pudding, strained",28.35,"1.0 oz",5.05,--,--,,
"""03246""","Babyfood, dessert, custard pudding, vanilla, junior",229.0,"1.0 cup",40.26,--,--,,
"""03245""","Babyfood, dessert, custard pudding, vanilla, strained",229.0,"1.0 cup",36.64,--,--,,
"""03221""","Babyfood, dessert, dutch apple, junior",28.35,"1.0 oz",5.44,--,--,,
"""03220""","Babyfood, dessert, dutch apple, strained",28.35,"1.0 oz",5.60,--,--,,
"""03236""","Babyfood, dessert, fruit dessert, without ascorbic acid, junior",15.0,"1.0 tbsp",2.58,--,--,,
"""03235""","Babyfood, dessert, fruit dessert, without ascorbic acid, strained",15.0,"1.0 tbsp",2.40,--,--,,
"""03226""","Babyfood, dessert, fruit pudding, orange, strained",28.35,"1.0 oz",5.02,--,--,,
"""03233""","Babyfood, dessert, fruit pudding, pineapple, strained",15.0,"1.0 tbsp",3.04,--,--,,
"""03228""","Babyfood, dessert, peach cobbler, junior",15.0,"1.0 tbsp",2.75,--,--,,
"""03227""","Babyfood, dessert, peach cobbler, strained",15.0,"1.0 tbsp",2.67,--,--,,
"""03230""","Babyfood, dessert, peach melba, junior",28.35,"1.0 oz",4.65,--,--,,
"""03229""","Babyfood, dessert, peach melba, strained",28.35,"1.0 oz",4.68,--,--,,
"""43536""","Babyfood, dessert, peach yogurt",15.0,"1.0 tbsp",2.64,--,--,,
"""03238""","Babyfood, dessert, tropical fruit, junior",28.35,"1.0 oz",4.65,--,--,,
"""03297""","Babyfood, dinner, apples and chicken, strained",28.35,"1.0 oz",3.08,--,--,,
"""03049""","Babyfood, dinner, beef and rice, toddler",28.35,"1.0 oz",2.49,--,--,,
"""03043""","Babyfood, dinner, beef lasagna, toddler",28.35,"1.0 oz",2.83,--,--,,
"""03287""","Babyfood, dinner, beef noodle, junior",16.0,"1.0 tbsp",1.17,--,--,,
"""03047""","Babyfood, dinner, beef noodle, strained",16.0,"1.0 tbsp",1.31,--,--,,
"""03055""","Babyfood, dinner, beef with vegetables",113.0,"1.0 jar Beech-Nut Stage 2 (4 oz)",7.19,--,--,,
"""03298""","Babyfood, dinner, broccoli and chicken, junior",29.0,"1.0 tbsp",1.84,--,--,,
"""43008""","Babyfood, dinner, chicken and rice",16.0,"1.0 tbsp",1.47,--,--,,
"""03069""","Babyfood, dinner, chicken noodle, junior",16.0,"1.0 tbsp",1.25,--,--,,
"""03068""","Babyfood, dinner, chicken noodle, strained",16.0,"1.0 tbsp",1.25,--,--,,
"""03070""","Babyfood, dinner, chicken soup, strained",113.0,"1.0 jar Beech-Nut Stage 2 (4 oz)",8.14,--,--,,
"""03072""","Babyfood, dinner, chicken stew, toddler",16.0,"1.0 tbsp",1.02,--,--,,
"""03090""","Babyfood, dinner, macaroni and cheese, junior",28.35,"1.0 oz",2.32,--,--,,
"""03089""","Babyfood, dinner, macaroni and cheese, strained",28.35,"1.0 oz",2.54,--,--,,
"""03045""","Babyfood, dinner, macaroni and tomato and beef, junior",16.0,"1.0 tbsp",1.50,--,--,,
"""03044""","Babyfood, dinner, macaroni and tomato and beef, strained",16.0,"1.0 tbsp",1.51,--,--,,
"""43432""","Babyfood, dinner, macaroni, beef and tomato sauce, toddler",16.0,"1.0 tbsp",1.84,--,--,,
"""03279""","Babyfood, dinner, mixed vegetable, junior",99.0,"1.0 serving",7.80,--,--,,
"""03278""","Babyfood, dinner, mixed vegetable, strained",28.35,"1.0 oz",2.69,--,--,,
"""03077""","Babyfood, dinner, pasta with vegetables",113.0,"1.0 jar, Gerber (4 oz)",9.49,--,--,,
"""03050""","Babyfood, dinner, spaghetti and tomato and meat, junior",16.0,"1.0 tbsp",1.83,--,--,,
"""03051""","Babyfood, dinner, spaghetti and tomato and meat, toddler",28.35,"1.0 oz",3.06,--,--,,
"""03303""","Babyfood, dinner, sweet potatoes and chicken, strained",16.0,"1.0 tbsp",1.77,--,--,,
"""03083""","Babyfood, dinner, turkey and rice, junior",16.0,"1.0 tbsp",1.53,--,--,,
"""03082""","Babyfood, dinner, turkey and rice, strained",16.0,"1.0 tbsp",1.27,--,--,,
"""03296""","Babyfood, dinner, turkey, rice, and vegetables, toddler",28.35,"1.0 oz",2.13,--,--,,
"""03054""","Babyfood, dinner, vegetables and beef, junior",256.0,"1.0 cup",22.63,--,--,,
"""03053""","Babyfood, dinner, vegetables and beef, strained",256.0,"1.0 cup",22.63,--,--,,
"""03274""","Babyfood, dinner, vegetables and chicken, junior",256.0,"1.0 cup",22.17,--,--,,
"""03042""","Babyfood, dinner, vegetables and dumplings and beef, junior",28.35,"1.0 oz",2.27,--,--,,
"""03041""","Babyfood, dinner, vegetables and dumplings and beef, strained",28.35,"1.0 oz",2.18,--,--,,
"""03067""","Babyfood, dinner, vegetables and lamb, junior",28.35,"1.0 oz",2.01,--,--,,
"""03081""","Babyfood, dinner, vegetables and noodles and turkey, junior",28.35,"1.0 oz",2.15,--,--,,
"""03079""","Babyfood, dinner, vegetables and noodles and turkey, strained",28.35,"1.0 oz",1.93,--,--,,
"""03085""","Babyfood, dinner, vegetables and turkey, junior",256.0,"1.0 cup",19.33,--,--,,
"""03084""","Babyfood, dinner, vegetables and turkey, strained",256.0,"1.0 cup",19.51,--,--,,
"""03073""","Babyfood, dinner, vegetables chicken, strained",256.0,"1.0 cup",21.56,--,--,,
"""03076""","Babyfood, dinner, vegetables, noodles and chicken, junior",28.35,"1.0 oz",2.58,--,--,,
"""03075""","Babyfood, dinner, vegetables, noodles and chicken, strained",28.35,"1.0 oz",2.24,--,--,,
"""03964""","Babyfood, fortified cereal bar, fruit filling",19.0,"1.0 bar",13.04,--,--,,
"""03154""","Babyfood, fruit and vegetable, apple and sweet potato",113.0,"1.0 jar, Gerber (4 oz)",17.29,--,--,,
"""03140""","Babyfood, fruit dessert, mango with tapioca",15.0,"1.0 tbsp",2.85,--,--,,
"""43585""","Babyfood, fruit supreme dessert",15.0,"1.0 tbsp",2.58,--,--,,
"""03165""","Babyfood, fruit, apple and blueberry, junior",28.35,"1.0 oz",4.71,--,--,,
"""03164""","Babyfood, fruit, apple and blueberry, strained",28.35,"1.0 oz",4.62,--,--,,
"""03153""","Babyfood, fruit, apple and raspberry, junior",28.35,"1.0 oz",4.37,--,--,,
"""03152""","Babyfood, fruit, apple and raspberry, strained",28.35,"1.0 oz",4.42,--,--,,
"""03143""","Babyfood, fruit, applesauce and apricots, junior",16.0,"1.0 tbsp",1.98,--,--,,
"""03142""","Babyfood, fruit, applesauce and apricots, strained",16.0,"1.0 tbsp",1.86,--,--,,
"""03145""","Babyfood, fruit, applesauce and cherries, junior",28.35,"1.0 oz",4.00,--,--,,
"""03144""","Babyfood, fruit, applesauce and cherries, strained",28.35,"1.0 oz",4.00,--,--,,
"""03151""","Babyfood, fruit, applesauce and pineapple, junior",28.35,"1.0 oz",2.98,--,--,,
"""03150""","Babyfood, fruit, applesauce and pineapple, strained",28.35,"1.0 oz",2.86,--,--,,
"""03147""","Babyfood, fruit, applesauce with banana, junior",16.0,"1.0 tbsp",2.59,--,--,,
"""03117""","Babyfood, fruit, applesauce, junior",16.0,"1.0 tbsp",1.65,--,--,,
"""03116""","Babyfood, fruit, applesauce, strained",16.0,"1.0 tbsp",1.73,--,--,,
"""03128""","Babyfood, fruit, apricot with tapioca, junior",15.0,"1.0 tbsp",2.60,--,--,,
"""03118""","Babyfood, fruit, apricot with tapioca, strained",15.0,"1.0 tbsp",2.44,--,--,,
"""03994""","Babyfood, fruit, banana and strawberry, junior",140.0,"1.0 bottle",36.09,--,--,,
"""03156""","Babyfood, fruit, bananas and pineapple with tapioca, junior",15.0,"1.0 tbsp",2.76,--,--,,
"""03157""","Babyfood, fruit, bananas and pineapple with tapioca, strained",15.0,"1.0 tbsp",2.67,--,--,,
"""03163""","Babyfood, fruit, bananas with apples and pears, strained",15.0,"1.0 tbsp",2.90,--,--,,
"""03280""","Babyfood, fruit, bananas with tapioca, junior",15.0,"1.0 tbsp",2.67,--,--,,
"""03129""","Babyfood, fruit, bananas with tapioca, strained",15.0,"1.0 tbsp",2.29,--,--,,
"""03160""","Babyfood, fruit, guava and papaya with tapioca, strained",28.35,"1.0 oz",4.82,--,--,,
"""03162""","Babyfood, fruit, papaya and applesauce with tapioca, strained",28.35,"1.0 oz",5.36,--,--,,
"""03131""","Babyfood, fruit, peaches, junior",17.0,"1.0 tbsp",2.46,--,--,,
"""03130""","Babyfood, fruit, peaches, strained",17.0,"1.0 tbsp",2.46,--,--,,
"""03159""","Babyfood, fruit, pears and pineapple, junior",16.0,"1.0 tbsp",1.82,--,--,,
"""03158""","Babyfood, fruit, pears and pineapple, strained",16.0,"1.0 tbsp",1.74,--,--,,
"""03133""","Babyfood, fruit, pears, junior",16.0,"1.0 tbsp",1.86,--,--,,
"""03132""","Babyfood, fruit, pears, strained",16.0,"1.0 tbsp",1.73,--,--,,
"""03135""","Babyfood, fruit, plums with tapioca, without ascorbic acid, junior",15.0,"1.0 tbsp",3.08,--,--,,
"""03134""","Babyfood, fruit, plums with tapioca, without ascorbic acid, strained",15.0,"1.0 tbsp",2.96,--,--,,
"""03137""","Babyfood, fruit, prunes with tapioca, without ascorbic acid, junior",28.35,"1.0 oz",5.30,--,--,,
"""03136""","Babyfood, fruit, prunes with tapioca, without ascorbic acid, strained",15.0,"1.0 tbsp",2.77,--,--,,
"""43007""","Babyfood, fruit, tutti frutti, junior",15.0,"1.0 tbsp",2.40,--,--,,
"""43006""","Babyfood, fruit, tutti frutti, strained",15.0,"1.0 tbsp",2.32,--,--,,
"""03022""","Babyfood, GERBER, 2nd Foods, apple, carrot and squash, organic",99.0,"1.0 serving",14.67,--,--,,
"""03025""","Babyfood, GERBER, 3rd Foods, apple, mango and kiwi",170.0,"1.0 serving",21.90,--,--,,
"""33878""","Babyfood, GERBER, Banana with orange medley",113.0,"1.0 jar",23.06,--,--,,
"""03216""","Babyfood, GERBER, GRADUATES Lil Biscuits Vanilla Wheat",28.35,"1.0 oz",20.55,0.000,--,,
"""44074""","Babyfood, grape juice, no sugar, canned",118.0,"4.0 fl oz",18.15,--,--,,
"""42286""","Babyfood, green beans and turkey, strained",14.0,"1.0 tbsp",0.75,--,--,,
"""03093""","Babyfood, green beans, dices, toddler",28.35,"1.0 oz",1.62,--,--,,
"""03001""","Babyfood, juice treats, fruit medley, toddler",28.0,"1.0 packet",24.27,--,--,,
"""03166""","Babyfood, juice, apple",31.7,"1.0 fl oz",3.71,--,--,,
"""43535""","Babyfood, juice, apple - cherry",31.2,"1.0 fl oz",3.49,--,--,,
"""03265""","Babyfood, juice, apple and grape",31.2,"1.0 fl oz",3.54,--,--,,
"""03168""","Babyfood, juice, apple and peach",31.2,"1.0 fl oz",3.28,--,--,,
"""03171""","Babyfood, juice, apple and prune",31.2,"1.0 fl oz",5.65,--,--,,
"""03269""","Babyfood, juice, apple, with calcium",189.0,"1.0 serving",20.98,--,--,,
"""42266""","Babyfood, juice, apple-sweet potato",30.8,"1.0 fl oz",3.51,--,--,,
"""03267""","Babyfood, juice, fruit punch, with calcium",31.2,"1.0 fl oz",3.96,--,--,,
"""03179""","Babyfood, juice, mixed fruit",31.2,"1.0 fl oz",3.65,--,--,,
"""03172""","Babyfood, juice, orange",31.2,"1.0 fl oz",3.18,--,--,,
"""03173""","Babyfood, juice, orange and apple",31.2,"1.0 fl oz",3.15,--,--,,
"""03174""","Babyfood, juice, orange and apple and banana",31.2,"1.0 fl oz",3.59,--,--,,
"""03175""","Babyfood, juice, orange and apricot",31.2,"1.0 fl oz",3.40,--,--,,
"""03176""","Babyfood, juice, orange and banana",31.2,"1.0 fl oz",3.71,--,--,,
"""03177""","Babyfood, juice, orange and pineapple",31.2,"1.0 fl oz",3.65,--,--,,
"""42267""","Babyfood, juice, orange-carrot",30.8,"1.0 fl oz",3.05,--,--,,
"""43408""","Babyfood, juice, pear",31.2,"1.0 fl oz",3.70,--,--,,
"""03178""","Babyfood, juice, prune and orange",31.2,"1.0 fl oz",5.24,--,--,,
"""03048""","Babyfood, macaroni and cheese, toddler",113.0,"1.0 container",12.66,--,--,,
"""03959""","Babyfood, mashed cheddar potatoes and broccoli, toddlers",170.0,"1.0 container",12.70,--,--,,
"""43417""","Babyfood, meat, beef with vegetables, toddler",179.0,"1.0 jar NFS",15.61,--,--,,
"""03003""","Babyfood, meat, beef, junior",28.35,"1.0 oz",0.69,--,--,,
"""03002""","Babyfood, meat, beef, strained",14.7,"1.0 tbsp",0.36,--,--,,
"""03014""","Babyfood, meat, chicken sticks, junior",10.0,"1.0 stick",0.15,--,--,,
"""03013""","Babyfood, meat, chicken, junior",15.0,"1.0 tbsp",0.00,--,--,,
"""03012""","Babyfood, meat, chicken, strained",15.0,"1.0 tbsp",0.01,--,--,,
"""03009""","Babyfood, meat, ham, junior",28.35,"1.0 oz",1.05,--,--,,
"""03008""","Babyfood, meat, ham, strained",15.0,"1.0 tbsp",0.56,--,--,,
"""03011""","Babyfood, meat, lamb, junior",28.35,"1.0 oz",0.00,--,--,,
"""03010""","Babyfood, meat, lamb, strained",22.0,"1.0 tbsp",0.19,--,--,,
"""03021""","Babyfood, meat, meat sticks, junior",10.0,"1.0 stick",0.11,--,--,,
"""03007""","Babyfood, meat, pork, strained",28.35,"1.0 oz",0.00,--,--,,
"""03017""","Babyfood, meat, turkey sticks, junior",10.0,"1.0 stick",0.14,--,--,,
"""03016""","Babyfood, meat, turkey, junior",19.0,"1.0 tbsp",0.27,--,--,,
"""03015""","Babyfood, meat, turkey, strained",15.0,"1.0 tbsp",0.21,--,--,,
"""03005""","Babyfood, meat, veal, strained",16.0,"1.0 tbsp",0.24,--,--,,
"""42120""","Babyfood, mixed fruit juice with low fat yogurt",31.5,"1.0 fl oz",4.62,--,--,,
"""43523""","Babyfood, mixed fruit yogurt, strained",15.0,"1.0 tbsp",2.43,--,--,,
"""03996""","Babyfood, Multigrain whole grain cereal, dry fortified",16.0,"3.0 tbsp",12.81,--,--,,
"""03205""","Babyfood, oatmeal cereal with fruit, dry, instant, toddler fortified",5.3,"1.0 tbsp",3.93,--,--,,
"""03161""","Babyfood, peaches, dices, toddler",28.35,"1.0 oz",3.35,--,--,,
"""03141""","Babyfood, pears, dices, toddler",28.35,"1.0 oz",3.86,--,--,,
"""42279""","Babyfood, peas and brown rice",230.0,"1.0 cup",26.43,--,--,,
"""03122""","Babyfood, peas, dices, toddler",28.35,"1.0 oz",2.92,--,--,,
"""03293""","Babyfood, plums, bananas and rice, strained",28.35,"1.0 oz",3.60,--,--,,
"""03112""","Babyfood, potatoes, toddler",163.0,"1.0 cup",19.12,--,--,,
"""03215""","Babyfood, pretzels",28.35,"1.0 oz",23.30,--,--,,
"""03139""","Babyfood, prunes, without vitamin c, strained",15.0,"1.0 tbsp",3.53,--,--,,
"""03046""","Babyfood, ravioli, cheese filled, with tomato sauce",16.0,"1.0 tbsp",2.61,--,--,,
"""43529""","Babyfood, rice and apples, dry",2.5,"1.0 tbsp",2.17,--,--,,
"""33881""","Babyfood, rice cereal, dry, EARTHS BEST ORGANIC WHOLE GRAIN, fortified only with iron",18.0,"4.0 tbsp",14.05,--,--,,
"""03019""","Babyfood, snack, GERBER GRADUATE FRUIT  STRIPS, Real Fruit Bars",9.9,"1.0 bar",7.58,--,--,,
"""03998""","Babyfood, Snack, GERBER, GRADUATES, LIL CRUNCHIES, baked whole grain corn snack",7.0,"18.0 piece",4.31,--,--,,
"""03302""","Babyfood, snack, GERBER, GRADUATES, YOGURT MELTS",7.0,"1.0 serving",5.03,--,--,,
"""03026""","Babyfood, tropical fruit medley",88.0,"1.0 serving",10.75,--,--,,
"""42278""","Babyfood, vegetable and brown rice, strained",230.0,"1.0 cup",27.83,--,--,,
"""03114""","Babyfood, vegetable, butternut squash and corn",113.0,"1.0 jar, Gerber (4 oz)",10.46,--,--,,
"""03096""","Babyfood, vegetable, green beans and potatoes",113.0,"1.0 jar, Gerber (4 oz)",10.17,--,--,,
"""03098""","Babyfood, vegetables, beets, strained",224.0,"1.0 cup",17.25,--,--,,
"""03100""","Babyfood, vegetables, carrots, junior",224.0,"1.0 cup",16.13,--,--,,
"""03099""","Babyfood, vegetables, carrots, strained",224.0,"1.0 cup",13.44,--,--,,
"""03120""","Babyfood, vegetables, corn, creamed, junior",240.0,"1.0 cup",39.00,--,--,,
"""03119""","Babyfood, vegetables, corn, creamed, strained",113.0,"1.0 jar",15.93,--,--,,
"""03283""","Babyfood, vegetables, garden vegetable, strained",28.35,"1.0 oz",1.93,--,--,,
"""03092""","Babyfood, vegetables, green beans, junior",240.0,"1.0 cup",13.92,--,--,,
"""03091""","Babyfood, vegetables, green beans, strained",240.0,"1.0 cup",15.10,--,--,,
"""03282""","Babyfood, vegetables, mix vegetables junior",99.0,"1.0 serving 3.5 oz serving",8.12,--,--,,
"""03286""","Babyfood, vegetables, mix vegetables strained",28.35,"1.0 oz",2.34,--,--,,
"""03121""","Babyfood, vegetables, peas, strained",16.0,"1.0 tbsp",1.34,--,--,,
"""03127""","Babyfood, vegetables, spinach, creamed, strained",240.0,"1.0 cup",13.68,--,--,,
"""03105""","Babyfood, vegetables, squash, junior",16.0,"1.0 tbsp",0.92,--,--,,
"""03104""","Babyfood, vegetables, squash, strained",16.0,"1.0 tbsp",0.92,--,--,,
"""03108""","Babyfood, vegetables, sweet potatoes strained",224.0,"1.0 cup",29.57,--,--,,
"""03109""","Babyfood, vegetables, sweet potatoes, junior",224.0,"1.0 cup",31.36,--,--,,
"""03024""","Babyfood, water, bottled, GERBER, without added fluoride",113.0,"1.0 serving",0.00,--,--,,
"""03956""","Babyfood, yogurt, whole milk, with fruit, multigrain cereal and added DHA fortified",31.0,"1.0 oz",4.10,--,--,,
"""03965""","Babyfood, yogurt, whole milk, with fruit, multigrain cereal and added iron fortified",16.0,"1.0 tbsp",2.08,--,--,,
"""03860""","Child formula, ABBOTT NUTRITION, PEDIASURE, ready-to-feed",31.0,"1.0 fl oz",3.46,--,--,,
"""03870""","Child formula, ABBOTT NUTRITION, PEDIASURE, ready-to-feed, with iron and fiber",31.0,"1.0 fl oz",3.50,--,--,,
"""03000""","Clif Z bar",36.0,"1.0 bar",26.90,--,--,,
"""43075""","Fluid replacement, electrolyte solution (include PEDIALYTE)",31.2,"1.0 fl oz",0.76,--,--,,
"""03957""","Infant formula, ABBOTT NUTRITION, ALIMENTUM ADVANCE, with iron, powder, not reconstituted, with DHA and ARA",8.7,"1.0 scoop",4.52,--,--,,
"""03944""","Infant formula, ABBOTT NUTRITION, SIMILAC NEOSURE, ready-to-feed, with ARA and DHA",30.5,"1.0 fl oz",2.12,--,--,,
"""03951""","Infant formula, ABBOTT NUTRITION, SIMILAC, ADVANCE, with iron, liquid concentrate, not reconstituted",31.4,"1.0 fl oz",4.25,--,--,,
"""03950""","Infant formula, ABBOTT NUTRITION, SIMILAC, ADVANCE, with iron, powder, not reconstituted",8.5,"1.0 scoop",4.65,--,--,,
"""03949""","Infant formula, ABBOTT NUTRITION, SIMILAC, ADVANCE, with iron, ready-to-feed",30.4,"1.0 fl oz",2.06,--,--,,
"""03935""","Infant formula, ABBOTT NUTRITION, SIMILAC, ALIMENTUM, ADVANCE, ready-to-feed, with ARA and DHA",30.5,"1.0 fl oz",2.06,--,--,,
"""03846""","Infant formula, ABBOTT NUTRITION, SIMILAC, ALIMENTUM, with iron, ready-to-feed",30.5,"1.0 fl oz",2.06,--,--,,
"""03992""","Infant formula, ABBOTT NUTRITION, SIMILAC, Expert Care, Diarrhea, ready- to- feed with ARA and DHA",30.4,"1.0 fl oz",2.03,--,--,,
"""03999""","Infant formula, ABBOTT NUTRITION, SIMILAC, For Spit Up, powder, with ARA and DHA",9.5,"1.0 scoop",5.22,--,--,,
"""03993""","Infant formula, ABBOTT NUTRITION, SIMILAC, For Spit Up, ready-to-feed, with ARA and DHA",30.4,"1.0 fl oz",2.19,--,--,,
"""33871""","Infant formula, ABBOTT NUTRITION, SIMILAC, GO AND GROW, powder, with ARA and DHA",9.6,"1.0 scoop",5.01,--,--,,
"""03991""","Infant formula, ABBOTT NUTRITION, SIMILAC, GO AND GROW, ready-to-feed, with ARA and DHA",153.0,"5.0 fl oz",10.24,--,--,,
"""03952""","Infant formula, ABBOTT NUTRITION, SIMILAC, ISOMIL, ADVANCE with iron, liquid concentrate",31.4,"1.0 fl oz",4.15,--,--,,
"""03954""","Infant formula, ABBOTT NUTRITION, SIMILAC, ISOMIL, ADVANCE with iron, powder, not reconstituted",8.7,"1.0 scoop",4.66,--,--,,
"""03953""","Infant formula, ABBOTT NUTRITION, SIMILAC, ISOMIL, ADVANCE with iron, ready-to-feed",30.5,"1.0 fl oz",2.04,--,--,,
"""03842""","Infant formula, ABBOTT NUTRITION, SIMILAC, ISOMIL, with iron, liquid concentrate",31.4,"1.0 fl oz",4.15,--,--,,
"""03843""","Infant formula, ABBOTT NUTRITION, SIMILAC, ISOMIL, with iron, powder, not reconstituted",8.7,"1.0 scoop",4.66,--,--,,
"""03841""","Infant formula, ABBOTT NUTRITION, SIMILAC, ISOMIL, with iron, ready-to-feed",30.5,"1.0 fl oz",2.04,--,--,,
"""03945""","Infant formula, ABBOTT NUTRITION, SIMILAC, NEOSURE, powder, with ARA and DHA",30.5,"1.0 fl oz",15.78,--,--,,
"""03837""","Infant formula, ABBOTT NUTRITION, SIMILAC, PM 60/40, powder not reconstituted",8.7,"1.0 scoop",4.78,--,--,,
"""03946""","Infant formula, ABBOTT NUTRITION, SIMILAC, SENSITIVE (LACTOSE FREE) ready-to-feed, with ARA and DHA",30.5,"1.0 fl oz",2.26,--,--,,
"""03947""","Infant formula, ABBOTT NUTRITION, SIMILAC, SENSITIVE, (LACTOSE FREE), liquid concentrate, with ARA and DHA",30.5,"1.0 fl oz",4.16,--,--,,
"""03948""","Infant formula, ABBOTT NUTRITION, SIMILAC, SENSITIVE, (LACTOSE FREE), powder, with ARA and DHA",30.5,"1.0 fl oz",16.98,--,--,,
"""03851""","Infant formula, ABBOTT NUTRITION, SIMILAC, with iron, liquid concentrate, not reconstituted",31.4,"1.0 fl oz",4.32,--,--,,
"""03853""","Infant formula, ABBOTT NUTRITION, SIMILAC, with iron, powder, not reconstituted",8.5,"1.0 scoop",4.65,--,--,,
"""33868""","Infant Formula, GERBER GOOD START 2, GENTLE PLUS, powder",9.4,"1.0 scoop",5.37,--,--,,
"""03989""","Infant Formula, GERBER GOOD START 2, GENTLE PLUS, ready-to-feed",30.4,"1.0 fl oz",2.31,--,--,,
"""33872""","Infant formula, GERBER, GOOD START 2 SOY, with iron, powder",9.4,"1.0 scoop",5.23,--,--,,
"""03987""","Infant formula, GERBER, GOOD START 2 Soy, with iron, ready-to-feed",30.4,"1.0 fl oz",2.17,--,--,,
"""33869""","Infant formula, GERBER, GOOD START 2, PROTECT PLUS, powder",9.4,"1.0 scoop",5.29,--,--,,
"""03990""","Infant formula, GERBER, GOOD START 2, PROTECT PLUS, ready-to-feed",30.4,"1.0 fl oz",2.25,--,--,,
"""33867""","Infant formula, GERBER, GOOD START, PROTECT PLUS, powder",9.4,"1.0 scoop",5.36,--,--,,
"""03988""","Infant formula, GERBER, GOOD START, PROTECT PLUS, ready-to-feed",30.4,"1.0 fl oz",2.18,--,--,,
"""03376""","Infant formula, MEAD JOHNSON, Enfamil 24, ready to feed, with ARA and DHA",30.5,"1.0 fl oz",2.11,--,--,,
"""03381""","Infant formula, MEAD JOHNSON, Enfamil Enspire Powder, with ARA and DHA, not reconstituted",8.8,"1.0 scoop",5.03,--,--,,
"""03385""","Infant formula, MEAD JOHNSON, Enfamil for Supplementing, powder, with ARA and DHA, not reconstituted",8.7,"1.0 serving",4.85,--,--,,
"""03393""","Infant formula, MEAD JOHNSON, Enfamil for Supplementing, ready to feed, with ARA and DHA",103.0,"100.0 ml",7.83,--,--,,
"""03963""","Infant Formula, MEAD JOHNSON, ENFAMIL GENTLEASE, with iron, prepared from powder",30.5,"1.0 fl oz",2.32,--,--,,
"""03815""","Infant formula, MEAD JOHNSON, ENFAMIL LIPIL, with iron, ready-to-feed, with ARA and DHA",106.0,"1.0 serving 100 ml",7.53,--,--,,
"""03384""","Infant formula, MEAD JOHNSON, Enfamil Premature 30 Calories, ready to feed, with ARA and DHA",30.5,"1.0 fl oz",3.39,--,--,,
"""03382""","Infant formula, MEAD JOHNSON, Enfamil Premature High Protein 24 Calories, ready to feed, with ARA and DHA",30.4,"1.0 fl oz",2.63,--,--,,
"""03386""","Infant formula, MEAD JOHNSON, Enfamil Reguline Powder, with ARA and DHA, not reconstituted",8.7,"1.0 scoop",4.86,--,--,,
"""03387""","Infant formula, MEAD JOHNSON, Enfamil Reguline, ready to feed, with ARA and DHA",30.5,"1.0 fl oz",2.32,--,--,,
"""03943""","Infant formula, MEAD JOHNSON, ENFAMIL, AR, powder, with ARA and DHA",9.0,"1.0 scoop",5.17,--,--,,
"""03942""","Infant formula, MEAD JOHNSON, ENFAMIL, AR, ready-to-feed, with ARA and DHA",106.0,"1.0 serving 100 ml",9.25,--,--,,
"""03955""","Infant Formula, MEAD JOHNSON, ENFAMIL, ENFACARE, ready-to-feed, with ARA and DHA",30.8,"1.0 fl oz",2.38,--,--,,
"""03849""","Infant formula, MEAD JOHNSON, ENFAMIL, ENFACARE, with iron, powder, with ARA and DHA",9.9,"1.0 scoop",5.33,--,--,,
"""33866""","Infant formula, MEAD JOHNSON, ENFAMIL, ENFAGROW, GENTLEASE, Toddler transitions, with ARA and DHA, powder",9.0,"1.0 scoop",4.82,--,--,,
"""03982""","Infant formula, MEAD JOHNSON, ENFAMIL, Enfagrow, Soy, Toddler ready-to-feed",30.4,"1.0 fl oz",2.32,--,--,,
"""33870""","Infant formula, MEAD JOHNSON, ENFAMIL, ENFAGROW, Soy, Toddler transitions, with ARA and DHA,  powder",9.4,"1.0 scoop",5.26,--,--,,
"""03980""","Infant Formula, MEAD JOHNSON, ENFAMIL, GENTLEASE, with ARA and DHA powder not reconstituted",8.7,"1.0 scoop",4.92,--,--,,
"""03832""","Infant formula, MEAD JOHNSON, ENFAMIL, Infant, ready-to-feed, with ARA and DHA",106.0,"1.0 serving 100 ml",8.33,--,--,,
"""03812""","Infant formula, MEAD JOHNSON, ENFAMIL, Infant, with iron, liquid concentrate, with ARA and DHA, reconstituted",31.3,"1.0 fl oz",2.46,--,--,,
"""03808""","Infant formula, MEAD JOHNSON, ENFAMIL, Infant, with iron, powder, with ARA and DHA",8.8,"1.0 scope",4.95,--,--,,
"""03818""","Infant formula, MEAD JOHNSON, ENFAMIL, LIPIL, low iron, liquid concentrate, with ARA and DHA",31.3,"1.0 fl oz",4.46,--,--,,
"""03825""","Infant formula, MEAD JOHNSON, ENFAMIL, LIPIL, low iron, ready to feed, with ARA and DHA",106.0,"1.0 serving 100 ml",7.61,--,--,,
"""33862""","Infant Formula, MEAD JOHNSON, ENFAMIL, Newborn, with ARA and DHA, powder",8.7,"1.0 scoop",5.01,--,--,,
"""03986""","Infant Formula, MEAD JOHNSON, ENFAMIL, Newborn, with DHA and ARA, ready-to-feed",30.5,"1.0 fl oz",2.38,--,--,,
"""03983""","Infant formula, MEAD JOHNSON, ENFAMIL, NUTRAMIGEN AA, ready-to-feed",30.4,"1.0 fl oz",2.06,--,--,,
"""03838""","Infant formula, MEAD JOHNSON, ENFAMIL, NUTRAMIGEN WITH LGG, with iron, powder, not reconstituted, with ARA and DHA",9.0,"1.0 scoop",4.82,--,--,,
"""33873""","Infant formula, MEAD JOHNSON, ENFAMIL, NUTRAMIGEN, PurAmino, powder, not reconstituted",9.4,"1.0 scoop",5.23,--,--,,
"""03844""","Infant formula, MEAD JOHNSON, ENFAMIL, NUTRAMIGEN, with iron, liquid concentrate not reconstituted, with ARA and DHA",31.6,"1.0 fl oz",2.28,--,--,,
"""03845""","Infant formula, MEAD JOHNSON, ENFAMIL, NUTRAMIGEN, with iron, ready-to-feed, with ARA and DHA",107.0,"1.0 serving 100 ml",7.71,--,--,,
"""33874""","Infant formula, MEAD JOHNSON, ENFAMIL, Premature, 20 calories ready-to-feed Low iron",30.4,"1.0 fl oz",2.19,--,--,,
"""33875""","Infant formula, MEAD JOHNSON, ENFAMIL, Premature, 24 calories ready-to-feed Low iron",30.0,"5.0 fl oz",2.16,--,--,,
"""03984""","Infant formula, MEAD JOHNSON, ENFAMIL, Premature, with iron, 20 calories, ready-to-feed",30.4,"1.0 fl oz",1.88,--,--,,
"""03985""","Infant formula, MEAD JOHNSON, ENFAMIL, Premature, with iron, 24 calories, ready-to-feed",30.4,"1.0 fl oz",2.70,--,--,,
"""33864""","Infant Formula, MEAD JOHNSON, ENFAMIL, Premium LIPIL, Infant, Liquid concentrate, not reconstituted",31.4,"1.0 fl oz",4.53,--,--,,
"""33863""","Infant Formula, MEAD JOHNSON, ENFAMIL, Premium LIPIL, Infant, powder",8.7,"1.0 scoop",4.96,--,--,,
"""33865""","Infant Formula, MEAD JOHNSON, ENFAMIL, Premium, Infant, Liquid concentrate, not reconstituted",31.4,"1.0 fl oz",4.50,--,--,,
"""33877""","Infant Formula, MEAD JOHNSON, ENFAMIL, Premium, Infant, powder",8.7,"1.0 scoop",4.96,--,--,,
"""33876""","Infant Formula, MEAD JOHNSON, ENFAMIL, Premium, Infant, ready-to-feed",30.5,"1.0 fl oz",2.25,--,--,,
"""03854""","Infant formula, MEAD JOHNSON, ENFAMIL, PROSOBEE, liquid concentrate, reconstituted, with ARA and DHA",31.3,"1.0 fl oz",2.37,--,--,,
"""03852""","Infant formula, MEAD JOHNSON, ENFAMIL, PROSOBEE, with iron, powder, not reconstituted, with ARA and DHA",8.8,"1.0 scoop",4.80,--,--,,
"""03805""","Infant formula, MEAD JOHNSON, ENFAMIL, with iron, powder",8.3,"1.0 scoop",4.66,--,--,,
"""03388""","Infant formula, MEAD JOHNSON, Gentlease, ready to feed, with ARA and DHA",30.0,"1.0 fl oz",2.28,--,--,,
"""03929""","Infant formula, MEAD JOHNSON, NEXT STEP PROSOBEE, powder, not reconstituted",9.3,"1.0 scoop",5.31,--,--,,
"""03861""","Infant formula, MEAD JOHNSON, NEXT STEP, PROSOBEE LIPIL, powder, with ARA and DHA",28.0,"3.0 scoop",15.99,--,--,,
"""03864""","Infant formula, MEAD JOHNSON, NEXT STEP, PROSOBEE, LIPIL, ready to feed, with ARA and DHA",103.0,"1.0 serving 100 ml",8.33,--,--,,
"""03390""","Infant formula, MEAD JOHNSON, Pregestimil 20 Calories, ready to feed, with ARA and DHA",1.0,"100.0 ml",0.07,--,--,,
"""03391""","Infant formula, MEAD JOHNSON, Pregestimil 24 Calories, ready to feed, with ARA and DHA",104.0,"100.0 ml",6.19,--,--,,
"""03821""","Infant formula, MEAD JOHNSON, PREGESTIMIL, with iron, powder, with ARA and DHA, not reconstituted",8.8,"1.0 scoop",4.59,--,--,,
"""03822""","Infant formula, MEAD JOHNSON, PREGESTIMIL, with iron, with ARA and DHA, prepared from powder",104.0,"1.0 serving 100 ml",6.80,--,--,,
"""03857""","Infant formula, MEAD JOHNSON, PROSOBEE, with iron, ready to feed, with ARA and DHA",106.0,"1.0 serving 100 ml",6.86,--,--,,
"""03823""","Infant formula, MEAD JOHNSON, PROSOBEE, with iron, ready-to-feed",106.0,"1.0 Serving 100 ml",6.48,--,--,,
"""03930""","Infant formula, MEAD JOHNSON,NEXT STEP PROSOBEE, prepared from powder",30.5,"1.0 fl oz",2.46,--,--,,
"""03928""","Infant formula, NESTLE, GOOD START ESSENTIALS SOY, with iron, powder",8.5,"1.0 scoop",4.73,--,--,,
"""03867""","Infant formula, NESTLE, GOOD START SOY, with ARA and DHA, powder",9.4,"1.0 scoop",5.23,--,--,,
"""03966""","Infant formula, NESTLE, GOOD START SOY, with DHA and ARA, liquid concentrate",29.2,"1.0 fl oz",4.30,--,--,,
"""03859""","Infant formula, NESTLE, GOOD START SOY, with DHA and ARA, ready-to-feed",29.0,"1.0 oz",2.07,--,--,,
"""03961""","Infant formula, NESTLE, GOOD START SUPREME, with iron, DHA and ARA, prepared from liquid concentrate",31.4,"1.0 fl oz",2.32,--,--,,
"""03960""","Infant formula, NESTLE, GOOD START SUPREME, with iron, DHA and ARA, ready-to-feed",30.5,"1.0 fl oz",2.25,--,--,,
"""03801""","Infant formula, NESTLE, GOOD START SUPREME, with iron, liquid concentrate, not reconstituted",31.4,"1.0 fl oz",4.46,--,--,,
"""03802""","Infant formula, NESTLE, GOOD START SUPREME, with iron, powder",8.7,"1.0 scoop",4.99,--,--,,
"""03937""","Infant formula, PBM PRODUCTS, store brand, liquid concentrate, not reconstituted",31.4,"1.0 fl oz",4.36,--,--,,
"""03938""","Infant formula, PBM PRODUCTS, store brand, powder",8.4,"1.0 scoop",4.70,--,--,,
"""03936""","Infant formula, PBM PRODUCTS, store brand, ready-to-feed",30.4,"1.0 fl oz",1.94,--,--,,
"""03940""","Infant formula, PBM PRODUCTS, store brand, soy, liquid concentrate, not reconstituted",31.4,"1.0 fl oz",3.82,--,--,,
"""03941""","Infant formula, PBM PRODUCTS, store brand, soy, powder",8.7,"1.0 scoop",4.54,--,--,,
"""03939""","Infant formula, PBM PRODUCTS, store brand, soy, ready-to-feed",30.4,"1.0 fl oz",1.85,--,--,,
"""03392""","Toddler drink, MEAD JOHNSON, PurAmino Toddler Powder, with ARA and DHA, not reconstituted",7.2,"1.0 scoop",4.01,--,--,,
"""03968""","Toddler formula, MEAD JOHNSON, ENFAGROW PREMIUM (formerly ENFAMIL, LIPIL, NEXT STEP), ready-to-feed",29.2,"1.0 fl oz",2.10,--,--,,
"""03967""","Toddler formula, MEAD JOHNSON, ENFAGROW, Toddler Transitions, with ARA and DHA, powder",9.0,"1.0 scoop",4.75,--,--,,
"""03389""","Toddler formula, MEAD JOHNSON, Nutramigen Toddler with LGG Powder, with ARA and DHA, not reconstituted",9.3,"1.0 scoop",5.76,--,--,,
"""03217""","Zwieback",28.35,"1.0 oz",21.04,--,--,,
