Source: USDA National Nutrient Database for Standard Reference Legacy Software v.3.9.4 2018-05-17
"Nutrients: Vitamin B-12, added (µg); Choline, total (mg); Serine (g)"
"Food Groups: Baby Foods"
Food Subset:All Foods
Ordered by:Food Name
Measured by:Household
Report Run at: 06-02-2018T14:18
NDB_NO,Description,Weight(g),Measure,"Vitamin B-12, added"(µg)Per Measure,"Choline, total"(mg)Per Measure,"Serine"(g)Per Measure,
"""42150""","Babyfood, apple yogurt dessert, strained",15.0,"1.0 tbsp",0.00,0.8,--,,
"""03167""","Babyfood, apple-banana juice",31.2,"1.0 fl oz",0.00,0.7,--,,
"""03289""","Babyfood, apples with ham, strained",15.0,"1.0 tbsp",0.00,1.8,--,,
"""03115""","Babyfood, apples, dices, toddler",28.35,"1.0 oz",0.00,1.0,--,,
"""03997""","Babyfood, Baby MUM MUM Rice Biscuits",8.0,"4.0 biscuit",0.00,1.7,0.021,,
"""42284""","Babyfood, baked product, finger snacks cereal fortified",1.7,"1.0 cookie",0.00,0.4,--,,
"""43550""","Babyfood, banana apple dessert, strained",15.0,"1.0 tbsp",0.00,0.3,--,,
"""42119""","Babyfood, banana juice with low fat yogurt",31.5,"1.0 fl oz",0.00,3.6,--,,
"""43546""","Babyfood, banana no tapioca, strained",15.0,"1.0 tbsp",0.00,0.6,--,,
"""03995""","Babyfood, banana with mixed berries, strained",99.0,"1.0 packet",0.00,8.8,0.029,,
"""03301""","Babyfood, beverage, GERBER, GRADUATES, FRUIT SPLASHERS",113.0,"4.0 oz",0.00,1.6,0.002,,
"""03290""","Babyfood, carrots and beef, strained",15.0,"1.0 tbsp",0.00,2.4,--,,
"""42316""","Babyfood, carrots, toddler",28.35,"1.0 oz",0.00,1.4,--,,
"""03181""","Babyfood, cereal, barley, dry fortified",2.4,"1.0 tbsp",0.09,1.1,--,,
"""03681""","Babyfood, cereal, barley, prepared with whole milk",28.35,"1.0 oz",0.00,4.7,0.037,,
"""42285""","Babyfood, cereal, brown rice, dry, instant",3.7,"1.0 tbsp",0.00,1.2,--,,
"""03185""","Babyfood, cereal, mixed, dry fortified",2.5,"1.0 tbsp",0.12,0.6,0.014,,
"""03685""","Babyfood, cereal, mixed, prepared with whole milk",28.35,"1.0 oz",0.00,4.3,0.044,,
"""03188""","Babyfood, cereal, mixed, with applesauce and bananas, junior, fortified",28.35,"1.0 oz",0.14,1.0,0.014,,
"""03187""","Babyfood, cereal, mixed, with applesauce and bananas, strained",28.35,"1.0 oz",0.14,1.0,0.014,,
"""03186""","Babyfood, cereal, mixed, with bananas, dry",2.5,"1.0 tbsp",0.00,0.7,0.013,,
"""03686""","Babyfood, cereal, mixed, with bananas, prepared with whole milk",28.35,"1.0 oz",0.00,4.4,0.040,,
"""03189""","Babyfood, cereal, oatmeal, dry fortified",3.2,"1.0 tbsp",0.15,0.9,--,,
"""03192""","Babyfood, cereal, oatmeal, with applesauce and bananas, junior, fortified",28.35,"1.0 oz",0.12,1.2,0.018,,
"""03191""","Babyfood, cereal, oatmeal, with applesauce and bananas, strained",28.35,"1.0 oz",0.00,1.2,0.018,,
"""03190""","Babyfood, cereal, oatmeal, with bananas, dry",15.0,"1.0 serving",0.47,4.3,0.087,,
"""03690""","Babyfood, cereal, oatmeal, with bananas, prepared with whole milk",28.35,"1.0 oz",0.00,4.4,0.040,,
"""43544""","Babyfood, cereal, rice with pears and apple, dry, instant fortified",15.0,"1.0 serving",0.00,1.0,--,,
"""03194""","Babyfood, cereal, rice, dry fortified",2.5,"1.0 tbsp",0.12,0.5,0.009,,
"""03694""","Babyfood, cereal, rice, prepared with whole milk",28.35,"1.0 oz",0.00,4.1,0.035,,
"""03195""","Babyfood, cereal, rice, with applesauce and bananas, strained",16.0,"1.0 tbsp",0.00,0.3,0.008,,
"""03212""","Babyfood, cereal, rice, with bananas, dry",2.5,"1.0 tbsp",0.00,0.6,0.012,,
"""03712""","Babyfood, cereal, rice, with bananas, prepared with whole milk",28.35,"1.0 oz",0.00,4.3,0.037,,
"""03184""","Babyfood, cereal, whole wheat, with apples, dry fortified",15.0,"0.5 oz",0.50,6.3,--,,
"""03222""","Babyfood, cherry cobbler, junior",28.35,"1.0 oz",0.00,0.4,--,,
"""03206""","Babyfood, cookie, baby, fruit",8.0,"1.0 cookie",0.00,1.0,--,,
"""03213""","Babyfood, cookies",28.35,"1.0 oz",0.00,8.0,--,,
"""03934""","Babyfood, corn and sweet potatoes, strained",28.35,"1.0 oz",0.00,2.9,0.016,,
"""03209""","Babyfood, crackers, vegetable",0.7,"1.0 cracker",0.00,0.1,--,,
"""43004""","Babyfood, dessert, banana pudding, strained",15.0,"1.0 tbsp",0.00,1.6,--,,
"""43539""","Babyfood, dessert, banana yogurt, strained",15.0,"1.0 tbsp",0.00,0.7,--,,
"""43537""","Babyfood, dessert, blueberry yogurt, strained",15.0,"1.0 tbsp",0.00,0.8,--,,
"""03225""","Babyfood, dessert, cherry vanilla pudding, junior",28.35,"1.0 oz",0.00,1.3,--,,
"""03224""","Babyfood, dessert, cherry vanilla pudding, strained",28.35,"1.0 oz",0.00,1.3,--,,
"""03246""","Babyfood, dessert, custard pudding, vanilla, junior",229.0,"1.0 cup",0.00,68.5,--,,
"""03245""","Babyfood, dessert, custard pudding, vanilla, strained",229.0,"1.0 cup",0.00,68.5,0.188,,
"""03221""","Babyfood, dessert, dutch apple, junior",28.35,"1.0 oz",0.00,0.7,0.002,,
"""03220""","Babyfood, dessert, dutch apple, strained",28.35,"1.0 oz",0.00,0.7,--,,
"""03236""","Babyfood, dessert, fruit dessert, without ascorbic acid, junior",15.0,"1.0 tbsp",0.00,0.7,--,,
"""03235""","Babyfood, dessert, fruit dessert, without ascorbic acid, strained",15.0,"1.0 tbsp",0.00,0.7,--,,
"""03233""","Babyfood, dessert, fruit pudding, pineapple, strained",15.0,"1.0 tbsp",0.00,0.8,--,,
"""03228""","Babyfood, dessert, peach cobbler, junior",15.0,"1.0 tbsp",0.00,0.2,--,,
"""03227""","Babyfood, dessert, peach cobbler, strained",15.0,"1.0 tbsp",0.00,0.2,--,,
"""43536""","Babyfood, dessert, peach yogurt",15.0,"1.0 tbsp",0.00,0.6,--,,
"""03297""","Babyfood, dinner, apples and chicken, strained",28.35,"1.0 oz",0.00,2.6,--,,
"""03049""","Babyfood, dinner, beef and rice, toddler",28.35,"1.0 oz",0.00,--,0.051,,
"""03043""","Babyfood, dinner, beef lasagna, toddler",28.35,"1.0 oz",0.00,--,0.034,,
"""03287""","Babyfood, dinner, beef noodle, junior",16.0,"1.0 tbsp",0.00,1.9,0.016,,
"""03047""","Babyfood, dinner, beef noodle, strained",16.0,"1.0 tbsp",0.00,1.4,--,,
"""03055""","Babyfood, dinner, beef with vegetables",113.0,"1.0 jar Beech-Nut Stage 2 (4 oz)",0.00,11.2,--,,
"""03298""","Babyfood, dinner, broccoli and chicken, junior",29.0,"1.0 tbsp",0.00,9.0,--,,
"""43008""","Babyfood, dinner, chicken and rice",16.0,"1.0 tbsp",0.00,1.1,--,,
"""03069""","Babyfood, dinner, chicken noodle, junior",16.0,"1.0 tbsp",0.00,1.2,--,,
"""03068""","Babyfood, dinner, chicken noodle, strained",16.0,"1.0 tbsp",0.00,1.7,--,,
"""03070""","Babyfood, dinner, chicken soup, strained",113.0,"1.0 jar Beech-Nut Stage 2 (4 oz)",0.00,7.2,--,,
"""03072""","Babyfood, dinner, chicken stew, toddler",16.0,"1.0 tbsp",0.00,3.3,0.033,,
"""03090""","Babyfood, dinner, macaroni and cheese, junior",28.35,"1.0 oz",0.00,0.9,0.029,,
"""03089""","Babyfood, dinner, macaroni and cheese, strained",28.35,"1.0 oz",0.00,3.0,--,,
"""03045""","Babyfood, dinner, macaroni and tomato and beef, junior",16.0,"1.0 tbsp",0.00,1.7,0.017,,
"""03044""","Babyfood, dinner, macaroni and tomato and beef, strained",16.0,"1.0 tbsp",0.00,1.7,--,,
"""43432""","Babyfood, dinner, macaroni, beef and tomato sauce, toddler",16.0,"1.0 tbsp",0.00,2.3,--,,
"""03279""","Babyfood, dinner, mixed vegetable, junior",99.0,"1.0 serving",0.00,7.8,--,,
"""03077""","Babyfood, dinner, pasta with vegetables",113.0,"1.0 jar, Gerber (4 oz)",0.00,7.2,--,,
"""03050""","Babyfood, dinner, spaghetti and tomato and meat, junior",16.0,"1.0 tbsp",0.00,1.2,--,,
"""03303""","Babyfood, dinner, sweet potatoes and chicken, strained",16.0,"1.0 tbsp",0.00,1.9,--,,
"""03083""","Babyfood, dinner, turkey and rice, junior",16.0,"1.0 tbsp",0.00,1.2,--,,
"""03082""","Babyfood, dinner, turkey and rice, strained",16.0,"1.0 tbsp",0.00,1.1,--,,
"""03296""","Babyfood, dinner, turkey, rice, and vegetables, toddler",28.35,"1.0 oz",0.00,3.9,--,,
"""03054""","Babyfood, dinner, vegetables and beef, junior",256.0,"1.0 cup",0.00,42.2,0.243,,
"""03053""","Babyfood, dinner, vegetables and beef, strained",256.0,"1.0 cup",0.00,42.2,0.264,,
"""03274""","Babyfood, dinner, vegetables and chicken, junior",256.0,"1.0 cup",0.00,24.1,--,,
"""03042""","Babyfood, dinner, vegetables and dumplings and beef, junior",28.35,"1.0 oz",0.00,--,--,,
"""03041""","Babyfood, dinner, vegetables and dumplings and beef, strained",28.35,"1.0 oz",0.00,--,--,,
"""03067""","Babyfood, dinner, vegetables and lamb, junior",28.35,"1.0 oz",0.00,--,0.022,,
"""03081""","Babyfood, dinner, vegetables and noodles and turkey, junior",28.35,"1.0 oz",0.00,--,--,,
"""03079""","Babyfood, dinner, vegetables and noodles and turkey, strained",28.35,"1.0 oz",0.00,--,--,,
"""03085""","Babyfood, dinner, vegetables and turkey, junior",256.0,"1.0 cup",0.00,24.1,--,,
"""03084""","Babyfood, dinner, vegetables and turkey, strained",256.0,"1.0 cup",0.00,17.2,--,,
"""03073""","Babyfood, dinner, vegetables chicken, strained",256.0,"1.0 cup",0.00,24.8,--,,
"""03076""","Babyfood, dinner, vegetables, noodles and chicken, junior",28.35,"1.0 oz",0.00,--,--,,
"""03075""","Babyfood, dinner, vegetables, noodles and chicken, strained",28.35,"1.0 oz",0.00,--,--,,
"""03964""","Babyfood, fortified cereal bar, fruit filling",19.0,"1.0 bar",0.00,2.6,--,,
"""03154""","Babyfood, fruit and vegetable, apple and sweet potato",113.0,"1.0 jar, Gerber (4 oz)",0.00,5.0,--,,
"""03140""","Babyfood, fruit dessert, mango with tapioca",15.0,"1.0 tbsp",0.00,0.7,--,,
"""43585""","Babyfood, fruit supreme dessert",15.0,"1.0 tbsp",0.00,0.3,--,,
"""03165""","Babyfood, fruit, apple and blueberry, junior",28.35,"1.0 oz",0.00,0.9,--,,
"""03164""","Babyfood, fruit, apple and blueberry, strained",28.35,"1.0 oz",0.00,0.9,--,,
"""03153""","Babyfood, fruit, apple and raspberry, junior",28.35,"1.0 oz",0.00,1.0,--,,
"""03152""","Babyfood, fruit, apple and raspberry, strained",28.35,"1.0 oz",0.00,1.0,--,,
"""03143""","Babyfood, fruit, applesauce and apricots, junior",16.0,"1.0 tbsp",0.00,0.5,--,,
"""03142""","Babyfood, fruit, applesauce and apricots, strained",16.0,"1.0 tbsp",0.00,0.5,--,,
"""03145""","Babyfood, fruit, applesauce and cherries, junior",28.35,"1.0 oz",0.00,1.3,--,,
"""03144""","Babyfood, fruit, applesauce and cherries, strained",28.35,"1.0 oz",0.00,1.3,--,,
"""03151""","Babyfood, fruit, applesauce and pineapple, junior",28.35,"1.0 oz",0.00,--,--,,
"""03150""","Babyfood, fruit, applesauce and pineapple, strained",28.35,"1.0 oz",0.00,--,--,,
"""03147""","Babyfood, fruit, applesauce with banana, junior",16.0,"1.0 tbsp",0.00,0.8,--,,
"""03117""","Babyfood, fruit, applesauce, junior",16.0,"1.0 tbsp",0.00,0.5,--,,
"""03116""","Babyfood, fruit, applesauce, strained",16.0,"1.0 tbsp",0.00,0.5,--,,
"""03128""","Babyfood, fruit, apricot with tapioca, junior",15.0,"1.0 tbsp",0.00,0.2,--,,
"""03118""","Babyfood, fruit, apricot with tapioca, strained",15.0,"1.0 tbsp",0.00,0.2,--,,
"""03994""","Babyfood, fruit, banana and strawberry, junior",140.0,"1.0 bottle",0.00,15.1,0.060,,
"""03156""","Babyfood, fruit, bananas and pineapple with tapioca, junior",15.0,"1.0 tbsp",0.00,1.0,--,,
"""03157""","Babyfood, fruit, bananas and pineapple with tapioca, strained",15.0,"1.0 tbsp",0.00,1.0,--,,
"""03163""","Babyfood, fruit, bananas with apples and pears, strained",15.0,"1.0 tbsp",0.00,1.1,--,,
"""03280""","Babyfood, fruit, bananas with tapioca, junior",15.0,"1.0 tbsp",0.00,0.5,--,,
"""03129""","Babyfood, fruit, bananas with tapioca, strained",15.0,"1.0 tbsp",0.00,0.6,--,,
"""03160""","Babyfood, fruit, guava and papaya with tapioca, strained",28.35,"1.0 oz",0.00,--,--,,
"""03131""","Babyfood, fruit, peaches, junior",17.0,"1.0 tbsp",0.00,1.4,--,,
"""03130""","Babyfood, fruit, peaches, strained",17.0,"1.0 tbsp",0.00,1.4,--,,
"""03159""","Babyfood, fruit, pears and pineapple, junior",16.0,"1.0 tbsp",0.00,0.5,--,,
"""03158""","Babyfood, fruit, pears and pineapple, strained",16.0,"1.0 tbsp",0.00,0.5,--,,
"""03133""","Babyfood, fruit, pears, junior",16.0,"1.0 tbsp",0.00,0.4,--,,
"""03132""","Babyfood, fruit, pears, strained",16.0,"1.0 tbsp",0.00,0.6,--,,
"""03135""","Babyfood, fruit, plums with tapioca, without ascorbic acid, junior",15.0,"1.0 tbsp",0.00,0.2,--,,
"""03134""","Babyfood, fruit, plums with tapioca, without ascorbic acid, strained",15.0,"1.0 tbsp",0.00,0.2,--,,
"""03137""","Babyfood, fruit, prunes with tapioca, without ascorbic acid, junior",28.35,"1.0 oz",0.00,--,--,,
"""03136""","Babyfood, fruit, prunes with tapioca, without ascorbic acid, strained",15.0,"1.0 tbsp",0.00,0.2,--,,
"""43007""","Babyfood, fruit, tutti frutti, junior",15.0,"1.0 tbsp",0.00,0.5,--,,
"""43006""","Babyfood, fruit, tutti frutti, strained",15.0,"1.0 tbsp",0.00,0.5,--,,
"""03022""","Babyfood, GERBER, 2nd Foods, apple, carrot and squash, organic",99.0,"1.0 serving",0.00,3.5,0.042,,
"""03025""","Babyfood, GERBER, 3rd Foods, apple, mango and kiwi",170.0,"1.0 serving",0.00,7.7,--,,
"""33878""","Babyfood, GERBER, Banana with orange medley",113.0,"1.0 jar",0.00,9.9,--,,
"""03216""","Babyfood, GERBER, GRADUATES Lil Biscuits Vanilla Wheat",28.35,"1.0 oz",0.00,9.6,--,,
"""44074""","Babyfood, grape juice, no sugar, canned",118.0,"4.0 fl oz",0.00,7.7,0.048,,
"""03093""","Babyfood, green beans, dices, toddler",28.35,"1.0 oz",0.00,6.4,--,,
"""03001""","Babyfood, juice treats, fruit medley, toddler",28.0,"1.0 packet",0.00,2.5,--,,
"""03166""","Babyfood, juice, apple",31.7,"1.0 fl oz",0.00,0.6,--,,
"""43535""","Babyfood, juice, apple - cherry",31.2,"1.0 fl oz",0.00,0.6,--,,
"""03265""","Babyfood, juice, apple and grape",31.2,"1.0 fl oz",0.00,0.6,--,,
"""03168""","Babyfood, juice, apple and peach",31.2,"1.0 fl oz",0.00,0.8,--,,
"""03171""","Babyfood, juice, apple and prune",31.2,"1.0 fl oz",0.00,0.6,--,,
"""03269""","Babyfood, juice, apple, with calcium",189.0,"1.0 serving",0.00,3.4,--,,
"""42266""","Babyfood, juice, apple-sweet potato",30.8,"1.0 fl oz",0.00,1.5,--,,
"""03267""","Babyfood, juice, fruit punch, with calcium",31.2,"1.0 fl oz",0.00,0.7,--,,
"""03179""","Babyfood, juice, mixed fruit",31.2,"1.0 fl oz",0.00,1.1,--,,
"""03172""","Babyfood, juice, orange",31.2,"1.0 fl oz",0.00,1.9,--,,
"""03174""","Babyfood, juice, orange and apple and banana",31.2,"1.0 fl oz",0.00,1.3,--,,
"""03175""","Babyfood, juice, orange and apricot",31.2,"1.0 fl oz",0.00,--,--,,
"""03177""","Babyfood, juice, orange and pineapple",31.2,"1.0 fl oz",0.00,--,--,,
"""42267""","Babyfood, juice, orange-carrot",30.8,"1.0 fl oz",0.00,2.0,--,,
"""43408""","Babyfood, juice, pear",31.2,"1.0 fl oz",0.00,0.8,--,,
"""03048""","Babyfood, macaroni and cheese, toddler",113.0,"1.0 container",0.00,3.6,--,,
"""03959""","Babyfood, mashed cheddar potatoes and broccoli, toddlers",170.0,"1.0 container",0.00,9.9,0.090,,
"""43417""","Babyfood, meat, beef with vegetables, toddler",179.0,"1.0 jar NFS",0.00,27.0,--,,
"""03003""","Babyfood, meat, beef, junior",28.35,"1.0 oz",0.00,10.7,--,,
"""03002""","Babyfood, meat, beef, strained",14.7,"1.0 tbsp",0.00,5.5,--,,
"""03014""","Babyfood, meat, chicken sticks, junior",10.0,"1.0 stick",0.00,4.3,0.053,,
"""03013""","Babyfood, meat, chicken, junior",15.0,"1.0 tbsp",0.00,6.5,0.080,,
"""03012""","Babyfood, meat, chicken, strained",15.0,"1.0 tbsp",0.00,6.5,0.075,,
"""03009""","Babyfood, meat, ham, junior",28.35,"1.0 oz",0.00,12.8,0.155,,
"""03008""","Babyfood, meat, ham, strained",15.0,"1.0 tbsp",0.00,6.8,0.075,,
"""03011""","Babyfood, meat, lamb, junior",28.35,"1.0 oz",0.00,15.5,0.165,,
"""03010""","Babyfood, meat, lamb, strained",22.0,"1.0 tbsp",0.00,12.0,--,,
"""03021""","Babyfood, meat, meat sticks, junior",10.0,"1.0 stick",0.00,5.7,0.050,,
"""03007""","Babyfood, meat, pork, strained",28.35,"1.0 oz",0.00,--,0.153,,
"""03017""","Babyfood, meat, turkey sticks, junior",10.0,"1.0 stick",0.00,5.3,0.050,,
"""03016""","Babyfood, meat, turkey, junior",19.0,"1.0 tbsp",0.00,7.6,--,,
"""03015""","Babyfood, meat, turkey, strained",15.0,"1.0 tbsp",0.00,6.0,0.084,,
"""03005""","Babyfood, meat, veal, strained",16.0,"1.0 tbsp",0.00,7.9,--,,
"""42120""","Babyfood, mixed fruit juice with low fat yogurt",31.5,"1.0 fl oz",0.00,2.6,--,,
"""43523""","Babyfood, mixed fruit yogurt, strained",15.0,"1.0 tbsp",0.00,0.7,--,,
"""03996""","Babyfood, Multigrain whole grain cereal, dry fortified",16.0,"3.0 tbsp",0.75,4.3,--,,
"""03205""","Babyfood, oatmeal cereal with fruit, dry, instant, toddler fortified",5.3,"1.0 tbsp",0.00,1.7,--,,
"""03161""","Babyfood, peaches, dices, toddler",28.35,"1.0 oz",0.00,2.4,--,,
"""03141""","Babyfood, pears, dices, toddler",28.35,"1.0 oz",0.00,1.0,--,,
"""42279""","Babyfood, peas and brown rice",230.0,"1.0 cup",0.00,33.8,--,,
"""03122""","Babyfood, peas, dices, toddler",28.35,"1.0 oz",0.00,4.2,--,,
"""03293""","Babyfood, plums, bananas and rice, strained",28.35,"1.0 oz",0.00,1.0,--,,
"""03112""","Babyfood, potatoes, toddler",163.0,"1.0 cup",0.00,21.5,--,,
"""03215""","Babyfood, pretzels",28.35,"1.0 oz",--,0.0,--,,
"""03139""","Babyfood, prunes, without vitamin c, strained",15.0,"1.0 tbsp",0.00,0.6,--,,
"""03046""","Babyfood, ravioli, cheese filled, with tomato sauce",16.0,"1.0 tbsp",0.00,1.3,--,,
"""43529""","Babyfood, rice and apples, dry",2.5,"1.0 tbsp",0.00,0.3,--,,
"""33881""","Babyfood, rice cereal, dry, EARTHS BEST ORGANIC WHOLE GRAIN, fortified only with iron",18.0,"4.0 tbsp",0.00,3.2,0.062,,
"""03019""","Babyfood, snack, GERBER GRADUATE FRUIT  STRIPS, Real Fruit Bars",9.9,"1.0 bar",0.00,1.4,--,,
"""03998""","Babyfood, Snack, GERBER, GRADUATES, LIL CRUNCHIES, baked whole grain corn snack",7.0,"18.0 piece",0.00,1.2,--,,
"""03302""","Babyfood, snack, GERBER, GRADUATES, YOGURT MELTS",7.0,"1.0 serving",0.00,5.5,0.053,,
"""03026""","Babyfood, tropical fruit medley",88.0,"1.0 serving",0.00,3.2,0.011,,
"""42278""","Babyfood, vegetable and brown rice, strained",230.0,"1.0 cup",0.00,35.0,--,,
"""03114""","Babyfood, vegetable, butternut squash and corn",113.0,"1.0 jar, Gerber (4 oz)",0.00,14.1,--,,
"""03096""","Babyfood, vegetable, green beans and potatoes",113.0,"1.0 jar, Gerber (4 oz)",0.00,11.3,--,,
"""03098""","Babyfood, vegetables, beets, strained",224.0,"1.0 cup",0.00,10.8,0.096,,
"""03100""","Babyfood, vegetables, carrots, junior",224.0,"1.0 cup",0.00,17.9,0.054,,
"""03099""","Babyfood, vegetables, carrots, strained",224.0,"1.0 cup",0.00,15.5,0.054,,
"""03120""","Babyfood, vegetables, corn, creamed, junior",240.0,"1.0 cup",0.00,20.6,0.149,,
"""03119""","Babyfood, vegetables, corn, creamed, strained",113.0,"1.0 jar",0.00,9.7,0.070,,
"""03283""","Babyfood, vegetables, garden vegetable, strained",28.35,"1.0 oz",0.00,3.8,0.022,,
"""03092""","Babyfood, vegetables, green beans, junior",240.0,"1.0 cup",0.00,54.2,0.151,,
"""03091""","Babyfood, vegetables, green beans, strained",240.0,"1.0 cup",0.00,54.2,0.166,,
"""03282""","Babyfood, vegetables, mix vegetables junior",99.0,"1.0 serving 3.5 oz serving",0.00,9.6,0.053,,
"""03286""","Babyfood, vegetables, mix vegetables strained",28.35,"1.0 oz",0.00,2.8,0.013,,
"""03121""","Babyfood, vegetables, peas, strained",16.0,"1.0 tbsp",0.00,5.2,--,,
"""03127""","Babyfood, vegetables, spinach, creamed, strained",240.0,"1.0 cup",0.00,38.6,0.247,,
"""03105""","Babyfood, vegetables, squash, junior",16.0,"1.0 tbsp",0.00,1.2,--,,
"""03104""","Babyfood, vegetables, squash, strained",16.0,"1.0 tbsp",0.00,1.2,--,,
"""03108""","Babyfood, vegetables, sweet potatoes strained",224.0,"1.0 cup",0.00,29.3,0.114,,
"""03109""","Babyfood, vegetables, sweet potatoes, junior",224.0,"1.0 cup",0.00,29.3,0.112,,
"""03024""","Babyfood, water, bottled, GERBER, without added fluoride",113.0,"1.0 serving",--,0.0,--,,
"""03956""","Babyfood, yogurt, whole milk, with fruit, multigrain cereal and added DHA fortified",31.0,"1.0 oz",0.00,4.4,--,,
"""03965""","Babyfood, yogurt, whole milk, with fruit, multigrain cereal and added iron fortified",16.0,"1.0 tbsp",0.00,2.1,--,,
"""03860""","Child formula, ABBOTT NUTRITION, PEDIASURE, ready-to-feed",31.0,"1.0 fl oz",0.18,9.0,--,,
"""03870""","Child formula, ABBOTT NUTRITION, PEDIASURE, ready-to-feed, with iron and fiber",31.0,"1.0 fl oz",0.17,8.8,--,,
"""03000""","Clif Z bar",36.0,"1.0 bar",0.00,8.1,0.102,,
"""43075""","Fluid replacement, electrolyte solution (include PEDIALYTE)",31.2,"1.0 fl oz",--,0.0,--,,
"""03957""","Infant formula, ABBOTT NUTRITION, ALIMENTUM ADVANCE, with iron, powder, not reconstituted, with DHA and ARA",8.7,"1.0 scoop",0.20,3.5,--,,
"""03944""","Infant formula, ABBOTT NUTRITION, SIMILAC NEOSURE, ready-to-feed, with ARA and DHA",30.5,"1.0 fl oz",0.08,3.4,--,,
"""03951""","Infant formula, ABBOTT NUTRITION, SIMILAC, ADVANCE, with iron, liquid concentrate, not reconstituted",31.4,"1.0 fl oz",0.10,4.9,--,,
"""03950""","Infant formula, ABBOTT NUTRITION, SIMILAC, ADVANCE, with iron, powder, not reconstituted",8.5,"1.0 scoop",0.11,5.4,--,,
"""03949""","Infant formula, ABBOTT NUTRITION, SIMILAC, ADVANCE, with iron, ready-to-feed",30.4,"1.0 fl oz",0.05,2.4,--,,
"""03935""","Infant formula, ABBOTT NUTRITION, SIMILAC, ALIMENTUM, ADVANCE, ready-to-feed, with ARA and DHA",30.5,"1.0 fl oz",0.09,2.4,--,,
"""03846""","Infant formula, ABBOTT NUTRITION, SIMILAC, ALIMENTUM, with iron, ready-to-feed",30.5,"1.0 fl oz",0.09,2.4,--,,
"""03992""","Infant formula, ABBOTT NUTRITION, SIMILAC, Expert Care, Diarrhea, ready- to- feed with ARA and DHA",30.4,"1.0 fl oz",0.09,2.4,--,,
"""03999""","Infant formula, ABBOTT NUTRITION, SIMILAC, For Spit Up, powder, with ARA and DHA",9.5,"1.0 scoop",0.12,7.8,--,,
"""03993""","Infant formula, ABBOTT NUTRITION, SIMILAC, For Spit Up, ready-to-feed, with ARA and DHA",30.4,"1.0 fl oz",0.05,3.2,--,,
"""33871""","Infant formula, ABBOTT NUTRITION, SIMILAC, GO AND GROW, powder, with ARA and DHA",9.6,"1.0 scoop",0.15,7.9,--,,
"""03991""","Infant formula, ABBOTT NUTRITION, SIMILAC, GO AND GROW, ready-to-feed, with ARA and DHA",153.0,"5.0 fl oz",0.31,16.1,--,,
"""03952""","Infant formula, ABBOTT NUTRITION, SIMILAC, ISOMIL, ADVANCE with iron, liquid concentrate",31.4,"1.0 fl oz",0.18,4.9,--,,
"""03954""","Infant formula, ABBOTT NUTRITION, SIMILAC, ISOMIL, ADVANCE with iron, powder, not reconstituted",8.7,"1.0 scoop",0.20,5.2,--,,
"""03953""","Infant formula, ABBOTT NUTRITION, SIMILAC, ISOMIL, ADVANCE with iron, ready-to-feed",30.5,"1.0 fl oz",0.09,2.4,--,,
"""03842""","Infant formula, ABBOTT NUTRITION, SIMILAC, ISOMIL, with iron, liquid concentrate",31.4,"1.0 fl oz",0.18,4.9,--,,
"""03843""","Infant formula, ABBOTT NUTRITION, SIMILAC, ISOMIL, with iron, powder, not reconstituted",8.7,"1.0 scoop",0.20,5.2,--,,
"""03841""","Infant formula, ABBOTT NUTRITION, SIMILAC, ISOMIL, with iron, ready-to-feed",30.5,"1.0 fl oz",0.09,2.4,--,,
"""03945""","Infant formula, ABBOTT NUTRITION, SIMILAC, NEOSURE, powder, with ARA and DHA",30.5,"1.0 fl oz",0.63,25.1,--,,
"""03837""","Infant formula, ABBOTT NUTRITION, SIMILAC, PM 60/40, powder not reconstituted",8.7,"1.0 scoop",0.11,5.4,--,,
"""03946""","Infant formula, ABBOTT NUTRITION, SIMILAC, SENSITIVE (LACTOSE FREE) ready-to-feed, with ARA and DHA",30.5,"1.0 fl oz",0.05,3.4,--,,
"""03947""","Infant formula, ABBOTT NUTRITION, SIMILAC, SENSITIVE, (LACTOSE FREE), liquid concentrate, with ARA and DHA",30.5,"1.0 fl oz",0.10,6.3,--,,
"""03948""","Infant formula, ABBOTT NUTRITION, SIMILAC, SENSITIVE, (LACTOSE FREE), powder, with ARA and DHA",30.5,"1.0 fl oz",0.39,25.5,--,,
"""03851""","Infant formula, ABBOTT NUTRITION, SIMILAC, with iron, liquid concentrate, not reconstituted",31.4,"1.0 fl oz",0.10,4.9,--,,
"""03853""","Infant formula, ABBOTT NUTRITION, SIMILAC, with iron, powder, not reconstituted",8.5,"1.0 scoop",0.11,5.4,--,,
"""33868""","Infant Formula, GERBER GOOD START 2, GENTLE PLUS, powder",9.4,"1.0 scoop",0.15,11.1,--,,
"""03989""","Infant Formula, GERBER GOOD START 2, GENTLE PLUS, ready-to-feed",30.4,"1.0 fl oz",0.07,4.8,--,,
"""33872""","Infant formula, GERBER, GOOD START 2 SOY, with iron, powder",9.4,"1.0 scoop",0.16,11.3,--,,
"""03987""","Infant formula, GERBER, GOOD START 2 Soy, with iron, ready-to-feed",30.4,"1.0 fl oz",0.06,4.8,--,,
"""33869""","Infant formula, GERBER, GOOD START 2, PROTECT PLUS, powder",9.4,"1.0 scoop",0.16,11.6,--,,
"""03990""","Infant formula, GERBER, GOOD START 2, PROTECT PLUS, ready-to-feed",30.4,"1.0 fl oz",0.00,4.8,--,,
"""33867""","Infant formula, GERBER, GOOD START, PROTECT PLUS, powder",9.4,"1.0 scoop",0.16,11.6,--,,
"""03988""","Infant formula, GERBER, GOOD START, PROTECT PLUS, ready-to-feed",30.4,"1.0 fl oz",0.00,4.8,--,,
"""03376""","Infant formula, MEAD JOHNSON, Enfamil 24, ready to feed, with ARA and DHA",30.5,"1.0 fl oz",0.07,5.7,--,,
"""03381""","Infant formula, MEAD JOHNSON, Enfamil Enspire Powder, with ARA and DHA, not reconstituted",8.8,"1.0 scoop",0.13,10.6,--,,
"""03385""","Infant formula, MEAD JOHNSON, Enfamil for Supplementing, powder, with ARA and DHA, not reconstituted",8.7,"1.0 serving",0.13,10.6,--,,
"""03393""","Infant formula, MEAD JOHNSON, Enfamil for Supplementing, ready to feed, with ARA and DHA",103.0,"100.0 ml",0.21,16.2,--,,
"""03963""","Infant Formula, MEAD JOHNSON, ENFAMIL GENTLEASE, with iron, prepared from powder",30.5,"1.0 fl oz",0.06,4.8,--,,
"""03815""","Infant formula, MEAD JOHNSON, ENFAMIL LIPIL, with iron, ready-to-feed, with ARA and DHA",106.0,"1.0 serving 100 ml",0.20,8.5,--,,
"""03384""","Infant formula, MEAD JOHNSON, Enfamil Premature 30 Calories, ready to feed, with ARA and DHA",30.5,"1.0 fl oz",0.07,7.0,--,,
"""03382""","Infant formula, MEAD JOHNSON, Enfamil Premature High Protein 24 Calories, ready to feed, with ARA and DHA",30.4,"1.0 fl oz",0.06,5.7,--,,
"""03386""","Infant formula, MEAD JOHNSON, Enfamil Reguline Powder, with ARA and DHA, not reconstituted",8.7,"1.0 scoop",0.13,10.6,--,,
"""03387""","Infant formula, MEAD JOHNSON, Enfamil Reguline, ready to feed, with ARA and DHA",30.5,"1.0 fl oz",0.06,4.8,--,,
"""03943""","Infant formula, MEAD JOHNSON, ENFAMIL, AR, powder, with ARA and DHA",9.0,"1.0 scoop",0.14,10.7,--,,
"""03942""","Infant formula, MEAD JOHNSON, ENFAMIL, AR, ready-to-feed, with ARA and DHA",106.0,"1.0 serving 100 ml",0.22,16.6,--,,
"""03955""","Infant Formula, MEAD JOHNSON, ENFAMIL, ENFACARE, ready-to-feed, with ARA and DHA",30.8,"1.0 fl oz",0.07,5.3,--,,
"""03849""","Infant formula, MEAD JOHNSON, ENFAMIL, ENFACARE, with iron, powder, with ARA and DHA",9.9,"1.0 scoop",0.15,11.8,--,,
"""33866""","Infant formula, MEAD JOHNSON, ENFAMIL, ENFAGROW, GENTLEASE, Toddler transitions, with ARA and DHA, powder",9.0,"1.0 scoop",0.13,10.7,--,,
"""03982""","Infant formula, MEAD JOHNSON, ENFAMIL, Enfagrow, Soy, Toddler ready-to-feed",30.4,"1.0 fl oz",0.06,4.8,--,,
"""33870""","Infant formula, MEAD JOHNSON, ENFAMIL, ENFAGROW, Soy, Toddler transitions, with ARA and DHA,  powder",9.4,"1.0 scoop",0.13,10.7,--,,
"""03980""","Infant Formula, MEAD JOHNSON, ENFAMIL, GENTLEASE, with ARA and DHA powder not reconstituted",8.7,"1.0 scoop",0.13,10.6,--,,
"""03832""","Infant formula, MEAD JOHNSON, ENFAMIL, Infant, ready-to-feed, with ARA and DHA",106.0,"1.0 serving 100 ml",0.21,16.6,--,,
"""03812""","Infant formula, MEAD JOHNSON, ENFAMIL, Infant, with iron, liquid concentrate, with ARA and DHA, reconstituted",31.3,"1.0 fl oz",0.06,4.9,--,,
"""03808""","Infant formula, MEAD JOHNSON, ENFAMIL, Infant, with iron, powder, with ARA and DHA",8.8,"1.0 scope",0.14,5.5,--,,
"""03818""","Infant formula, MEAD JOHNSON, ENFAMIL, LIPIL, low iron, liquid concentrate, with ARA and DHA",31.3,"1.0 fl oz",0.12,5.3,--,,
"""03825""","Infant formula, MEAD JOHNSON, ENFAMIL, LIPIL, low iron, ready to feed, with ARA and DHA",106.0,"1.0 serving 100 ml",0.20,8.7,--,,
"""33862""","Infant Formula, MEAD JOHNSON, ENFAMIL, Newborn, with ARA and DHA, powder",8.7,"1.0 scoop",0.13,10.6,--,,
"""03986""","Infant Formula, MEAD JOHNSON, ENFAMIL, Newborn, with DHA and ARA, ready-to-feed",30.5,"1.0 fl oz",0.06,4.8,--,,
"""03983""","Infant formula, MEAD JOHNSON, ENFAMIL, NUTRAMIGEN AA, ready-to-feed",30.4,"1.0 fl oz",0.06,4.8,--,,
"""03838""","Infant formula, MEAD JOHNSON, ENFAMIL, NUTRAMIGEN WITH LGG, with iron, powder, not reconstituted, with ARA and DHA",9.0,"1.0 scoop",0.14,10.9,--,,
"""33873""","Infant formula, MEAD JOHNSON, ENFAMIL, NUTRAMIGEN, PurAmino, powder, not reconstituted",9.4,"1.0 scoop",0.14,11.2,--,,
"""03844""","Infant formula, MEAD JOHNSON, ENFAMIL, NUTRAMIGEN, with iron, liquid concentrate not reconstituted, with ARA and DHA",31.6,"1.0 fl oz",0.12,5.0,--,,
"""03845""","Infant formula, MEAD JOHNSON, ENFAMIL, NUTRAMIGEN, with iron, ready-to-feed, with ARA and DHA",107.0,"1.0 serving 100 ml",0.21,16.8,--,,
"""33874""","Infant formula, MEAD JOHNSON, ENFAMIL, Premature, 20 calories ready-to-feed Low iron",30.4,"1.0 fl oz",0.05,4.0,--,,
"""33875""","Infant formula, MEAD JOHNSON, ENFAMIL, Premature, 24 calories ready-to-feed Low iron",30.0,"5.0 fl oz",0.05,4.0,--,,
"""03984""","Infant formula, MEAD JOHNSON, ENFAMIL, Premature, with iron, 20 calories, ready-to-feed",30.4,"1.0 fl oz",0.05,4.8,--,,
"""03985""","Infant formula, MEAD JOHNSON, ENFAMIL, Premature, with iron, 24 calories, ready-to-feed",30.4,"1.0 fl oz",0.06,5.7,--,,
"""33864""","Infant Formula, MEAD JOHNSON, ENFAMIL, Premium LIPIL, Infant, Liquid concentrate, not reconstituted",31.4,"1.0 fl oz",0.12,9.8,--,,
"""33863""","Infant Formula, MEAD JOHNSON, ENFAMIL, Premium LIPIL, Infant, powder",8.7,"1.0 scoop",0.13,10.5,--,,
"""33865""","Infant Formula, MEAD JOHNSON, ENFAMIL, Premium, Infant, Liquid concentrate, not reconstituted",31.4,"1.0 fl oz",0.12,9.7,--,,
"""33877""","Infant Formula, MEAD JOHNSON, ENFAMIL, Premium, Infant, powder",8.7,"1.0 scoop",0.13,10.5,--,,
"""33876""","Infant Formula, MEAD JOHNSON, ENFAMIL, Premium, Infant, ready-to-feed",30.5,"1.0 fl oz",0.06,4.8,--,,
"""03854""","Infant formula, MEAD JOHNSON, ENFAMIL, PROSOBEE, liquid concentrate, reconstituted, with ARA and DHA",31.3,"1.0 fl oz",0.06,4.9,--,,
"""03852""","Infant formula, MEAD JOHNSON, ENFAMIL, PROSOBEE, with iron, powder, not reconstituted, with ARA and DHA",8.8,"1.0 scoop",0.13,10.7,--,,
"""03805""","Infant formula, MEAD JOHNSON, ENFAMIL, with iron, powder",8.3,"1.0 scoop",0.13,10.3,--,,
"""03929""","Infant formula, MEAD JOHNSON, NEXT STEP PROSOBEE, powder, not reconstituted",9.3,"1.0 scoop",0.13,5.8,--,,
"""03861""","Infant formula, MEAD JOHNSON, NEXT STEP, PROSOBEE LIPIL, powder, with ARA and DHA",28.0,"3.0 scoop",0.40,16.0,--,,
"""03864""","Infant formula, MEAD JOHNSON, NEXT STEP, PROSOBEE, LIPIL, ready to feed, with ARA and DHA",103.0,"1.0 serving 100 ml",0.20,--,--,,
"""03391""","Infant formula, MEAD JOHNSON, Pregestimil 24 Calories, ready to feed, with ARA and DHA",104.0,"100.0 ml",0.24,0.2,--,,
"""03821""","Infant formula, MEAD JOHNSON, PREGESTIMIL, with iron, powder, with ARA and DHA, not reconstituted",8.8,"1.0 scoop",0.13,10.6,--,,
"""03822""","Infant formula, MEAD JOHNSON, PREGESTIMIL, with iron, with ARA and DHA, prepared from powder",104.0,"1.0 serving 100 ml",0.21,16.5,--,,
"""03857""","Infant formula, MEAD JOHNSON, PROSOBEE, with iron, ready to feed, with ARA and DHA",106.0,"1.0 serving 100 ml",0.21,16.6,--,,
"""03823""","Infant formula, MEAD JOHNSON, PROSOBEE, with iron, ready-to-feed",106.0,"1.0 Serving 100 ml",0.20,8.7,--,,
"""03930""","Infant formula, MEAD JOHNSON,NEXT STEP PROSOBEE, prepared from powder",30.5,"1.0 fl oz",0.06,2.4,--,,
"""03928""","Infant formula, NESTLE, GOOD START ESSENTIALS SOY, with iron, powder",8.5,"1.0 scoop",0.13,5.2,--,,
"""03867""","Infant formula, NESTLE, GOOD START SOY, with ARA and DHA, powder",9.4,"1.0 scoop",0.14,5.6,--,,
"""03966""","Infant formula, NESTLE, GOOD START SOY, with DHA and ARA, liquid concentrate",29.2,"1.0 fl oz",0.12,9.3,--,,
"""03859""","Infant formula, NESTLE, GOOD START SOY, with DHA and ARA, ready-to-feed",29.0,"1.0 oz",0.06,2.0,--,,
"""03961""","Infant formula, NESTLE, GOOD START SUPREME, with iron, DHA and ARA, prepared from liquid concentrate",31.4,"1.0 fl oz",0.07,2.5,--,,
"""03960""","Infant formula, NESTLE, GOOD START SUPREME, with iron, DHA and ARA, ready-to-feed",30.5,"1.0 fl oz",0.07,2.4,--,,
"""03801""","Infant formula, NESTLE, GOOD START SUPREME, with iron, liquid concentrate, not reconstituted",31.4,"1.0 fl oz",0.13,4.8,--,,
"""03802""","Infant formula, NESTLE, GOOD START SUPREME, with iron, powder",8.7,"1.0 scoop",0.10,5.3,--,,
"""03937""","Infant formula, PBM PRODUCTS, store brand, liquid concentrate, not reconstituted",31.4,"1.0 fl oz",0.08,6.3,--,,
"""03938""","Infant formula, PBM PRODUCTS, store brand, powder",8.4,"1.0 scoop",0.09,6.9,--,,
"""03936""","Infant formula, PBM PRODUCTS, store brand, ready-to-feed",30.4,"1.0 fl oz",0.04,3.0,--,,
"""03940""","Infant formula, PBM PRODUCTS, store brand, soy, liquid concentrate, not reconstituted",31.4,"1.0 fl oz",0.13,5.7,--,,
"""03941""","Infant formula, PBM PRODUCTS, store brand, soy, powder",8.7,"1.0 scoop",0.13,6.4,--,,
"""03939""","Infant formula, PBM PRODUCTS, store brand, soy, ready-to-feed",30.4,"1.0 fl oz",0.06,2.7,--,,
"""03392""","Toddler drink, MEAD JOHNSON, PurAmino Toddler Powder, with ARA and DHA, not reconstituted",7.2,"1.0 scoop",0.11,8.6,--,,
"""03968""","Toddler formula, MEAD JOHNSON, ENFAGROW PREMIUM (formerly ENFAMIL, LIPIL, NEXT STEP), ready-to-feed",29.2,"1.0 fl oz",0.06,2.3,--,,
"""03967""","Toddler formula, MEAD JOHNSON, ENFAGROW, Toddler Transitions, with ARA and DHA, powder",9.0,"1.0 scoop",0.13,10.7,--,,
"""03389""","Toddler formula, MEAD JOHNSON, Nutramigen Toddler with LGG Powder, with ARA and DHA, not reconstituted",9.3,"1.0 scoop",0.13,10.7,--,,
"""03217""","Zwieback",28.35,"1.0 oz",0.00,3.0,--,,
