Source: USDA National Nutrient Database for Standard Reference Legacy Software v.3.9.4 2018-05-17
"Nutrients: Retinol (µg); 18:1-11 t (18:1t n-7) (g); Caffeine (mg)"
"Food Groups: Baby Foods"
Food Subset:All Foods
Ordered by:Food Name
Measured by:Household
Report Run at: 06-02-2018T14:17
NDB_NO,Description,Weight(g),Measure,"Retinol"(µg)Per Measure,"18:1-11 t (18:1t n-7)"(g)Per Measure,"Caffeine"(mg)Per Measure,
"""42150""","Babyfood, apple yogurt dessert, strained",15.0,"1.0 tbsp",0,--,0,,
"""03167""","Babyfood, apple-banana juice",31.2,"1.0 fl oz",--,--,0,,
"""03289""","Babyfood, apples with ham, strained",15.0,"1.0 tbsp",--,--,0,,
"""03115""","Babyfood, apples, dices, toddler",28.35,"1.0 oz",--,--,0,,
"""03997""","Babyfood, Baby MUM MUM Rice Biscuits",8.0,"4.0 biscuit",--,--,0,,
"""42284""","Babyfood, baked product, finger snacks cereal fortified",1.7,"1.0 cookie",--,--,0,,
"""43550""","Babyfood, banana apple dessert, strained",15.0,"1.0 tbsp",--,--,0,,
"""42119""","Babyfood, banana juice with low fat yogurt",31.5,"1.0 fl oz",2,--,0,,
"""43546""","Babyfood, banana no tapioca, strained",15.0,"1.0 tbsp",--,--,0,,
"""03995""","Babyfood, banana with mixed berries, strained",99.0,"1.0 packet",--,--,0,,
"""03301""","Babyfood, beverage, GERBER, GRADUATES, FRUIT SPLASHERS",113.0,"4.0 oz",--,--,0,,
"""03290""","Babyfood, carrots and beef, strained",15.0,"1.0 tbsp",--,--,0,,
"""42316""","Babyfood, carrots, toddler",28.35,"1.0 oz",--,--,0,,
"""03181""","Babyfood, cereal, barley, dry fortified",2.4,"1.0 tbsp",--,--,0,,
"""03681""","Babyfood, cereal, barley, prepared with whole milk",28.35,"1.0 oz",12,--,0,,
"""42285""","Babyfood, cereal, brown rice, dry, instant",3.7,"1.0 tbsp",--,--,0,,
"""03201""","Babyfood, cereal, egg yolks and bacon, junior",28.35,"1.0 oz",8,--,--,,
"""03211""","Babyfood, cereal, high protein, with apple and orange, dry",2.4,"1.0 tbsp",0,--,--,,
"""03185""","Babyfood, cereal, mixed, dry fortified",2.5,"1.0 tbsp",--,--,0,,
"""03685""","Babyfood, cereal, mixed, prepared with whole milk",28.35,"1.0 oz",11,--,0,,
"""03188""","Babyfood, cereal, mixed, with applesauce and bananas, junior, fortified",28.35,"1.0 oz",--,--,0,,
"""03187""","Babyfood, cereal, mixed, with applesauce and bananas, strained",28.35,"1.0 oz",--,--,0,,
"""03186""","Babyfood, cereal, mixed, with bananas, dry",2.5,"1.0 tbsp",--,--,0,,
"""03686""","Babyfood, cereal, mixed, with bananas, prepared with whole milk",28.35,"1.0 oz",12,--,0,,
"""03189""","Babyfood, cereal, oatmeal, dry fortified",3.2,"1.0 tbsp",--,--,0,,
"""03689""","Babyfood, cereal, oatmeal, prepared with whole milk",28.35,"1.0 oz",5,--,--,,
"""03192""","Babyfood, cereal, oatmeal, with applesauce and bananas, junior, fortified",28.35,"1.0 oz",--,--,0,,
"""03191""","Babyfood, cereal, oatmeal, with applesauce and bananas, strained",28.35,"1.0 oz",--,--,0,,
"""03190""","Babyfood, cereal, oatmeal, with bananas, dry",15.0,"1.0 serving",--,--,0,,
"""03690""","Babyfood, cereal, oatmeal, with bananas, prepared with whole milk",28.35,"1.0 oz",12,--,0,,
"""03193""","Babyfood, cereal, oatmeal, with honey, dry",2.4,"1.0 tbsp",0,--,--,,
"""43544""","Babyfood, cereal, rice with pears and apple, dry, instant fortified",15.0,"1.0 serving",--,--,0,,
"""03194""","Babyfood, cereal, rice, dry fortified",2.5,"1.0 tbsp",--,--,0,,
"""03694""","Babyfood, cereal, rice, prepared with whole milk",28.35,"1.0 oz",12,--,0,,
"""03195""","Babyfood, cereal, rice, with applesauce and bananas, strained",16.0,"1.0 tbsp",--,--,0,,
"""03212""","Babyfood, cereal, rice, with bananas, dry",2.5,"1.0 tbsp",--,--,0,,
"""03712""","Babyfood, cereal, rice, with bananas, prepared with whole milk",28.35,"1.0 oz",12,--,0,,
"""03696""","Babyfood, cereal, rice, with honey, prepared with whole milk",28.35,"1.0 oz",5,--,--,,
"""03184""","Babyfood, cereal, whole wheat, with apples, dry fortified",15.0,"0.5 oz",--,--,0,,
"""03198""","Babyfood, cereal, with egg yolks, junior",28.35,"1.0 oz",11,--,--,,
"""03197""","Babyfood, cereal, with egg yolks, strained",28.35,"1.0 oz",11,--,--,,
"""03222""","Babyfood, cherry cobbler, junior",28.35,"1.0 oz",--,--,0,,
"""03206""","Babyfood, cookie, baby, fruit",8.0,"1.0 cookie",--,--,0,,
"""03213""","Babyfood, cookies",28.35,"1.0 oz",2,--,0,,
"""03934""","Babyfood, corn and sweet potatoes, strained",28.35,"1.0 oz",0,--,0,,
"""03209""","Babyfood, crackers, vegetable",0.7,"1.0 cracker",--,--,0,,
"""43004""","Babyfood, dessert, banana pudding, strained",15.0,"1.0 tbsp",--,--,0,,
"""43539""","Babyfood, dessert, banana yogurt, strained",15.0,"1.0 tbsp",0,--,0,,
"""43537""","Babyfood, dessert, blueberry yogurt, strained",15.0,"1.0 tbsp",0,--,0,,
"""03225""","Babyfood, dessert, cherry vanilla pudding, junior",28.35,"1.0 oz",2,--,0,,
"""03224""","Babyfood, dessert, cherry vanilla pudding, strained",28.35,"1.0 oz",2,--,0,,
"""03246""","Babyfood, dessert, custard pudding, vanilla, junior",229.0,"1.0 cup",30,--,0,,
"""03245""","Babyfood, dessert, custard pudding, vanilla, strained",229.0,"1.0 cup",41,--,0,,
"""03221""","Babyfood, dessert, dutch apple, junior",28.35,"1.0 oz",--,--,0,,
"""03220""","Babyfood, dessert, dutch apple, strained",28.35,"1.0 oz",--,--,0,,
"""03236""","Babyfood, dessert, fruit dessert, without ascorbic acid, junior",15.0,"1.0 tbsp",--,--,0,,
"""03235""","Babyfood, dessert, fruit dessert, without ascorbic acid, strained",15.0,"1.0 tbsp",--,--,0,,
"""03226""","Babyfood, dessert, fruit pudding, orange, strained",28.35,"1.0 oz",0,--,--,,
"""03233""","Babyfood, dessert, fruit pudding, pineapple, strained",15.0,"1.0 tbsp",2,--,0,,
"""03228""","Babyfood, dessert, peach cobbler, junior",15.0,"1.0 tbsp",--,--,0,,
"""03227""","Babyfood, dessert, peach cobbler, strained",15.0,"1.0 tbsp",--,--,0,,
"""43536""","Babyfood, dessert, peach yogurt",15.0,"1.0 tbsp",0,--,0,,
"""03238""","Babyfood, dessert, tropical fruit, junior",28.35,"1.0 oz",0,--,--,,
"""03297""","Babyfood, dinner, apples and chicken, strained",28.35,"1.0 oz",--,--,0,,
"""03049""","Babyfood, dinner, beef and rice, toddler",28.35,"1.0 oz",0,--,--,,
"""03043""","Babyfood, dinner, beef lasagna, toddler",28.35,"1.0 oz",0,--,--,,
"""03287""","Babyfood, dinner, beef noodle, junior",16.0,"1.0 tbsp",--,--,0,,
"""03047""","Babyfood, dinner, beef noodle, strained",16.0,"1.0 tbsp",--,--,0,,
"""03055""","Babyfood, dinner, beef with vegetables",113.0,"1.0 jar Beech-Nut Stage 2 (4 oz)",--,--,0,,
"""03298""","Babyfood, dinner, broccoli and chicken, junior",29.0,"1.0 tbsp",0,--,0,,
"""43008""","Babyfood, dinner, chicken and rice",16.0,"1.0 tbsp",--,--,0,,
"""03069""","Babyfood, dinner, chicken noodle, junior",16.0,"1.0 tbsp",0,--,0,,
"""03068""","Babyfood, dinner, chicken noodle, strained",16.0,"1.0 tbsp",0,--,0,,
"""03070""","Babyfood, dinner, chicken soup, strained",113.0,"1.0 jar Beech-Nut Stage 2 (4 oz)",--,--,0,,
"""03072""","Babyfood, dinner, chicken stew, toddler",16.0,"1.0 tbsp",0,--,0,,
"""03090""","Babyfood, dinner, macaroni and cheese, junior",28.35,"1.0 oz",8,--,0,,
"""03089""","Babyfood, dinner, macaroni and cheese, strained",28.35,"1.0 oz",4,--,0,,
"""03045""","Babyfood, dinner, macaroni and tomato and beef, junior",16.0,"1.0 tbsp",--,--,0,,
"""03044""","Babyfood, dinner, macaroni and tomato and beef, strained",16.0,"1.0 tbsp",--,--,0,,
"""43432""","Babyfood, dinner, macaroni, beef and tomato sauce, toddler",16.0,"1.0 tbsp",--,--,0,,
"""03279""","Babyfood, dinner, mixed vegetable, junior",99.0,"1.0 serving",--,--,0,,
"""03278""","Babyfood, dinner, mixed vegetable, strained",28.35,"1.0 oz",0,--,--,,
"""03077""","Babyfood, dinner, pasta with vegetables",113.0,"1.0 jar, Gerber (4 oz)",18,--,0,,
"""03050""","Babyfood, dinner, spaghetti and tomato and meat, junior",16.0,"1.0 tbsp",--,--,0,,
"""03051""","Babyfood, dinner, spaghetti and tomato and meat, toddler",28.35,"1.0 oz",0,--,--,,
"""03303""","Babyfood, dinner, sweet potatoes and chicken, strained",16.0,"1.0 tbsp",0,--,0,,
"""03083""","Babyfood, dinner, turkey and rice, junior",16.0,"1.0 tbsp",--,--,0,,
"""03082""","Babyfood, dinner, turkey and rice, strained",16.0,"1.0 tbsp",--,--,0,,
"""03296""","Babyfood, dinner, turkey, rice, and vegetables, toddler",28.35,"1.0 oz",--,--,0,,
"""03054""","Babyfood, dinner, vegetables and beef, junior",256.0,"1.0 cup",--,--,0,,
"""03053""","Babyfood, dinner, vegetables and beef, strained",256.0,"1.0 cup",--,--,0,,
"""03274""","Babyfood, dinner, vegetables and chicken, junior",256.0,"1.0 cup",--,--,0,,
"""03042""","Babyfood, dinner, vegetables and dumplings and beef, junior",28.35,"1.0 oz",0,--,--,,
"""03041""","Babyfood, dinner, vegetables and dumplings and beef, strained",28.35,"1.0 oz",0,--,--,,
"""03067""","Babyfood, dinner, vegetables and lamb, junior",28.35,"1.0 oz",22,--,--,,
"""03081""","Babyfood, dinner, vegetables and noodles and turkey, junior",28.35,"1.0 oz",0,--,--,,
"""03079""","Babyfood, dinner, vegetables and noodles and turkey, strained",28.35,"1.0 oz",0,--,--,,
"""03085""","Babyfood, dinner, vegetables and turkey, junior",256.0,"1.0 cup",--,--,0,,
"""03084""","Babyfood, dinner, vegetables and turkey, strained",256.0,"1.0 cup",--,--,0,,
"""03073""","Babyfood, dinner, vegetables chicken, strained",256.0,"1.0 cup",--,--,0,,
"""03076""","Babyfood, dinner, vegetables, noodles and chicken, junior",28.35,"1.0 oz",0,--,--,,
"""03075""","Babyfood, dinner, vegetables, noodles and chicken, strained",28.35,"1.0 oz",0,--,--,,
"""03964""","Babyfood, fortified cereal bar, fruit filling",19.0,"1.0 bar",--,--,0,,
"""03154""","Babyfood, fruit and vegetable, apple and sweet potato",113.0,"1.0 jar, Gerber (4 oz)",--,--,0,,
"""03140""","Babyfood, fruit dessert, mango with tapioca",15.0,"1.0 tbsp",--,--,0,,
"""43585""","Babyfood, fruit supreme dessert",15.0,"1.0 tbsp",--,--,0,,
"""03165""","Babyfood, fruit, apple and blueberry, junior",28.35,"1.0 oz",--,--,0,,
"""03164""","Babyfood, fruit, apple and blueberry, strained",28.35,"1.0 oz",--,--,0,,
"""03153""","Babyfood, fruit, apple and raspberry, junior",28.35,"1.0 oz",--,--,0,,
"""03152""","Babyfood, fruit, apple and raspberry, strained",28.35,"1.0 oz",--,--,0,,
"""03143""","Babyfood, fruit, applesauce and apricots, junior",16.0,"1.0 tbsp",--,--,0,,
"""03142""","Babyfood, fruit, applesauce and apricots, strained",16.0,"1.0 tbsp",--,--,0,,
"""03145""","Babyfood, fruit, applesauce and cherries, junior",28.35,"1.0 oz",--,--,0,,
"""03144""","Babyfood, fruit, applesauce and cherries, strained",28.35,"1.0 oz",--,--,0,,
"""03151""","Babyfood, fruit, applesauce and pineapple, junior",28.35,"1.0 oz",0,--,--,,
"""03150""","Babyfood, fruit, applesauce and pineapple, strained",28.35,"1.0 oz",0,--,--,,
"""03147""","Babyfood, fruit, applesauce with banana, junior",16.0,"1.0 tbsp",--,--,0,,
"""03117""","Babyfood, fruit, applesauce, junior",16.0,"1.0 tbsp",--,--,0,,
"""03116""","Babyfood, fruit, applesauce, strained",16.0,"1.0 tbsp",--,--,0,,
"""03128""","Babyfood, fruit, apricot with tapioca, junior",15.0,"1.0 tbsp",--,--,0,,
"""03118""","Babyfood, fruit, apricot with tapioca, strained",15.0,"1.0 tbsp",--,--,0,,
"""03994""","Babyfood, fruit, banana and strawberry, junior",140.0,"1.0 bottle",--,--,0,,
"""03156""","Babyfood, fruit, bananas and pineapple with tapioca, junior",15.0,"1.0 tbsp",--,--,0,,
"""03157""","Babyfood, fruit, bananas and pineapple with tapioca, strained",15.0,"1.0 tbsp",--,--,0,,
"""03163""","Babyfood, fruit, bananas with apples and pears, strained",15.0,"1.0 tbsp",--,--,0,,
"""03280""","Babyfood, fruit, bananas with tapioca, junior",15.0,"1.0 tbsp",--,--,0,,
"""03129""","Babyfood, fruit, bananas with tapioca, strained",15.0,"1.0 tbsp",--,--,0,,
"""03160""","Babyfood, fruit, guava and papaya with tapioca, strained",28.35,"1.0 oz",0,--,--,,
"""03162""","Babyfood, fruit, papaya and applesauce with tapioca, strained",28.35,"1.0 oz",0,--,--,,
"""03131""","Babyfood, fruit, peaches, junior",17.0,"1.0 tbsp",--,--,0,,
"""03130""","Babyfood, fruit, peaches, strained",17.0,"1.0 tbsp",--,--,0,,
"""03159""","Babyfood, fruit, pears and pineapple, junior",16.0,"1.0 tbsp",--,--,0,,
"""03158""","Babyfood, fruit, pears and pineapple, strained",16.0,"1.0 tbsp",--,--,0,,
"""03133""","Babyfood, fruit, pears, junior",16.0,"1.0 tbsp",--,--,0,,
"""03132""","Babyfood, fruit, pears, strained",16.0,"1.0 tbsp",--,--,0,,
"""03135""","Babyfood, fruit, plums with tapioca, without ascorbic acid, junior",15.0,"1.0 tbsp",--,--,0,,
"""03134""","Babyfood, fruit, plums with tapioca, without ascorbic acid, strained",15.0,"1.0 tbsp",--,--,0,,
"""03137""","Babyfood, fruit, prunes with tapioca, without ascorbic acid, junior",28.35,"1.0 oz",--,--,0,,
"""03136""","Babyfood, fruit, prunes with tapioca, without ascorbic acid, strained",15.0,"1.0 tbsp",--,--,0,,
"""43007""","Babyfood, fruit, tutti frutti, junior",15.0,"1.0 tbsp",--,--,0,,
"""43006""","Babyfood, fruit, tutti frutti, strained",15.0,"1.0 tbsp",--,--,0,,
"""03022""","Babyfood, GERBER, 2nd Foods, apple, carrot and squash, organic",99.0,"1.0 serving",--,--,0,,
"""03025""","Babyfood, GERBER, 3rd Foods, apple, mango and kiwi",170.0,"1.0 serving",--,--,0,,
"""33878""","Babyfood, GERBER, Banana with orange medley",113.0,"1.0 jar",--,--,0,,
"""03216""","Babyfood, GERBER, GRADUATES Lil Biscuits Vanilla Wheat",28.35,"1.0 oz",8,--,0,,
"""44074""","Babyfood, grape juice, no sugar, canned",118.0,"4.0 fl oz",--,--,0,,
"""42286""","Babyfood, green beans and turkey, strained",14.0,"1.0 tbsp",--,--,0,,
"""03093""","Babyfood, green beans, dices, toddler",28.35,"1.0 oz",--,--,0,,
"""03001""","Babyfood, juice treats, fruit medley, toddler",28.0,"1.0 packet",--,--,0,,
"""03166""","Babyfood, juice, apple",31.7,"1.0 fl oz",--,--,0,,
"""43535""","Babyfood, juice, apple - cherry",31.2,"1.0 fl oz",--,--,0,,
"""03265""","Babyfood, juice, apple and grape",31.2,"1.0 fl oz",--,--,0,,
"""03168""","Babyfood, juice, apple and peach",31.2,"1.0 fl oz",--,--,0,,
"""03171""","Babyfood, juice, apple and prune",31.2,"1.0 fl oz",--,--,0,,
"""03269""","Babyfood, juice, apple, with calcium",189.0,"1.0 serving",--,--,0,,
"""42266""","Babyfood, juice, apple-sweet potato",30.8,"1.0 fl oz",--,--,0,,
"""03267""","Babyfood, juice, fruit punch, with calcium",31.2,"1.0 fl oz",--,--,0,,
"""03179""","Babyfood, juice, mixed fruit",31.2,"1.0 fl oz",--,--,0,,
"""03172""","Babyfood, juice, orange",31.2,"1.0 fl oz",--,--,0,,
"""03173""","Babyfood, juice, orange and apple",31.2,"1.0 fl oz",0,--,--,,
"""03174""","Babyfood, juice, orange and apple and banana",31.2,"1.0 fl oz",--,--,0,,
"""03175""","Babyfood, juice, orange and apricot",31.2,"1.0 fl oz",0,--,--,,
"""03176""","Babyfood, juice, orange and banana",31.2,"1.0 fl oz",0,--,--,,
"""03177""","Babyfood, juice, orange and pineapple",31.2,"1.0 fl oz",0,--,--,,
"""42267""","Babyfood, juice, orange-carrot",30.8,"1.0 fl oz",--,--,0,,
"""43408""","Babyfood, juice, pear",31.2,"1.0 fl oz",--,--,0,,
"""03178""","Babyfood, juice, prune and orange",31.2,"1.0 fl oz",0,--,--,,
"""03048""","Babyfood, macaroni and cheese, toddler",113.0,"1.0 container",21,--,0,,
"""03959""","Babyfood, mashed cheddar potatoes and broccoli, toddlers",170.0,"1.0 container",19,--,0,,
"""43417""","Babyfood, meat, beef with vegetables, toddler",179.0,"1.0 jar NFS",--,--,0,,
"""03003""","Babyfood, meat, beef, junior",28.35,"1.0 oz",--,--,0,,
"""03002""","Babyfood, meat, beef, strained",14.7,"1.0 tbsp",--,--,0,,
"""03014""","Babyfood, meat, chicken sticks, junior",10.0,"1.0 stick",0,--,0,,
"""03013""","Babyfood, meat, chicken, junior",15.0,"1.0 tbsp",2,--,0,,
"""03012""","Babyfood, meat, chicken, strained",15.0,"1.0 tbsp",1,--,0,,
"""03009""","Babyfood, meat, ham, junior",28.35,"1.0 oz",--,--,0,,
"""03008""","Babyfood, meat, ham, strained",15.0,"1.0 tbsp",0,--,0,,
"""03011""","Babyfood, meat, lamb, junior",28.35,"1.0 oz",2,--,0,,
"""03010""","Babyfood, meat, lamb, strained",22.0,"1.0 tbsp",--,--,0,,
"""03021""","Babyfood, meat, meat sticks, junior",10.0,"1.0 stick",2,--,0,,
"""03007""","Babyfood, meat, pork, strained",28.35,"1.0 oz",3,--,0,,
"""03017""","Babyfood, meat, turkey sticks, junior",10.0,"1.0 stick",1,--,0,,
"""03016""","Babyfood, meat, turkey, junior",19.0,"1.0 tbsp",--,--,0,,
"""03015""","Babyfood, meat, turkey, strained",15.0,"1.0 tbsp",--,--,0,,
"""03005""","Babyfood, meat, veal, strained",16.0,"1.0 tbsp",--,--,0,,
"""42120""","Babyfood, mixed fruit juice with low fat yogurt",31.5,"1.0 fl oz",2,--,0,,
"""43523""","Babyfood, mixed fruit yogurt, strained",15.0,"1.0 tbsp",0,--,0,,
"""03996""","Babyfood, Multigrain whole grain cereal, dry fortified",16.0,"3.0 tbsp",--,--,0,,
"""03205""","Babyfood, oatmeal cereal with fruit, dry, instant, toddler fortified",5.3,"1.0 tbsp",--,--,0,,
"""03161""","Babyfood, peaches, dices, toddler",28.35,"1.0 oz",--,--,0,,
"""03141""","Babyfood, pears, dices, toddler",28.35,"1.0 oz",--,--,0,,
"""42279""","Babyfood, peas and brown rice",230.0,"1.0 cup",--,--,0,,
"""03122""","Babyfood, peas, dices, toddler",28.35,"1.0 oz",--,--,0,,
"""03293""","Babyfood, plums, bananas and rice, strained",28.35,"1.0 oz",--,--,0,,
"""03112""","Babyfood, potatoes, toddler",163.0,"1.0 cup",--,--,0,,
"""03215""","Babyfood, pretzels",28.35,"1.0 oz",--,--,0,,
"""03139""","Babyfood, prunes, without vitamin c, strained",15.0,"1.0 tbsp",--,--,0,,
"""03046""","Babyfood, ravioli, cheese filled, with tomato sauce",16.0,"1.0 tbsp",5,--,0,,
"""43529""","Babyfood, rice and apples, dry",2.5,"1.0 tbsp",--,--,0,,
"""33881""","Babyfood, rice cereal, dry, EARTHS BEST ORGANIC WHOLE GRAIN, fortified only with iron",18.0,"4.0 tbsp",--,--,0,,
"""03019""","Babyfood, snack, GERBER GRADUATE FRUIT  STRIPS, Real Fruit Bars",9.9,"1.0 bar",--,--,0,,
"""03998""","Babyfood, Snack, GERBER, GRADUATES, LIL CRUNCHIES, baked whole grain corn snack",7.0,"18.0 piece",2,--,0,,
"""03302""","Babyfood, snack, GERBER, GRADUATES, YOGURT MELTS",7.0,"1.0 serving",3,--,0,,
"""03026""","Babyfood, tropical fruit medley",88.0,"1.0 serving",--,--,0,,
"""42278""","Babyfood, vegetable and brown rice, strained",230.0,"1.0 cup",--,--,0,,
"""03114""","Babyfood, vegetable, butternut squash and corn",113.0,"1.0 jar, Gerber (4 oz)",--,--,0,,
"""03096""","Babyfood, vegetable, green beans and potatoes",113.0,"1.0 jar, Gerber (4 oz)",14,--,0,,
"""03098""","Babyfood, vegetables, beets, strained",224.0,"1.0 cup",--,--,0,,
"""03100""","Babyfood, vegetables, carrots, junior",224.0,"1.0 cup",--,--,0,,
"""03099""","Babyfood, vegetables, carrots, strained",224.0,"1.0 cup",--,--,0,,
"""03120""","Babyfood, vegetables, corn, creamed, junior",240.0,"1.0 cup",--,--,0,,
"""03119""","Babyfood, vegetables, corn, creamed, strained",113.0,"1.0 jar",2,--,0,,
"""03283""","Babyfood, vegetables, garden vegetable, strained",28.35,"1.0 oz",--,--,0,,
"""03092""","Babyfood, vegetables, green beans, junior",240.0,"1.0 cup",--,--,0,,
"""03091""","Babyfood, vegetables, green beans, strained",240.0,"1.0 cup",--,--,0,,
"""03282""","Babyfood, vegetables, mix vegetables junior",99.0,"1.0 serving 3.5 oz serving",--,--,0,,
"""03286""","Babyfood, vegetables, mix vegetables strained",28.35,"1.0 oz",--,--,0,,
"""03121""","Babyfood, vegetables, peas, strained",16.0,"1.0 tbsp",--,--,0,,
"""03127""","Babyfood, vegetables, spinach, creamed, strained",240.0,"1.0 cup",55,--,0,,
"""03105""","Babyfood, vegetables, squash, junior",16.0,"1.0 tbsp",--,--,0,,
"""03104""","Babyfood, vegetables, squash, strained",16.0,"1.0 tbsp",--,--,0,,
"""03108""","Babyfood, vegetables, sweet potatoes strained",224.0,"1.0 cup",--,--,0,,
"""03109""","Babyfood, vegetables, sweet potatoes, junior",224.0,"1.0 cup",--,--,0,,
"""03024""","Babyfood, water, bottled, GERBER, without added fluoride",113.0,"1.0 serving",--,--,0,,
"""03956""","Babyfood, yogurt, whole milk, with fruit, multigrain cereal and added DHA fortified",31.0,"1.0 oz",7,--,0,,
"""03965""","Babyfood, yogurt, whole milk, with fruit, multigrain cereal and added iron fortified",16.0,"1.0 tbsp",3,--,0,,
"""03860""","Child formula, ABBOTT NUTRITION, PEDIASURE, ready-to-feed",31.0,"1.0 fl oz",23,--,0,,
"""03870""","Child formula, ABBOTT NUTRITION, PEDIASURE, ready-to-feed, with iron and fiber",31.0,"1.0 fl oz",14,--,0,,
"""03000""","Clif Z bar",36.0,"1.0 bar",0,--,0,,
"""43075""","Fluid replacement, electrolyte solution (include PEDIALYTE)",31.2,"1.0 fl oz",--,--,0,,
"""03957""","Infant formula, ABBOTT NUTRITION, ALIMENTUM ADVANCE, with iron, powder, not reconstituted, with DHA and ARA",8.7,"1.0 scoop",40,--,0,,
"""03944""","Infant formula, ABBOTT NUTRITION, SIMILAC NEOSURE, ready-to-feed, with ARA and DHA",30.5,"1.0 fl oz",29,--,0,,
"""03951""","Infant formula, ABBOTT NUTRITION, SIMILAC, ADVANCE, with iron, liquid concentrate, not reconstituted",31.4,"1.0 fl oz",36,--,0,,
"""03950""","Infant formula, ABBOTT NUTRITION, SIMILAC, ADVANCE, with iron, powder, not reconstituted",8.5,"1.0 scoop",40,--,0,,
"""03949""","Infant formula, ABBOTT NUTRITION, SIMILAC, ADVANCE, with iron, ready-to-feed",30.4,"1.0 fl oz",18,--,0,,
"""03935""","Infant formula, ABBOTT NUTRITION, SIMILAC, ALIMENTUM, ADVANCE, ready-to-feed, with ARA and DHA",30.5,"1.0 fl oz",18,--,0,,
"""03846""","Infant formula, ABBOTT NUTRITION, SIMILAC, ALIMENTUM, with iron, ready-to-feed",30.5,"1.0 fl oz",18,--,0,,
"""03992""","Infant formula, ABBOTT NUTRITION, SIMILAC, Expert Care, Diarrhea, ready- to- feed with ARA and DHA",30.4,"1.0 fl oz",18,--,0,,
"""03999""","Infant formula, ABBOTT NUTRITION, SIMILAC, For Spit Up, powder, with ARA and DHA",9.5,"1.0 scoop",44,--,0,,
"""03993""","Infant formula, ABBOTT NUTRITION, SIMILAC, For Spit Up, ready-to-feed, with ARA and DHA",30.4,"1.0 fl oz",18,--,0,,
"""33871""","Infant formula, ABBOTT NUTRITION, SIMILAC, GO AND GROW, powder, with ARA and DHA",9.6,"1.0 scoop",45,--,0,,
"""03991""","Infant formula, ABBOTT NUTRITION, SIMILAC, GO AND GROW, ready-to-feed, with ARA and DHA",153.0,"5.0 fl oz",92,--,0,,
"""03952""","Infant formula, ABBOTT NUTRITION, SIMILAC, ISOMIL, ADVANCE with iron, liquid concentrate",31.4,"1.0 fl oz",36,--,0,,
"""03954""","Infant formula, ABBOTT NUTRITION, SIMILAC, ISOMIL, ADVANCE with iron, powder, not reconstituted",8.7,"1.0 scoop",40,--,0,,
"""03953""","Infant formula, ABBOTT NUTRITION, SIMILAC, ISOMIL, ADVANCE with iron, ready-to-feed",30.5,"1.0 fl oz",18,--,0,,
"""03842""","Infant formula, ABBOTT NUTRITION, SIMILAC, ISOMIL, with iron, liquid concentrate",31.4,"1.0 fl oz",36,--,0,,
"""03843""","Infant formula, ABBOTT NUTRITION, SIMILAC, ISOMIL, with iron, powder, not reconstituted",8.7,"1.0 scoop",40,--,0,,
"""03841""","Infant formula, ABBOTT NUTRITION, SIMILAC, ISOMIL, with iron, ready-to-feed",30.5,"1.0 fl oz",18,--,0,,
"""03945""","Infant formula, ABBOTT NUTRITION, SIMILAC, NEOSURE, powder, with ARA and DHA",30.5,"1.0 fl oz",217,--,0,,
"""03837""","Infant formula, ABBOTT NUTRITION, SIMILAC, PM 60/40, powder not reconstituted",8.7,"1.0 scoop",40,--,0,,
"""03946""","Infant formula, ABBOTT NUTRITION, SIMILAC, SENSITIVE (LACTOSE FREE) ready-to-feed, with ARA and DHA",30.5,"1.0 fl oz",19,--,0,,
"""03947""","Infant formula, ABBOTT NUTRITION, SIMILAC, SENSITIVE, (LACTOSE FREE), liquid concentrate, with ARA and DHA",30.5,"1.0 fl oz",35,--,0,,
"""03948""","Infant formula, ABBOTT NUTRITION, SIMILAC, SENSITIVE, (LACTOSE FREE), powder, with ARA and DHA",30.5,"1.0 fl oz",143,--,0,,
"""03851""","Infant formula, ABBOTT NUTRITION, SIMILAC, with iron, liquid concentrate, not reconstituted",31.4,"1.0 fl oz",36,--,0,,
"""03853""","Infant formula, ABBOTT NUTRITION, SIMILAC, with iron, powder, not reconstituted",8.5,"1.0 scoop",40,--,0,,
"""33868""","Infant Formula, GERBER GOOD START 2, GENTLE PLUS, powder",9.4,"1.0 scoop",42,--,0,,
"""03989""","Infant Formula, GERBER GOOD START 2, GENTLE PLUS, ready-to-feed",30.4,"1.0 fl oz",18,--,0,,
"""33872""","Infant formula, GERBER, GOOD START 2 SOY, with iron, powder",9.4,"1.0 scoop",43,--,0,,
"""03987""","Infant formula, GERBER, GOOD START 2 Soy, with iron, ready-to-feed",30.4,"1.0 fl oz",18,--,0,,
"""33869""","Infant formula, GERBER, GOOD START 2, PROTECT PLUS, powder",9.4,"1.0 scoop",43,--,0,,
"""03990""","Infant formula, GERBER, GOOD START 2, PROTECT PLUS, ready-to-feed",30.4,"1.0 fl oz",18,--,0,,
"""33867""","Infant formula, GERBER, GOOD START, PROTECT PLUS, powder",9.4,"1.0 scoop",44,--,0,,
"""03988""","Infant formula, GERBER, GOOD START, PROTECT PLUS, ready-to-feed",30.4,"1.0 fl oz",18,--,0,,
"""03376""","Infant formula, MEAD JOHNSON, Enfamil 24, ready to feed, with ARA and DHA",30.5,"1.0 fl oz",21,--,--,,
"""03381""","Infant formula, MEAD JOHNSON, Enfamil Enspire Powder, with ARA and DHA, not reconstituted",8.8,"1.0 scoop",40,--,--,,
"""03385""","Infant formula, MEAD JOHNSON, Enfamil for Supplementing, powder, with ARA and DHA, not reconstituted",8.7,"1.0 serving",40,--,--,,
"""03393""","Infant formula, MEAD JOHNSON, Enfamil for Supplementing, ready to feed, with ARA and DHA",103.0,"100.0 ml",61,--,--,,
"""03963""","Infant Formula, MEAD JOHNSON, ENFAMIL GENTLEASE, with iron, prepared from powder",30.5,"1.0 fl oz",18,--,0,,
"""03815""","Infant formula, MEAD JOHNSON, ENFAMIL LIPIL, with iron, ready-to-feed, with ARA and DHA",106.0,"1.0 serving 100 ml",61,--,0,,
"""03384""","Infant formula, MEAD JOHNSON, Enfamil Premature 30 Calories, ready to feed, with ARA and DHA",30.5,"1.0 fl oz",122,--,--,,
"""03382""","Infant formula, MEAD JOHNSON, Enfamil Premature High Protein 24 Calories, ready to feed, with ARA and DHA",30.4,"1.0 fl oz",97,--,--,,
"""03386""","Infant formula, MEAD JOHNSON, Enfamil Reguline Powder, with ARA and DHA, not reconstituted",8.7,"1.0 scoop",40,--,--,,
"""03387""","Infant formula, MEAD JOHNSON, Enfamil Reguline, ready to feed, with ARA and DHA",30.5,"1.0 fl oz",18,--,--,,
"""03943""","Infant formula, MEAD JOHNSON, ENFAMIL, AR, powder, with ARA and DHA",9.0,"1.0 scoop",40,--,0,,
"""03942""","Infant formula, MEAD JOHNSON, ENFAMIL, AR, ready-to-feed, with ARA and DHA",106.0,"1.0 serving 100 ml",63,--,0,,
"""03955""","Infant Formula, MEAD JOHNSON, ENFAMIL, ENFACARE, ready-to-feed, with ARA and DHA",30.8,"1.0 fl oz",30,--,0,,
"""03849""","Infant formula, MEAD JOHNSON, ENFAMIL, ENFACARE, with iron, powder, with ARA and DHA",9.9,"1.0 scoop",66,--,0,,
"""33866""","Infant formula, MEAD JOHNSON, ENFAMIL, ENFAGROW, GENTLEASE, Toddler transitions, with ARA and DHA, powder",9.0,"1.0 scoop",40,--,0,,
"""03982""","Infant formula, MEAD JOHNSON, ENFAMIL, Enfagrow, Soy, Toddler ready-to-feed",30.4,"1.0 fl oz",18,--,0,,
"""33870""","Infant formula, MEAD JOHNSON, ENFAMIL, ENFAGROW, Soy, Toddler transitions, with ARA and DHA,  powder",9.4,"1.0 scoop",40,--,0,,
"""03980""","Infant Formula, MEAD JOHNSON, ENFAMIL, GENTLEASE, with ARA and DHA powder not reconstituted",8.7,"1.0 scoop",40,--,0,,
"""03832""","Infant formula, MEAD JOHNSON, ENFAMIL, Infant, ready-to-feed, with ARA and DHA",106.0,"1.0 serving 100 ml",63,--,0,,
"""03812""","Infant formula, MEAD JOHNSON, ENFAMIL, Infant, with iron, liquid concentrate, with ARA and DHA, reconstituted",31.3,"1.0 fl oz",18,--,0,,
"""03808""","Infant formula, MEAD JOHNSON, ENFAMIL, Infant, with iron, powder, with ARA and DHA",8.8,"1.0 scope",41,--,0,,
"""03818""","Infant formula, MEAD JOHNSON, ENFAMIL, LIPIL, low iron, liquid concentrate, with ARA and DHA",31.3,"1.0 fl oz",37,--,0,,
"""03825""","Infant formula, MEAD JOHNSON, ENFAMIL, LIPIL, low iron, ready to feed, with ARA and DHA",106.0,"1.0 serving 100 ml",61,--,0,,
"""33862""","Infant Formula, MEAD JOHNSON, ENFAMIL, Newborn, with ARA and DHA, powder",8.7,"1.0 scoop",40,--,0,,
"""03986""","Infant Formula, MEAD JOHNSON, ENFAMIL, Newborn, with DHA and ARA, ready-to-feed",30.5,"1.0 fl oz",18,--,0,,
"""03983""","Infant formula, MEAD JOHNSON, ENFAMIL, NUTRAMIGEN AA, ready-to-feed",30.4,"1.0 fl oz",18,--,0,,
"""03838""","Infant formula, MEAD JOHNSON, ENFAMIL, NUTRAMIGEN WITH LGG, with iron, powder, not reconstituted, with ARA and DHA",9.0,"1.0 scoop",40,--,0,,
"""33873""","Infant formula, MEAD JOHNSON, ENFAMIL, NUTRAMIGEN, PurAmino, powder, not reconstituted",9.4,"1.0 scoop",42,--,0,,
"""03844""","Infant formula, MEAD JOHNSON, ENFAMIL, NUTRAMIGEN, with iron, liquid concentrate not reconstituted, with ARA and DHA",31.6,"1.0 fl oz",19,--,0,,
"""03845""","Infant formula, MEAD JOHNSON, ENFAMIL, NUTRAMIGEN, with iron, ready-to-feed, with ARA and DHA",107.0,"1.0 serving 100 ml",63,--,0,,
"""33874""","Infant formula, MEAD JOHNSON, ENFAMIL, Premature, 20 calories ready-to-feed Low iron",30.4,"1.0 fl oz",76,--,0,,
"""33875""","Infant formula, MEAD JOHNSON, ENFAMIL, Premature, 24 calories ready-to-feed Low iron",30.0,"5.0 fl oz",74,--,0,,
"""03984""","Infant formula, MEAD JOHNSON, ENFAMIL, Premature, with iron, 20 calories, ready-to-feed",30.4,"1.0 fl oz",82,--,0,,
"""03985""","Infant formula, MEAD JOHNSON, ENFAMIL, Premature, with iron, 24 calories, ready-to-feed",30.4,"1.0 fl oz",75,--,0,,
"""33864""","Infant Formula, MEAD JOHNSON, ENFAMIL, Premium LIPIL, Infant, Liquid concentrate, not reconstituted",31.4,"1.0 fl oz",37,--,0,,
"""33863""","Infant Formula, MEAD JOHNSON, ENFAMIL, Premium LIPIL, Infant, powder",8.7,"1.0 scoop",40,--,0,,
"""33865""","Infant Formula, MEAD JOHNSON, ENFAMIL, Premium, Infant, Liquid concentrate, not reconstituted",31.4,"1.0 fl oz",37,--,0,,
"""33877""","Infant Formula, MEAD JOHNSON, ENFAMIL, Premium, Infant, powder",8.7,"1.0 scoop",40,--,0,,
"""33876""","Infant Formula, MEAD JOHNSON, ENFAMIL, Premium, Infant, ready-to-feed",30.5,"1.0 fl oz",18,--,0,,
"""03854""","Infant formula, MEAD JOHNSON, ENFAMIL, PROSOBEE, liquid concentrate, reconstituted, with ARA and DHA",31.3,"1.0 fl oz",18,--,0,,
"""03852""","Infant formula, MEAD JOHNSON, ENFAMIL, PROSOBEE, with iron, powder, not reconstituted, with ARA and DHA",8.8,"1.0 scoop",40,--,0,,
"""03805""","Infant formula, MEAD JOHNSON, ENFAMIL, with iron, powder",8.3,"1.0 scoop",39,--,0,,
"""03388""","Infant formula, MEAD JOHNSON, Gentlease, ready to feed, with ARA and DHA",30.0,"1.0 fl oz",18,--,--,,
"""03929""","Infant formula, MEAD JOHNSON, NEXT STEP PROSOBEE, powder, not reconstituted",9.3,"1.0 scoop",40,--,0,,
"""03861""","Infant formula, MEAD JOHNSON, NEXT STEP, PROSOBEE LIPIL, powder, with ARA and DHA",28.0,"3.0 scoop",120,--,0,,
"""03864""","Infant formula, MEAD JOHNSON, NEXT STEP, PROSOBEE, LIPIL, ready to feed, with ARA and DHA",103.0,"1.0 serving 100 ml",60,--,0,,
"""03390""","Infant formula, MEAD JOHNSON, Pregestimil 20 Calories, ready to feed, with ARA and DHA",1.0,"100.0 ml",1,--,--,,
"""03391""","Infant formula, MEAD JOHNSON, Pregestimil 24 Calories, ready to feed, with ARA and DHA",104.0,"100.0 ml",85,--,--,,
"""03821""","Infant formula, MEAD JOHNSON, PREGESTIMIL, with iron, powder, with ARA and DHA, not reconstituted",8.8,"1.0 scoop",47,--,0,,
"""03822""","Infant formula, MEAD JOHNSON, PREGESTIMIL, with iron, with ARA and DHA, prepared from powder",104.0,"1.0 serving 100 ml",73,--,0,,
"""03857""","Infant formula, MEAD JOHNSON, PROSOBEE, with iron, ready to feed, with ARA and DHA",106.0,"1.0 serving 100 ml",63,--,0,,
"""03823""","Infant formula, MEAD JOHNSON, PROSOBEE, with iron, ready-to-feed",106.0,"1.0 Serving 100 ml",63,--,0,,
"""03930""","Infant formula, MEAD JOHNSON,NEXT STEP PROSOBEE, prepared from powder",30.5,"1.0 fl oz",18,--,0,,
"""03928""","Infant formula, NESTLE, GOOD START ESSENTIALS SOY, with iron, powder",8.5,"1.0 scoop",40,--,0,,
"""03867""","Infant formula, NESTLE, GOOD START SOY, with ARA and DHA, powder",9.4,"1.0 scoop",42,--,0,,
"""03966""","Infant formula, NESTLE, GOOD START SOY, with DHA and ARA, liquid concentrate",29.2,"1.0 fl oz",35,--,0,,
"""03859""","Infant formula, NESTLE, GOOD START SOY, with DHA and ARA, ready-to-feed",29.0,"1.0 oz",17,--,0,,
"""03961""","Infant formula, NESTLE, GOOD START SUPREME, with iron, DHA and ARA, prepared from liquid concentrate",31.4,"1.0 fl oz",19,--,0,,
"""03960""","Infant formula, NESTLE, GOOD START SUPREME, with iron, DHA and ARA, ready-to-feed",30.5,"1.0 fl oz",18,--,0,,
"""03801""","Infant formula, NESTLE, GOOD START SUPREME, with iron, liquid concentrate, not reconstituted",31.4,"1.0 fl oz",36,--,0,,
"""03802""","Infant formula, NESTLE, GOOD START SUPREME, with iron, powder",8.7,"1.0 scoop",40,--,0,,
"""03937""","Infant formula, PBM PRODUCTS, store brand, liquid concentrate, not reconstituted",31.4,"1.0 fl oz",37,--,0,,
"""03938""","Infant formula, PBM PRODUCTS, store brand, powder",8.4,"1.0 scoop",40,--,0,,
"""03936""","Infant formula, PBM PRODUCTS, store brand, ready-to-feed",30.4,"1.0 fl oz",18,--,0,,
"""03940""","Infant formula, PBM PRODUCTS, store brand, soy, liquid concentrate, not reconstituted",31.4,"1.0 fl oz",37,--,0,,
"""03941""","Infant formula, PBM PRODUCTS, store brand, soy, powder",8.7,"1.0 scoop",41,--,0,,
"""03939""","Infant formula, PBM PRODUCTS, store brand, soy, ready-to-feed",30.4,"1.0 fl oz",17,--,0,,
"""03392""","Toddler drink, MEAD JOHNSON, PurAmino Toddler Powder, with ARA and DHA, not reconstituted",7.2,"1.0 scoop",32,--,--,,
"""03968""","Toddler formula, MEAD JOHNSON, ENFAGROW PREMIUM (formerly ENFAMIL, LIPIL, NEXT STEP), ready-to-feed",29.2,"1.0 fl oz",17,--,0,,
"""03967""","Toddler formula, MEAD JOHNSON, ENFAGROW, Toddler Transitions, with ARA and DHA, powder",9.0,"1.0 scoop",40,--,0,,
"""03389""","Toddler formula, MEAD JOHNSON, Nutramigen Toddler with LGG Powder, with ARA and DHA, not reconstituted",9.3,"1.0 scoop",40,--,--,,
"""03217""","Zwieback",28.35,"1.0 oz",4,--,0,,
