Source: USDA National Nutrient Database for Standard Reference Legacy Software v.3.9.4 2018-05-17
"Nutrients: 20:3 n-6 (g); 20:4 undifferentiated (g); Fatty acids, total trans (g)"
"Food Groups: Baby Foods"
Food Subset:All Foods
Ordered by:Food Name
Measured by:Household
Report Run at: 06-02-2018T14:18
NDB_NO,Description,Weight(g),Measure,"20:3 n-6"(g)Per Measure,"20:4 undifferentiated"(g)Per Measure,"Fatty acids, total trans"(g)Per Measure,
"""03189""","Babyfood, cereal, oatmeal, dry fortified",3.2,"1.0 tbsp",--,0.000,0.000,,
"""03194""","Babyfood, cereal, rice, dry fortified",2.5,"1.0 tbsp",--,--,0.000,,
"""03216""","Babyfood, GERBER, GRADUATES Lil Biscuits Vanilla Wheat",28.35,"1.0 oz",--,0.000,0.005,,
