Source: USDA National Nutrient Database for Standard Reference Legacy Software v.3.9.4 2018-05-17
"Nutrients: 18:0 (g); 18:3 undifferentiated (g); Glucose (dextrose) (g)"
"Food Groups: Baby Foods"
Food Subset:All Foods
Ordered by:Food Name
Measured by:Household
Report Run at: 06-02-2018T14:17
NDB_NO,Description,Weight(g),Measure,"18:0"(g)Per Measure,"18:3 undifferentiated"(g)Per Measure,"Glucose (dextrose)"(g)Per Measure,
"""42150""","Babyfood, apple yogurt dessert, strained",15.0,"1.0 tbsp",0.024,0.002,--,,
"""03167""","Babyfood, apple-banana juice",31.2,"1.0 fl oz",0.001,0.002,--,,
"""03289""","Babyfood, apples with ham, strained",15.0,"1.0 tbsp",0.012,0.001,--,,
"""03115""","Babyfood, apples, dices, toddler",28.35,"1.0 oz",0.001,0.001,--,,
"""03997""","Babyfood, Baby MUM MUM Rice Biscuits",8.0,"4.0 biscuit",0.002,0.004,--,,
"""42284""","Babyfood, baked product, finger snacks cereal fortified",1.7,"1.0 cookie",0.002,0.003,--,,
"""43550""","Babyfood, banana apple dessert, strained",15.0,"1.0 tbsp",0.000,0.002,--,,
"""42119""","Babyfood, banana juice with low fat yogurt",31.5,"1.0 fl oz",0.025,0.002,--,,
"""43546""","Babyfood, banana no tapioca, strained",15.0,"1.0 tbsp",0.000,0.002,--,,
"""03995""","Babyfood, banana with mixed berries, strained",99.0,"1.0 packet",0.004,0.044,--,,
"""03301""","Babyfood, beverage, GERBER, GRADUATES, FRUIT SPLASHERS",113.0,"4.0 oz",0.002,0.003,--,,
"""03290""","Babyfood, carrots and beef, strained",15.0,"1.0 tbsp",0.043,0.002,--,,
"""42316""","Babyfood, carrots, toddler",28.35,"1.0 oz",0.001,0.005,--,,
"""03181""","Babyfood, cereal, barley, dry fortified",2.4,"1.0 tbsp",0.007,0.008,--,,
"""03681""","Babyfood, cereal, barley, prepared with whole milk",28.35,"1.0 oz",0.099,0.023,0.00,,
"""42285""","Babyfood, cereal, brown rice, dry, instant",3.7,"1.0 tbsp",0.002,0.002,--,,
"""03201""","Babyfood, cereal, egg yolks and bacon, junior",28.35,"1.0 oz",0.137,0.014,--,,
"""03211""","Babyfood, cereal, high protein, with apple and orange, dry",2.4,"1.0 tbsp",0.005,0.010,--,,
"""03185""","Babyfood, cereal, mixed, dry fortified",2.5,"1.0 tbsp",0.001,0.001,--,,
"""03685""","Babyfood, cereal, mixed, prepared with whole milk",28.35,"1.0 oz",0.094,0.020,0.00,,
"""03188""","Babyfood, cereal, mixed, with applesauce and bananas, junior, fortified",28.35,"1.0 oz",0.001,--,--,,
"""03187""","Babyfood, cereal, mixed, with applesauce and bananas, strained",28.35,"1.0 oz",0.001,--,--,,
"""03186""","Babyfood, cereal, mixed, with bananas, dry",2.5,"1.0 tbsp",0.001,0.001,0.06,,
"""03686""","Babyfood, cereal, mixed, with bananas, prepared with whole milk",28.35,"1.0 oz",0.098,0.023,--,,
"""03189""","Babyfood, cereal, oatmeal, dry fortified",3.2,"1.0 tbsp",0.002,0.002,0.21,,
"""03192""","Babyfood, cereal, oatmeal, with applesauce and bananas, junior, fortified",28.35,"1.0 oz",0.002,0.001,--,,
"""03191""","Babyfood, cereal, oatmeal, with applesauce and bananas, strained",28.35,"1.0 oz",0.002,0.001,--,,
"""03190""","Babyfood, cereal, oatmeal, with bananas, dry",15.0,"1.0 serving",0.015,0.025,--,,
"""03690""","Babyfood, cereal, oatmeal, with bananas, prepared with whole milk",28.35,"1.0 oz",0.098,0.023,0.00,,
"""43544""","Babyfood, cereal, rice with pears and apple, dry, instant fortified",15.0,"1.0 serving",0.002,0.004,--,,
"""03194""","Babyfood, cereal, rice, dry fortified",2.5,"1.0 tbsp",0.001,0.001,0.06,,
"""03694""","Babyfood, cereal, rice, prepared with whole milk",28.35,"1.0 oz",0.098,0.024,0.00,,
"""03195""","Babyfood, cereal, rice, with applesauce and bananas, strained",16.0,"1.0 tbsp",0.001,0.003,--,,
"""03212""","Babyfood, cereal, rice, with bananas, dry",2.5,"1.0 tbsp",0.002,0.005,--,,
"""03712""","Babyfood, cereal, rice, with bananas, prepared with whole milk",28.35,"1.0 oz",0.098,0.024,0.00,,
"""03184""","Babyfood, cereal, whole wheat, with apples, dry fortified",15.0,"0.5 oz",0.013,0.039,--,,
"""03198""","Babyfood, cereal, with egg yolks, junior",28.35,"1.0 oz",0.043,0.003,--,,
"""03197""","Babyfood, cereal, with egg yolks, strained",28.35,"1.0 oz",0.043,0.003,--,,
"""03199""","Babyfood, cereal, with eggs, strained",28.35,"1.0 oz",0.034,0.006,--,,
"""03222""","Babyfood, cherry cobbler, junior",28.35,"1.0 oz",0.001,0.004,--,,
"""03206""","Babyfood, cookie, baby, fruit",8.0,"1.0 cookie",0.067,0.024,--,,
"""03213""","Babyfood, cookies",28.35,"1.0 oz",0.169,0.009,--,,
"""03214""","Babyfood, cookies, arrowroot",28.35,"1.0 oz",0.118,0.009,--,,
"""03934""","Babyfood, corn and sweet potatoes, strained",28.35,"1.0 oz",0.001,0.002,0.01,,
"""03209""","Babyfood, crackers, vegetable",0.7,"1.0 cracker",0.006,0.000,--,,
"""43004""","Babyfood, dessert, banana pudding, strained",15.0,"1.0 tbsp",0.009,0.001,--,,
"""43539""","Babyfood, dessert, banana yogurt, strained",15.0,"1.0 tbsp",0.006,0.002,--,,
"""43537""","Babyfood, dessert, blueberry yogurt, strained",15.0,"1.0 tbsp",0.010,0.001,--,,
"""03225""","Babyfood, dessert, cherry vanilla pudding, junior",28.35,"1.0 oz",0.004,0.002,--,,
"""03224""","Babyfood, dessert, cherry vanilla pudding, strained",28.35,"1.0 oz",0.006,0.003,--,,
"""03246""","Babyfood, dessert, custard pudding, vanilla, junior",229.0,"1.0 cup",0.179,0.009,0.60,,
"""03245""","Babyfood, dessert, custard pudding, vanilla, strained",229.0,"1.0 cup",0.435,0.023,--,,
"""03221""","Babyfood, dessert, dutch apple, junior",28.35,"1.0 oz",0.001,0.002,0.60,,
"""03220""","Babyfood, dessert, dutch apple, strained",28.35,"1.0 oz",0.009,0.001,--,,
"""03236""","Babyfood, dessert, fruit dessert, without ascorbic acid, junior",15.0,"1.0 tbsp",0.000,--,--,,
"""03235""","Babyfood, dessert, fruit dessert, without ascorbic acid, strained",15.0,"1.0 tbsp",0.000,--,--,,
"""03226""","Babyfood, dessert, fruit pudding, orange, strained",28.35,"1.0 oz",0.029,0.004,--,,
"""03233""","Babyfood, dessert, fruit pudding, pineapple, strained",15.0,"1.0 tbsp",0.004,0.000,--,,
"""03228""","Babyfood, dessert, peach cobbler, junior",15.0,"1.0 tbsp",0.000,--,--,,
"""03227""","Babyfood, dessert, peach cobbler, strained",15.0,"1.0 tbsp",0.000,--,0.12,,
"""43536""","Babyfood, dessert, peach yogurt",15.0,"1.0 tbsp",0.003,0.000,--,,
"""03297""","Babyfood, dinner, apples and chicken, strained",28.35,"1.0 oz",0.022,0.008,0.41,,
"""03287""","Babyfood, dinner, beef noodle, junior",16.0,"1.0 tbsp",0.034,0.004,--,,
"""03047""","Babyfood, dinner, beef noodle, strained",16.0,"1.0 tbsp",0.048,0.003,0.04,,
"""03055""","Babyfood, dinner, beef with vegetables",113.0,"1.0 jar Beech-Nut Stage 2 (4 oz)",1.257,0.168,0.36,,
"""03298""","Babyfood, dinner, broccoli and chicken, junior",29.0,"1.0 tbsp",0.026,0.029,0.20,,
"""43008""","Babyfood, dinner, chicken and rice",16.0,"1.0 tbsp",0.007,0.001,--,,
"""03069""","Babyfood, dinner, chicken noodle, junior",16.0,"1.0 tbsp",0.011,0.003,0.09,,
"""03068""","Babyfood, dinner, chicken noodle, strained",16.0,"1.0 tbsp",0.011,0.024,0.09,,
"""03070""","Babyfood, dinner, chicken soup, strained",113.0,"1.0 jar Beech-Nut Stage 2 (4 oz)",0.077,0.116,--,,
"""03072""","Babyfood, dinner, chicken stew, toddler",16.0,"1.0 tbsp",0.035,0.005,--,,
"""03090""","Babyfood, dinner, macaroni and cheese, junior",28.35,"1.0 oz",0.063,0.008,--,,
"""03089""","Babyfood, dinner, macaroni and cheese, strained",28.35,"1.0 oz",0.069,0.008,0.03,,
"""03045""","Babyfood, dinner, macaroni and tomato and beef, junior",16.0,"1.0 tbsp",0.019,0.001,--,,
"""03044""","Babyfood, dinner, macaroni and tomato and beef, strained",16.0,"1.0 tbsp",0.022,0.003,0.08,,
"""43432""","Babyfood, dinner, macaroni, beef and tomato sauce, toddler",16.0,"1.0 tbsp",0.033,0.002,--,,
"""03279""","Babyfood, dinner, mixed vegetable, junior",99.0,"1.0 serving",0.000,--,--,,
"""03077""","Babyfood, dinner, pasta with vegetables",113.0,"1.0 jar, Gerber (4 oz)",0.266,0.038,--,,
"""03050""","Babyfood, dinner, spaghetti and tomato and meat, junior",16.0,"1.0 tbsp",0.023,0.003,0.08,,
"""03303""","Babyfood, dinner, sweet potatoes and chicken, strained",16.0,"1.0 tbsp",0.019,0.004,--,,
"""03083""","Babyfood, dinner, turkey and rice, junior",16.0,"1.0 tbsp",0.008,0.003,0.04,,
"""03082""","Babyfood, dinner, turkey and rice, strained",16.0,"1.0 tbsp",0.012,0.003,0.05,,
"""03296""","Babyfood, dinner, turkey, rice, and vegetables, toddler",28.35,"1.0 oz",0.022,0.003,--,,
"""03054""","Babyfood, dinner, vegetables and beef, junior",256.0,"1.0 cup",0.768,0.077,1.61,,
"""03053""","Babyfood, dinner, vegetables and beef, strained",256.0,"1.0 cup",0.768,0.077,1.61,,
"""03274""","Babyfood, dinner, vegetables and chicken, junior",256.0,"1.0 cup",0.182,0.033,0.59,,
"""03067""","Babyfood, dinner, vegetables and lamb, junior",28.35,"1.0 oz",0.063,0.007,--,,
"""03085""","Babyfood, dinner, vegetables and turkey, junior",256.0,"1.0 cup",0.261,0.054,0.59,,
"""03084""","Babyfood, dinner, vegetables and turkey, strained",256.0,"1.0 cup",0.136,0.038,0.61,,
"""03073""","Babyfood, dinner, vegetables chicken, strained",256.0,"1.0 cup",0.251,0.054,0.82,,
"""03964""","Babyfood, fortified cereal bar, fruit filling",19.0,"1.0 bar",0.021,0.087,--,,
"""03154""","Babyfood, fruit and vegetable, apple and sweet potato",113.0,"1.0 jar, Gerber (4 oz)",0.005,0.015,3.53,,
"""03140""","Babyfood, fruit dessert, mango with tapioca",15.0,"1.0 tbsp",0.000,0.003,--,,
"""43585""","Babyfood, fruit supreme dessert",15.0,"1.0 tbsp",0.000,0.003,--,,
"""03165""","Babyfood, fruit, apple and blueberry, junior",28.35,"1.0 oz",0.001,0.007,1.01,,
"""03164""","Babyfood, fruit, apple and blueberry, strained",28.35,"1.0 oz",0.001,0.007,--,,
"""03153""","Babyfood, fruit, apple and raspberry, junior",28.35,"1.0 oz",0.001,0.003,--,,
"""03152""","Babyfood, fruit, apple and raspberry, strained",28.35,"1.0 oz",0.001,0.003,--,,
"""03143""","Babyfood, fruit, applesauce and apricots, junior",16.0,"1.0 tbsp",0.000,0.001,0.45,,
"""03142""","Babyfood, fruit, applesauce and apricots, strained",16.0,"1.0 tbsp",0.000,0.001,0.46,,
"""03145""","Babyfood, fruit, applesauce and cherries, junior",28.35,"1.0 oz",0.000,--,--,,
"""03144""","Babyfood, fruit, applesauce and cherries, strained",28.35,"1.0 oz",0.000,--,--,,
"""03151""","Babyfood, fruit, applesauce and pineapple, junior",28.35,"1.0 oz",0.001,0.003,--,,
"""03150""","Babyfood, fruit, applesauce and pineapple, strained",28.35,"1.0 oz",0.001,0.003,--,,
"""03147""","Babyfood, fruit, applesauce with banana, junior",16.0,"1.0 tbsp",0.000,0.002,--,,
"""03117""","Babyfood, fruit, applesauce, junior",16.0,"1.0 tbsp",0.000,--,--,,
"""03116""","Babyfood, fruit, applesauce, strained",16.0,"1.0 tbsp",0.001,0.002,--,,
"""03128""","Babyfood, fruit, apricot with tapioca, junior",15.0,"1.0 tbsp",0.000,--,--,,
"""03118""","Babyfood, fruit, apricot with tapioca, strained",15.0,"1.0 tbsp",0.000,--,--,,
"""03994""","Babyfood, fruit, banana and strawberry, junior",140.0,"1.0 bottle",0.007,0.043,--,,
"""03156""","Babyfood, fruit, bananas and pineapple with tapioca, junior",15.0,"1.0 tbsp",0.000,0.001,--,,
"""03157""","Babyfood, fruit, bananas and pineapple with tapioca, strained",15.0,"1.0 tbsp",0.000,--,0.50,,
"""03163""","Babyfood, fruit, bananas with apples and pears, strained",15.0,"1.0 tbsp",0.001,0.003,--,,
"""03280""","Babyfood, fruit, bananas with tapioca, junior",15.0,"1.0 tbsp",0.000,0.002,--,,
"""03129""","Babyfood, fruit, bananas with tapioca, strained",15.0,"1.0 tbsp",0.000,0.001,--,,
"""03131""","Babyfood, fruit, peaches, junior",17.0,"1.0 tbsp",0.000,0.003,0.70,,
"""03130""","Babyfood, fruit, peaches, strained",17.0,"1.0 tbsp",0.000,0.003,0.70,,
"""03159""","Babyfood, fruit, pears and pineapple, junior",16.0,"1.0 tbsp",0.001,0.003,0.32,,
"""03158""","Babyfood, fruit, pears and pineapple, strained",16.0,"1.0 tbsp",0.000,0.001,--,,
"""03133""","Babyfood, fruit, pears, junior",16.0,"1.0 tbsp",0.000,0.000,--,,
"""03132""","Babyfood, fruit, pears, strained",16.0,"1.0 tbsp",0.000,0.000,--,,
"""03135""","Babyfood, fruit, plums with tapioca, without ascorbic acid, junior",15.0,"1.0 tbsp",0.000,--,--,,
"""03134""","Babyfood, fruit, plums with tapioca, without ascorbic acid, strained",15.0,"1.0 tbsp",0.000,--,1.02,,
"""03137""","Babyfood, fruit, prunes with tapioca, without ascorbic acid, junior",28.35,"1.0 oz",0.000,0.000,1.92,,
"""03136""","Babyfood, fruit, prunes with tapioca, without ascorbic acid, strained",15.0,"1.0 tbsp",0.000,0.000,1.02,,
"""43007""","Babyfood, fruit, tutti frutti, junior",15.0,"1.0 tbsp",0.004,0.001,--,,
"""43006""","Babyfood, fruit, tutti frutti, strained",15.0,"1.0 tbsp",0.003,0.000,--,,
"""03022""","Babyfood, GERBER, 2nd Foods, apple, carrot and squash, organic",99.0,"1.0 serving",0.000,--,2.84,,
"""03025""","Babyfood, GERBER, 3rd Foods, apple, mango and kiwi",170.0,"1.0 serving",0.000,--,--,,
"""33878""","Babyfood, GERBER, Banana with orange medley",113.0,"1.0 jar",0.000,--,--,,
"""03216""","Babyfood, GERBER, GRADUATES Lil Biscuits Vanilla Wheat",28.35,"1.0 oz",0.059,0.060,--,,
"""44074""","Babyfood, grape juice, no sugar, canned",118.0,"4.0 fl oz",0.000,--,--,,
"""42286""","Babyfood, green beans and turkey, strained",14.0,"1.0 tbsp",0.021,0.001,--,,
"""03093""","Babyfood, green beans, dices, toddler",28.35,"1.0 oz",0.002,0.018,--,,
"""03001""","Babyfood, juice treats, fruit medley, toddler",28.0,"1.0 packet",0.000,--,--,,
"""03166""","Babyfood, juice, apple",31.7,"1.0 fl oz",0.001,0.001,--,,
"""43535""","Babyfood, juice, apple - cherry",31.2,"1.0 fl oz",0.001,0.001,--,,
"""03265""","Babyfood, juice, apple and grape",31.2,"1.0 fl oz",0.001,0.003,--,,
"""03168""","Babyfood, juice, apple and peach",31.2,"1.0 fl oz",0.001,0.001,--,,
"""03171""","Babyfood, juice, apple and prune",31.2,"1.0 fl oz",0.001,0.001,--,,
"""03269""","Babyfood, juice, apple, with calcium",189.0,"1.0 serving",0.004,0.011,--,,
"""42266""","Babyfood, juice, apple-sweet potato",30.8,"1.0 fl oz",0.001,0.003,--,,
"""03267""","Babyfood, juice, fruit punch, with calcium",31.2,"1.0 fl oz",0.001,0.002,--,,
"""03179""","Babyfood, juice, mixed fruit",31.2,"1.0 fl oz",0.001,0.001,--,,
"""03172""","Babyfood, juice, orange",31.2,"1.0 fl oz",0.000,0.005,--,,
"""03174""","Babyfood, juice, orange and apple and banana",31.2,"1.0 fl oz",0.000,0.001,--,,
"""03175""","Babyfood, juice, orange and apricot",31.2,"1.0 fl oz",0.000,0.001,--,,
"""03177""","Babyfood, juice, orange and pineapple",31.2,"1.0 fl oz",0.000,0.002,--,,
"""42267""","Babyfood, juice, orange-carrot",30.8,"1.0 fl oz",0.002,0.003,--,,
"""43408""","Babyfood, juice, pear",31.2,"1.0 fl oz",0.000,--,--,,
"""03048""","Babyfood, macaroni and cheese, toddler",113.0,"1.0 container",0.327,0.040,0.02,,
"""03959""","Babyfood, mashed cheddar potatoes and broccoli, toddlers",170.0,"1.0 container",0.286,0.029,0.24,,
"""43417""","Babyfood, meat, beef with vegetables, toddler",179.0,"1.0 jar NFS",0.413,0.047,--,,
"""03003""","Babyfood, meat, beef, junior",28.35,"1.0 oz",0.153,0.011,--,,
"""03002""","Babyfood, meat, beef, strained",14.7,"1.0 tbsp",0.079,0.006,--,,
"""03014""","Babyfood, meat, chicken sticks, junior",10.0,"1.0 stick",0.081,0.011,--,,
"""03013""","Babyfood, meat, chicken, junior",15.0,"1.0 tbsp",0.075,0.007,--,,
"""03012""","Babyfood, meat, chicken, strained",15.0,"1.0 tbsp",0.063,0.006,--,,
"""03009""","Babyfood, meat, ham, junior",28.35,"1.0 oz",0.199,0.009,--,,
"""03008""","Babyfood, meat, ham, strained",15.0,"1.0 tbsp",0.058,0.003,--,,
"""03011""","Babyfood, meat, lamb, junior",28.35,"1.0 oz",0.309,0.017,--,,
"""03010""","Babyfood, meat, lamb, strained",22.0,"1.0 tbsp",0.150,0.018,--,,
"""03021""","Babyfood, meat, meat sticks, junior",10.0,"1.0 stick",0.178,0.007,--,,
"""03007""","Babyfood, meat, pork, strained",28.35,"1.0 oz",0.204,0.009,--,,
"""03017""","Babyfood, meat, turkey sticks, junior",10.0,"1.0 stick",0.101,0.016,--,,
"""03016""","Babyfood, meat, turkey, junior",19.0,"1.0 tbsp",0.063,0.011,--,,
"""03015""","Babyfood, meat, turkey, strained",15.0,"1.0 tbsp",0.050,0.009,--,,
"""03005""","Babyfood, meat, veal, strained",16.0,"1.0 tbsp",0.050,0.003,--,,
"""42120""","Babyfood, mixed fruit juice with low fat yogurt",31.5,"1.0 fl oz",0.025,0.002,--,,
"""43523""","Babyfood, mixed fruit yogurt, strained",15.0,"1.0 tbsp",0.012,0.001,--,,
"""03996""","Babyfood, Multigrain whole grain cereal, dry fortified",16.0,"3.0 tbsp",0.020,0.037,--,,
"""03205""","Babyfood, oatmeal cereal with fruit, dry, instant, toddler fortified",5.3,"1.0 tbsp",0.011,0.005,--,,
"""03161""","Babyfood, peaches, dices, toddler",28.35,"1.0 oz",0.000,0.001,--,,
"""03141""","Babyfood, pears, dices, toddler",28.35,"1.0 oz",0.000,--,--,,
"""42279""","Babyfood, peas and brown rice",230.0,"1.0 cup",0.021,0.018,--,,
"""03122""","Babyfood, peas, dices, toddler",28.35,"1.0 oz",0.004,0.020,--,,
"""03293""","Babyfood, plums, bananas and rice, strained",28.35,"1.0 oz",0.001,0.002,1.32,,
"""03112""","Babyfood, potatoes, toddler",163.0,"1.0 cup",0.003,0.010,--,,
"""03215""","Babyfood, pretzels",28.35,"1.0 oz",0.008,0.016,--,,
"""03139""","Babyfood, prunes, without vitamin c, strained",15.0,"1.0 tbsp",0.000,0.000,--,,
"""03046""","Babyfood, ravioli, cheese filled, with tomato sauce",16.0,"1.0 tbsp",0.025,0.006,--,,
"""43529""","Babyfood, rice and apples, dry",2.5,"1.0 tbsp",0.002,0.003,--,,
"""33881""","Babyfood, rice cereal, dry, EARTHS BEST ORGANIC WHOLE GRAIN, fortified only with iron",18.0,"4.0 tbsp",0.023,0.039,--,,
"""03019""","Babyfood, snack, GERBER GRADUATE FRUIT  STRIPS, Real Fruit Bars",9.9,"1.0 bar",0.005,0.011,--,,
"""03998""","Babyfood, Snack, GERBER, GRADUATES, LIL CRUNCHIES, baked whole grain corn snack",7.0,"18.0 piece",0.068,0.095,--,,
"""03302""","Babyfood, snack, GERBER, GRADUATES, YOGURT MELTS",7.0,"1.0 serving",0.031,0.004,--,,
"""03026""","Babyfood, tropical fruit medley",88.0,"1.0 serving",0.000,--,2.67,,
"""42278""","Babyfood, vegetable and brown rice, strained",230.0,"1.0 cup",0.067,0.025,--,,
"""03114""","Babyfood, vegetable, butternut squash and corn",113.0,"1.0 jar, Gerber (4 oz)",0.007,0.021,0.26,,
"""03096""","Babyfood, vegetable, green beans and potatoes",113.0,"1.0 jar, Gerber (4 oz)",0.242,0.049,0.37,,
"""03098""","Babyfood, vegetables, beets, strained",224.0,"1.0 cup",0.000,0.007,--,,
"""03100""","Babyfood, vegetables, carrots, junior",224.0,"1.0 cup",0.002,0.025,--,,
"""03099""","Babyfood, vegetables, carrots, strained",224.0,"1.0 cup",0.002,0.013,--,,
"""03120""","Babyfood, vegetables, corn, creamed, junior",240.0,"1.0 cup",0.014,--,0.24,,
"""03119""","Babyfood, vegetables, corn, creamed, strained",113.0,"1.0 jar",0.008,0.007,0.10,,
"""03283""","Babyfood, vegetables, garden vegetable, strained",28.35,"1.0 oz",0.001,0.010,--,,
"""03092""","Babyfood, vegetables, green beans, junior",240.0,"1.0 cup",0.007,0.077,--,,
"""03091""","Babyfood, vegetables, green beans, strained",240.0,"1.0 cup",0.000,0.139,1.70,,
"""03282""","Babyfood, vegetables, mix vegetables junior",99.0,"1.0 serving 3.5 oz serving",0.007,0.031,--,,
"""03286""","Babyfood, vegetables, mix vegetables strained",28.35,"1.0 oz",0.002,0.002,--,,
"""03121""","Babyfood, vegetables, peas, strained",16.0,"1.0 tbsp",--,0.005,0.00,,
"""03127""","Babyfood, vegetables, spinach, creamed, strained",240.0,"1.0 cup",0.312,0.170,--,,
"""03105""","Babyfood, vegetables, squash, junior",16.0,"1.0 tbsp",0.000,0.002,0.17,,
"""03104""","Babyfood, vegetables, squash, strained",16.0,"1.0 tbsp",0.000,0.002,0.18,,
"""03108""","Babyfood, vegetables, sweet potatoes strained",224.0,"1.0 cup",0.004,0.016,--,,
"""03109""","Babyfood, vegetables, sweet potatoes, junior",224.0,"1.0 cup",0.004,0.016,--,,
"""03024""","Babyfood, water, bottled, GERBER, without added fluoride",113.0,"1.0 serving",0.000,--,--,,
"""03956""","Babyfood, yogurt, whole milk, with fruit, multigrain cereal and added DHA fortified",31.0,"1.0 oz",0.092,0.036,--,,
"""03965""","Babyfood, yogurt, whole milk, with fruit, multigrain cereal and added iron fortified",16.0,"1.0 tbsp",0.042,0.041,--,,
"""03860""","Child formula, ABBOTT NUTRITION, PEDIASURE, ready-to-feed",31.0,"1.0 fl oz",0.038,0.029,--,,
"""03870""","Child formula, ABBOTT NUTRITION, PEDIASURE, ready-to-feed, with iron and fiber",31.0,"1.0 fl oz",0.038,0.029,--,,
"""03000""","Clif Z bar",36.0,"1.0 bar",0.416,0.164,--,,
"""43075""","Fluid replacement, electrolyte solution (include PEDIALYTE)",31.2,"1.0 fl oz",0.000,--,--,,
"""03957""","Infant formula, ABBOTT NUTRITION, ALIMENTUM ADVANCE, with iron, powder, not reconstituted, with DHA and ARA",8.7,"1.0 scoop",0.035,0.040,--,,
"""03944""","Infant formula, ABBOTT NUTRITION, SIMILAC NEOSURE, ready-to-feed, with ARA and DHA",30.5,"1.0 fl oz",0.034,0.025,--,,
"""03951""","Infant formula, ABBOTT NUTRITION, SIMILAC, ADVANCE, with iron, liquid concentrate, not reconstituted",31.4,"1.0 fl oz",0.070,0.047,--,,
"""03950""","Infant formula, ABBOTT NUTRITION, SIMILAC, ADVANCE, with iron, powder, not reconstituted",8.5,"1.0 scoop",0.078,0.053,--,,
"""03949""","Infant formula, ABBOTT NUTRITION, SIMILAC, ADVANCE, with iron, ready-to-feed",30.4,"1.0 fl oz",0.035,0.023,--,,
"""03935""","Infant formula, ABBOTT NUTRITION, SIMILAC, ALIMENTUM, ADVANCE, ready-to-feed, with ARA and DHA",30.5,"1.0 fl oz",0.016,0.018,--,,
"""03846""","Infant formula, ABBOTT NUTRITION, SIMILAC, ALIMENTUM, with iron, ready-to-feed",30.5,"1.0 fl oz",0.016,0.018,--,,
"""03992""","Infant formula, ABBOTT NUTRITION, SIMILAC, Expert Care, Diarrhea, ready- to- feed with ARA and DHA",30.4,"1.0 fl oz",0.044,0.018,--,,
"""03999""","Infant formula, ABBOTT NUTRITION, SIMILAC, For Spit Up, powder, with ARA and DHA",9.5,"1.0 scoop",0.077,0.057,--,,
"""03993""","Infant formula, ABBOTT NUTRITION, SIMILAC, For Spit Up, ready-to-feed, with ARA and DHA",30.4,"1.0 fl oz",0.031,0.023,--,,
"""33871""","Infant formula, ABBOTT NUTRITION, SIMILAC, GO AND GROW, powder, with ARA and DHA",9.6,"1.0 scoop",0.108,0.043,--,,
"""03991""","Infant formula, ABBOTT NUTRITION, SIMILAC, GO AND GROW, ready-to-feed, with ARA and DHA",153.0,"5.0 fl oz",0.155,0.061,--,,
"""03952""","Infant formula, ABBOTT NUTRITION, SIMILAC, ISOMIL, ADVANCE with iron, liquid concentrate",31.4,"1.0 fl oz",0.071,0.052,--,,
"""03954""","Infant formula, ABBOTT NUTRITION, SIMILAC, ISOMIL, ADVANCE with iron, powder, not reconstituted",8.7,"1.0 scoop",0.079,0.059,--,,
"""03953""","Infant formula, ABBOTT NUTRITION, SIMILAC, ISOMIL, ADVANCE with iron, ready-to-feed",30.5,"1.0 fl oz",0.035,0.026,--,,
"""03842""","Infant formula, ABBOTT NUTRITION, SIMILAC, ISOMIL, with iron, liquid concentrate",31.4,"1.0 fl oz",0.071,0.052,--,,
"""03843""","Infant formula, ABBOTT NUTRITION, SIMILAC, ISOMIL, with iron, powder, not reconstituted",8.7,"1.0 scoop",0.079,0.059,--,,
"""03841""","Infant formula, ABBOTT NUTRITION, SIMILAC, ISOMIL, with iron, ready-to-feed",30.5,"1.0 fl oz",0.035,0.026,--,,
"""03945""","Infant formula, ABBOTT NUTRITION, SIMILAC, NEOSURE, powder, with ARA and DHA",30.5,"1.0 fl oz",0.279,0.188,--,,
"""03837""","Infant formula, ABBOTT NUTRITION, SIMILAC, PM 60/40, powder not reconstituted",8.7,"1.0 scoop",0.073,0.033,--,,
"""03946""","Infant formula, ABBOTT NUTRITION, SIMILAC, SENSITIVE (LACTOSE FREE) ready-to-feed, with ARA and DHA",30.5,"1.0 fl oz",0.033,0.024,--,,
"""03947""","Infant formula, ABBOTT NUTRITION, SIMILAC, SENSITIVE, (LACTOSE FREE), liquid concentrate, with ARA and DHA",30.5,"1.0 fl oz",0.062,0.045,--,,
"""03948""","Infant formula, ABBOTT NUTRITION, SIMILAC, SENSITIVE, (LACTOSE FREE), powder, with ARA and DHA",30.5,"1.0 fl oz",0.250,0.185,--,,
"""03851""","Infant formula, ABBOTT NUTRITION, SIMILAC, with iron, liquid concentrate, not reconstituted",31.4,"1.0 fl oz",0.070,0.047,--,,
"""03853""","Infant formula, ABBOTT NUTRITION, SIMILAC, with iron, powder, not reconstituted",8.5,"1.0 scoop",0.078,0.053,--,,
"""33868""","Infant Formula, GERBER GOOD START 2, GENTLE PLUS, powder",9.4,"1.0 scoop",0.092,0.045,--,,
"""03989""","Infant Formula, GERBER GOOD START 2, GENTLE PLUS, ready-to-feed",30.4,"1.0 fl oz",0.027,0.013,--,,
"""33872""","Infant formula, GERBER, GOOD START 2 SOY, with iron, powder",9.4,"1.0 scoop",0.094,0.047,--,,
"""03987""","Infant formula, GERBER, GOOD START 2 Soy, with iron, ready-to-feed",30.4,"1.0 fl oz",0.039,0.019,--,,
"""33869""","Infant formula, GERBER, GOOD START 2, PROTECT PLUS, powder",9.4,"1.0 scoop",0.096,0.047,--,,
"""03990""","Infant formula, GERBER, GOOD START 2, PROTECT PLUS, ready-to-feed",30.4,"1.0 fl oz",0.041,0.020,--,,
"""33867""","Infant formula, GERBER, GOOD START, PROTECT PLUS, powder",9.4,"1.0 scoop",0.095,0.046,--,,
"""03988""","Infant formula, GERBER, GOOD START, PROTECT PLUS, ready-to-feed",30.4,"1.0 fl oz",0.041,0.020,--,,
"""03376""","Infant formula, MEAD JOHNSON, Enfamil 24, ready to feed, with ARA and DHA",30.5,"1.0 fl oz",0.046,0.018,--,,
"""03381""","Infant formula, MEAD JOHNSON, Enfamil Enspire Powder, with ARA and DHA, not reconstituted",8.8,"1.0 scoop",0.088,0.032,--,,
"""03385""","Infant formula, MEAD JOHNSON, Enfamil for Supplementing, powder, with ARA and DHA, not reconstituted",8.7,"1.0 serving",0.087,0.033,--,,
"""03393""","Infant formula, MEAD JOHNSON, Enfamil for Supplementing, ready to feed, with ARA and DHA",103.0,"100.0 ml",0.134,0.050,--,,
"""03963""","Infant Formula, MEAD JOHNSON, ENFAMIL GENTLEASE, with iron, prepared from powder",30.5,"1.0 fl oz",0.043,0.014,--,,
"""03815""","Infant formula, MEAD JOHNSON, ENFAMIL LIPIL, with iron, ready-to-feed, with ARA and DHA",106.0,"1.0 serving 100 ml",0.151,0.060,--,,
"""03384""","Infant formula, MEAD JOHNSON, Enfamil Premature 30 Calories, ready to feed, with ARA and DHA",30.5,"1.0 fl oz",0.034,0.027,--,,
"""03382""","Infant formula, MEAD JOHNSON, Enfamil Premature High Protein 24 Calories, ready to feed, with ARA and DHA",30.4,"1.0 fl oz",0.027,0.021,--,,
"""03386""","Infant formula, MEAD JOHNSON, Enfamil Reguline Powder, with ARA and DHA, not reconstituted",8.7,"1.0 scoop",0.087,0.032,--,,
"""03387""","Infant formula, MEAD JOHNSON, Enfamil Reguline, ready to feed, with ARA and DHA",30.5,"1.0 fl oz",0.040,0.014,--,,
"""03943""","Infant formula, MEAD JOHNSON, ENFAMIL, AR, powder, with ARA and DHA",9.0,"1.0 scoop",0.084,0.032,--,,
"""03942""","Infant formula, MEAD JOHNSON, ENFAMIL, AR, ready-to-feed, with ARA and DHA",106.0,"1.0 serving 100 ml",0.127,0.049,--,,
"""03955""","Infant Formula, MEAD JOHNSON, ENFAMIL, ENFACARE, ready-to-feed, with ARA and DHA",30.8,"1.0 fl oz",0.037,0.019,--,,
"""03849""","Infant formula, MEAD JOHNSON, ENFAMIL, ENFACARE, with iron, powder, with ARA and DHA",9.9,"1.0 scoop",0.069,0.043,--,,
"""33866""","Infant formula, MEAD JOHNSON, ENFAMIL, ENFAGROW, GENTLEASE, Toddler transitions, with ARA and DHA, powder",9.0,"1.0 scoop",0.085,0.032,--,,
"""03982""","Infant formula, MEAD JOHNSON, ENFAMIL, Enfagrow, Soy, Toddler ready-to-feed",30.4,"1.0 fl oz",0.023,0.010,--,,
"""33870""","Infant formula, MEAD JOHNSON, ENFAMIL, ENFAGROW, Soy, Toddler transitions, with ARA and DHA,  powder",9.4,"1.0 scoop",0.051,0.023,--,,
"""03980""","Infant Formula, MEAD JOHNSON, ENFAMIL, GENTLEASE, with ARA and DHA powder not reconstituted",8.7,"1.0 scoop",0.094,0.032,--,,
"""03832""","Infant formula, MEAD JOHNSON, ENFAMIL, Infant, ready-to-feed, with ARA and DHA",106.0,"1.0 serving 100 ml",0.138,0.052,--,,
"""03812""","Infant formula, MEAD JOHNSON, ENFAMIL, Infant, with iron, liquid concentrate, with ARA and DHA, reconstituted",31.3,"1.0 fl oz",0.041,0.015,--,,
"""03808""","Infant formula, MEAD JOHNSON, ENFAMIL, Infant, with iron, powder, with ARA and DHA",8.8,"1.0 scope",0.094,0.039,--,,
"""03818""","Infant formula, MEAD JOHNSON, ENFAMIL, LIPIL, low iron, liquid concentrate, with ARA and DHA",31.3,"1.0 fl oz",0.094,0.038,--,,
"""03825""","Infant formula, MEAD JOHNSON, ENFAMIL, LIPIL, low iron, ready to feed, with ARA and DHA",106.0,"1.0 serving 100 ml",0.151,0.060,--,,
"""33862""","Infant Formula, MEAD JOHNSON, ENFAMIL, Newborn, with ARA and DHA, powder",8.7,"1.0 scoop",0.087,0.036,--,,
"""03986""","Infant Formula, MEAD JOHNSON, ENFAMIL, Newborn, with DHA and ARA, ready-to-feed",30.5,"1.0 fl oz",0.040,0.016,--,,
"""03983""","Infant formula, MEAD JOHNSON, ENFAMIL, NUTRAMIGEN AA, ready-to-feed",30.4,"1.0 fl oz",0.047,0.019,--,,
"""03838""","Infant formula, MEAD JOHNSON, ENFAMIL, NUTRAMIGEN WITH LGG, with iron, powder, not reconstituted, with ARA and DHA",9.0,"1.0 scoop",0.096,0.036,--,,
"""33873""","Infant formula, MEAD JOHNSON, ENFAMIL, NUTRAMIGEN, PurAmino, powder, not reconstituted",9.4,"1.0 scoop",0.058,0.038,--,,
"""03844""","Infant formula, MEAD JOHNSON, ENFAMIL, NUTRAMIGEN, with iron, liquid concentrate not reconstituted, with ARA and DHA",31.6,"1.0 fl oz",0.041,0.017,--,,
"""03845""","Infant formula, MEAD JOHNSON, ENFAMIL, NUTRAMIGEN, with iron, ready-to-feed, with ARA and DHA",107.0,"1.0 serving 100 ml",0.139,0.056,--,,
"""33874""","Infant formula, MEAD JOHNSON, ENFAMIL, Premature, 20 calories ready-to-feed Low iron",30.4,"1.0 fl oz",0.028,0.025,--,,
"""33875""","Infant formula, MEAD JOHNSON, ENFAMIL, Premature, 24 calories ready-to-feed Low iron",30.0,"5.0 fl oz",0.028,0.025,--,,
"""03984""","Infant formula, MEAD JOHNSON, ENFAMIL, Premature, with iron, 20 calories, ready-to-feed",30.4,"1.0 fl oz",0.018,0.018,--,,
"""03985""","Infant formula, MEAD JOHNSON, ENFAMIL, Premature, with iron, 24 calories, ready-to-feed",30.4,"1.0 fl oz",0.027,0.021,--,,
"""33864""","Infant Formula, MEAD JOHNSON, ENFAMIL, Premium LIPIL, Infant, Liquid concentrate, not reconstituted",31.4,"1.0 fl oz",0.088,0.035,--,,
"""33863""","Infant Formula, MEAD JOHNSON, ENFAMIL, Premium LIPIL, Infant, powder",8.7,"1.0 scoop",0.096,0.038,--,,
"""33865""","Infant Formula, MEAD JOHNSON, ENFAMIL, Premium, Infant, Liquid concentrate, not reconstituted",31.4,"1.0 fl oz",0.091,0.037,--,,
"""33877""","Infant Formula, MEAD JOHNSON, ENFAMIL, Premium, Infant, powder",8.7,"1.0 scoop",0.096,0.038,--,,
"""33876""","Infant Formula, MEAD JOHNSON, ENFAMIL, Premium, Infant, ready-to-feed",30.5,"1.0 fl oz",0.031,0.013,--,,
"""03854""","Infant formula, MEAD JOHNSON, ENFAMIL, PROSOBEE, liquid concentrate, reconstituted, with ARA and DHA",31.3,"1.0 fl oz",0.041,0.016,--,,
"""03852""","Infant formula, MEAD JOHNSON, ENFAMIL, PROSOBEE, with iron, powder, not reconstituted, with ARA and DHA",8.8,"1.0 scoop",0.088,0.033,--,,
"""03805""","Infant formula, MEAD JOHNSON, ENFAMIL, with iron, powder",8.3,"1.0 scoop",0.090,0.037,--,,
"""03388""","Infant formula, MEAD JOHNSON, Gentlease, ready to feed, with ARA and DHA",30.0,"1.0 fl oz",0.039,0.016,--,,
"""03929""","Infant formula, MEAD JOHNSON, NEXT STEP PROSOBEE, powder, not reconstituted",9.3,"1.0 scoop",0.080,0.032,--,,
"""03861""","Infant formula, MEAD JOHNSON, NEXT STEP, PROSOBEE LIPIL, powder, with ARA and DHA",28.0,"3.0 scoop",0.253,0.104,--,,
"""03864""","Infant formula, MEAD JOHNSON, NEXT STEP, PROSOBEE, LIPIL, ready to feed, with ARA and DHA",103.0,"1.0 serving 100 ml",0.119,0.050,--,,
"""03390""","Infant formula, MEAD JOHNSON, Pregestimil 20 Calories, ready to feed, with ARA and DHA",1.0,"100.0 ml",0.001,0.001,--,,
"""03391""","Infant formula, MEAD JOHNSON, Pregestimil 24 Calories, ready to feed, with ARA and DHA",104.0,"100.0 ml",0.083,0.098,--,,
"""03821""","Infant formula, MEAD JOHNSON, PREGESTIMIL, with iron, powder, with ARA and DHA, not reconstituted",8.8,"1.0 scoop",0.037,0.042,--,,
"""03822""","Infant formula, MEAD JOHNSON, PREGESTIMIL, with iron, with ARA and DHA, prepared from powder",104.0,"1.0 serving 100 ml",0.062,0.066,--,,
"""03857""","Infant formula, MEAD JOHNSON, PROSOBEE, with iron, ready to feed, with ARA and DHA",106.0,"1.0 serving 100 ml",0.138,0.055,--,,
"""03823""","Infant formula, MEAD JOHNSON, PROSOBEE, with iron, ready-to-feed",106.0,"1.0 Serving 100 ml",0.140,0.060,--,,
"""03930""","Infant formula, MEAD JOHNSON,NEXT STEP PROSOBEE, prepared from powder",30.5,"1.0 fl oz",0.036,0.015,--,,
"""03928""","Infant formula, NESTLE, GOOD START ESSENTIALS SOY, with iron, powder",8.5,"1.0 scoop",0.085,0.043,--,,
"""03867""","Infant formula, NESTLE, GOOD START SOY, with ARA and DHA, powder",9.4,"1.0 scoop",0.094,0.047,--,,
"""03966""","Infant formula, NESTLE, GOOD START SOY, with DHA and ARA, liquid concentrate",29.2,"1.0 fl oz",0.077,0.039,--,,
"""03859""","Infant formula, NESTLE, GOOD START SOY, with DHA and ARA, ready-to-feed",29.0,"1.0 oz",0.037,0.019,--,,
"""03961""","Infant formula, NESTLE, GOOD START SUPREME, with iron, DHA and ARA, prepared from liquid concentrate",31.4,"1.0 fl oz",0.038,0.022,--,,
"""03960""","Infant formula, NESTLE, GOOD START SUPREME, with iron, DHA and ARA, ready-to-feed",30.5,"1.0 fl oz",0.037,0.022,--,,
"""03801""","Infant formula, NESTLE, GOOD START SUPREME, with iron, liquid concentrate, not reconstituted",31.4,"1.0 fl oz",0.072,0.038,--,,
"""03802""","Infant formula, NESTLE, GOOD START SUPREME, with iron, powder",8.7,"1.0 scoop",0.084,0.044,--,,
"""03937""","Infant formula, PBM PRODUCTS, store brand, liquid concentrate, not reconstituted",31.4,"1.0 fl oz",0.157,0.031,--,,
"""03938""","Infant formula, PBM PRODUCTS, store brand, powder",8.4,"1.0 scoop",0.168,0.031,--,,
"""03936""","Infant formula, PBM PRODUCTS, store brand, ready-to-feed",30.4,"1.0 fl oz",0.076,0.015,--,,
"""03940""","Infant formula, PBM PRODUCTS, store brand, soy, liquid concentrate, not reconstituted",31.4,"1.0 fl oz",0.157,0.031,--,,
"""03941""","Infant formula, PBM PRODUCTS, store brand, soy, powder",8.7,"1.0 scoop",0.168,0.030,--,,
"""03939""","Infant formula, PBM PRODUCTS, store brand, soy, ready-to-feed",30.4,"1.0 fl oz",0.076,0.015,--,,
"""03392""","Toddler drink, MEAD JOHNSON, PurAmino Toddler Powder, with ARA and DHA, not reconstituted",7.2,"1.0 scoop",0.045,0.029,--,,
"""03968""","Toddler formula, MEAD JOHNSON, ENFAGROW PREMIUM (formerly ENFAMIL, LIPIL, NEXT STEP), ready-to-feed",29.2,"1.0 fl oz",0.044,0.018,--,,
"""03967""","Toddler formula, MEAD JOHNSON, ENFAGROW, Toddler Transitions, with ARA and DHA, powder",9.0,"1.0 scoop",0.086,0.034,--,,
"""03389""","Toddler formula, MEAD JOHNSON, Nutramigen Toddler with LGG Powder, with ARA and DHA, not reconstituted",9.3,"1.0 scoop",0.073,0.025,--,,
"""03217""","Zwieback",28.35,"1.0 oz",0.167,0.018,--,,
