Source: USDA National Nutrient Database for Standard Reference Legacy Software v.3.9.4 2018-05-17
"Nutrients: Fatty acids, total saturated (g); Fatty acids, total polyunsaturated (g); Fructose (g)"
"Food Groups: Baby Foods"
Food Subset:All Foods
Ordered by:Food Name
Measured by:Household
Report Run at: 06-02-2018T14:17
NDB_NO,Description,Weight(g),Measure,"Fatty acids, total saturated"(g)Per Measure,"Fatty acids, total polyunsaturated"(g)Per Measure,"Fructose"(g)Per Measure,
"""42150""","Babyfood, apple yogurt dessert, strained",15.0,"1.0 tbsp",0.155,0.007,--,,
"""03167""","Babyfood, apple-banana juice",31.2,"1.0 fl oz",0.006,0.011,--,,
"""03289""","Babyfood, apples with ham, strained",15.0,"1.0 tbsp",0.037,0.017,--,,
"""03115""","Babyfood, apples, dices, toddler",28.35,"1.0 oz",0.006,0.009,--,,
"""03997""","Babyfood, Baby MUM MUM Rice Biscuits",8.0,"4.0 biscuit",0.019,0.020,--,,
"""42284""","Babyfood, baked product, finger snacks cereal fortified",1.7,"1.0 cookie",0.028,0.062,--,,
"""43550""","Babyfood, banana apple dessert, strained",15.0,"1.0 tbsp",0.009,0.007,--,,
"""42119""","Babyfood, banana juice with low fat yogurt",31.5,"1.0 fl oz",0.163,0.007,--,,
"""43546""","Babyfood, banana no tapioca, strained",15.0,"1.0 tbsp",0.011,0.006,--,,
"""03995""","Babyfood, banana with mixed berries, strained",99.0,"1.0 packet",0.080,0.122,--,,
"""03301""","Babyfood, beverage, GERBER, GRADUATES, FRUIT SPLASHERS",113.0,"4.0 oz",0.000,0.017,--,,
"""03290""","Babyfood, carrots and beef, strained",15.0,"1.0 tbsp",0.144,0.020,--,,
"""42316""","Babyfood, carrots, toddler",28.35,"1.0 oz",0.015,0.042,--,,
"""03181""","Babyfood, cereal, barley, dry fortified",2.4,"1.0 tbsp",0.021,0.093,--,,
"""03681""","Babyfood, cereal, barley, prepared with whole milk",28.35,"1.0 oz",0.499,0.088,0.00,,
"""42285""","Babyfood, cereal, brown rice, dry, instant",3.7,"1.0 tbsp",0.023,0.040,--,,
"""03201""","Babyfood, cereal, egg yolks and bacon, junior",28.35,"1.0 oz",0.465,0.182,--,,
"""03211""","Babyfood, cereal, high protein, with apple and orange, dry",2.4,"1.0 tbsp",0.023,0.082,--,,
"""03185""","Babyfood, cereal, mixed, dry fortified",2.5,"1.0 tbsp",0.019,0.042,--,,
"""03685""","Babyfood, cereal, mixed, prepared with whole milk",28.35,"1.0 oz",0.495,0.102,0.00,,
"""03188""","Babyfood, cereal, mixed, with applesauce and bananas, junior, fortified",28.35,"1.0 oz",0.020,0.043,--,,
"""03187""","Babyfood, cereal, mixed, with applesauce and bananas, strained",28.35,"1.0 oz",0.026,0.054,--,,
"""03186""","Babyfood, cereal, mixed, with bananas, dry",2.5,"1.0 tbsp",0.021,0.043,0.06,,
"""03686""","Babyfood, cereal, mixed, with bananas, prepared with whole milk",28.35,"1.0 oz",0.513,0.097,--,,
"""03189""","Babyfood, cereal, oatmeal, dry fortified",3.2,"1.0 tbsp",0.027,0.056,0.00,,
"""03689""","Babyfood, cereal, oatmeal, prepared with whole milk",28.35,"1.0 oz",0.640,--,--,,
"""03192""","Babyfood, cereal, oatmeal, with applesauce and bananas, junior, fortified",28.35,"1.0 oz",0.036,0.072,--,,
"""03191""","Babyfood, cereal, oatmeal, with applesauce and bananas, strained",28.35,"1.0 oz",0.035,0.072,--,,
"""03190""","Babyfood, cereal, oatmeal, with bananas, dry",15.0,"1.0 serving",0.190,0.328,--,,
"""03690""","Babyfood, cereal, oatmeal, with bananas, prepared with whole milk",28.35,"1.0 oz",0.516,0.098,0.00,,
"""43544""","Babyfood, cereal, rice with pears and apple, dry, instant fortified",15.0,"1.0 serving",0.028,0.035,--,,
"""03194""","Babyfood, cereal, rice, dry fortified",2.5,"1.0 tbsp",0.006,0.020,0.00,,
"""03694""","Babyfood, cereal, rice, prepared with whole milk",28.35,"1.0 oz",0.508,0.094,0.00,,
"""03195""","Babyfood, cereal, rice, with applesauce and bananas, strained",16.0,"1.0 tbsp",0.018,0.016,--,,
"""03212""","Babyfood, cereal, rice, with bananas, dry",2.5,"1.0 tbsp",0.024,0.038,--,,
"""03712""","Babyfood, cereal, rice, with bananas, prepared with whole milk",28.35,"1.0 oz",0.510,0.083,0.00,,
"""03184""","Babyfood, cereal, whole wheat, with apples, dry fortified",15.0,"0.5 oz",0.096,0.280,--,,
"""03198""","Babyfood, cereal, with egg yolks, junior",28.35,"1.0 oz",0.173,0.085,--,,
"""03197""","Babyfood, cereal, with egg yolks, strained",28.35,"1.0 oz",0.173,0.085,--,,
"""03199""","Babyfood, cereal, with eggs, strained",28.35,"1.0 oz",0.139,0.094,--,,
"""03222""","Babyfood, cherry cobbler, junior",28.35,"1.0 oz",0.006,0.009,--,,
"""03206""","Babyfood, cookie, baby, fruit",8.0,"1.0 cookie",0.216,0.347,--,,
"""03213""","Babyfood, cookies",28.35,"1.0 oz",0.667,0.816,--,,
"""03214""","Babyfood, cookies, arrowroot",28.35,"1.0 oz",0.297,0.168,--,,
"""03934""","Babyfood, corn and sweet potatoes, strained",28.35,"1.0 oz",0.015,0.035,0.01,,
"""03209""","Babyfood, crackers, vegetable",0.7,"1.0 cracker",0.014,0.007,--,,
"""43004""","Babyfood, dessert, banana pudding, strained",15.0,"1.0 tbsp",0.040,0.017,--,,
"""43539""","Babyfood, dessert, banana yogurt, strained",15.0,"1.0 tbsp",0.056,0.004,--,,
"""43537""","Babyfood, dessert, blueberry yogurt, strained",15.0,"1.0 tbsp",0.068,0.003,--,,
"""03225""","Babyfood, dessert, cherry vanilla pudding, junior",28.35,"1.0 oz",0.016,0.010,--,,
"""03224""","Babyfood, dessert, cherry vanilla pudding, strained",28.35,"1.0 oz",0.025,0.015,--,,
"""03246""","Babyfood, dessert, custard pudding, vanilla, junior",229.0,"1.0 cup",0.744,0.293,0.60,,
"""03245""","Babyfood, dessert, custard pudding, vanilla, strained",229.0,"1.0 cup",2.313,0.366,--,,
"""03221""","Babyfood, dessert, dutch apple, junior",28.35,"1.0 oz",0.007,0.013,1.50,,
"""03220""","Babyfood, dessert, dutch apple, strained",28.35,"1.0 oz",0.054,0.003,--,,
"""03236""","Babyfood, dessert, fruit dessert, without ascorbic acid, junior",15.0,"1.0 tbsp",0.000,--,--,,
"""03235""","Babyfood, dessert, fruit dessert, without ascorbic acid, strained",15.0,"1.0 tbsp",0.000,--,--,,
"""03226""","Babyfood, dessert, fruit pudding, orange, strained",28.35,"1.0 oz",0.155,0.011,--,,
"""03233""","Babyfood, dessert, fruit pudding, pineapple, strained",15.0,"1.0 tbsp",0.015,0.006,--,,
"""03228""","Babyfood, dessert, peach cobbler, junior",15.0,"1.0 tbsp",0.000,--,--,,
"""03227""","Babyfood, dessert, peach cobbler, strained",15.0,"1.0 tbsp",0.000,--,0.10,,
"""43536""","Babyfood, dessert, peach yogurt",15.0,"1.0 tbsp",0.018,0.001,--,,
"""03297""","Babyfood, dinner, apples and chicken, strained",28.35,"1.0 oz",0.098,0.099,1.11,,
"""03287""","Babyfood, dinner, beef noodle, junior",16.0,"1.0 tbsp",0.123,0.015,--,,
"""03047""","Babyfood, dinner, beef noodle, strained",16.0,"1.0 tbsp",0.150,0.023,0.03,,
"""03055""","Babyfood, dinner, beef with vegetables",113.0,"1.0 jar Beech-Nut Stage 2 (4 oz)",3.209,1.017,0.55,,
"""03298""","Babyfood, dinner, broccoli and chicken, junior",29.0,"1.0 tbsp",0.148,0.125,0.18,,
"""43008""","Babyfood, dinner, chicken and rice",16.0,"1.0 tbsp",0.034,0.030,--,,
"""03069""","Babyfood, dinner, chicken noodle, junior",16.0,"1.0 tbsp",0.055,0.171,0.07,,
"""03068""","Babyfood, dinner, chicken noodle, strained",16.0,"1.0 tbsp",0.055,0.171,0.07,,
"""03070""","Babyfood, dinner, chicken soup, strained",113.0,"1.0 jar Beech-Nut Stage 2 (4 oz)",0.314,1.017,--,,
"""03072""","Babyfood, dinner, chicken stew, toddler",16.0,"1.0 tbsp",0.176,0.123,--,,
"""03090""","Babyfood, dinner, macaroni and cheese, junior",28.35,"1.0 oz",0.333,0.037,--,,
"""03089""","Babyfood, dinner, macaroni and cheese, strained",28.35,"1.0 oz",0.366,0.029,0.00,,
"""03045""","Babyfood, dinner, macaroni and tomato and beef, junior",16.0,"1.0 tbsp",0.066,0.013,--,,
"""03044""","Babyfood, dinner, macaroni and tomato and beef, strained",16.0,"1.0 tbsp",0.078,0.031,0.09,,
"""43432""","Babyfood, dinner, macaroni, beef and tomato sauce, toddler",16.0,"1.0 tbsp",0.113,0.022,--,,
"""03279""","Babyfood, dinner, mixed vegetable, junior",99.0,"1.0 serving",0.000,--,--,,
"""03077""","Babyfood, dinner, pasta with vegetables",113.0,"1.0 jar, Gerber (4 oz)",1.390,0.163,--,,
"""03050""","Babyfood, dinner, spaghetti and tomato and meat, junior",16.0,"1.0 tbsp",0.087,0.030,0.09,,
"""03303""","Babyfood, dinner, sweet potatoes and chicken, strained",16.0,"1.0 tbsp",0.092,0.077,--,,
"""03083""","Babyfood, dinner, turkey and rice, junior",16.0,"1.0 tbsp",0.038,0.037,0.04,,
"""03082""","Babyfood, dinner, turkey and rice, strained",16.0,"1.0 tbsp",0.054,0.049,0.05,,
"""03296""","Babyfood, dinner, turkey, rice, and vegetables, toddler",28.35,"1.0 oz",0.142,0.088,--,,
"""03054""","Babyfood, dinner, vegetables and beef, junior",256.0,"1.0 cup",3.500,0.763,1.48,,
"""03053""","Babyfood, dinner, vegetables and beef, strained",256.0,"1.0 cup",2.227,0.486,1.48,,
"""03274""","Babyfood, dinner, vegetables and chicken, junior",256.0,"1.0 cup",0.773,0.689,0.61,,
"""03067""","Babyfood, dinner, vegetables and lamb, junior",28.35,"1.0 oz",0.197,0.044,--,,
"""03085""","Babyfood, dinner, vegetables and turkey, junior",256.0,"1.0 cup",1.242,1.001,0.59,,
"""03084""","Babyfood, dinner, vegetables and turkey, strained",256.0,"1.0 cup",0.604,0.617,0.56,,
"""03073""","Babyfood, dinner, vegetables chicken, strained",256.0,"1.0 cup",1.270,0.957,0.69,,
"""03964""","Babyfood, fortified cereal bar, fruit filling",19.0,"1.0 bar",0.086,0.293,--,,
"""03154""","Babyfood, fruit and vegetable, apple and sweet potato",113.0,"1.0 jar, Gerber (4 oz)",0.046,0.089,7.98,,
"""03140""","Babyfood, fruit dessert, mango with tapioca",15.0,"1.0 tbsp",0.006,0.004,--,,
"""43585""","Babyfood, fruit supreme dessert",15.0,"1.0 tbsp",0.004,0.010,--,,
"""03165""","Babyfood, fruit, apple and blueberry, junior",28.35,"1.0 oz",0.007,0.021,1.37,,
"""03164""","Babyfood, fruit, apple and blueberry, strained",28.35,"1.0 oz",0.007,0.021,--,,
"""03153""","Babyfood, fruit, apple and raspberry, junior",28.35,"1.0 oz",0.009,0.018,--,,
"""03152""","Babyfood, fruit, apple and raspberry, strained",28.35,"1.0 oz",0.009,0.018,--,,
"""03143""","Babyfood, fruit, applesauce and apricots, junior",16.0,"1.0 tbsp",0.004,0.008,0.83,,
"""03142""","Babyfood, fruit, applesauce and apricots, strained",16.0,"1.0 tbsp",0.004,0.007,0.77,,
"""03145""","Babyfood, fruit, applesauce and cherries, junior",28.35,"1.0 oz",0.000,--,--,,
"""03144""","Babyfood, fruit, applesauce and cherries, strained",28.35,"1.0 oz",0.000,--,--,,
"""03151""","Babyfood, fruit, applesauce and pineapple, junior",28.35,"1.0 oz",0.003,0.009,--,,
"""03150""","Babyfood, fruit, applesauce and pineapple, strained",28.35,"1.0 oz",0.003,0.009,--,,
"""03147""","Babyfood, fruit, applesauce with banana, junior",16.0,"1.0 tbsp",0.006,0.008,--,,
"""03117""","Babyfood, fruit, applesauce, junior",16.0,"1.0 tbsp",0.000,--,--,,
"""03116""","Babyfood, fruit, applesauce, strained",16.0,"1.0 tbsp",0.005,0.009,--,,
"""03128""","Babyfood, fruit, apricot with tapioca, junior",15.0,"1.0 tbsp",0.000,--,--,,
"""03118""","Babyfood, fruit, apricot with tapioca, strained",15.0,"1.0 tbsp",0.000,--,--,,
"""03994""","Babyfood, fruit, banana and strawberry, junior",140.0,"1.0 bottle",0.169,0.118,--,,
"""03156""","Babyfood, fruit, bananas and pineapple with tapioca, junior",15.0,"1.0 tbsp",0.005,0.003,--,,
"""03157""","Babyfood, fruit, bananas and pineapple with tapioca, strained",15.0,"1.0 tbsp",0.000,--,0.52,,
"""03163""","Babyfood, fruit, bananas with apples and pears, strained",15.0,"1.0 tbsp",0.016,0.013,--,,
"""03280""","Babyfood, fruit, bananas with tapioca, junior",15.0,"1.0 tbsp",0.011,0.006,--,,
"""03129""","Babyfood, fruit, bananas with tapioca, strained",15.0,"1.0 tbsp",0.005,0.003,--,,
"""03131""","Babyfood, fruit, peaches, junior",17.0,"1.0 tbsp",0.003,0.007,0.68,,
"""03130""","Babyfood, fruit, peaches, strained",17.0,"1.0 tbsp",0.003,0.007,0.68,,
"""03159""","Babyfood, fruit, pears and pineapple, junior",16.0,"1.0 tbsp",0.002,0.009,0.68,,
"""03158""","Babyfood, fruit, pears and pineapple, strained",16.0,"1.0 tbsp",0.001,0.005,--,,
"""03133""","Babyfood, fruit, pears, junior",16.0,"1.0 tbsp",0.001,0.004,--,,
"""03132""","Babyfood, fruit, pears, strained",16.0,"1.0 tbsp",0.002,0.007,--,,
"""03135""","Babyfood, fruit, plums with tapioca, without ascorbic acid, junior",15.0,"1.0 tbsp",0.000,--,--,,
"""03134""","Babyfood, fruit, plums with tapioca, without ascorbic acid, strained",15.0,"1.0 tbsp",0.000,--,0.62,,
"""03137""","Babyfood, fruit, prunes with tapioca, without ascorbic acid, junior",28.35,"1.0 oz",0.002,0.006,0.94,,
"""03136""","Babyfood, fruit, prunes with tapioca, without ascorbic acid, strained",15.0,"1.0 tbsp",0.001,0.003,0.50,,
"""43007""","Babyfood, fruit, tutti frutti, junior",15.0,"1.0 tbsp",0.017,0.009,--,,
"""43006""","Babyfood, fruit, tutti frutti, strained",15.0,"1.0 tbsp",0.013,0.006,--,,
"""03022""","Babyfood, GERBER, 2nd Foods, apple, carrot and squash, organic",99.0,"1.0 serving",0.000,--,5.28,,
"""03025""","Babyfood, GERBER, 3rd Foods, apple, mango and kiwi",170.0,"1.0 serving",0.000,--,--,,
"""33878""","Babyfood, GERBER, Banana with orange medley",113.0,"1.0 jar",0.000,--,--,,
"""03216""","Babyfood, GERBER, GRADUATES Lil Biscuits Vanilla Wheat",28.35,"1.0 oz",0.230,0.439,--,,
"""44074""","Babyfood, grape juice, no sugar, canned",118.0,"4.0 fl oz",0.000,--,--,,
"""42286""","Babyfood, green beans and turkey, strained",14.0,"1.0 tbsp",0.070,0.059,--,,
"""03093""","Babyfood, green beans, dices, toddler",28.35,"1.0 oz",0.012,0.029,--,,
"""03001""","Babyfood, juice treats, fruit medley, toddler",28.0,"1.0 packet",0.000,--,--,,
"""03166""","Babyfood, juice, apple",31.7,"1.0 fl oz",0.006,0.010,--,,
"""43535""","Babyfood, juice, apple - cherry",31.2,"1.0 fl oz",0.006,0.009,--,,
"""03265""","Babyfood, juice, apple and grape",31.2,"1.0 fl oz",0.012,0.018,--,,
"""03168""","Babyfood, juice, apple and peach",31.2,"1.0 fl oz",0.006,0.010,--,,
"""03171""","Babyfood, juice, apple and prune",31.2,"1.0 fl oz",0.006,0.010,--,,
"""03269""","Babyfood, juice, apple, with calcium",189.0,"1.0 serving",0.034,0.060,--,,
"""42266""","Babyfood, juice, apple-sweet potato",30.8,"1.0 fl oz",0.009,0.015,--,,
"""03267""","Babyfood, juice, fruit punch, with calcium",31.2,"1.0 fl oz",0.006,0.009,--,,
"""03179""","Babyfood, juice, mixed fruit",31.2,"1.0 fl oz",0.005,0.012,--,,
"""03172""","Babyfood, juice, orange",31.2,"1.0 fl oz",0.011,0.019,--,,
"""03174""","Babyfood, juice, orange and apple and banana",31.2,"1.0 fl oz",0.005,0.008,--,,
"""03175""","Babyfood, juice, orange and apricot",31.2,"1.0 fl oz",0.003,0.006,--,,
"""03177""","Babyfood, juice, orange and pineapple",31.2,"1.0 fl oz",0.003,0.007,--,,
"""42267""","Babyfood, juice, orange-carrot",30.8,"1.0 fl oz",0.003,0.009,--,,
"""43408""","Babyfood, juice, pear",31.2,"1.0 fl oz",0.000,--,--,,
"""03048""","Babyfood, macaroni and cheese, toddler",113.0,"1.0 container",1.729,0.192,0.01,,
"""03959""","Babyfood, mashed cheddar potatoes and broccoli, toddlers",170.0,"1.0 container",1.488,0.156,0.22,,
"""43417""","Babyfood, meat, beef with vegetables, toddler",179.0,"1.0 jar NFS",1.516,0.193,--,,
"""03003""","Babyfood, meat, beef, junior",28.35,"1.0 oz",0.335,0.045,--,,
"""03002""","Babyfood, meat, beef, strained",14.7,"1.0 tbsp",0.173,0.024,--,,
"""03014""","Babyfood, meat, chicken sticks, junior",10.0,"1.0 stick",0.409,0.299,--,,
"""03013""","Babyfood, meat, chicken, junior",15.0,"1.0 tbsp",0.371,0.350,--,,
"""03012""","Babyfood, meat, chicken, strained",15.0,"1.0 tbsp",0.304,0.288,--,,
"""03009""","Babyfood, meat, ham, junior",28.35,"1.0 oz",0.360,0.146,--,,
"""03008""","Babyfood, meat, ham, strained",15.0,"1.0 tbsp",0.190,0.076,--,,
"""03011""","Babyfood, meat, lamb, junior",28.35,"1.0 oz",0.726,0.062,--,,
"""03010""","Babyfood, meat, lamb, strained",22.0,"1.0 tbsp",0.363,0.068,--,,
"""03021""","Babyfood, meat, meat sticks, junior",10.0,"1.0 stick",0.582,0.159,--,,
"""03007""","Babyfood, meat, pork, strained",28.35,"1.0 oz",0.680,0.221,--,,
"""03017""","Babyfood, meat, turkey sticks, junior",10.0,"1.0 stick",0.414,0.362,--,,
"""03016""","Babyfood, meat, turkey, junior",19.0,"1.0 tbsp",0.312,0.331,--,,
"""03015""","Babyfood, meat, turkey, strained",15.0,"1.0 tbsp",0.246,0.261,--,,
"""03005""","Babyfood, meat, veal, strained",16.0,"1.0 tbsp",0.170,0.025,--,,
"""42120""","Babyfood, mixed fruit juice with low fat yogurt",31.5,"1.0 fl oz",0.163,0.007,--,,
"""43523""","Babyfood, mixed fruit yogurt, strained",15.0,"1.0 tbsp",0.078,0.003,--,,
"""03996""","Babyfood, Multigrain whole grain cereal, dry fortified",16.0,"3.0 tbsp",0.169,0.415,--,,
"""03205""","Babyfood, oatmeal cereal with fruit, dry, instant, toddler fortified",5.3,"1.0 tbsp",0.083,0.121,--,,
"""03161""","Babyfood, peaches, dices, toddler",28.35,"1.0 oz",0.005,0.022,--,,
"""03141""","Babyfood, pears, dices, toddler",28.35,"1.0 oz",0.003,0.013,--,,
"""42279""","Babyfood, peas and brown rice",230.0,"1.0 cup",0.230,0.414,--,,
"""03122""","Babyfood, peas, dices, toddler",28.35,"1.0 oz",0.040,0.105,--,,
"""03293""","Babyfood, plums, bananas and rice, strained",28.35,"1.0 oz",0.017,0.020,0.82,,
"""03112""","Babyfood, potatoes, toddler",163.0,"1.0 cup",0.024,0.041,--,,
"""03215""","Babyfood, pretzels",28.35,"1.0 oz",0.113,0.299,--,,
"""03139""","Babyfood, prunes, without vitamin c, strained",15.0,"1.0 tbsp",0.003,0.006,--,,
"""03046""","Babyfood, ravioli, cheese filled, with tomato sauce",16.0,"1.0 tbsp",0.154,0.077,--,,
"""43529""","Babyfood, rice and apples, dry",2.5,"1.0 tbsp",0.013,0.023,--,,
"""33881""","Babyfood, rice cereal, dry, EARTHS BEST ORGANIC WHOLE GRAIN, fortified only with iron",18.0,"4.0 tbsp",0.165,0.371,--,,
"""03019""","Babyfood, snack, GERBER GRADUATE FRUIT  STRIPS, Real Fruit Bars",9.9,"1.0 bar",0.036,0.066,--,,
"""03998""","Babyfood, Snack, GERBER, GRADUATES, LIL CRUNCHIES, baked whole grain corn snack",7.0,"18.0 piece",0.327,0.539,--,,
"""03302""","Babyfood, snack, GERBER, GRADUATES, YOGURT MELTS",7.0,"1.0 serving",0.157,0.014,--,,
"""03026""","Babyfood, tropical fruit medley",88.0,"1.0 serving",0.000,--,4.90,,
"""42278""","Babyfood, vegetable and brown rice, strained",230.0,"1.0 cup",0.322,0.736,--,,
"""03114""","Babyfood, vegetable, butternut squash and corn",113.0,"1.0 jar, Gerber (4 oz)",0.107,0.316,0.34,,
"""03096""","Babyfood, vegetable, green beans and potatoes",113.0,"1.0 jar, Gerber (4 oz)",1.262,0.149,0.42,,
"""03098""","Babyfood, vegetables, beets, strained",224.0,"1.0 cup",0.036,0.081,--,,
"""03100""","Babyfood, vegetables, carrots, junior",224.0,"1.0 cup",0.081,0.208,--,,
"""03099""","Babyfood, vegetables, carrots, strained",224.0,"1.0 cup",0.040,0.105,--,,
"""03120""","Babyfood, vegetables, corn, creamed, junior",240.0,"1.0 cup",0.178,0.427,0.24,,
"""03119""","Babyfood, vegetables, corn, creamed, strained",113.0,"1.0 jar",0.086,0.199,0.10,,
"""03283""","Babyfood, vegetables, garden vegetable, strained",28.35,"1.0 oz",0.010,0.026,--,,
"""03092""","Babyfood, vegetables, green beans, junior",240.0,"1.0 cup",0.055,0.125,--,,
"""03091""","Babyfood, vegetables, green beans, strained",240.0,"1.0 cup",0.094,0.278,2.14,,
"""03282""","Babyfood, vegetables, mix vegetables junior",99.0,"1.0 serving 3.5 oz serving",0.078,0.184,--,,
"""03286""","Babyfood, vegetables, mix vegetables strained",28.35,"1.0 oz",0.025,0.055,--,,
"""03121""","Babyfood, vegetables, peas, strained",16.0,"1.0 tbsp",0.011,0.032,0.00,,
"""03127""","Babyfood, vegetables, spinach, creamed, strained",240.0,"1.0 cup",1.685,0.319,--,,
"""03105""","Babyfood, vegetables, squash, junior",16.0,"1.0 tbsp",0.003,0.006,0.15,,
"""03104""","Babyfood, vegetables, squash, strained",16.0,"1.0 tbsp",0.003,0.006,0.16,,
"""03108""","Babyfood, vegetables, sweet potatoes strained",224.0,"1.0 cup",0.047,0.099,--,,
"""03109""","Babyfood, vegetables, sweet potatoes, junior",224.0,"1.0 cup",0.047,0.099,--,,
"""03024""","Babyfood, water, bottled, GERBER, without added fluoride",113.0,"1.0 serving",0.000,--,--,,
"""03956""","Babyfood, yogurt, whole milk, with fruit, multigrain cereal and added DHA fortified",31.0,"1.0 oz",0.570,0.114,--,,
"""03965""","Babyfood, yogurt, whole milk, with fruit, multigrain cereal and added iron fortified",16.0,"1.0 tbsp",0.253,0.065,--,,
"""03860""","Child formula, ABBOTT NUTRITION, PEDIASURE, ready-to-feed",31.0,"1.0 fl oz",0.389,0.331,--,,
"""03870""","Child formula, ABBOTT NUTRITION, PEDIASURE, ready-to-feed, with iron and fiber",31.0,"1.0 fl oz",0.389,0.331,--,,
"""03000""","Clif Z bar",36.0,"1.0 bar",0.980,1.195,--,,
"""43075""","Fluid replacement, electrolyte solution (include PEDIALYTE)",31.2,"1.0 fl oz",0.000,--,--,,
"""03957""","Infant formula, ABBOTT NUTRITION, ALIMENTUM ADVANCE, with iron, powder, not reconstituted, with DHA and ARA",8.7,"1.0 scoop",1.243,0.772,--,,
"""03944""","Infant formula, ABBOTT NUTRITION, SIMILAC NEOSURE, ready-to-feed, with ARA and DHA",30.5,"1.0 fl oz",0.746,0.257,--,,
"""03951""","Infant formula, ABBOTT NUTRITION, SIMILAC, ADVANCE, with iron, liquid concentrate, not reconstituted",31.4,"1.0 fl oz",0.754,0.488,--,,
"""03950""","Infant formula, ABBOTT NUTRITION, SIMILAC, ADVANCE, with iron, powder, not reconstituted",8.5,"1.0 scoop",0.839,0.544,--,,
"""03949""","Infant formula, ABBOTT NUTRITION, SIMILAC, ADVANCE, with iron, ready-to-feed",30.4,"1.0 fl oz",0.376,0.244,--,,
"""03935""","Infant formula, ABBOTT NUTRITION, SIMILAC, ALIMENTUM, ADVANCE, ready-to-feed, with ARA and DHA",30.5,"1.0 fl oz",0.561,0.343,--,,
"""03846""","Infant formula, ABBOTT NUTRITION, SIMILAC, ALIMENTUM, with iron, ready-to-feed",30.5,"1.0 fl oz",0.561,0.339,--,,
"""03992""","Infant formula, ABBOTT NUTRITION, SIMILAC, Expert Care, Diarrhea, ready- to- feed with ARA and DHA",30.4,"1.0 fl oz",0.449,0.208,--,,
"""03999""","Infant formula, ABBOTT NUTRITION, SIMILAC, For Spit Up, powder, with ARA and DHA",9.5,"1.0 scoop",1.712,0.591,--,,
"""03993""","Infant formula, ABBOTT NUTRITION, SIMILAC, For Spit Up, ready-to-feed, with ARA and DHA",30.4,"1.0 fl oz",0.699,0.241,--,,
"""33871""","Infant formula, ABBOTT NUTRITION, SIMILAC, GO AND GROW, powder, with ARA and DHA",9.6,"1.0 scoop",1.097,0.512,--,,
"""03991""","Infant formula, ABBOTT NUTRITION, SIMILAC, GO AND GROW, ready-to-feed, with ARA and DHA",153.0,"5.0 fl oz",1.558,0.728,--,,
"""03952""","Infant formula, ABBOTT NUTRITION, SIMILAC, ISOMIL, ADVANCE with iron, liquid concentrate",31.4,"1.0 fl oz",0.710,0.510,--,,
"""03954""","Infant formula, ABBOTT NUTRITION, SIMILAC, ISOMIL, ADVANCE with iron, powder, not reconstituted",8.7,"1.0 scoop",0.798,0.573,--,,
"""03953""","Infant formula, ABBOTT NUTRITION, SIMILAC, ISOMIL, ADVANCE with iron, ready-to-feed",30.5,"1.0 fl oz",0.356,0.256,--,,
"""03842""","Infant formula, ABBOTT NUTRITION, SIMILAC, ISOMIL, with iron, liquid concentrate",31.4,"1.0 fl oz",0.710,0.510,--,,
"""03843""","Infant formula, ABBOTT NUTRITION, SIMILAC, ISOMIL, with iron, powder, not reconstituted",8.7,"1.0 scoop",0.798,0.573,--,,
"""03841""","Infant formula, ABBOTT NUTRITION, SIMILAC, ISOMIL, with iron, ready-to-feed",30.5,"1.0 fl oz",0.356,0.256,--,,
"""03945""","Infant formula, ABBOTT NUTRITION, SIMILAC, NEOSURE, powder, with ARA and DHA",30.5,"1.0 fl oz",3.011,2.031,--,,
"""03837""","Infant formula, ABBOTT NUTRITION, SIMILAC, PM 60/40, powder not reconstituted",8.7,"1.0 scoop",1.063,0.943,--,,
"""03946""","Infant formula, ABBOTT NUTRITION, SIMILAC, SENSITIVE (LACTOSE FREE) ready-to-feed, with ARA and DHA",30.5,"1.0 fl oz",0.741,0.254,--,,
"""03947""","Infant formula, ABBOTT NUTRITION, SIMILAC, SENSITIVE, (LACTOSE FREE), liquid concentrate, with ARA and DHA",30.5,"1.0 fl oz",1.379,0.472,--,,
"""03948""","Infant formula, ABBOTT NUTRITION, SIMILAC, SENSITIVE, (LACTOSE FREE), powder, with ARA and DHA",30.5,"1.0 fl oz",5.583,1.912,--,,
"""03851""","Infant formula, ABBOTT NUTRITION, SIMILAC, with iron, liquid concentrate, not reconstituted",31.4,"1.0 fl oz",0.754,0.488,--,,
"""03853""","Infant formula, ABBOTT NUTRITION, SIMILAC, with iron, powder, not reconstituted",8.5,"1.0 scoop",0.839,0.544,--,,
"""33868""","Infant Formula, GERBER GOOD START 2, GENTLE PLUS, powder",9.4,"1.0 scoop",0.989,0.457,--,,
"""03989""","Infant Formula, GERBER GOOD START 2, GENTLE PLUS, ready-to-feed",30.4,"1.0 fl oz",0.296,0.137,--,,
"""33872""","Infant formula, GERBER, GOOD START 2 SOY, with iron, powder",9.4,"1.0 scoop",1.038,0.566,--,,
"""03987""","Infant formula, GERBER, GOOD START 2 Soy, with iron, ready-to-feed",30.4,"1.0 fl oz",0.425,0.211,--,,
"""33869""","Infant formula, GERBER, GOOD START 2, PROTECT PLUS, powder",9.4,"1.0 scoop",1.036,0.479,--,,
"""03990""","Infant formula, GERBER, GOOD START 2, PROTECT PLUS, ready-to-feed",30.4,"1.0 fl oz",0.439,0.203,--,,
"""33867""","Infant formula, GERBER, GOOD START, PROTECT PLUS, powder",9.4,"1.0 scoop",1.028,0.475,--,,
"""03988""","Infant formula, GERBER, GOOD START, PROTECT PLUS, ready-to-feed",30.4,"1.0 fl oz",0.439,0.203,--,,
"""03376""","Infant formula, MEAD JOHNSON, Enfamil 24, ready to feed, with ARA and DHA",30.5,"1.0 fl oz",0.525,0.235,--,,
"""03381""","Infant formula, MEAD JOHNSON, Enfamil Enspire Powder, with ARA and DHA, not reconstituted",8.8,"1.0 scoop",0.994,0.449,--,,
"""03385""","Infant formula, MEAD JOHNSON, Enfamil for Supplementing, powder, with ARA and DHA, not reconstituted",8.7,"1.0 serving",0.983,0.444,--,,
"""03393""","Infant formula, MEAD JOHNSON, Enfamil for Supplementing, ready to feed, with ARA and DHA",103.0,"100.0 ml",1.524,0.669,--,,
"""03963""","Infant Formula, MEAD JOHNSON, ENFAMIL GENTLEASE, with iron, prepared from powder",30.5,"1.0 fl oz",0.458,0.198,--,,
"""03815""","Infant formula, MEAD JOHNSON, ENFAMIL LIPIL, with iron, ready-to-feed, with ARA and DHA",106.0,"1.0 serving 100 ml",1.540,0.710,--,,
"""03384""","Infant formula, MEAD JOHNSON, Enfamil Premature 30 Calories, ready to feed, with ARA and DHA",30.5,"1.0 fl oz",0.671,0.308,--,,
"""03382""","Infant formula, MEAD JOHNSON, Enfamil Premature High Protein 24 Calories, ready to feed, with ARA and DHA",30.4,"1.0 fl oz",0.541,0.249,--,,
"""03386""","Infant formula, MEAD JOHNSON, Enfamil Reguline Powder, with ARA and DHA, not reconstituted",8.7,"1.0 scoop",0.983,0.444,--,,
"""03387""","Infant formula, MEAD JOHNSON, Enfamil Reguline, ready to feed, with ARA and DHA",30.5,"1.0 fl oz",0.451,0.198,--,,
"""03943""","Infant formula, MEAD JOHNSON, ENFAMIL, AR, powder, with ARA and DHA",9.0,"1.0 scoop",0.945,0.423,--,,
"""03942""","Infant formula, MEAD JOHNSON, ENFAMIL, AR, ready-to-feed, with ARA and DHA",106.0,"1.0 serving 100 ml",1.463,0.657,--,,
"""03955""","Infant Formula, MEAD JOHNSON, ENFAMIL, ENFACARE, ready-to-feed, with ARA and DHA",30.8,"1.0 fl oz",0.486,0.265,--,,
"""03849""","Infant formula, MEAD JOHNSON, ENFAMIL, ENFACARE, with iron, powder, with ARA and DHA",9.9,"1.0 scoop",1.010,0.535,--,,
"""33866""","Infant formula, MEAD JOHNSON, ENFAMIL, ENFAGROW, GENTLEASE, Toddler transitions, with ARA and DHA, powder",9.0,"1.0 scoop",0.972,0.441,--,,
"""03982""","Infant formula, MEAD JOHNSON, ENFAMIL, Enfagrow, Soy, Toddler ready-to-feed",30.4,"1.0 fl oz",0.260,0.116,--,,
"""33870""","Infant formula, MEAD JOHNSON, ENFAMIL, ENFAGROW, Soy, Toddler transitions, with ARA and DHA,  powder",9.4,"1.0 scoop",0.818,0.376,--,,
"""03980""","Infant Formula, MEAD JOHNSON, ENFAMIL, GENTLEASE, with ARA and DHA powder not reconstituted",8.7,"1.0 scoop",0.983,0.444,--,,
"""03832""","Infant formula, MEAD JOHNSON, ENFAMIL, Infant, ready-to-feed, with ARA and DHA",106.0,"1.0 serving 100 ml",1.569,0.689,--,,
"""03812""","Infant formula, MEAD JOHNSON, ENFAMIL, Infant, with iron, liquid concentrate, with ARA and DHA, reconstituted",31.3,"1.0 fl oz",0.463,0.203,--,,
"""03808""","Infant formula, MEAD JOHNSON, ENFAMIL, Infant, with iron, powder, with ARA and DHA",8.8,"1.0 scope",0.987,0.461,--,,
"""03818""","Infant formula, MEAD JOHNSON, ENFAMIL, LIPIL, low iron, liquid concentrate, with ARA and DHA",31.3,"1.0 fl oz",0.963,0.444,--,,
"""03825""","Infant formula, MEAD JOHNSON, ENFAMIL, LIPIL, low iron, ready to feed, with ARA and DHA",106.0,"1.0 serving 100 ml",1.540,0.710,--,,
"""33862""","Infant Formula, MEAD JOHNSON, ENFAMIL, Newborn, with ARA and DHA, powder",8.7,"1.0 scoop",0.983,0.444,--,,
"""03986""","Infant Formula, MEAD JOHNSON, ENFAMIL, Newborn, with DHA and ARA, ready-to-feed",30.5,"1.0 fl oz",0.451,0.198,--,,
"""03983""","Infant formula, MEAD JOHNSON, ENFAMIL, NUTRAMIGEN AA, ready-to-feed",30.4,"1.0 fl oz",0.484,0.225,--,,
"""03838""","Infant formula, MEAD JOHNSON, ENFAMIL, NUTRAMIGEN WITH LGG, with iron, powder, not reconstituted, with ARA and DHA",9.0,"1.0 scoop",1.017,0.459,--,,
"""33873""","Infant formula, MEAD JOHNSON, ENFAMIL, NUTRAMIGEN, PurAmino, powder, not reconstituted",9.4,"1.0 scoop",0.968,0.517,--,,
"""03844""","Infant formula, MEAD JOHNSON, ENFAMIL, NUTRAMIGEN, with iron, liquid concentrate not reconstituted, with ARA and DHA",31.6,"1.0 fl oz",0.468,0.205,--,,
"""03845""","Infant formula, MEAD JOHNSON, ENFAMIL, NUTRAMIGEN, with iron, ready-to-feed, with ARA and DHA",107.0,"1.0 serving 100 ml",1.584,0.696,--,,
"""33874""","Infant formula, MEAD JOHNSON, ENFAMIL, Premature, 20 calories ready-to-feed Low iron",30.4,"1.0 fl oz",0.510,0.354,--,,
"""33875""","Infant formula, MEAD JOHNSON, ENFAMIL, Premature, 24 calories ready-to-feed Low iron",30.0,"5.0 fl oz",0.402,0.351,--,,
"""03984""","Infant formula, MEAD JOHNSON, ENFAMIL, Premature, with iron, 20 calories, ready-to-feed",30.4,"1.0 fl oz",0.459,0.207,--,,
"""03985""","Infant formula, MEAD JOHNSON, ENFAMIL, Premature, with iron, 24 calories, ready-to-feed",30.4,"1.0 fl oz",0.547,0.249,--,,
"""33864""","Infant Formula, MEAD JOHNSON, ENFAMIL, Premium LIPIL, Infant, Liquid concentrate, not reconstituted",31.4,"1.0 fl oz",0.887,0.414,--,,
"""33863""","Infant Formula, MEAD JOHNSON, ENFAMIL, Premium LIPIL, Infant, powder",8.7,"1.0 scoop",0.971,0.454,--,,
"""33865""","Infant Formula, MEAD JOHNSON, ENFAMIL, Premium, Infant, Liquid concentrate, not reconstituted",31.4,"1.0 fl oz",0.924,0.425,--,,
"""33877""","Infant Formula, MEAD JOHNSON, ENFAMIL, Premium, Infant, powder",8.7,"1.0 scoop",0.971,0.454,--,,
"""33876""","Infant Formula, MEAD JOHNSON, ENFAMIL, Premium, Infant, ready-to-feed",30.5,"1.0 fl oz",0.313,0.146,--,,
"""03854""","Infant formula, MEAD JOHNSON, ENFAMIL, PROSOBEE, liquid concentrate, reconstituted, with ARA and DHA",31.3,"1.0 fl oz",0.448,0.197,--,,
"""03852""","Infant formula, MEAD JOHNSON, ENFAMIL, PROSOBEE, with iron, powder, not reconstituted, with ARA and DHA",8.8,"1.0 scoop",0.994,0.449,--,,
"""03805""","Infant formula, MEAD JOHNSON, ENFAMIL, with iron, powder",8.3,"1.0 scoop",0.955,0.432,--,,
"""03388""","Infant formula, MEAD JOHNSON, Gentlease, ready to feed, with ARA and DHA",30.0,"1.0 fl oz",0.444,0.195,--,,
"""03929""","Infant formula, MEAD JOHNSON, NEXT STEP PROSOBEE, powder, not reconstituted",9.3,"1.0 scoop",0.828,0.391,--,,
"""03861""","Infant formula, MEAD JOHNSON, NEXT STEP, PROSOBEE LIPIL, powder, with ARA and DHA",28.0,"3.0 scoop",2.493,1.176,--,,
"""03864""","Infant formula, MEAD JOHNSON, NEXT STEP, PROSOBEE, LIPIL, ready to feed, with ARA and DHA",103.0,"1.0 serving 100 ml",1.279,0.590,--,,
"""03390""","Infant formula, MEAD JOHNSON, Pregestimil 20 Calories, ready to feed, with ARA and DHA",1.0,"100.0 ml",0.022,0.008,--,,
"""03391""","Infant formula, MEAD JOHNSON, Pregestimil 24 Calories, ready to feed, with ARA and DHA",104.0,"100.0 ml",2.704,1.030,--,,
"""03821""","Infant formula, MEAD JOHNSON, PREGESTIMIL, with iron, powder, with ARA and DHA, not reconstituted",8.8,"1.0 scoop",1.452,0.546,--,,
"""03822""","Infant formula, MEAD JOHNSON, PREGESTIMIL, with iron, with ARA and DHA, prepared from powder",104.0,"1.0 serving 100 ml",2.288,0.842,--,,
"""03857""","Infant formula, MEAD JOHNSON, PROSOBEE, with iron, ready to feed, with ARA and DHA",106.0,"1.0 serving 100 ml",1.569,0.711,--,,
"""03823""","Infant formula, MEAD JOHNSON, PROSOBEE, with iron, ready-to-feed",106.0,"1.0 Serving 100 ml",1.530,0.690,--,,
"""03930""","Infant formula, MEAD JOHNSON,NEXT STEP PROSOBEE, prepared from powder",30.5,"1.0 fl oz",0.379,0.166,--,,
"""03928""","Infant formula, NESTLE, GOOD START ESSENTIALS SOY, with iron, powder",8.5,"1.0 scoop",0.935,0.510,--,,
"""03867""","Infant formula, NESTLE, GOOD START SOY, with ARA and DHA, powder",9.4,"1.0 scoop",1.034,0.564,--,,
"""03966""","Infant formula, NESTLE, GOOD START SOY, with DHA and ARA, liquid concentrate",29.2,"1.0 fl oz",0.846,0.418,--,,
"""03859""","Infant formula, NESTLE, GOOD START SOY, with DHA and ARA, ready-to-feed",29.0,"1.0 oz",0.406,0.202,--,,
"""03961""","Infant formula, NESTLE, GOOD START SUPREME, with iron, DHA and ARA, prepared from liquid concentrate",31.4,"1.0 fl oz",0.462,0.232,--,,
"""03960""","Infant formula, NESTLE, GOOD START SUPREME, with iron, DHA and ARA, ready-to-feed",30.5,"1.0 fl oz",0.448,0.226,--,,
"""03801""","Infant formula, NESTLE, GOOD START SUPREME, with iron, liquid concentrate, not reconstituted",31.4,"1.0 fl oz",0.933,0.446,--,,
"""03802""","Infant formula, NESTLE, GOOD START SUPREME, with iron, powder",8.7,"1.0 scoop",1.014,0.512,--,,
"""03937""","Infant formula, PBM PRODUCTS, store brand, liquid concentrate, not reconstituted",31.4,"1.0 fl oz",1.005,0.314,--,,
"""03938""","Infant formula, PBM PRODUCTS, store brand, powder",8.4,"1.0 scoop",1.072,0.332,--,,
"""03936""","Infant formula, PBM PRODUCTS, store brand, ready-to-feed",30.4,"1.0 fl oz",0.486,0.152,--,,
"""03940""","Infant formula, PBM PRODUCTS, store brand, soy, liquid concentrate, not reconstituted",31.4,"1.0 fl oz",1.005,0.314,--,,
"""03941""","Infant formula, PBM PRODUCTS, store brand, soy, powder",8.7,"1.0 scoop",1.076,0.333,--,,
"""03939""","Infant formula, PBM PRODUCTS, store brand, soy, ready-to-feed",30.4,"1.0 fl oz",0.486,0.152,--,,
"""03392""","Toddler drink, MEAD JOHNSON, PurAmino Toddler Powder, with ARA and DHA, not reconstituted",7.2,"1.0 scoop",0.742,0.396,--,,
"""03968""","Toddler formula, MEAD JOHNSON, ENFAGROW PREMIUM (formerly ENFAMIL, LIPIL, NEXT STEP), ready-to-feed",29.2,"1.0 fl oz",0.453,0.213,--,,
"""03967""","Toddler formula, MEAD JOHNSON, ENFAGROW, Toddler Transitions, with ARA and DHA, powder",9.0,"1.0 scoop",0.981,0.441,--,,
"""03389""","Toddler formula, MEAD JOHNSON, Nutramigen Toddler with LGG Powder, with ARA and DHA, not reconstituted",9.3,"1.0 scoop",0.800,0.372,--,,
"""03217""","Zwieback",28.35,"1.0 oz",0.716,0.588,--,,
