Source: USDA National Nutrient Database for Standard Reference Legacy Software v.3.9.4 2018-05-17
"Nutrients: Theobromine (mg); Tocotrienol, delta (mg); Vitamin C, total ascorbic acid (mg)"
"Food Groups: Baked Products"
Food Subset:All Foods
Ordered by:Food Name
Measured by:Household
Report Run at: 06-02-2018T14:03
NDB_NO,Description,Weight(g),Measure,"Theobromine"(mg)Per Measure,"Tocotrienol, delta"(mg)Per Measure,"Vitamin C, total ascorbic acid"(mg)Per Measure,
"""18005""","Bagels, cinnamon-raisin",26.0,"1.0 mini bagel (2-1/2"" dia)",0,--,0.2,,
"""18006""","Bagels, cinnamon-raisin, toasted",24.0,"1.0 mini bagel (2-1/2"" dia)",0,--,0.1,,
"""28322""","Bagels, multigrain",81.0,"1.0 piece bagel",0,--,--,,
"""18007""","Bagels, oat bran",26.0,"1.0 mini bagel (2-1/2"" dia)",0,--,0.1,,
"""18001""","Bagels, plain, enriched, with calcium propionate (includes onion, poppy, sesame)",99.0,"1.0 bagel",0,--,--,,
"""18002""","Bagels, plain, enriched, with calcium propionate (includes onion, poppy, sesame), toasted",24.0,"1.0 mini bagel (2-1/2"" dia)",0,--,--,,
"""18968""","Bagels, wheat",98.0,"1.0 bagel",0,--,--,,
"""28319""","Bagels, whole grain white",43.0,"0.5 piece bagel 1 serving",0,--,--,,
"""18010""","Biscuits, plain or buttermilk, dry mix",120.0,"1.0 cup, purchased",0,--,0.4,,
"""18009""","Biscuits, plain or buttermilk, frozen, baked",28.35,"1.0 oz",0,--,--,,
"""18014""","Biscuits, plain or buttermilk, refrigerated dough, higher fat",58.0,"1.0 biscuit",0,--,0.1,,
"""18015""","Biscuits, plain or buttermilk, refrigerated dough, higher fat, baked",51.0,"1.0 biscuit",0,--,--,,
"""18012""","Biscuits, plain or buttermilk, refrigerated dough, lower fat",58.0,"1.0 serving 1 biscuit",0,--,0.1,,
"""18013""","Biscuits, plain or buttermilk, refrigerated dough, lower fat, baked",28.35,"1.0 oz",0,--,--,,
"""18019""","Bread, banana, prepared from recipe, made with margarine",28.35,"1.0 oz",0,--,0.5,,
"""18021""","Bread, boston brown, canned",28.35,"1.0 oz",0,--,--,,
"""28285""","Bread, chapati or roti, whole wheat, commercially prepared, frozen",43.0,"1.0 piece",0,0.14,--,,
"""18972""","Bread, cheese",48.0,"1.0 slice",0,--,--,,
"""28315""","Bread, cinnamon",28.0,"1.0 slice 1 serving",0,--,--,,
"""18022""","Bread, cornbread, dry mix, enriched (includes corn muffin mix)",28.35,"1.0 oz",0,--,0.0,,
"""18023""","Bread, cornbread, dry mix, prepared with 2% milk, 80% margarine, and eggs",51.0,"1.0 muffin",0,--,0.1,,
"""18079""","Bread, crumbs, dry, grated, plain",28.35,"1.0 oz",0,--,--,,
"""18376""","Bread, crumbs, dry, grated, seasoned",28.35,"1.0 oz",0,--,0.8,,
"""18027""","Bread, egg",28.35,"1.0 oz",0,--,--,,
"""18028""","Bread, egg, toasted",28.35,"1.0 oz",0,--,--,,
"""18029""","Bread, french or vienna (includes sourdough)",28.35,"1.0 oz",0,--,--,,
"""18030""","Bread, french or vienna, toasted (includes sourdough)",28.35,"1.0 oz",0,--,0.1,,
"""28318""","Bread, french or vienna, whole wheat",48.0,"1.0 slice 1 serving",0,--,--,,
"""28337""","Bread, gluten-free, white, made with rice flour, corn starch, and/or tapioca",35.0,"1.0 slice",0,--,--,,
"""18033""","Bread, Italian",28.35,"1.0 oz",0,--,--,,
"""28397""","Bread, multi-grain (includes whole-grain)",28.35,"1.0 oz",0,--,0.0,,
"""18036""","Bread, multi-grain, toasted (includes whole-grain)",28.35,"1.0 oz",0,--,0.0,,
"""28287""","Bread, naan, whole wheat, commercially prepared, refrigerated",106.0,"1.0 piece",0,--,--,,
"""18037""","Bread, oat bran",28.35,"1.0 oz",0,--,--,,
"""18038""","Bread, oat bran, toasted",28.35,"1.0 oz",0,--,--,,
"""18039""","Bread, oatmeal",28.35,"1.0 oz",0,--,--,,
"""18040""","Bread, oatmeal, toasted",28.35,"1.0 oz",0,--,0.1,,
"""18955""","Bread, pan dulce, sweet yeast bread",63.0,"1.0 slice (average weight of 1 slice)",0,--,0.8,,
"""28286""","Bread, paratha, whole wheat, commercially prepared, frozen",79.0,"1.0 piece",0,0.90,--,,
"""18041""","Bread, pita, white, enriched",60.0,"1.0 pita, large (6-1/2"" dia)",0,--,--,,
"""18042""","Bread, pita, whole-wheat",64.0,"1.0 pita, large (6-1/2"" dia)",0,--,--,,
"""18971""","Bread, potato",32.0,"1.0 slice",0,--,--,,
"""18043""","Bread, protein (includes gluten)",28.35,"1.0 oz",0,--,--,,
"""18383""","Bread, protein, (includes gluten), toasted",28.35,"1.0 oz",0,--,--,,
"""18044""","Bread, pumpernickel",28.35,"1.0 oz",0,--,--,,
"""18047""","Bread, raisin, enriched",28.35,"1.0 oz",0,--,0.0,,
"""18048""","Bread, raisin, enriched, toasted",28.35,"1.0 oz",0,--,0.1,,
"""18049""","Bread, reduced-calorie, oat bran",28.35,"1.0 oz",0,--,--,,
"""18050""","Bread, reduced-calorie, oat bran, toasted",28.35,"1.0 oz",0,--,--,,
"""18053""","Bread, reduced-calorie, rye",28.35,"1.0 oz",0,--,0.1,,
"""18055""","Bread, reduced-calorie, wheat",28.35,"1.0 oz",0,--,0.0,,
"""18057""","Bread, reduced-calorie, white",28.35,"1.0 oz",0,--,0.1,,
"""18059""","Bread, rice bran",28.35,"1.0 oz",0,--,--,,
"""18384""","Bread, rice bran, toasted",28.35,"1.0 oz",0,--,--,,
"""28288""","Bread, roll, Mexican, bollilo",98.0,"1.0 piece",0,--,0.2,,
"""18060""","Bread, rye",28.35,"1.0 oz",0,--,0.1,,
"""18061""","Bread, rye, toasted",28.35,"1.0 oz",0,--,0.1,,
"""18953""","Bread, salvadoran sweet cheese (quesadilla salvadorena)",55.0,"1.0 serving (approximate serving size)",0,--,--,,
"""18080""","Bread, sticks, plain",46.0,"1.0 cup, small pieces",0,--,--,,
"""18085""","Bread, stuffing, cornbread, dry mix, prepared",28.35,"1.0 oz",0,--,0.2,,
"""18081""","Bread, stuffing, dry mix",28.35,"1.0 oz",0,--,--,,
"""18082""","Bread, stuffing, dry mix, prepared",28.35,"1.0 oz",0,--,--,,
"""18064""","Bread, wheat",29.0,"1.0 slice",0,--,0.1,,
"""28316""","Bread, wheat, sprouted",38.0,"1.0 slice 1 serving",0,--,--,,
"""28317""","Bread, wheat, sprouted, toasted",38.0,"1.0 slice 1 serving",0,--,--,,
"""18065""","Bread, wheat, toasted",28.35,"1.0 oz",0,--,0.1,,
"""18967""","Bread, white wheat",28.0,"1.0 slice",0,--,--,,
"""18069""","Bread, white, commercially prepared (includes soft bread crumbs)",29.0,"1.0 slice",0,--,--,,
"""18416""","Bread, white, commercially prepared, low sodium, no salt",28.35,"1.0 oz",0,--,--,,
"""18070""","Bread, white, commercially prepared, toasted",28.35,"1.0 oz",0,--,--,,
"""18075""","Bread, whole-wheat, commercially prepared",32.0,"1.0 slice",0,0.07,--,,
"""18076""","Bread, whole-wheat, commercially prepared, toasted",28.35,"1.0 oz",0,--,--,,
"""18077""","Bread, whole-wheat, prepared from recipe",28.35,"1.0 oz",0,--,--,,
"""18078""","Bread, whole-wheat, prepared from recipe, toasted",28.35,"1.0 oz",0,--,--,,
"""18088""","Cake, angelfood, dry mix, prepared",50.0,"1.0 piece (1/12 of 10"" dia)",0,--,--,,
"""18090""","Cake, boston cream pie, commercially prepared",28.35,"1.0 oz",2,--,0.1,,
"""18147""","Cake, cheesecake, commercially prepared",28.35,"1.0 oz",0,--,0.1,,
"""18095""","Cake, cherry fudge with chocolate frosting",28.35,"1.0 oz",1,--,3.9,,
"""18096""","Cake, chocolate, commercially prepared with chocolate frosting, in-store bakery",138.0,"1.0 piece (1/12 of a cake)",297,0.30,0.1,,
"""18108""","Cake, coffeecake, cinnamon with crumb topping, dry mix, prepared",28.35,"1.0 oz",0,--,0.1,,
"""18110""","Cake, fruitcake, commercially prepared",28.35,"1.0 oz",0,--,0.1,,
"""18114""","Cake, gingerbread, dry mix",28.35,"1.0 oz",0,--,0.1,,
"""18120""","Cake, pound, commercially prepared, butter (includes fresh and frozen)",61.0,"0.16 loaf 1/6 of the loaf",0,0.20,--,,
"""18451""","Cake, pound, commercially prepared, fat-free",28.35,"1.0 oz",0,--,--,,
"""18097""","Cake, pudding-type, chocolate, dry mix",28.35,"1.0 oz",59,--,0.0,,
"""18135""","Cake, pudding-type, white, enriched, dry mix",28.35,"1.0 oz",0,--,--,,
"""18142""","Cake, pudding-type, yellow, dry mix",28.35,"1.0 oz",0,--,--,,
"""18127""","Cake, snack cakes, creme-filled, chocolate with frosting",28.35,"1.0 oz",61,--,0.5,,
"""28296""","Cake, snack cakes, creme-filled, chocolate with frosting, low-fat, with added fiber",27.0,"1.0 cake 1 serving",36,--,0.0,,
"""18128""","Cake, snack cakes, creme-filled, sponge",28.35,"1.0 oz",0,--,0.0,,
"""28297""","Cake, snack cakes, not chocolate, with icing or filling, low-fat, with added fiber",27.0,"1.0 cake 1 serving",0,--,--,,
"""18133""","Cake, sponge, commercially prepared",28.35,"1.0 oz",0,--,--,,
"""18102""","Cake, white, prepared from recipe with coconut frosting",28.35,"1.0 oz",0,--,0.0,,
"""18139""","Cake, white, prepared from recipe without frosting",74.0,"1.0 piece (1/12 of 9"" dia)",0,--,0.1,,
"""18140""","Cake, yellow, commercially prepared, with chocolate frosting, in-store bakery",144.0,"1.0 piece (1/12 of a cake)",0,0.40,--,,
"""18141""","Cake, yellow, commercially prepared, with vanilla frosting",67.0,"1.0 serving",0,--,--,,
"""18144""","Cake, yellow, enriched, dry mix",43.0,"1.0 serving",0,--,--,,
"""18964""","Cinnamon buns, frosted (includes honey buns)",65.0,"1.0 bun",0,0.24,0.2,,
"""28293""","Cookie, butter or sugar, with chocolate icing or filling",31.0,"3.0 cookies",73,--,0.0,,
"""28294""","Cookie, chocolate, with icing or coating",32.0,"4.0 cookies",51,--,0.0,,
"""28289""","Cookie, vanilla with caramel, coconut, and chocolate coating",29.0,"2.0 cookies",46,--,0.1,,
"""28290""","Cookie, with peanut butter filling, chocolate-coated",25.0,"2.0 cookies",46,--,0.0,,
"""28399""","Cookies, animal crackers (includes arrowroot, tea biscuits)",28.35,"1.0 oz",0,--,--,,
"""28291""","Cookies, animal, with frosting or icing",31.0,"8.0 cookies 1 serving",0,--,--,,
"""18151""","Cookies, brownies, commercially prepared",28.35,"1.0 oz",22,--,0.0,,
"""28298""","Cookies, brownies, commercially prepared, reduced fat, with added fiber",36.0,"1.0 brownie 1 serving",35,--,0.0,,
"""18155""","Cookies, butter, commercially prepared, enriched",28.35,"1.0 oz",0,--,--,,
"""28328""","Cookies, chocolate chip sandwich, with creme filling",34.0,"1.0 cookie",21,--,0.0,,
"""18159""","Cookies, chocolate chip, commercially prepared, regular, higher fat, enriched",12.9,"1.0 cookie",11,0.01,0.0,,
"""18422""","Cookies, chocolate chip, commercially prepared, regular, higher fat, unenriched",28.35,"1.0 oz",24,--,0.0,,
"""18158""","Cookies, chocolate chip, commercially prepared, regular, lower fat",34.0,"1.0 serving 3 cookies",36,--,0.0,,
"""18198""","Cookies, chocolate chip, commercially prepared, special dietary",28.35,"1.0 oz",17,--,0.0,,
"""18161""","Cookies, chocolate chip, dry mix",28.35,"1.0 oz",26,--,0.0,,
"""18165""","Cookies, chocolate chip, prepared from recipe, made with margarine",28.35,"1.0 oz",36,--,0.1,,
"""18163""","Cookies, chocolate chip, refrigerated dough",33.0,"1.0 serving",24,--,0.0,,
"""28350""","Cookies, chocolate cream covered biscuit sticks",40.0,"1.0 serving",26,--,0.0,,
"""28299""","Cookies, chocolate sandwich, with creme filling, reduced fat",34.0,"1.0 serving",32,--,0.0,,
"""18166""","Cookies, chocolate sandwich, with creme filling, regular",36.0,"3.0 cookie",66,0.09,0.0,,
"""18167""","Cookies, chocolate sandwich, with creme filling, regular, chocolate-coated",28.35,"1.0 oz",37,--,0.0,,
"""18199""","Cookies, chocolate sandwich, with creme filling, special dietary",28.35,"1.0 oz",27,--,0.0,,
"""18168""","Cookies, chocolate sandwich, with extra creme filling",28.35,"1.0 oz",54,--,0.0,,
"""18157""","Cookies, chocolate wafers",28.35,"1.0 oz",100,--,0.0,,
"""28329""","Cookies, chocolate, made with rice cereal",62.0,"1.0 cookie",38,--,0.0,,
"""28309""","Cookies, coconut macaroon",36.0,"2.0 cookie 1 serving",0,--,--,,
"""18170""","Cookies, fig bars",28.35,"1.0 oz",0,--,0.1,,
"""18171""","Cookies, fortune",28.35,"1.0 oz",0,--,--,,
"""18172""","Cookies, gingersnaps",28.35,"1.0 oz",0,--,--,,
"""28332""","Cookies, gluten-free, chocolate sandwich, with creme filling",44.0,"3.0 cookies",83,--,0.0,,
"""18174""","Cookies, graham crackers, chocolate-coated",27.0,"3.0 pieces",24,--,0.0,,
"""18173""","Cookies, graham crackers, plain or honey (includes cinnamon)",28.35,"1.0 oz",0,--,--,,
"""28302""","Cookies, graham crackers, plain or honey, lowfat",35.0,"1.0 serving",0,--,--,,
"""18175""","Cookies, ladyfingers, with lemon juice and rind",28.35,"1.0 oz",0,--,1.0,,
"""28351""","Cookies, Marie biscuit",28.0,"5.0 cookie",0,--,--,,
"""18176""","Cookies, marshmallow, chocolate-coated (includes marshmallow pies)",28.35,"1.0 oz",45,--,0.0,,
"""28330""","Cookies, marshmallow, with rice cereal and chocolate chips",22.0,"1.0 bar",45,--,0.0,,
"""18177""","Cookies, molasses",28.35,"1.0 oz",0,--,--,,
"""28300""","Cookies, oatmeal sandwich, with creme filling",38.0,"1.0 cookie 1 serving",0,--,--,,
"""18178""","Cookies, oatmeal, commercially prepared, regular",28.35,"1.0 oz",0,--,0.1,,
"""18200""","Cookies, oatmeal, commercially prepared, special dietary",28.35,"1.0 oz",0,--,0.1,,
"""28349""","Cookies, oatmeal, reduced fat",25.0,"1.0 cookie",0,--,--,,
"""18190""","Cookies, peanut butter sandwich, regular",28.35,"1.0 oz",0,--,0.0,,
"""18185""","Cookies, peanut butter, commercially prepared, regular",28.35,"1.0 oz",0,0.05,--,,
"""28301""","Cookies, peanut butter, commercially prepared, sugar free",29.0,"1.0 serving 3 cookies",0,--,--,,
"""18191""","Cookies, raisin, soft-type",28.35,"1.0 oz",0,--,0.1,,
"""18192""","Cookies, shortbread, commercially prepared, plain",28.35,"1.0 oz",0,--,--,,
"""28310""","Cookies, shortbread, reduced fat",11.8,"1.0 cookie",0,--,--,,
"""28311""","Cookies, sugar wafer, chocolate-covered",29.0,"3.0 cookie",52,--,0.0,,
"""18202""","Cookies, sugar wafer, with creme filling, sugar free",28.35,"1.0 oz",0,--,--,,
"""18209""","Cookies, sugar wafers with creme filling, regular",36.0,"3.0 cookies",28,0.34,0.0,,
"""18204""","Cookies, sugar, commercially prepared, regular (includes vanilla)",28.35,"1.0 oz",0,0.13,0.0,,
"""18205""","Cookies, sugar, refrigerated dough",33.0,"1.0 serving",0,--,--,,
"""18206""","Cookies, sugar, refrigerated dough, baked",28.35,"1.0 oz",0,--,--,,
"""18210""","Cookies, vanilla sandwich with creme filling",28.35,"1.0 oz",0,--,--,,
"""28352""","Cookies, vanilla sandwich with creme filling, reduced fat",48.0,"1.0 serving cookie",0,--,--,,
"""18213""","Cookies, vanilla wafers, higher fat",30.0,"8.0 wafers",0,--,--,,
"""18212""","Cookies, vanilla wafers, lower fat",28.35,"1.0 oz",0,--,--,,
"""18236""","Cracker, meal",28.35,"1.0 oz",0,--,--,,
"""18434""","Crackers, cheese, low sodium",14.2,"0.5 oz",0,--,--,,
"""18965""","Crackers, cheese, reduced fat",30.0,"1.0 serving",0,--,--,,
"""18214""","Crackers, cheese, regular",14.2,"0.5 oz",0,0.02,--,,
"""18927""","Crackers, cheese, sandwich-type with cheese filling",39.0,"6.0 cracker 1 cracker = 6.5g",0,--,1.0,,
"""18215""","Crackers, cheese, sandwich-type with peanut butter filling",14.2,"0.5 oz",0,--,--,,
"""28303""","Crackers, cheese, whole grain",31.0,"1.0 serving 55 pieces",0,--,--,,
"""18216""","Crackers, crispbread, rye",14.2,"0.5 oz",0,--,--,,
"""28345""","Crackers, gluten-free, multi-seeded and multigrain",6.1,"3.0 crackers",0,--,--,,
"""18217""","Crackers, matzo, plain",14.2,"0.5 oz",0,--,--,,
"""18220""","Crackers, melba toast, plain",14.2,"0.5 oz",0,--,--,,
"""18223""","Crackers, milk",14.2,"0.5 oz",0,--,0.0,,
"""28292""","Crackers, multigrain",14.0,"4.0 crackers",0,--,--,,
"""18226""","Crackers, rye, wafers, plain",14.2,"0.5 oz",0,--,0.0,,
"""18228""","Crackers, saltines (includes oyster, soda, soup)",14.9,"5.0 crackers",0,--,--,,
"""18457""","Crackers, saltines, fat-free, low-sodium",15.0,"3.0 saltines",0,--,--,,
"""18425""","Crackers, saltines, low salt (includes oyster, soda, soup)",14.2,"0.5 oz",0,--,--,,
"""18966""","Crackers, saltines, whole wheat (includes multi-grain)",14.0,"1.0 serving",0,--,--,,
"""28314""","Crackers, sandwich-type, peanut butter filled, reduced fat",36.0,"1.0 package",0,--,--,,
"""18229""","Crackers, standard snack-type, regular",16.0,"5.0 crackers",0,--,--,,
"""18427""","Crackers, standard snack-type, regular, low salt",14.2,"0.5 oz",0,--,--,,
"""18230""","Crackers, standard snack-type, sandwich, with cheese filling",14.2,"0.5 oz",0,--,0.0,,
"""18231""","Crackers, standard snack-type, sandwich, with peanut butter filling",14.2,"0.5 oz",0,--,--,,
"""28308""","Crackers, standard snack-type, with whole wheat",15.0,"5.0 crackers 1 serving",0,--,--,,
"""28325""","Crackers, toast thins, low sodium",31.0,"1.0 serving",0,--,--,,
"""28327""","Crackers, water biscuits",14.0,"4.0 cracker 1 serving",0,--,--,,
"""18428""","Crackers, wheat, low salt",14.2,"0.5 oz",0,--,--,,
"""18950""","Crackers, wheat, reduced fat",29.0,"1.0 serving",0,--,--,,
"""18232""","Crackers, wheat, regular",34.0,"16.0 crackers 1 serving",0,--,--,,
"""28326""","Crackers, whole grain, sandwich-type, with peanut butter filling",43.0,"6.0 cracker 1 serving",0,--,--,,
"""18235""","Crackers, whole-wheat",28.0,"1.0 serving",0,--,--,,
"""18429""","Crackers, whole-wheat, low salt",14.2,"0.5 oz",0,--,--,,
"""18949""","Crackers, whole-wheat, reduced fat",29.0,"1.0 serving",0,--,--,,
"""18237""","Cream puff shell, prepared from recipe",28.35,"1.0 oz",0,--,--,,
"""18969""","Cream puff, eclair, custard or cream filled, iced",113.0,"4.0 oz",0,--,--,,
"""18239""","Croissants, butter",28.35,"1.0 oz",0,--,0.1,,
"""18241""","Croissants, cheese",28.35,"1.0 oz",0,--,0.1,,
"""18243""","Croutons, seasoned",14.2,"0.5 oz",0,--,--,,
"""18245""","Danish pastry, cheese",28.35,"1.0 oz",0,--,0.0,,
"""18244""","Danish pastry, cinnamon, enriched",28.35,"1.0 oz",0,--,0.0,,
"""18246""","Danish pastry, fruit, enriched (includes apple, cinnamon, raisin, lemon, raspberry, strawberry)",28.35,"1.0 oz",0,--,1.1,,
"""18251""","Doughnuts, cake-type, chocolate, sugared or glazed",28.35,"1.0 oz",6,--,0.0,,
"""18248""","Doughnuts, cake-type, plain (includes unsugared, old-fashioned)",40.0,"1.0 donut",0,0.08,--,,
"""18249""","Doughnuts, cake-type, plain, chocolate-coated or frosted",28.35,"1.0 oz",15,--,0.4,,
"""18253""","Doughnuts, french crullers, glazed",28.35,"1.0 oz",0,--,--,,
"""18255""","Doughnuts, yeast-leavened, glazed, enriched (includes honey buns)",28.35,"1.0 oz",0,--,0.3,,
"""18254""","Doughnuts, yeast-leavened, with creme filling",28.35,"1.0 oz",0,--,--,,
"""18256""","Doughnuts, yeast-leavened, with jelly filling",28.35,"1.0 oz",0,--,--,,
"""28320""","English muffins, whole grain white",57.0,"1.0 muffin 1 serving",0,--,--,,
"""18973""","Focaccia, Italian flatbread, plain",57.0,"1.0 piece",0,--,--,,
"""18963""","Garlic bread, frozen",43.0,"1.0 slice presliced",0,0.08,0.1,,
"""18270""","Hush puppies, prepared from recipe",28.35,"1.0 oz",0,--,0.1,,
"""18271""","Ice cream cones, cake or wafer-type",28.35,"1.0 oz",0,--,--,,
"""18272""","Ice cream cones, sugar, rolled-type",28.35,"1.0 oz",0,--,--,,
"""18369""","Leavening agents, baking powder, double-acting, sodium aluminum sulfate",4.6,"1.0 tsp",0,--,--,,
"""18370""","Leavening agents, baking powder, double-acting, straight phosphate",4.6,"1.0 tsp",0,--,--,,
"""18371""","Leavening agents, baking powder, low-sodium",5.0,"1.0 tsp",0,--,--,,
"""18372""","Leavening agents, baking soda",4.6,"1.0 tsp",0,--,--,,
"""18373""","Leavening agents, cream of tartar",3.0,"1.0 tsp",0,--,--,,
"""18375""","Leavening agents, yeast, baker's, active dry",4.0,"1.0 tsp",0,--,0.0,,
"""18374""","Leavening agents, yeast, baker's, compressed",17.0,"1.0 cake (0.6 oz)",0,--,0.0,,
"""18940""","Muffin, blueberry, commercially prepared, low-fat",71.0,"1.0 muffin small",0,--,0.6,,
"""18274""","Muffins, blueberry, commercially prepared (Includes mini-muffins)",28.35,"1.0 oz",0,--,0.3,,
"""18277""","Muffins, blueberry, toaster-type",28.35,"1.0 oz",0,--,--,,
"""18386""","Muffins, blueberry, toaster-type, toasted",28.35,"1.0 oz",0,--,--,,
"""18279""","Muffins, corn, commercially prepared",28.35,"1.0 oz",0,--,--,,
"""18260""","Muffins, English, mixed-grain (includes granola)",28.35,"1.0 oz",0,--,--,,
"""18258""","Muffins, English, plain, enriched, with ca prop (includes sourdough)",28.35,"1.0 oz",0,--,0.5,,
"""18259""","Muffins, English, plain, toasted, enriched, with calcium propionate (includes sourdough)",28.35,"1.0 oz",0,--,0.5,,
"""18262""","Muffins, English, raisin-cinnamon (includes apple-cinnamon)",28.35,"1.0 oz",0,--,0.4,,
"""18263""","Muffins, English, raisin-cinnamon, toasted (includes apple-cinnamon)",28.35,"1.0 oz",0,--,0.4,,
"""18264""","Muffins, English, wheat",28.35,"1.0 oz",0,--,--,,
"""18266""","Muffins, English, whole-wheat",28.35,"1.0 oz",0,--,--,,
"""18283""","Muffins, oat bran",28.35,"1.0 oz",0,--,--,,
"""18388""","Muffins, wheat bran, toaster-type with raisins, toasted",28.35,"1.0 oz",0,--,--,,
"""18651""","Nabisco, Nabisco Snackwell's Fat Free Devil's Food Cookie Cakes",16.0,"1.0 serving",15,--,0.0,,
"""18288""","Pancakes plain, frozen, ready-to-heat (includes buttermilk)",28.35,"1.0 oz",0,--,0.1,,
"""18295""","Pancakes, buckwheat, dry mix, incomplete",28.35,"1.0 oz",0,--,--,,
"""28347""","Pancakes, gluten-free, frozen, ready-to-heat",48.0,"1.0 pancake",0,--,0.1,,
"""18291""","Pancakes, plain, dry mix, incomplete (includes buttermilk)",28.35,"1.0 oz",0,--,--,,
"""18936""","Pancakes, plain, frozen, ready-to-heat, microwave (includes buttermilk)",28.35,"1.0 oz",0,--,--,,
"""28305""","Pancakes, plain, reduced fat",105.0,"1.0 serving 3 pancakes",0,--,--,,
"""28324""","Pancakes, whole wheat, dry mix, incomplete",38.0,"0.25 cup mix 1 serving",0,--,--,,
"""18338""","Phyllo dough",28.35,"1.0 oz",0,--,--,,
"""18943""","Pie Crust, Cookie-type, Chocolate, Ready Crust",182.0,"1.0 crust",182,--,0.0,,
"""18942""","Pie Crust, Cookie-type, Graham Cracker, Ready Crust",28.35,"1.0 oz",0,--,--,,
"""18399""","Pie crust, cookie-type, prepared from recipe, graham cracker, chilled",30.0,"1.0 piece (1/8 of 9"" crust)",0,--,--,,
"""18401""","Pie crust, cookie-type, prepared from recipe, vanilla wafer, chilled",129.0,"1.0 cup",0,--,0.1,,
"""18334""","Pie crust, standard-type, frozen, ready-to-bake, enriched",18.0,"1.0 piece (1/8 of 9"" crust)",0,--,--,,
"""18335""","Pie crust, standard-type, frozen, ready-to-bake, enriched, baked",154.0,"1.0 pie crust (average weight of 1 baked crust)",0,--,--,,
"""18336""","Pie crust, standard-type, prepared from recipe, baked",23.0,"1.0 piece (1/8 of 9"" crust)",0,--,--,,
"""18402""","Pie crust, standard-type, prepared from recipe, unbaked",24.0,"1.0 piece (1/8 of 9"" crust)",0,--,--,,
"""18301""","Pie, apple, commercially prepared, enriched flour",28.35,"1.0 oz",0,--,0.9,,
"""18304""","Pie, banana cream, prepared from recipe",28.35,"1.0 oz",0,--,0.5,,
"""18305""","Pie, blueberry, commercially prepared",28.35,"1.0 oz",0,--,0.8,,
"""18308""","Pie, cherry, commercially prepared",28.35,"1.0 oz",0,--,0.3,,
"""18310""","Pie, chocolate creme, commercially prepared",120.0,"1.0 serving .167 pie",67,--,0.0,,
"""18312""","Pie, chocolate mousse, prepared from mix, no-bake type",28.35,"1.0 oz",2,--,0.1,,
"""18313""","Pie, coconut creme, commercially prepared",28.35,"1.0 oz",0,--,--,,
"""18944""","Pie, Dutch Apple, Commercially Prepared",131.0,"0.12 pie 1 pie (1/8 of 9"" pie)",0,--,7.5,,
"""18317""","Pie, egg custard, commercially prepared",28.35,"1.0 oz",0,--,0.2,,
"""18319""","Pie, fried pies, fruit",28.35,"1.0 oz",0,--,0.4,,
"""18320""","Pie, lemon meringue, commercially prepared",28.35,"1.0 oz",0,--,0.9,,
"""18322""","Pie, mince, prepared from recipe",28.35,"1.0 oz",0,--,1.7,,
"""18323""","Pie, peach",28.35,"1.0 oz",0,--,0.3,,
"""18324""","Pie, pecan, commercially prepared",28.35,"1.0 oz",0,--,--,,
"""18326""","Pie, pumpkin, commercially prepared",28.35,"1.0 oz",0,--,--,,
"""18328""","Pie, vanilla cream, prepared from recipe",28.35,"1.0 oz",0,--,0.1,,
"""18337""","Puff pastry, frozen, ready-to-bake",28.35,"1.0 oz",0,--,--,,
"""18211""","Puff pastry, frozen, ready-to-bake, baked",28.35,"1.0 oz",0,--,--,,
"""18344""","Rolls, dinner, egg",28.35,"1.0 oz",0,--,--,,
"""18345""","Rolls, dinner, oat bran",28.35,"1.0 oz",0,--,--,,
"""18342""","Rolls, dinner, plain, commercially prepared (includes brown-and-serve)",28.0,"1.0 roll (1 oz)",0,--,0.1,,
"""18346""","Rolls, dinner, rye",43.0,"1.0 large (approx 3-1/2"" to 4"" dia)",0,--,--,,
"""28348""","Rolls, dinner, sweet",30.0,"1.0 roll",0,--,0.1,,
"""18347""","Rolls, dinner, wheat",28.0,"1.0 roll (1 oz)",0,--,--,,
"""18348""","Rolls, dinner, whole-wheat",28.0,"1.0 roll (1 oz)",0,--,--,,
"""18349""","Rolls, french",28.35,"1.0 oz",0,--,--,,
"""28341""","Rolls, gluten-free, white, made with rice flour, rice starch, and corn starch",78.0,"1.0 roll",0,--,--,,
"""28312""","Rolls, hamburger or hot dog, wheat/cracked wheat",51.0,"1.0 roll",0,--,0.7,,
"""28313""","Rolls, hamburger or hot dog, whole wheat",56.0,"1.0 roll",0,--,0.7,,
"""18351""","Rolls, hamburger or hotdog, mixed-grain",28.35,"1.0 oz",0,--,--,,
"""18350""","Rolls, hamburger or hotdog, plain",44.0,"1.0 roll 1 serving",0,--,0.6,,
"""28321""","Rolls, hamburger, whole grain white, calcium-fortified",43.0,"1.0 piece roll",0,--,--,,
"""18353""","Rolls, hard (includes kaiser)",28.35,"1.0 oz",0,--,--,,
"""43441""","Rolls, pumpernickel",36.0,"1.0 medium (2-1/2"" dia)",0,--,--,,
"""18354""","Strudel, apple",28.35,"1.0 oz",0,--,0.5,,
"""18356""","Sweet rolls, cinnamon, commercially prepared with raisins",28.35,"1.0 oz",0,--,0.6,,
"""18360""","Taco shells, baked",12.9,"1.0 shell",0,--,--,,
"""18459""","Tart, breakfast, low fat",52.0,"1.0 tart",0,--,2.0,,
"""18362""","Toaster pastries, fruit (includes apple, blueberry, cherry, strawberry)",28.35,"1.0 oz",0,--,--,,
"""18938""","Toaster Pastries, fruit, frosted (include apples, blueberry, cherry, strawberry)",53.0,"1.0 piece",0,0.04,--,,
"""18363""","Tortillas, ready-to-bake or -fry, corn",28.35,"1.0 oz",0,--,--,,
"""18364""","Tortillas, ready-to-bake or -fry, flour, refrigerated",48.0,"1.0 tortilla",0,--,--,,
"""18970""","Tortillas, ready-to-bake or -fry, flour, shelf stable",49.0,"1.0 tortilla",0,--,--,,
"""28295""","Tortillas, ready-to-bake or -fry, whole wheat",41.0,"1.0 tortilla 1 serving",0,--,--,,
"""18933""","Waffle, buttermilk, frozen, ready-to-heat, toasted",28.0,"1.0 oz",0,--,--,,
"""18932""","Waffles, buttermilk, frozen, ready-to-heat",39.0,"1.0 waffle, square",0,--,--,,
"""18951""","Waffles, chocolate chip, frozen, ready-to-heat",70.0,"2.0 waffles",62,--,0.0,,
"""28346""","Waffles, gluten-free, frozen, ready-to-heat",45.0,"1.0 waffle",0,--,--,,
"""18403""","Waffles, plain, frozen, ready -to-heat, toasted",28.35,"1.0 oz",0,--,--,,
"""18365""","Waffles, plain, frozen, ready-to-heat",28.35,"1.0 oz",0,--,--,,
"""28304""","Waffles, whole wheat, lowfat, frozen, ready-to-heat",70.0,"1.0 serving 2 waffles",0,--,--,,
