Source: USDA National Nutrient Database for Standard Reference Legacy Software v.3.9.4 2018-05-17
"Nutrients: 15:1 (g); Glutamic acid (g); Aspartic acid (g)"
"Food Groups: Baked Products"
Food Subset:All Foods
Ordered by:Food Name
Measured by:Household
Report Run at: 06-02-2018T14:02
NDB_NO,Description,Weight(g),Measure,"15:1"(g)Per Measure,"Glutamic acid"(g)Per Measure,"Aspartic acid"(g)Per Measure,
"""28322""","Bagels, multigrain",81.0,"1.0 piece bagel",0.000,--,--,,
"""18001""","Bagels, plain, enriched, with calcium propionate (includes onion, poppy, sesame)",99.0,"1.0 bagel",0.000,--,--,,
"""18002""","Bagels, plain, enriched, with calcium propionate (includes onion, poppy, sesame), toasted",24.0,"1.0 mini bagel (2-1/2"" dia)",0.000,0.934,0.127,,
"""18968""","Bagels, wheat",98.0,"1.0 bagel",0.000,--,--,,
"""28319""","Bagels, whole grain white",43.0,"0.5 piece bagel 1 serving",0.000,--,--,,
"""18014""","Biscuits, plain or buttermilk, refrigerated dough, higher fat",58.0,"1.0 biscuit",0.000,0.915,0.154,,
"""18015""","Biscuits, plain or buttermilk, refrigerated dough, higher fat, baked",51.0,"1.0 biscuit",0.000,--,--,,
"""28306""","Bread, chapati or roti, plain, commercially prepared",68.0,"1.0 piece",0.000,--,--,,
"""28285""","Bread, chapati or roti, whole wheat, commercially prepared, frozen",43.0,"1.0 piece",0.000,--,--,,
"""18972""","Bread, cheese",48.0,"1.0 slice",0.000,--,--,,
"""28315""","Bread, cinnamon",28.0,"1.0 slice 1 serving",0.000,--,--,,
"""18023""","Bread, cornbread, dry mix, prepared with 2% milk, 80% margarine, and eggs",51.0,"1.0 muffin",0.000,0.761,0.235,,
"""18029""","Bread, french or vienna (includes sourdough)",28.35,"1.0 oz",0.000,--,--,,
"""18030""","Bread, french or vienna, toasted (includes sourdough)",28.35,"1.0 oz",0.000,1.035,0.141,,
"""28318""","Bread, french or vienna, whole wheat",48.0,"1.0 slice 1 serving",0.000,--,--,,
"""28336""","Bread, gluten-free, white, made with potato extract, rice starch, and rice flour",34.0,"1.0 slice",0.152,--,--,,
"""28337""","Bread, gluten-free, white, made with rice flour, corn starch, and/or tapioca",35.0,"1.0 slice",0.252,--,--,,
"""28338""","Bread, gluten-free, white, made with tapioca starch and brown rice flour",28.0,"1.0 slice",0.000,0.210,0.157,,
"""28339""","Bread, gluten-free, whole grain, made with tapioca starch and brown rice flour",25.0,"1.0 slice",0.107,--,--,,
"""18033""","Bread, Italian",28.35,"1.0 oz",0.000,--,--,,
"""28397""","Bread, multi-grain (includes whole-grain)",28.35,"1.0 oz",0.000,0.622,0.157,,
"""18036""","Bread, multi-grain, toasted (includes whole-grain)",28.35,"1.0 oz",0.000,0.676,0.171,,
"""28307""","Bread, naan, plain, commercially prepared, refrigerated",90.0,"1.0 piece",0.000,--,--,,
"""18955""","Bread, pan dulce, sweet yeast bread",63.0,"1.0 slice (average weight of 1 slice)",0.000,--,--,,
"""28286""","Bread, paratha, whole wheat, commercially prepared, frozen",79.0,"1.0 piece",0.000,--,--,,
"""18971""","Bread, potato",32.0,"1.0 slice",0.000,0.433,0.171,,
"""18954""","Bread, pound cake type, pan de torta salvadoran",55.0,"1.0 serving",0.000,1.194,0.214,,
"""18055""","Bread, reduced-calorie, wheat",28.35,"1.0 oz",0.000,--,--,,
"""28288""","Bread, roll, Mexican, bollilo",98.0,"1.0 piece",0.000,--,--,,
"""18953""","Bread, salvadoran sweet cheese (quesadilla salvadorena)",55.0,"1.0 serving (approximate serving size)",0.000,0.732,0.324,,
"""18064""","Bread, wheat",29.0,"1.0 slice",0.000,--,--,,
"""28316""","Bread, wheat, sprouted",38.0,"1.0 slice 1 serving",0.000,--,--,,
"""28317""","Bread, wheat, sprouted, toasted",38.0,"1.0 slice 1 serving",0.000,--,--,,
"""18065""","Bread, wheat, toasted",28.35,"1.0 oz",0.000,0.584,0.099,,
"""18967""","Bread, white wheat",28.0,"1.0 slice",0.000,--,--,,
"""18069""","Bread, white, commercially prepared (includes soft bread crumbs)",29.0,"1.0 slice",0.000,--,--,,
"""18075""","Bread, whole-wheat, commercially prepared",32.0,"1.0 slice",0.000,--,--,,
"""18096""","Cake, chocolate, commercially prepared with chocolate frosting, in-store bakery",138.0,"1.0 piece (1/12 of a cake)",0.000,1.103,0.471,,
"""18120""","Cake, pound, commercially prepared, butter (includes fresh and frozen)",61.0,"0.16 loaf 1/6 of the loaf",0.000,0.683,0.211,,
"""18127""","Cake, snack cakes, creme-filled, chocolate with frosting",28.35,"1.0 oz",0.001,0.218,0.084,,
"""28296""","Cake, snack cakes, creme-filled, chocolate with frosting, low-fat, with added fiber",27.0,"1.0 cake 1 serving",0.000,--,--,,
"""28297""","Cake, snack cakes, not chocolate, with icing or filling, low-fat, with added fiber",27.0,"1.0 cake 1 serving",0.000,--,--,,
"""18140""","Cake, yellow, commercially prepared, with chocolate frosting, in-store bakery",144.0,"1.0 piece (1/12 of a cake)",0.000,--,--,,
"""18964""","Cinnamon buns, frosted (includes honey buns)",65.0,"1.0 bun",0.000,1.009,0.193,,
"""28289""","Cookie, vanilla with caramel, coconut, and chocolate coating",29.0,"2.0 cookies",0.000,0.202,0.044,,
"""28298""","Cookies, brownies, commercially prepared, reduced fat, with added fiber",36.0,"1.0 brownie 1 serving",0.000,--,--,,
"""28328""","Cookies, chocolate chip sandwich, with creme filling",34.0,"1.0 cookie",0.000,--,--,,
"""18159""","Cookies, chocolate chip, commercially prepared, regular, higher fat, enriched",12.9,"1.0 cookie",0.000,0.171,0.032,,
"""18158""","Cookies, chocolate chip, commercially prepared, regular, lower fat",34.0,"1.0 serving 3 cookies",0.000,0.622,0.095,,
"""18160""","Cookies, chocolate chip, commercially prepared, soft-type",14.2,"1.0 cookie",0.000,0.151,0.028,,
"""28299""","Cookies, chocolate sandwich, with creme filling, reduced fat",34.0,"1.0 serving",0.000,--,--,,
"""18166""","Cookies, chocolate sandwich, with creme filling, regular",36.0,"3.0 cookie",0.000,0.526,0.104,,
"""28329""","Cookies, chocolate, made with rice cereal",62.0,"1.0 cookie",0.000,--,--,,
"""28332""","Cookies, gluten-free, chocolate sandwich, with creme filling",44.0,"3.0 cookies",0.000,--,--,,
"""28333""","Cookies, gluten-free, chocolate wafer",23.0,"3.0 cookies",0.000,--,--,,
"""28334""","Cookies, gluten-free, lemon wafer",30.0,"3.0 cookies",0.000,--,--,,
"""28335""","Cookies, gluten-free, vanilla sandwich, with creme filling",44.0,"3.0 cookies",0.000,--,--,,
"""18174""","Cookies, graham crackers, chocolate-coated",27.0,"3.0 pieces",0.000,0.286,0.059,,
"""18173""","Cookies, graham crackers, plain or honey (includes cinnamon)",28.35,"1.0 oz",0.000,--,--,,
"""28302""","Cookies, graham crackers, plain or honey, lowfat",35.0,"1.0 serving",0.000,--,--,,
"""28330""","Cookies, marshmallow, with rice cereal and chocolate chips",22.0,"1.0 bar",0.000,--,--,,
"""28300""","Cookies, oatmeal sandwich, with creme filling",38.0,"1.0 cookie 1 serving",0.000,--,--,,
"""28349""","Cookies, oatmeal, reduced fat",25.0,"1.0 cookie",0.000,--,--,,
"""18184""","Cookies, oatmeal, with raisins",28.35,"1.0 oz",0.000,--,--,,
"""18185""","Cookies, peanut butter, commercially prepared, regular",28.35,"1.0 oz",0.000,0.644,0.261,,
"""28301""","Cookies, peanut butter, commercially prepared, sugar free",29.0,"1.0 serving 3 cookies",0.000,--,--,,
"""18192""","Cookies, shortbread, commercially prepared, plain",28.35,"1.0 oz",0.000,--,--,,
"""18209""","Cookies, sugar wafers with creme filling, regular",36.0,"3.0 cookies",0.000,0.416,0.073,,
"""18204""","Cookies, sugar, commercially prepared, regular (includes vanilla)",28.35,"1.0 oz",0.000,0.384,0.088,,
"""18213""","Cookies, vanilla wafers, higher fat",30.0,"8.0 wafers",0.000,0.472,0.076,,
"""18965""","Crackers, cheese, reduced fat",30.0,"1.0 serving",0.000,0.834,0.116,,
"""18214""","Crackers, cheese, regular",14.2,"0.5 oz",0.000,0.431,0.068,,
"""28303""","Crackers, cheese, whole grain",31.0,"1.0 serving 55 pieces",0.000,--,--,,
"""18961""","Crackers, cream, Gamesa Sabrosas",31.0,"11.0 crackers (1 NLEA serving)",0.000,--,--,,
"""18962""","Crackers, cream, La Moderna Rikis Cream Crackers",32.0,"10.0 crackers (1 NLEA serving)",0.000,--,--,,
"""28331""","Crackers, flavored, fish-shaped",5.2,"10.0 goldfish",0.000,--,--,,
"""28345""","Crackers, gluten-free, multi-seeded and multigrain",6.1,"3.0 crackers",0.000,--,--,,
"""28344""","Crackers, gluten-free, multigrain and vegetable, made with corn starch and white rice flour",10.7,"3.0 crackers",0.000,--,--,,
"""28292""","Crackers, multigrain",14.0,"4.0 crackers",0.000,0.309,0.049,,
"""18228""","Crackers, saltines (includes oyster, soda, soup)",14.9,"5.0 crackers",0.000,0.471,0.062,,
"""18425""","Crackers, saltines, low salt (includes oyster, soda, soup)",14.2,"0.5 oz",0.000,0.466,0.061,,
"""18966""","Crackers, saltines, whole wheat (includes multi-grain)",14.0,"1.0 serving",0.000,--,--,,
"""28314""","Crackers, sandwich-type, peanut butter filled, reduced fat",36.0,"1.0 package",0.000,--,--,,
"""18960""","Crackers, snack, Goya Crackers",30.0,"1.0 serving (1 NLEA serving - about 4 crackers)",0.000,--,--,,
"""18229""","Crackers, standard snack-type, regular",16.0,"5.0 crackers",0.000,0.368,0.049,,
"""28308""","Crackers, standard snack-type, with whole wheat",15.0,"5.0 crackers 1 serving",0.000,--,--,,
"""28325""","Crackers, toast thins, low sodium",31.0,"1.0 serving",0.000,--,--,,
"""18950""","Crackers, wheat, reduced fat",29.0,"1.0 serving",0.000,0.791,0.147,,
"""18232""","Crackers, wheat, regular",34.0,"16.0 crackers 1 serving",0.000,0.867,0.165,,
"""28326""","Crackers, whole grain, sandwich-type, with peanut butter filling",43.0,"6.0 cracker 1 serving",0.000,--,--,,
"""18235""","Crackers, whole-wheat",28.0,"1.0 serving",0.000,0.858,0.152,,
"""18949""","Crackers, whole-wheat, reduced fat",29.0,"1.0 serving",0.000,0.990,0.176,,
"""18969""","Cream puff, eclair, custard or cream filled, iced",113.0,"4.0 oz",0.000,--,--,,
"""28355""","Crunchmaster, Multi-Grain Crisps, Snack Crackers, Gluten-Free",3.9,"3.0 crackers",0.000,--,--,,
"""18248""","Doughnuts, cake-type, plain (includes unsugared, old-fashioned)",40.0,"1.0 donut",0.000,--,--,,
"""18249""","Doughnuts, cake-type, plain, chocolate-coated or frosted",28.35,"1.0 oz",0.000,0.349,0.097,,
"""18255""","Doughnuts, yeast-leavened, glazed, enriched (includes honey buns)",28.35,"1.0 oz",0.000,0.598,0.132,,
"""28320""","English muffins, whole grain white",57.0,"1.0 muffin 1 serving",0.000,--,--,,
"""18963""","Garlic bread, frozen",43.0,"1.0 slice presliced",0.000,0.634,0.143,,
"""28356""","Glutino, Gluten Free Cookies, Chocolate Vanilla Creme",44.0,"3.0 cookies",0.000,--,--,,
"""28357""","Glutino, Gluten Free Cookies, Vanilla Creme",45.0,"3.0 cookies",0.000,--,--,,
"""28358""","Glutino, Gluten Free Wafers, Lemon Flavored",30.0,"3.0 cookies",0.000,--,--,,
"""28359""","Glutino, Gluten Free Wafers, Milk Chocolate",23.0,"3.0 cookies",0.000,--,--,,
"""18274""","Muffins, blueberry, commercially prepared (Includes mini-muffins)",28.35,"1.0 oz",0.000,0.433,0.090,,
"""18258""","Muffins, English, plain, enriched, with ca prop (includes sourdough)",28.35,"1.0 oz",0.000,0.627,0.172,,
"""18259""","Muffins, English, plain, toasted, enriched, with calcium propionate (includes sourdough)",28.35,"1.0 oz",0.000,0.737,0.202,,
"""18262""","Muffins, English, raisin-cinnamon (includes apple-cinnamon)",28.35,"1.0 oz",0.000,0.519,0.134,,
"""18263""","Muffins, English, raisin-cinnamon, toasted (includes apple-cinnamon)",28.35,"1.0 oz",0.000,0.590,0.152,,
"""18621""","Nabisco, Nabisco Ritz Crackers",3.3,"1.0 cracker",0.000,--,--,,
"""18288""","Pancakes plain, frozen, ready-to-heat (includes buttermilk)",28.35,"1.0 oz",0.000,0.377,0.069,,
"""28347""","Pancakes, gluten-free, frozen, ready-to-heat",48.0,"1.0 pancake",0.000,--,--,,
"""18289""","Pancakes, plain, dry mix, complete (includes buttermilk)",52.0,"0.33 cup",0.000,1.337,0.318,,
"""18936""","Pancakes, plain, frozen, ready-to-heat, microwave (includes buttermilk)",28.35,"1.0 oz",0.000,--,--,,
"""18959""","Pastry, Pastelitos de Guava (guava pastries)",86.0,"1.0 piece",0.000,--,--,,
"""28363""","Pepperidge Farm, Goldfish, Baked Snack Crackers, Original",5.2,"10.0 goldfish",0.000,--,--,,
"""28364""","Pepperidge Farm, Goldfish, Baked Snack Crackers, Parmesan",5.3,"10.0 goldfish",0.000,--,--,,
"""28365""","Pepperidge Farm, Goldfish, Baked Snack Crackers, Pizza",5.1,"10.0 goldfish",0.000,--,--,,
"""18947""","Pie crust, deep dish, frozen, baked, made with enriched flour",202.0,"1.0 pie crust (average weight)",0.000,4.165,0.604,,
"""18945""","Pie crust, deep dish, frozen, unbaked, made with enriched flour",225.0,"1.0 pie crust (average weight)",0.000,4.138,0.592,,
"""18946""","Pie crust, refrigerated, regular, baked",198.0,"1.0 pie crust",0.000,2.166,0.323,,
"""18948""","Pie crust, refrigerated, regular, unbaked",229.0,"1.0 pie crust (average weight)",0.000,2.109,0.314,,
"""18334""","Pie crust, standard-type, frozen, ready-to-bake, enriched",18.0,"1.0 piece (1/8 of 9"" crust)",0.000,0.342,0.048,,
"""18335""","Pie crust, standard-type, frozen, ready-to-bake, enriched, baked",154.0,"1.0 pie crust (average weight of 1 baked crust)",0.000,3.323,0.468,,
"""18310""","Pie, chocolate creme, commercially prepared",120.0,"1.0 serving .167 pie",0.000,--,--,,
"""18944""","Pie, Dutch Apple, Commercially Prepared",131.0,"0.12 pie 1 pie (1/8 of 9"" pie)",0.000,0.973,0.160,,
"""18324""","Pie, pecan, commercially prepared",28.35,"1.0 oz",0.000,0.270,0.096,,
"""18326""","Pie, pumpkin, commercially prepared",28.35,"1.0 oz",0.000,0.239,0.085,,
"""18342""","Rolls, dinner, plain, commercially prepared (includes brown-and-serve)",28.0,"1.0 roll (1 oz)",0.000,0.983,0.126,,
"""28348""","Rolls, dinner, sweet",30.0,"1.0 roll",0.000,0.900,0.153,,
"""28341""","Rolls, gluten-free, white, made with rice flour, rice starch, and corn starch",78.0,"1.0 roll",0.081,--,--,,
"""28343""","Rolls, gluten-free, whole grain, made with tapioca starch and brown rice flour",44.0,"1.0 roll",0.000,--,--,,
"""28312""","Rolls, hamburger or hot dog, wheat/cracked wheat",51.0,"1.0 roll",0.000,--,--,,
"""28313""","Rolls, hamburger or hot dog, whole wheat",56.0,"1.0 roll",0.000,--,--,,
"""18350""","Rolls, hamburger or hotdog, plain",44.0,"1.0 roll 1 serving",0.000,--,--,,
"""28321""","Rolls, hamburger, whole grain white, calcium-fortified",43.0,"1.0 piece roll",0.000,--,--,,
"""28366""","Rudi's, Gluten-Free Bakery, Original Sandwich Bread",34.0,"1.0 slice",0.152,--,--,,
"""28367""","Sage Valley, Gluten Free Vanilla Sandwich Cookies",44.0,"3.0 cookies",0.000,--,--,,
"""28368""","Schar, Gluten-Free, Classic White Rolls",78.0,"1.0 roll",0.081,--,--,,
"""18360""","Taco shells, baked",12.9,"1.0 shell",0.000,0.162,0.070,,
"""18362""","Toaster pastries, fruit (includes apple, blueberry, cherry, strawberry)",28.35,"1.0 oz",0.000,--,--,,
"""18938""","Toaster Pastries, fruit, frosted (include apples, blueberry, cherry, strawberry)",53.0,"1.0 piece",0.000,0.755,0.156,,
"""18939""","Toaster pastries, fruit, toasted (include apple, blueberry, cherry, strawberry)",51.0,"1.0 pastry",0.000,--,--,,
"""18364""","Tortillas, ready-to-bake or -fry, flour, refrigerated",48.0,"1.0 tortilla",0.000,0.852,0.107,,
"""18970""","Tortillas, ready-to-bake or -fry, flour, shelf stable",49.0,"1.0 tortilla",0.000,1.102,0.138,,
"""28295""","Tortillas, ready-to-bake or -fry, whole wheat",41.0,"1.0 tortilla 1 serving",0.000,1.177,0.257,,
"""18952""","Tostada shells, corn",12.3,"1.0 piece",0.000,--,--,,
"""28371""","Udi's, Gluten Free, Soft  &  Delicious White Sandwich Bread",28.0,"1.0 slice",0.000,0.210,0.157,,
"""28372""","Udi's, Gluten Free, Soft  &  Hearty Whole Grain Bread",25.0,"1.0 slice",0.107,--,--,,
"""28373""","Udi's, Gluten Free, Whole Grain Dinner Rolls",44.0,"1.0 roll",0.000,--,--,,
"""28374""","Van's, Gluten Free, Totally Original Pancakes",48.0,"1.0 pancake",0.000,--,--,,
"""28375""","Van's, Gluten Free, Totally Original Waffles",47.0,"1.0 waffle",0.000,--,--,,
"""18934""","Waffle, buttermilk, frozen, ready-to-heat, microwaved",35.0,"1.0 waffle",0.000,--,--,,
"""18933""","Waffle, buttermilk, frozen, ready-to-heat, toasted",28.0,"1.0 oz",0.000,0.502,0.126,,
"""18935""","Waffle, plain, frozen, ready-to-heat, microwave",32.0,"1.0 waffle, round (4""dia)",0.000,--,--,,
"""18932""","Waffles, buttermilk, frozen, ready-to-heat",39.0,"1.0 waffle, square",0.000,0.629,0.158,,
"""18951""","Waffles, chocolate chip, frozen, ready-to-heat",70.0,"2.0 waffles",0.000,0.935,0.199,,
"""28346""","Waffles, gluten-free, frozen, ready-to-heat",45.0,"1.0 waffle",0.000,--,--,,
"""18403""","Waffles, plain, frozen, ready -to-heat, toasted",28.35,"1.0 oz",0.000,0.514,0.124,,
"""18365""","Waffles, plain, frozen, ready-to-heat",28.35,"1.0 oz",0.000,0.462,0.112,,
"""28304""","Waffles, whole wheat, lowfat, frozen, ready-to-heat",70.0,"1.0 serving 2 waffles",0.000,--,--,,
