Source: USDA National Nutrient Database for Standard Reference Legacy Software v.3.9.4 2018-05-17
"Nutrients: Retinol (µg); 18:1-11 t (18:1t n-7) (g); Caffeine (mg)"
"Food Groups: Baked Products"
Food Subset:All Foods
Ordered by:Food Name
Measured by:Household
Report Run at: 06-02-2018T14:02
NDB_NO,Description,Weight(g),Measure,"Retinol"(µg)Per Measure,"18:1-11 t (18:1t n-7)"(g)Per Measure,"Caffeine"(mg)Per Measure,
"""18005""","Bagels, cinnamon-raisin",26.0,"1.0 mini bagel (2-1/2"" dia)",5,--,0,,
"""18006""","Bagels, cinnamon-raisin, toasted",24.0,"1.0 mini bagel (2-1/2"" dia)",6,--,0,,
"""18003""","Bagels, egg",28.35,"1.0 oz",9,--,--,,
"""28322""","Bagels, multigrain",81.0,"1.0 piece bagel",--,--,0,,
"""18007""","Bagels, oat bran",26.0,"1.0 mini bagel (2-1/2"" dia)",0,--,0,,
"""18001""","Bagels, plain, enriched, with calcium propionate (includes onion, poppy, sesame)",99.0,"1.0 bagel",--,--,0,,
"""18002""","Bagels, plain, enriched, with calcium propionate (includes onion, poppy, sesame), toasted",24.0,"1.0 mini bagel (2-1/2"" dia)",--,--,0,,
"""18406""","Bagels, plain, enriched, without calcium propionate (includes onion, poppy, sesame)",28.35,"1.0 oz",0,--,--,,
"""18407""","Bagels, plain, unenriched, with calcium propionate (includes onion, poppy, sesame)",28.35,"1.0 oz",0,--,--,,
"""18408""","Bagels, plain, unenriched, without calcium propionate(includes onion, poppy, sesame)",28.35,"1.0 oz",0,--,--,,
"""18968""","Bagels, wheat",98.0,"1.0 bagel",--,--,0,,
"""28319""","Bagels, whole grain white",43.0,"0.5 piece bagel 1 serving",--,--,0,,
"""18017""","Biscuits, mixed grain, refrigerated dough",28.35,"1.0 oz",0,--,--,,
"""18010""","Biscuits, plain or buttermilk, dry mix",120.0,"1.0 cup, purchased",2,--,0,,
"""18011""","Biscuits, plain or buttermilk, dry mix, prepared",28.35,"1.0 oz",7,--,--,,
"""18009""","Biscuits, plain or buttermilk, frozen, baked",28.35,"1.0 oz",--,--,0,,
"""18014""","Biscuits, plain or buttermilk, refrigerated dough, higher fat",58.0,"1.0 biscuit",1,--,0,,
"""18015""","Biscuits, plain or buttermilk, refrigerated dough, higher fat, baked",51.0,"1.0 biscuit",--,--,0,,
"""18012""","Biscuits, plain or buttermilk, refrigerated dough, lower fat",58.0,"1.0 serving 1 biscuit",--,--,0,,
"""18013""","Biscuits, plain or buttermilk, refrigerated dough, lower fat, baked",28.35,"1.0 oz",--,--,0,,
"""18019""","Bread, banana, prepared from recipe, made with margarine",28.35,"1.0 oz",27,--,0,,
"""18021""","Bread, boston brown, canned",28.35,"1.0 oz",7,--,0,,
"""28285""","Bread, chapati or roti, whole wheat, commercially prepared, frozen",43.0,"1.0 piece",--,--,0,,
"""18972""","Bread, cheese",48.0,"1.0 slice",11,--,0,,
"""28315""","Bread, cinnamon",28.0,"1.0 slice 1 serving",--,--,0,,
"""18022""","Bread, cornbread, dry mix, enriched (includes corn muffin mix)",28.35,"1.0 oz",5,--,0,,
"""18023""","Bread, cornbread, dry mix, prepared with 2% milk, 80% margarine, and eggs",51.0,"1.0 muffin",16,--,0,,
"""18412""","Bread, cornbread, dry mix, unenriched (includes corn muffin mix)",28.35,"1.0 oz",0,--,--,,
"""18025""","Bread, cracked-wheat",28.35,"1.0 oz",0,--,--,,
"""18079""","Bread, crumbs, dry, grated, plain",28.35,"1.0 oz",--,--,0,,
"""18376""","Bread, crumbs, dry, grated, seasoned",28.35,"1.0 oz",--,--,0,,
"""18027""","Bread, egg",28.35,"1.0 oz",18,--,0,,
"""18028""","Bread, egg, toasted",28.35,"1.0 oz",20,--,0,,
"""18029""","Bread, french or vienna (includes sourdough)",28.35,"1.0 oz",--,--,0,,
"""18030""","Bread, french or vienna, toasted (includes sourdough)",28.35,"1.0 oz",--,--,0,,
"""28318""","Bread, french or vienna, whole wheat",48.0,"1.0 slice 1 serving",--,--,0,,
"""28337""","Bread, gluten-free, white, made with rice flour, corn starch, and/or tapioca",35.0,"1.0 slice",--,--,0,,
"""18032""","Bread, irish soda, prepared from recipe",28.35,"1.0 oz",13,--,--,,
"""18033""","Bread, Italian",28.35,"1.0 oz",--,--,0,,
"""28397""","Bread, multi-grain (includes whole-grain)",28.35,"1.0 oz",--,--,0,,
"""18036""","Bread, multi-grain, toasted (includes whole-grain)",28.35,"1.0 oz",--,--,0,,
"""28287""","Bread, naan, whole wheat, commercially prepared, refrigerated",106.0,"1.0 piece",2,--,0,,
"""18037""","Bread, oat bran",28.35,"1.0 oz",1,--,0,,
"""18038""","Bread, oat bran, toasted",28.35,"1.0 oz",1,--,0,,
"""18039""","Bread, oatmeal",28.35,"1.0 oz",1,--,0,,
"""18040""","Bread, oatmeal, toasted",28.35,"1.0 oz",1,--,0,,
"""18955""","Bread, pan dulce, sweet yeast bread",63.0,"1.0 slice (average weight of 1 slice)",3,--,0,,
"""28286""","Bread, paratha, whole wheat, commercially prepared, frozen",79.0,"1.0 piece",2,--,0,,
"""18041""","Bread, pita, white, enriched",60.0,"1.0 pita, large (6-1/2"" dia)",--,--,0,,
"""18413""","Bread, pita, white, unenriched",28.35,"1.0 oz",0,--,--,,
"""18042""","Bread, pita, whole-wheat",64.0,"1.0 pita, large (6-1/2"" dia)",--,--,0,,
"""18971""","Bread, potato",32.0,"1.0 slice",8,--,0,,
"""18043""","Bread, protein (includes gluten)",28.35,"1.0 oz",--,--,0,,
"""18383""","Bread, protein, (includes gluten), toasted",28.35,"1.0 oz",--,--,0,,
"""18044""","Bread, pumpernickel",28.35,"1.0 oz",--,--,0,,
"""18047""","Bread, raisin, enriched",28.35,"1.0 oz",--,--,0,,
"""18048""","Bread, raisin, enriched, toasted",28.35,"1.0 oz",--,--,0,,
"""18414""","Bread, raisin, unenriched",28.35,"1.0 oz",0,--,--,,
"""18049""","Bread, reduced-calorie, oat bran",28.35,"1.0 oz",--,--,0,,
"""18050""","Bread, reduced-calorie, oat bran, toasted",28.35,"1.0 oz",--,--,0,,
"""18051""","Bread, reduced-calorie, oatmeal",28.35,"1.0 oz",0,--,--,,
"""18053""","Bread, reduced-calorie, rye",28.35,"1.0 oz",--,--,0,,
"""18055""","Bread, reduced-calorie, wheat",28.35,"1.0 oz",--,--,0,,
"""18057""","Bread, reduced-calorie, white",28.35,"1.0 oz",--,--,0,,
"""18059""","Bread, rice bran",28.35,"1.0 oz",--,--,0,,
"""18384""","Bread, rice bran, toasted",28.35,"1.0 oz",--,--,0,,
"""28288""","Bread, roll, Mexican, bollilo",98.0,"1.0 piece",1,--,0,,
"""18060""","Bread, rye",28.35,"1.0 oz",--,--,0,,
"""18061""","Bread, rye, toasted",28.35,"1.0 oz",--,--,0,,
"""18953""","Bread, salvadoran sweet cheese (quesadilla salvadorena)",55.0,"1.0 serving (approximate serving size)",74,--,0,,
"""18080""","Bread, sticks, plain",46.0,"1.0 cup, small pieces",--,--,0,,
"""18084""","Bread, stuffing, cornbread, dry mix",28.35,"1.0 oz",0,--,--,,
"""18085""","Bread, stuffing, cornbread, dry mix, prepared",28.35,"1.0 oz",21,--,0,,
"""18081""","Bread, stuffing, dry mix",28.35,"1.0 oz",--,--,0,,
"""18082""","Bread, stuffing, dry mix, prepared",28.35,"1.0 oz",30,--,0,,
"""18064""","Bread, wheat",29.0,"1.0 slice",--,--,0,,
"""28316""","Bread, wheat, sprouted",38.0,"1.0 slice 1 serving",--,--,0,,
"""28317""","Bread, wheat, sprouted, toasted",38.0,"1.0 slice 1 serving",--,--,0,,
"""18065""","Bread, wheat, toasted",28.35,"1.0 oz",--,--,0,,
"""18967""","Bread, white wheat",28.0,"1.0 slice",--,--,0,,
"""18069""","Bread, white, commercially prepared (includes soft bread crumbs)",29.0,"1.0 slice",--,--,0,,
"""18416""","Bread, white, commercially prepared, low sodium, no salt",28.35,"1.0 oz",--,--,0,,
"""18070""","Bread, white, commercially prepared, toasted",28.35,"1.0 oz",--,--,0,,
"""18432""","Bread, white, commercially prepared, toasted, low sodium no salt",28.35,"1.0 oz",0,--,--,,
"""18073""","Bread, white, prepared from recipe, made with low fat (2%) milk",28.35,"1.0 oz",6,--,--,,
"""18071""","Bread, white, prepared from recipe, made with nonfat dry milk",28.35,"1.0 oz",3,--,--,,
"""18075""","Bread, whole-wheat, commercially prepared",32.0,"1.0 slice",--,--,0,,
"""18076""","Bread, whole-wheat, commercially prepared, toasted",28.35,"1.0 oz",--,--,0,,
"""18077""","Bread, whole-wheat, prepared from recipe",28.35,"1.0 oz",--,--,0,,
"""18078""","Bread, whole-wheat, prepared from recipe, toasted",28.35,"1.0 oz",--,--,0,,
"""18086""","Cake, angelfood, commercially prepared",28.0,"1.0 piece (1/12 of 12 oz cake)",0,--,--,,
"""18088""","Cake, angelfood, dry mix, prepared",50.0,"1.0 piece (1/12 of 10"" dia)",--,--,0,,
"""18090""","Cake, boston cream pie, commercially prepared",28.35,"1.0 oz",7,--,0,,
"""18147""","Cake, cheesecake, commercially prepared",28.35,"1.0 oz",44,--,0,,
"""18148""","Cake, cheesecake, prepared from mix, no-bake type",28.35,"1.0 oz",26,--,--,,
"""18095""","Cake, cherry fudge with chocolate frosting",28.35,"1.0 oz",20,--,0,,
"""18096""","Cake, chocolate, commercially prepared with chocolate frosting, in-store bakery",138.0,"1.0 piece (1/12 of a cake)",1,--,8,,
"""18103""","Cake, coffeecake, cheese",28.35,"1.0 oz",24,--,--,,
"""18104""","Cake, coffeecake, cinnamon with crumb topping, commercially prepared, enriched",28.35,"1.0 oz",9,--,--,,
"""18417""","Cake, coffeecake, cinnamon with crumb topping, commercially prepared, unenriched",28.35,"1.0 oz",9,--,--,,
"""18108""","Cake, coffeecake, cinnamon with crumb topping, dry mix, prepared",28.35,"1.0 oz",10,--,0,,
"""18105""","Cake, coffeecake, creme-filled with chocolate frosting",28.35,"1.0 oz",10,--,--,,
"""18106""","Cake, coffeecake, fruit",28.35,"1.0 oz",0,--,--,,
"""18110""","Cake, fruitcake, commercially prepared",28.35,"1.0 oz",2,--,0,,
"""18114""","Cake, gingerbread, dry mix",28.35,"1.0 oz",--,--,0,,
"""18116""","Cake, gingerbread, prepared from recipe",28.35,"1.0 oz",4,--,--,,
"""18119""","Cake, pineapple upside-down, prepared from recipe",28.35,"1.0 oz",17,--,--,,
"""18120""","Cake, pound, commercially prepared, butter (includes fresh and frozen)",61.0,"0.16 loaf 1/6 of the loaf",42,--,0,,
"""18451""","Cake, pound, commercially prepared, fat-free",28.35,"1.0 oz",8,--,0,,
"""18121""","Cake, pound, commercially prepared, other than all butter, enriched",30.0,"1.0 piece (1/10 of 10.6 oz cake)",10,--,--,,
"""18418""","Cake, pound, commercially prepared, other than all butter, unenriched",30.0,"1.0 piece (1/10 of 10.6 oz cake)",10,--,--,,
"""18092""","Cake, pudding-type, carrot, dry mix",28.35,"1.0 oz",0,--,--,,
"""18097""","Cake, pudding-type, chocolate, dry mix",28.35,"1.0 oz",0,--,2,,
"""18135""","Cake, pudding-type, white, enriched, dry mix",28.35,"1.0 oz",--,--,0,,
"""18419""","Cake, pudding-type, white, unenriched, dry mix",28.35,"1.0 oz",0,--,--,,
"""18142""","Cake, pudding-type, yellow, dry mix",28.35,"1.0 oz",--,--,0,,
"""18126""","Cake, shortcake, biscuit-type, prepared from recipe",28.35,"1.0 oz",5,--,--,,
"""18127""","Cake, snack cakes, creme-filled, chocolate with frosting",28.35,"1.0 oz",0,--,2,,
"""28296""","Cake, snack cakes, creme-filled, chocolate with frosting, low-fat, with added fiber",27.0,"1.0 cake 1 serving",0,--,1,,
"""18128""","Cake, snack cakes, creme-filled, sponge",28.35,"1.0 oz",1,--,0,,
"""28297""","Cake, snack cakes, not chocolate, with icing or filling, low-fat, with added fiber",27.0,"1.0 cake 1 serving",1,--,0,,
"""18133""","Cake, sponge, commercially prepared",28.35,"1.0 oz",12,--,0,,
"""18134""","Cake, sponge, prepared from recipe",28.35,"1.0 oz",22,--,--,,
"""18131""","Cake, white, dry mix, special dietary (includes lemon-flavored)",28.35,"1.0 oz",0,--,--,,
"""18102""","Cake, white, prepared from recipe with coconut frosting",28.35,"1.0 oz",3,--,0,,
"""18139""","Cake, white, prepared from recipe without frosting",74.0,"1.0 piece (1/12 of 9"" dia)",11,--,0,,
"""18140""","Cake, yellow, commercially prepared, with chocolate frosting, in-store bakery",144.0,"1.0 piece (1/12 of a cake)",10,--,0,,
"""18141""","Cake, yellow, commercially prepared, with vanilla frosting",67.0,"1.0 serving",21,--,0,,
"""18144""","Cake, yellow, enriched, dry mix",43.0,"1.0 serving",--,--,0,,
"""18453""","Cake, yellow, light, dry mix",28.35,"1.0 oz",1,--,--,,
"""18146""","Cake, yellow, prepared from recipe without frosting",68.0,"1.0 piece (1/12 of 8"" dia)",27,--,--,,
"""18420""","Cake, yellow, unenriched, dry mix",28.35,"1.0 oz",0,--,--,,
"""18964""","Cinnamon buns, frosted (includes honey buns)",65.0,"1.0 bun",--,--,0,,
"""28293""","Cookie, butter or sugar, with chocolate icing or filling",31.0,"3.0 cookies",0,--,2,,
"""28294""","Cookie, chocolate, with icing or coating",32.0,"4.0 cookies",0,--,2,,
"""28289""","Cookie, vanilla with caramel, coconut, and chocolate coating",29.0,"2.0 cookies",2,--,5,,
"""28290""","Cookie, with peanut butter filling, chocolate-coated",25.0,"2.0 cookies",0,--,5,,
"""28399""","Cookies, animal crackers (includes arrowroot, tea biscuits)",28.35,"1.0 oz",--,--,0,,
"""28291""","Cookies, animal, with frosting or icing",31.0,"8.0 cookies 1 serving",--,--,0,,
"""18151""","Cookies, brownies, commercially prepared",28.35,"1.0 oz",6,--,1,,
"""28298""","Cookies, brownies, commercially prepared, reduced fat, with added fiber",36.0,"1.0 brownie 1 serving",0,--,4,,
"""18152""","Cookies, brownies, dry mix, regular",28.35,"1.0 oz",0,--,--,,
"""18196""","Cookies, brownies, dry mix, sugar free",28.35,"1.0 oz",0,--,--,,
"""18154""","Cookies, brownies, prepared from recipe",28.35,"1.0 oz",46,--,--,,
"""18155""","Cookies, butter, commercially prepared, enriched",28.35,"1.0 oz",46,--,0,,
"""18421""","Cookies, butter, commercially prepared, unenriched",28.35,"1.0 oz",43,--,--,,
"""28328""","Cookies, chocolate chip sandwich, with creme filling",34.0,"1.0 cookie",0,--,1,,
"""18159""","Cookies, chocolate chip, commercially prepared, regular, higher fat, enriched",12.9,"1.0 cookie",0,--,1,,
"""18422""","Cookies, chocolate chip, commercially prepared, regular, higher fat, unenriched",28.35,"1.0 oz",0,--,3,,
"""18158""","Cookies, chocolate chip, commercially prepared, regular, lower fat",34.0,"1.0 serving 3 cookies",0,--,4,,
"""18160""","Cookies, chocolate chip, commercially prepared, soft-type",14.2,"1.0 cookie",0,--,--,,
"""18198""","Cookies, chocolate chip, commercially prepared, special dietary",28.35,"1.0 oz",0,--,2,,
"""18161""","Cookies, chocolate chip, dry mix",28.35,"1.0 oz",0,--,3,,
"""18378""","Cookies, chocolate chip, prepared from recipe, made with butter",28.35,"1.0 oz",37,--,--,,
"""18165""","Cookies, chocolate chip, prepared from recipe, made with margarine",28.35,"1.0 oz",37,--,5,,
"""18164""","Cookies, chocolate chip, refrigerated dough, baked",28.35,"1.0 oz",5,--,--,,
"""28350""","Cookies, chocolate cream covered biscuit sticks",40.0,"1.0 serving",0,--,1,,
"""28299""","Cookies, chocolate sandwich, with creme filling, reduced fat",34.0,"1.0 serving",0,--,1,,
"""18166""","Cookies, chocolate sandwich, with creme filling, regular",36.0,"3.0 cookie",0,--,2,,
"""18167""","Cookies, chocolate sandwich, with creme filling, regular, chocolate-coated",28.35,"1.0 oz",1,--,1,,
"""18199""","Cookies, chocolate sandwich, with creme filling, special dietary",28.35,"1.0 oz",0,--,1,,
"""18168""","Cookies, chocolate sandwich, with extra creme filling",28.35,"1.0 oz",0,--,2,,
"""18157""","Cookies, chocolate wafers",28.35,"1.0 oz",1,--,3,,
"""28329""","Cookies, chocolate, made with rice cereal",62.0,"1.0 cookie",0,--,1,,
"""28309""","Cookies, coconut macaroon",36.0,"2.0 cookie 1 serving",--,--,0,,
"""18170""","Cookies, fig bars",28.35,"1.0 oz",3,--,0,,
"""18171""","Cookies, fortune",28.35,"1.0 oz",0,--,0,,
"""18156""","Cookies, fudge, cake-type (includes trolley cakes)",28.35,"1.0 oz",0,--,--,,
"""18172""","Cookies, gingersnaps",28.35,"1.0 oz",--,--,0,,
"""28332""","Cookies, gluten-free, chocolate sandwich, with creme filling",44.0,"3.0 cookies",0,--,3,,
"""18174""","Cookies, graham crackers, chocolate-coated",27.0,"3.0 pieces",1,--,1,,
"""18173""","Cookies, graham crackers, plain or honey (includes cinnamon)",28.35,"1.0 oz",--,--,0,,
"""28302""","Cookies, graham crackers, plain or honey, lowfat",35.0,"1.0 serving",--,--,0,,
"""18175""","Cookies, ladyfingers, with lemon juice and rind",28.35,"1.0 oz",--,--,0,,
"""18423""","Cookies, ladyfingers, without lemon juice and rind",28.35,"1.0 oz",47,--,--,,
"""28351""","Cookies, Marie biscuit",28.0,"5.0 cookie",0,--,0,,
"""18176""","Cookies, marshmallow, chocolate-coated (includes marshmallow pies)",28.35,"1.0 oz",0,--,1,,
"""28330""","Cookies, marshmallow, with rice cereal and chocolate chips",22.0,"1.0 bar",9,--,2,,
"""18177""","Cookies, molasses",28.35,"1.0 oz",--,--,0,,
"""28300""","Cookies, oatmeal sandwich, with creme filling",38.0,"1.0 cookie 1 serving",0,--,0,,
"""18178""","Cookies, oatmeal, commercially prepared, regular",28.35,"1.0 oz",1,--,0,,
"""18179""","Cookies, oatmeal, commercially prepared, soft-type",28.35,"1.0 oz",1,--,--,,
"""18200""","Cookies, oatmeal, commercially prepared, special dietary",28.35,"1.0 oz",--,--,0,,
"""18180""","Cookies, oatmeal, dry mix",28.35,"1.0 oz",0,--,--,,
"""18377""","Cookies, oatmeal, prepared from recipe, without raisins",28.35,"1.0 oz",41,--,--,,
"""28349""","Cookies, oatmeal, reduced fat",25.0,"1.0 cookie",22,--,0,,
"""18182""","Cookies, oatmeal, refrigerated dough",28.35,"1.0 oz",0,--,--,,
"""18183""","Cookies, oatmeal, refrigerated dough, baked",28.35,"1.0 oz",0,--,--,,
"""18190""","Cookies, peanut butter sandwich, regular",28.35,"1.0 oz",0,--,0,,
"""18201""","Cookies, peanut butter sandwich, special dietary",28.35,"1.0 oz",0,--,--,,
"""18185""","Cookies, peanut butter, commercially prepared, regular",28.35,"1.0 oz",3,--,0,,
"""18186""","Cookies, peanut butter, commercially prepared, soft-type",28.35,"1.0 oz",0,--,--,,
"""28301""","Cookies, peanut butter, commercially prepared, sugar free",29.0,"1.0 serving 3 cookies",--,--,0,,
"""18189""","Cookies, peanut butter, prepared from recipe",28.35,"1.0 oz",35,--,--,,
"""18187""","Cookies, peanut butter, refrigerated dough",28.35,"1.0 oz",4,--,--,,
"""18188""","Cookies, peanut butter, refrigerated dough, baked",28.35,"1.0 oz",4,--,--,,
"""18191""","Cookies, raisin, soft-type",28.35,"1.0 oz",1,--,0,,
"""18193""","Cookies, shortbread, commercially prepared, pecan",28.35,"1.0 oz",0,--,--,,
"""18192""","Cookies, shortbread, commercially prepared, plain",28.35,"1.0 oz",--,--,0,,
"""28310""","Cookies, shortbread, reduced fat",11.8,"1.0 cookie",--,--,0,,
"""28311""","Cookies, sugar wafer, chocolate-covered",29.0,"3.0 cookie",0,--,1,,
"""18202""","Cookies, sugar wafer, with creme filling, sugar free",28.35,"1.0 oz",--,--,0,,
"""18209""","Cookies, sugar wafers with creme filling, regular",36.0,"3.0 cookies",0,--,3,,
"""18204""","Cookies, sugar, commercially prepared, regular (includes vanilla)",28.35,"1.0 oz",2,--,0,,
"""18205""","Cookies, sugar, refrigerated dough",33.0,"1.0 serving",4,--,0,,
"""18206""","Cookies, sugar, refrigerated dough, baked",28.35,"1.0 oz",3,--,0,,
"""18210""","Cookies, vanilla sandwich with creme filling",28.35,"1.0 oz",--,--,0,,
"""28352""","Cookies, vanilla sandwich with creme filling, reduced fat",48.0,"1.0 serving cookie",--,--,0,,
"""18213""","Cookies, vanilla wafers, higher fat",30.0,"8.0 wafers",--,--,0,,
"""18212""","Cookies, vanilla wafers, lower fat",28.35,"1.0 oz",2,--,0,,
"""18236""","Cracker, meal",28.35,"1.0 oz",--,--,0,,
"""18434""","Crackers, cheese, low sodium",14.2,"0.5 oz",2,--,0,,
"""18965""","Crackers, cheese, reduced fat",30.0,"1.0 serving",2,--,0,,
"""18214""","Crackers, cheese, regular",14.2,"0.5 oz",2,--,0,,
"""18927""","Crackers, cheese, sandwich-type with cheese filling",39.0,"6.0 cracker 1 cracker = 6.5g",4,--,0,,
"""18215""","Crackers, cheese, sandwich-type with peanut butter filling",14.2,"0.5 oz",0,--,0,,
"""28303""","Crackers, cheese, whole grain",31.0,"1.0 serving 55 pieces",2,--,0,,
"""18216""","Crackers, crispbread, rye",14.2,"0.5 oz",--,--,0,,
"""28345""","Crackers, gluten-free, multi-seeded and multigrain",6.1,"3.0 crackers",--,--,0,,
"""18218""","Crackers, matzo, egg",14.2,"0.5 oz",2,--,--,,
"""18400""","Crackers, matzo, egg and onion",14.2,"0.5 oz",1,--,--,,
"""18217""","Crackers, matzo, plain",14.2,"0.5 oz",--,--,0,,
"""18219""","Crackers, matzo, whole-wheat",14.2,"0.5 oz",0,--,--,,
"""18220""","Crackers, melba toast, plain",14.2,"0.5 oz",--,--,0,,
"""18424""","Crackers, melba toast, plain, without salt",14.2,"0.5 oz",0,--,--,,
"""18221""","Crackers, melba toast, rye (includes pumpernickel)",14.2,"0.5 oz",0,--,--,,
"""18222""","Crackers, melba toast, wheat",14.2,"0.5 oz",0,--,--,,
"""18223""","Crackers, milk",14.2,"0.5 oz",2,--,0,,
"""28292""","Crackers, multigrain",14.0,"4.0 crackers",--,--,0,,
"""18224""","Crackers, rusk toast",14.2,"0.5 oz",2,--,--,,
"""18225""","Crackers, rye, sandwich-type with cheese filling",14.2,"0.5 oz",1,--,--,,
"""18226""","Crackers, rye, wafers, plain",14.2,"0.5 oz",--,--,0,,
"""18227""","Crackers, rye, wafers, seasoned",14.2,"0.5 oz",0,--,--,,
"""18228""","Crackers, saltines (includes oyster, soda, soup)",14.9,"5.0 crackers",0,--,0,,
"""18457""","Crackers, saltines, fat-free, low-sodium",15.0,"3.0 saltines",--,--,0,,
"""18425""","Crackers, saltines, low salt (includes oyster, soda, soup)",14.2,"0.5 oz",--,--,0,,
"""18426""","Crackers, saltines, unsalted tops (includes oyster, soda, soup)",14.2,"0.5 oz",0,--,--,,
"""18966""","Crackers, saltines, whole wheat (includes multi-grain)",14.0,"1.0 serving",--,--,0,,
"""28314""","Crackers, sandwich-type, peanut butter filled, reduced fat",36.0,"1.0 package",--,--,0,,
"""18229""","Crackers, standard snack-type, regular",16.0,"5.0 crackers",--,--,0,,
"""18427""","Crackers, standard snack-type, regular, low salt",14.2,"0.5 oz",--,--,0,,
"""18230""","Crackers, standard snack-type, sandwich, with cheese filling",14.2,"0.5 oz",2,--,0,,
"""18231""","Crackers, standard snack-type, sandwich, with peanut butter filling",14.2,"0.5 oz",0,--,0,,
"""28308""","Crackers, standard snack-type, with whole wheat",15.0,"5.0 crackers 1 serving",--,--,0,,
"""28325""","Crackers, toast thins, low sodium",31.0,"1.0 serving",--,--,0,,
"""28327""","Crackers, water biscuits",14.0,"4.0 cracker 1 serving",--,--,0,,
"""18428""","Crackers, wheat, low salt",14.2,"0.5 oz",--,--,0,,
"""18950""","Crackers, wheat, reduced fat",29.0,"1.0 serving",--,--,0,,
"""18232""","Crackers, wheat, regular",34.0,"16.0 crackers 1 serving",--,--,0,,
"""18234""","Crackers, wheat, sandwich, with peanut butter filling",14.2,"0.5 oz",0,--,--,,
"""28326""","Crackers, whole grain, sandwich-type, with peanut butter filling",43.0,"6.0 cracker 1 serving",--,--,0,,
"""18235""","Crackers, whole-wheat",28.0,"1.0 serving",--,--,0,,
"""18429""","Crackers, whole-wheat, low salt",14.2,"0.5 oz",--,--,0,,
"""18949""","Crackers, whole-wheat, reduced fat",29.0,"1.0 serving",--,--,0,,
"""18237""","Cream puff shell, prepared from recipe",28.35,"1.0 oz",78,--,0,,
"""18969""","Cream puff, eclair, custard or cream filled, iced",113.0,"4.0 oz",25,--,0,,
"""18240""","Croissants, apple",28.35,"1.0 oz",26,--,--,,
"""18239""","Croissants, butter",28.35,"1.0 oz",57,--,0,,
"""18241""","Croissants, cheese",28.35,"1.0 oz",56,--,0,,
"""18242""","Croutons, plain",14.2,"0.5 oz",0,--,--,,
"""18243""","Croutons, seasoned",14.2,"0.5 oz",1,--,0,,
"""18245""","Danish pastry, cheese",28.35,"1.0 oz",10,--,0,,
"""18244""","Danish pastry, cinnamon, enriched",28.35,"1.0 oz",2,--,0,,
"""18430""","Danish pastry, cinnamon, unenriched",28.35,"1.0 oz",1,--,--,,
"""18246""","Danish pastry, fruit, enriched (includes apple, cinnamon, raisin, lemon, raspberry, strawberry)",28.35,"1.0 oz",4,--,0,,
"""18431""","Danish pastry, fruit, unenriched (includes apple, cinnamon, raisin, strawberry)",28.35,"1.0 oz",6,--,--,,
"""18433""","Danish pastry, lemon, unenriched",28.35,"1.0 oz",15,--,--,,
"""18435""","Danish pastry, raspberry, unenriched",28.35,"1.0 oz",17,--,--,,
"""18251""","Doughnuts, cake-type, chocolate, sugared or glazed",28.35,"1.0 oz",3,--,0,,
"""18248""","Doughnuts, cake-type, plain (includes unsugared, old-fashioned)",40.0,"1.0 donut",1,--,0,,
"""18249""","Doughnuts, cake-type, plain, chocolate-coated or frosted",28.35,"1.0 oz",1,--,1,,
"""18250""","Doughnuts, cake-type, plain, sugared or glazed",28.35,"1.0 oz",1,--,--,,
"""18253""","Doughnuts, french crullers, glazed",28.35,"1.0 oz",1,--,0,,
"""18255""","Doughnuts, yeast-leavened, glazed, enriched (includes honey buns)",28.35,"1.0 oz",1,--,0,,
"""18436""","Doughnuts, yeast-leavened, glazed, unenriched (includes honey buns)",28.35,"1.0 oz",1,--,--,,
"""18254""","Doughnuts, yeast-leavened, with creme filling",28.35,"1.0 oz",3,--,0,,
"""18256""","Doughnuts, yeast-leavened, with jelly filling",28.35,"1.0 oz",5,--,0,,
"""18437""","English muffins, plain, enriched, without calcium propionate(includes sourdough)",28.35,"1.0 oz",0,--,--,,
"""18438""","English muffins, plain, unenriched, with calcium propionate (includes sourdough)",28.35,"1.0 oz",0,--,--,,
"""18439""","English muffins, plain, unenriched, without calcium propionate (includes sourdough)",28.35,"1.0 oz",0,--,--,,
"""28320""","English muffins, whole grain white",57.0,"1.0 muffin 1 serving",--,--,0,,
"""18973""","Focaccia, Italian flatbread, plain",57.0,"1.0 piece",--,--,0,,
"""18268""","French toast, frozen, ready-to-heat",28.35,"1.0 oz",15,--,--,,
"""18269""","French toast, prepared from recipe, made with low fat (2%) milk",28.35,"1.0 oz",33,--,--,,
"""18963""","Garlic bread, frozen",43.0,"1.0 slice presliced",6,--,0,,
"""18639""","George Weston Bakeries, Thomas English Muffins",57.0,"1.0 serving",0,--,--,,
"""18270""","Hush puppies, prepared from recipe",28.35,"1.0 oz",11,--,0,,
"""18271""","Ice cream cones, cake or wafer-type",28.35,"1.0 oz",--,--,0,,
"""18272""","Ice cream cones, sugar, rolled-type",28.35,"1.0 oz",--,--,0,,
"""18369""","Leavening agents, baking powder, double-acting, sodium aluminum sulfate",4.6,"1.0 tsp",--,--,0,,
"""18370""","Leavening agents, baking powder, double-acting, straight phosphate",4.6,"1.0 tsp",--,--,0,,
"""18371""","Leavening agents, baking powder, low-sodium",5.0,"1.0 tsp",--,--,0,,
"""18372""","Leavening agents, baking soda",4.6,"1.0 tsp",--,--,0,,
"""18373""","Leavening agents, cream of tartar",3.0,"1.0 tsp",--,--,0,,
"""18375""","Leavening agents, yeast, baker's, active dry",4.0,"1.0 tsp",--,--,0,,
"""18374""","Leavening agents, yeast, baker's, compressed",17.0,"1.0 cake (0.6 oz)",--,--,0,,
"""18940""","Muffin, blueberry, commercially prepared, low-fat",71.0,"1.0 muffin small",7,--,0,,
"""18274""","Muffins, blueberry, commercially prepared (Includes mini-muffins)",28.35,"1.0 oz",6,--,0,,
"""18275""","Muffins, blueberry, dry mix",43.0,"1.0 serving",0,--,--,,
"""18278""","Muffins, blueberry, prepared from recipe, made with low fat (2%) milk",28.35,"1.0 oz",10,--,--,,
"""18277""","Muffins, blueberry, toaster-type",28.35,"1.0 oz",27,--,0,,
"""18386""","Muffins, blueberry, toaster-type, toasted",28.35,"1.0 oz",29,--,0,,
"""18279""","Muffins, corn, commercially prepared",28.35,"1.0 oz",14,--,0,,
"""18280""","Muffins, corn, dry mix, prepared",28.35,"1.0 oz",10,--,--,,
"""18281""","Muffins, corn, toaster-type",28.35,"1.0 oz",5,--,--,,
"""18260""","Muffins, English, mixed-grain (includes granola)",28.35,"1.0 oz",--,--,0,,
"""18258""","Muffins, English, plain, enriched, with ca prop (includes sourdough)",28.35,"1.0 oz",--,--,0,,
"""18259""","Muffins, English, plain, toasted, enriched, with calcium propionate (includes sourdough)",28.35,"1.0 oz",--,--,0,,
"""18262""","Muffins, English, raisin-cinnamon (includes apple-cinnamon)",28.35,"1.0 oz",--,--,0,,
"""18263""","Muffins, English, raisin-cinnamon, toasted (includes apple-cinnamon)",28.35,"1.0 oz",--,--,0,,
"""18264""","Muffins, English, wheat",28.35,"1.0 oz",--,--,0,,
"""18266""","Muffins, English, whole-wheat",28.35,"1.0 oz",--,--,0,,
"""18283""","Muffins, oat bran",28.35,"1.0 oz",--,--,0,,
"""18273""","Muffins, plain, prepared from recipe, made with low fat (2%) milk",28.35,"1.0 oz",11,--,--,,
"""18284""","Muffins, wheat bran, dry mix",28.35,"1.0 oz",0,--,--,,
"""18388""","Muffins, wheat bran, toaster-type with raisins, toasted",28.35,"1.0 oz",16,--,0,,
"""18288""","Pancakes plain, frozen, ready-to-heat (includes buttermilk)",28.35,"1.0 oz",128,--,0,,
"""18294""","Pancakes, blueberry, prepared from recipe",28.35,"1.0 oz",14,--,--,,
"""18295""","Pancakes, buckwheat, dry mix, incomplete",28.35,"1.0 oz",--,--,0,,
"""18390""","Pancakes, buttermilk, prepared from recipe",28.35,"1.0 oz",8,--,--,,
"""28347""","Pancakes, gluten-free, frozen, ready-to-heat",48.0,"1.0 pancake",--,--,0,,
"""18290""","Pancakes, plain, dry mix, complete, prepared",28.35,"1.0 oz",3,--,--,,
"""18291""","Pancakes, plain, dry mix, incomplete (includes buttermilk)",28.35,"1.0 oz",--,--,0,,
"""18292""","Pancakes, plain, dry mix, incomplete, prepared",28.35,"1.0 oz",20,--,--,,
"""18936""","Pancakes, plain, frozen, ready-to-heat, microwave (includes buttermilk)",28.35,"1.0 oz",61,--,0,,
"""18293""","Pancakes, plain, prepared from recipe",28.35,"1.0 oz",15,--,--,,
"""28305""","Pancakes, plain, reduced fat",105.0,"1.0 serving 3 pancakes",6,--,0,,
"""18297""","Pancakes, special dietary, dry mix",28.35,"1.0 oz",0,--,--,,
"""28324""","Pancakes, whole wheat, dry mix, incomplete",38.0,"0.25 cup mix 1 serving",--,--,0,,
"""18299""","Pancakes, whole-wheat, dry mix, incomplete",28.35,"1.0 oz",0,--,--,,
"""18300""","Pancakes, whole-wheat, dry mix, incomplete, prepared",28.35,"1.0 oz",18,--,--,,
"""18338""","Phyllo dough",28.35,"1.0 oz",--,--,0,,
"""18943""","Pie Crust, Cookie-type, Chocolate, Ready Crust",182.0,"1.0 crust",0,--,15,,
"""18942""","Pie Crust, Cookie-type, Graham Cracker, Ready Crust",28.35,"1.0 oz",--,--,0,,
"""18399""","Pie crust, cookie-type, prepared from recipe, graham cracker, chilled",30.0,"1.0 piece (1/8 of 9"" crust)",54,--,0,,
"""18401""","Pie crust, cookie-type, prepared from recipe, vanilla wafer, chilled",129.0,"1.0 cup",326,--,0,,
"""18332""","Pie crust, standard-type, dry mix",28.35,"1.0 oz",0,--,--,,
"""18333""","Pie crust, standard-type, dry mix, prepared, baked",20.0,"1.0 piece (1/8 of 9"" crust)",0,--,--,,
"""18334""","Pie crust, standard-type, frozen, ready-to-bake, enriched",18.0,"1.0 piece (1/8 of 9"" crust)",--,--,0,,
"""18335""","Pie crust, standard-type, frozen, ready-to-bake, enriched, baked",154.0,"1.0 pie crust (average weight of 1 baked crust)",--,--,0,,
"""18446""","Pie crust, standard-type, frozen, ready-to-bake, unenriched",142.0,"1.0 crust, single 9""",0,--,--,,
"""18336""","Pie crust, standard-type, prepared from recipe, baked",23.0,"1.0 piece (1/8 of 9"" crust)",--,--,0,,
"""18402""","Pie crust, standard-type, prepared from recipe, unbaked",24.0,"1.0 piece (1/8 of 9"" crust)",--,--,0,,
"""18301""","Pie, apple, commercially prepared, enriched flour",28.35,"1.0 oz",9,--,0,,
"""18443""","Pie, apple, commercially prepared, unenriched flour",28.35,"1.0 oz",8,--,--,,
"""18302""","Pie, apple, prepared from recipe",28.35,"1.0 oz",3,--,--,,
"""18303""","Pie, banana cream, prepared from mix, no-bake type",28.35,"1.0 oz",26,--,--,,
"""18304""","Pie, banana cream, prepared from recipe",28.35,"1.0 oz",17,--,0,,
"""18305""","Pie, blueberry, commercially prepared",28.35,"1.0 oz",12,--,0,,
"""18306""","Pie, blueberry, prepared from recipe",28.35,"1.0 oz",0,--,--,,
"""18308""","Pie, cherry, commercially prepared",28.35,"1.0 oz",13,--,0,,
"""18309""","Pie, cherry, prepared from recipe",28.35,"1.0 oz",3,--,--,,
"""18310""","Pie, chocolate creme, commercially prepared",120.0,"1.0 serving .167 pie",54,--,0,,
"""18312""","Pie, chocolate mousse, prepared from mix, no-bake type",28.35,"1.0 oz",35,--,0,,
"""18314""","Pie, coconut cream, prepared from mix, no-bake type",28.35,"1.0 oz",26,--,--,,
"""18313""","Pie, coconut creme, commercially prepared",28.35,"1.0 oz",8,--,0,,
"""18316""","Pie, coconut custard, commercially prepared",28.35,"1.0 oz",7,--,--,,
"""18944""","Pie, Dutch Apple, Commercially Prepared",131.0,"0.12 pie 1 pie (1/8 of 9"" pie)",22,--,0,,
"""18317""","Pie, egg custard, commercially prepared",28.35,"1.0 oz",16,--,0,,
"""18444""","Pie, fried pies, cherry",28.35,"1.0 oz",0,--,--,,
"""18319""","Pie, fried pies, fruit",28.35,"1.0 oz",1,--,0,,
"""18445""","Pie, fried pies, lemon",28.35,"1.0 oz",0,--,--,,
"""18320""","Pie, lemon meringue, commercially prepared",28.35,"1.0 oz",14,--,0,,
"""18321""","Pie, lemon meringue, prepared from recipe",28.35,"1.0 oz",12,--,--,,
"""18322""","Pie, mince, prepared from recipe",28.35,"1.0 oz",--,--,0,,
"""18323""","Pie, peach",28.35,"1.0 oz",1,--,0,,
"""18324""","Pie, pecan, commercially prepared",28.35,"1.0 oz",14,--,0,,
"""18325""","Pie, pecan, prepared from recipe",28.35,"1.0 oz",22,--,--,,
"""18326""","Pie, pumpkin, commercially prepared",28.35,"1.0 oz",95,--,0,,
"""18327""","Pie, pumpkin, prepared from recipe",28.35,"1.0 oz",9,--,--,,
"""18328""","Pie, vanilla cream, prepared from recipe",28.35,"1.0 oz",23,--,0,,
"""18339""","Popovers, dry mix, enriched",28.35,"1.0 oz",0,--,--,,
"""18447""","Popovers, dry mix, unenriched",28.35,"1.0 oz",0,--,--,,
"""18337""","Puff pastry, frozen, ready-to-bake",28.35,"1.0 oz",--,--,0,,
"""18211""","Puff pastry, frozen, ready-to-bake, baked",28.35,"1.0 oz",--,--,0,,
"""18344""","Rolls, dinner, egg",28.35,"1.0 oz",1,--,0,,
"""18345""","Rolls, dinner, oat bran",28.35,"1.0 oz",--,--,0,,
"""18342""","Rolls, dinner, plain, commercially prepared (includes brown-and-serve)",28.0,"1.0 roll (1 oz)",0,--,0,,
"""18396""","Rolls, dinner, plain, prepared from recipe, made with low fat (2%) milk",28.35,"1.0 oz",24,--,--,,
"""18346""","Rolls, dinner, rye",43.0,"1.0 large (approx 3-1/2"" to 4"" dia)",--,--,0,,
"""28348""","Rolls, dinner, sweet",30.0,"1.0 roll",12,--,0,,
"""18347""","Rolls, dinner, wheat",28.0,"1.0 roll (1 oz)",--,--,0,,
"""18348""","Rolls, dinner, whole-wheat",28.0,"1.0 roll (1 oz)",--,--,0,,
"""18349""","Rolls, french",28.35,"1.0 oz",--,--,0,,
"""28341""","Rolls, gluten-free, white, made with rice flour, rice starch, and corn starch",78.0,"1.0 roll",--,--,0,,
"""28312""","Rolls, hamburger or hot dog, wheat/cracked wheat",51.0,"1.0 roll",14,--,0,,
"""28313""","Rolls, hamburger or hot dog, whole wheat",56.0,"1.0 roll",18,--,0,,
"""18351""","Rolls, hamburger or hotdog, mixed-grain",28.35,"1.0 oz",--,--,0,,
"""18350""","Rolls, hamburger or hotdog, plain",44.0,"1.0 roll 1 serving",13,--,0,,
"""28321""","Rolls, hamburger, whole grain white, calcium-fortified",43.0,"1.0 piece roll",--,--,0,,
"""18353""","Rolls, hard (includes kaiser)",28.35,"1.0 oz",--,--,0,,
"""43441""","Rolls, pumpernickel",36.0,"1.0 medium (2-1/2"" dia)",--,--,0,,
"""18354""","Strudel, apple",28.35,"1.0 oz",2,--,0,,
"""18356""","Sweet rolls, cinnamon, commercially prepared with raisins",28.35,"1.0 oz",17,--,0,,
"""18357""","Sweet rolls, cinnamon, refrigerated dough with frosting",28.35,"1.0 oz",0,--,--,,
"""18358""","Sweet rolls, cinnamon, refrigerated dough with frosting, baked",28.35,"1.0 oz",0,--,--,,
"""18360""","Taco shells, baked",12.9,"1.0 shell",--,--,0,,
"""18448""","Taco shells, baked, without added salt",28.35,"1.0 oz",0,--,--,,
"""18459""","Tart, breakfast, low fat",52.0,"1.0 tart",148,--,0,,
"""18362""","Toaster pastries, fruit (includes apple, blueberry, cherry, strawberry)",28.35,"1.0 oz",57,--,0,,
"""18938""","Toaster Pastries, fruit, frosted (include apples, blueberry, cherry, strawberry)",53.0,"1.0 piece",107,--,0,,
"""18939""","Toaster pastries, fruit, toasted (include apple, blueberry, cherry, strawberry)",51.0,"1.0 pastry",238,--,--,,
"""18363""","Tortillas, ready-to-bake or -fry, corn",28.35,"1.0 oz",--,--,0,,
"""18449""","Tortillas, ready-to-bake or -fry, corn, without added salt",28.35,"1.0 oz",0,--,--,,
"""18364""","Tortillas, ready-to-bake or -fry, flour, refrigerated",48.0,"1.0 tortilla",--,--,0,,
"""18970""","Tortillas, ready-to-bake or -fry, flour, shelf stable",49.0,"1.0 tortilla",--,--,0,,
"""18450""","Tortillas, ready-to-bake or -fry, flour, without added calcium",28.35,"1.0 oz",0,--,--,,
"""28295""","Tortillas, ready-to-bake or -fry, whole wheat",41.0,"1.0 tortilla 1 serving",--,--,0,,
"""18934""","Waffle, buttermilk, frozen, ready-to-heat, microwaved",35.0,"1.0 waffle",150,--,--,,
"""18933""","Waffle, buttermilk, frozen, ready-to-heat, toasted",28.0,"1.0 oz",122,--,0,,
"""18932""","Waffles, buttermilk, frozen, ready-to-heat",39.0,"1.0 waffle, square",156,--,0,,
"""18951""","Waffles, chocolate chip, frozen, ready-to-heat",70.0,"2.0 waffles",300,--,7,,
"""28346""","Waffles, gluten-free, frozen, ready-to-heat",45.0,"1.0 waffle",--,--,0,,
"""18403""","Waffles, plain, frozen, ready -to-heat, toasted",28.35,"1.0 oz",113,--,0,,
"""18365""","Waffles, plain, frozen, ready-to-heat",28.35,"1.0 oz",108,--,0,,
"""18367""","Waffles, plain, prepared from recipe",28.35,"1.0 oz",18,--,--,,
"""28304""","Waffles, whole wheat, lowfat, frozen, ready-to-heat",70.0,"1.0 serving 2 waffles",108,--,0,,
"""18368""","Wonton wrappers (includes egg roll wrappers)",28.35,"1.0 oz",1,--,--,,
