Source: USDA National Nutrient Database for Standard Reference Legacy Software v.3.9.4 2018-05-17
"Nutrients: Tocotrienol, beta (mg); 18:1 t (g); 20:1 (g)"
"Food Groups: Baked Products"
Food Subset:All Foods
Ordered by:Food Name
Measured by:Household
Report Run at: 06-02-2018T14:02
NDB_NO,Description,Weight(g),Measure,"Tocotrienol, beta"(mg)Per Measure,"18:1 t"(g)Per Measure,"20:1"(g)Per Measure,
"""28354""","Andrea's, Gluten Free Soft Dinner Roll",69.0,"1.0 roll",0.00,--,--,,
"""18001""","Bagels, plain, enriched, with calcium propionate (includes onion, poppy, sesame)",99.0,"1.0 bagel",0.47,0.021,0.005,,
"""18015""","Biscuits, plain or buttermilk, refrigerated dough, higher fat, baked",51.0,"1.0 biscuit",0.08,0.098,0.009,,
"""28306""","Bread, chapati or roti, plain, commercially prepared",68.0,"1.0 piece",1.45,0.018,0.019,,
"""28285""","Bread, chapati or roti, whole wheat, commercially prepared, frozen",43.0,"1.0 piece",0.59,0.009,0.005,,
"""18023""","Bread, cornbread, dry mix, prepared with 2% milk, 80% margarine, and eggs",51.0,"1.0 muffin",0.23,0.097,0.028,,
"""18079""","Bread, crumbs, dry, grated, plain",28.35,"1.0 oz",0.00,--,--,,
"""18376""","Bread, crumbs, dry, grated, seasoned",28.35,"1.0 oz",0.00,--,--,,
"""18029""","Bread, french or vienna (includes sourdough)",28.35,"1.0 oz",0.17,0.001,0.002,,
"""28337""","Bread, gluten-free, white, made with rice flour, corn starch, and/or tapioca",35.0,"1.0 slice",0.00,0.001,0.003,,
"""28338""","Bread, gluten-free, white, made with tapioca starch and brown rice flour",28.0,"1.0 slice",0.00,0.004,0.033,,
"""28397""","Bread, multi-grain (includes whole-grain)",28.35,"1.0 oz",0.00,--,0.003,,
"""18036""","Bread, multi-grain, toasted (includes whole-grain)",28.35,"1.0 oz",0.00,--,0.004,,
"""28307""","Bread, naan, plain, commercially prepared, refrigerated",90.0,"1.0 piece",0.62,0.026,0.031,,
"""18955""","Bread, pan dulce, sweet yeast bread",63.0,"1.0 slice (average weight of 1 slice)",0.00,0.564,0.016,,
"""28286""","Bread, paratha, whole wheat, commercially prepared, frozen",79.0,"1.0 piece",0.32,0.013,0.021,,
"""18954""","Bread, pound cake type, pan de torta salvadoran",55.0,"1.0 serving",0.00,0.045,0.051,,
"""18055""","Bread, reduced-calorie, wheat",28.35,"1.0 oz",0.00,0.011,0.004,,
"""28288""","Bread, roll, Mexican, bollilo",98.0,"1.0 piece",0.19,0.742,0.014,,
"""18953""","Bread, salvadoran sweet cheese (quesadilla salvadorena)",55.0,"1.0 serving (approximate serving size)",0.00,1.025,0.033,,
"""18075""","Bread, whole-wheat, commercially prepared",32.0,"1.0 slice",0.42,0.005,0.005,,
"""18096""","Cake, chocolate, commercially prepared with chocolate frosting, in-store bakery",138.0,"1.0 piece (1/12 of a cake)",0.07,1.557,0.081,,
"""18120""","Cake, pound, commercially prepared, butter (includes fresh and frozen)",61.0,"0.16 loaf 1/6 of the loaf",0.00,0.080,0.014,,
"""18128""","Cake, snack cakes, creme-filled, sponge",28.35,"1.0 oz",0.00,--,0.005,,
"""18140""","Cake, yellow, commercially prepared, with chocolate frosting, in-store bakery",144.0,"1.0 piece (1/12 of a cake)",0.07,1.603,0.076,,
"""18964""","Cinnamon buns, frosted (includes honey buns)",65.0,"1.0 bun",0.25,0.145,0.042,,
"""18159""","Cookies, chocolate chip, commercially prepared, regular, higher fat, enriched",12.9,"1.0 cookie",0.08,0.078,0.004,,
"""18160""","Cookies, chocolate chip, commercially prepared, soft-type",14.2,"1.0 cookie",0.09,0.001,0.004,,
"""18166""","Cookies, chocolate sandwich, with creme filling, regular",36.0,"3.0 cookie",0.32,--,0.043,,
"""18168""","Cookies, chocolate sandwich, with extra creme filling",28.35,"1.0 oz",0.00,2.195,0.010,,
"""28334""","Cookies, gluten-free, lemon wafer",30.0,"3.0 cookies",0.10,0.004,0.013,,
"""18173""","Cookies, graham crackers, plain or honey (includes cinnamon)",28.35,"1.0 oz",0.40,0.011,0.010,,
"""18185""","Cookies, peanut butter, commercially prepared, regular",28.35,"1.0 oz",0.06,0.296,0.037,,
"""18192""","Cookies, shortbread, commercially prepared, plain",28.35,"1.0 oz",0.21,0.174,0.015,,
"""28310""","Cookies, shortbread, reduced fat",11.8,"1.0 cookie",0.09,--,0.000,,
"""18209""","Cookies, sugar wafers with creme filling, regular",36.0,"3.0 cookies",0.22,0.030,0.017,,
"""18204""","Cookies, sugar, commercially prepared, regular (includes vanilla)",28.35,"1.0 oz",0.34,0.110,0.010,,
"""18213""","Cookies, vanilla wafers, higher fat",30.0,"8.0 wafers",0.25,0.161,0.011,,
"""18214""","Crackers, cheese, regular",14.2,"0.5 oz",0.15,0.063,0.000,,
"""18927""","Crackers, cheese, sandwich-type with cheese filling",39.0,"6.0 cracker 1 cracker = 6.5g",0.00,--,0.051,,
"""18215""","Crackers, cheese, sandwich-type with peanut butter filling",14.2,"0.5 oz",0.00,--,0.033,,
"""18961""","Crackers, cream, Gamesa Sabrosas",31.0,"11.0 crackers (1 NLEA serving)",0.33,0.995,0.011,,
"""28331""","Crackers, flavored, fish-shaped",5.2,"10.0 goldfish",0.04,0.002,0.010,,
"""18228""","Crackers, saltines (includes oyster, soda, soup)",14.9,"5.0 crackers",0.22,0.022,0.006,,
"""18425""","Crackers, saltines, low salt (includes oyster, soda, soup)",14.2,"0.5 oz",0.00,0.059,0.003,,
"""18229""","Crackers, standard snack-type, regular",16.0,"5.0 crackers",0.18,0.159,0.017,,
"""18231""","Crackers, standard snack-type, sandwich, with peanut butter filling",14.2,"0.5 oz",0.00,--,0.030,,
"""28308""","Crackers, standard snack-type, with whole wheat",15.0,"5.0 crackers 1 serving",0.22,0.086,0.006,,
"""18232""","Crackers, wheat, regular",34.0,"16.0 crackers 1 serving",0.55,0.004,0.014,,
"""18235""","Crackers, whole-wheat",28.0,"1.0 serving",0.00,0.049,0.009,,
"""18949""","Crackers, whole-wheat, reduced fat",29.0,"1.0 serving",0.00,0.024,0.007,,
"""18248""","Doughnuts, cake-type, plain (includes unsugared, old-fashioned)",40.0,"1.0 donut",0.25,0.022,0.019,,
"""18963""","Garlic bread, frozen",43.0,"1.0 slice presliced",0.32,0.079,0.316,,
"""28358""","Glutino, Gluten Free Wafers, Lemon Flavored",30.0,"3.0 cookies",0.10,0.004,0.013,,
"""18274""","Muffins, blueberry, commercially prepared (Includes mini-muffins)",28.35,"1.0 oz",0.00,0.038,0.027,,
"""18621""","Nabisco, Nabisco Ritz Crackers",3.3,"1.0 cracker",0.00,0.032,0.003,,
"""18288""","Pancakes plain, frozen, ready-to-heat (includes buttermilk)",28.35,"1.0 oz",0.19,0.001,0.006,,
"""18936""","Pancakes, plain, frozen, ready-to-heat, microwave (includes buttermilk)",28.35,"1.0 oz",0.00,--,0.004,,
"""18959""","Pastry, Pastelitos de Guava (guava pastries)",86.0,"1.0 piece",0.00,2.023,0.036,,
"""28363""","Pepperidge Farm, Goldfish, Baked Snack Crackers, Original",5.2,"10.0 goldfish",0.04,0.001,0.011,,
"""18943""","Pie Crust, Cookie-type, Chocolate, Ready Crust",182.0,"1.0 crust",0.00,--,0.053,,
"""18947""","Pie crust, deep dish, frozen, baked, made with enriched flour",202.0,"1.0 pie crust (average weight)",0.00,--,0.271,,
"""18945""","Pie crust, deep dish, frozen, unbaked, made with enriched flour",225.0,"1.0 pie crust (average weight)",0.00,--,0.272,,
"""18946""","Pie crust, refrigerated, regular, baked",198.0,"1.0 pie crust",0.00,--,0.414,,
"""18948""","Pie crust, refrigerated, regular, unbaked",229.0,"1.0 pie crust (average weight)",0.00,--,0.414,,
"""18334""","Pie crust, standard-type, frozen, ready-to-bake, enriched",18.0,"1.0 piece (1/8 of 9"" crust)",0.00,--,0.024,,
"""18335""","Pie crust, standard-type, frozen, ready-to-bake, enriched, baked",154.0,"1.0 pie crust (average weight of 1 baked crust)",0.00,--,0.242,,
"""18944""","Pie, Dutch Apple, Commercially Prepared",131.0,"0.12 pie 1 pie (1/8 of 9"" pie)",0.00,--,--,,
"""18324""","Pie, pecan, commercially prepared",28.35,"1.0 oz",0.00,--,0.010,,
"""18326""","Pie, pumpkin, commercially prepared",28.35,"1.0 oz",0.00,--,--,,
"""28348""","Rolls, dinner, sweet",30.0,"1.0 roll",0.16,0.037,0.006,,
"""28342""","Rolls, gluten-free, white, made with brown rice flour, tapioca starch, and sorghum flour",69.0,"1.0 roll",0.00,--,--,,
"""28343""","Rolls, gluten-free, whole grain, made with tapioca starch and brown rice flour",44.0,"1.0 roll",0.00,0.008,0.051,,
"""28312""","Rolls, hamburger or hot dog, wheat/cracked wheat",51.0,"1.0 roll",0.43,0.007,0.008,,
"""28313""","Rolls, hamburger or hot dog, whole wheat",56.0,"1.0 roll",0.49,0.010,0.009,,
"""18350""","Rolls, hamburger or hotdog, plain",44.0,"1.0 roll 1 serving",0.18,0.009,0.007,,
"""18361""","Toaster pastries, brown-sugar-cinnamon",28.35,"1.0 oz",0.18,--,--,,
"""18362""","Toaster pastries, fruit (includes apple, blueberry, cherry, strawberry)",28.35,"1.0 oz",0.16,0.003,0.006,,
"""18938""","Toaster Pastries, fruit, frosted (include apples, blueberry, cherry, strawberry)",53.0,"1.0 piece",0.26,0.006,0.012,,
"""18364""","Tortillas, ready-to-bake or -fry, flour, refrigerated",48.0,"1.0 tortilla",0.07,0.018,0.012,,
"""18970""","Tortillas, ready-to-bake or -fry, flour, shelf stable",49.0,"1.0 tortilla",0.02,--,0.023,,
"""28371""","Udi's, Gluten Free, Soft  &  Delicious White Sandwich Bread",28.0,"1.0 slice",0.00,0.004,0.033,,
"""28373""","Udi's, Gluten Free, Whole Grain Dinner Rolls",44.0,"1.0 roll",0.00,0.008,0.051,,
"""18934""","Waffle, buttermilk, frozen, ready-to-heat, microwaved",35.0,"1.0 waffle",0.00,--,0.015,,
"""18933""","Waffle, buttermilk, frozen, ready-to-heat, toasted",28.0,"1.0 oz",0.00,--,0.011,,
"""18935""","Waffle, plain, frozen, ready-to-heat, microwave",32.0,"1.0 waffle, round (4""dia)",0.00,--,0.022,,
"""18932""","Waffles, buttermilk, frozen, ready-to-heat",39.0,"1.0 waffle, square",0.00,--,0.015,,
"""18365""","Waffles, plain, frozen, ready-to-heat",28.35,"1.0 oz",0.00,--,0.019,,
