Source: USDA National Nutrient Database for Standard Reference Legacy Software v.3.9.4 2018-05-17
"Nutrients: Carbohydrate, by difference (g); 22:1 t (g); 18:2 t,t (g)"
"Food Groups: Baked Products"
Food Subset:All Foods
Ordered by:Food Name
Measured by:Household
Report Run at: 06-02-2018T14:03
NDB_NO,Description,Weight(g),Measure,"Carbohydrate, by difference"(g)Per Measure,"22:1 t"(g)Per Measure,"18:2 t,t"(g)Per Measure,
"""28354""","Andrea's, Gluten Free Soft Dinner Roll",69.0,"1.0 roll",27.77,--,--,,
"""18522""","Archway Home Style Cookies, Chocolate Chip Ice Box",24.0,"1.0 serving",15.60,--,--,,
"""18524""","Archway Home Style Cookies, Coconut Macaroon",22.0,"1.0 serving",13.47,--,--,,
"""18527""","Archway Home Style Cookies, Date Filled Oatmeal",25.0,"1.0 serving",17.04,--,--,,
"""18528""","Archway Home Style Cookies, Dutch Cocoa",24.0,"1.0 serving",16.67,--,--,,
"""18529""","Archway Home Style Cookies, Frosty Lemon",26.0,"1.0 serving",16.84,--,--,,
"""18532""","Archway Home Style Cookies, Iced Molasses",28.0,"1.0 serving",19.35,--,--,,
"""18533""","Archway Home Style Cookies, Iced Oatmeal",28.0,"1.0 serving",18.69,--,--,,
"""18535""","Archway Home Style Cookies, Molasses",26.0,"1.0 serving",18.05,--,--,,
"""18537""","Archway Home Style Cookies, Oatmeal",25.0,"1.0 serving",17.04,--,--,,
"""18538""","Archway Home Style Cookies, Oatmeal Raisin",26.0,"1.0 serving",18.01,--,--,,
"""18539""","Archway Home Style Cookies, Old Fashioned Molasses",26.0,"1.0 serving",18.34,--,--,,
"""18540""","Archway Home Style Cookies, Old Fashioned Windmill Cookies",20.0,"1.0 serving",14.45,--,--,,
"""18541""","Archway Home Style Cookies, Peanut Butter",21.0,"1.0 serving",12.28,--,--,,
"""18544""","Archway Home Style Cookies, Raspberry Filled",25.0,"1.0 serving",16.48,--,--,,
"""18562""","Archway Home Style Cookies, Reduced Fat Ginger Snaps",32.0,"1.0 serving",24.39,--,--,,
"""18547""","Archway Home Style Cookies, Strawberry Filled",25.0,"1.0 serving",16.48,--,--,,
"""18513""","Archway Home Style Cookies, Sugar Free Oatmeal",24.0,"1.0 serving",16.13,--,--,,
"""18566""","Artificial Blueberry Muffin Mix, dry",31.0,"1.0 muffin",24.01,--,--,,
"""18005""","Bagels, cinnamon-raisin",26.0,"1.0 mini bagel (2-1/2"" dia)",14.35,--,--,,
"""18006""","Bagels, cinnamon-raisin, toasted",24.0,"1.0 mini bagel (2-1/2"" dia)",14.23,--,--,,
"""18003""","Bagels, egg",28.35,"1.0 oz",15.03,--,--,,
"""28322""","Bagels, multigrain",81.0,"1.0 piece bagel",38.45,--,--,,
"""18007""","Bagels, oat bran",26.0,"1.0 mini bagel (2-1/2"" dia)",13.86,--,--,,
"""18001""","Bagels, plain, enriched, with calcium propionate (includes onion, poppy, sesame)",99.0,"1.0 bagel",51.86,0.000,--,,
"""18002""","Bagels, plain, enriched, with calcium propionate (includes onion, poppy, sesame), toasted",24.0,"1.0 mini bagel (2-1/2"" dia)",13.77,--,--,,
"""18406""","Bagels, plain, enriched, without calcium propionate (includes onion, poppy, sesame)",28.35,"1.0 oz",15.14,--,--,,
"""18407""","Bagels, plain, unenriched, with calcium propionate (includes onion, poppy, sesame)",28.35,"1.0 oz",15.14,--,--,,
"""18408""","Bagels, plain, unenriched, without calcium propionate(includes onion, poppy, sesame)",28.35,"1.0 oz",15.14,--,--,,
"""18968""","Bagels, wheat",98.0,"1.0 bagel",47.91,--,--,,
"""28319""","Bagels, whole grain white",43.0,"0.5 piece bagel 1 serving",23.44,--,--,,
"""18017""","Biscuits, mixed grain, refrigerated dough",28.35,"1.0 oz",13.44,--,--,,
"""18010""","Biscuits, plain or buttermilk, dry mix",120.0,"1.0 cup, purchased",76.08,--,--,,
"""18011""","Biscuits, plain or buttermilk, dry mix, prepared",28.35,"1.0 oz",13.72,--,--,,
"""18009""","Biscuits, plain or buttermilk, frozen, baked",28.35,"1.0 oz",15.27,--,--,,
"""18016""","Biscuits, plain or buttermilk, prepared from recipe",28.35,"1.0 oz",12.64,--,--,,
"""18014""","Biscuits, plain or buttermilk, refrigerated dough, higher fat",58.0,"1.0 biscuit",26.87,--,--,,
"""18015""","Biscuits, plain or buttermilk, refrigerated dough, higher fat, baked",51.0,"1.0 biscuit",25.02,0.000,--,,
"""18012""","Biscuits, plain or buttermilk, refrigerated dough, lower fat",58.0,"1.0 serving 1 biscuit",25.35,--,--,,
"""18013""","Biscuits, plain or buttermilk, refrigerated dough, lower fat, baked",28.35,"1.0 oz",14.63,--,--,,
"""18019""","Bread, banana, prepared from recipe, made with margarine",28.35,"1.0 oz",15.48,--,--,,
"""18021""","Bread, boston brown, canned",28.35,"1.0 oz",12.28,--,--,,
"""28306""","Bread, chapati or roti, plain, commercially prepared",68.0,"1.0 piece",31.52,0.000,--,,
"""28285""","Bread, chapati or roti, whole wheat, commercially prepared, frozen",43.0,"1.0 piece",19.84,0.000,--,,
"""18972""","Bread, cheese",48.0,"1.0 slice",21.52,--,--,,
"""28315""","Bread, cinnamon",28.0,"1.0 slice 1 serving",12.43,--,--,,
"""18022""","Bread, cornbread, dry mix, enriched (includes corn muffin mix)",28.35,"1.0 oz",19.70,--,--,,
"""18023""","Bread, cornbread, dry mix, prepared with 2% milk, 80% margarine, and eggs",51.0,"1.0 muffin",27.77,0.000,--,,
"""18412""","Bread, cornbread, dry mix, unenriched (includes corn muffin mix)",28.35,"1.0 oz",19.70,--,--,,
"""18024""","Bread, cornbread, prepared from recipe, made with low fat (2%) milk",28.35,"1.0 oz",12.33,--,--,,
"""18025""","Bread, cracked-wheat",28.35,"1.0 oz",14.03,--,--,,
"""18079""","Bread, crumbs, dry, grated, plain",28.35,"1.0 oz",20.41,--,--,,
"""18376""","Bread, crumbs, dry, grated, seasoned",28.35,"1.0 oz",19.42,--,--,,
"""18027""","Bread, egg",28.35,"1.0 oz",13.55,--,--,,
"""18028""","Bread, egg, toasted",28.35,"1.0 oz",14.91,--,--,,
"""18029""","Bread, french or vienna (includes sourdough)",28.35,"1.0 oz",14.71,0.000,--,,
"""18030""","Bread, french or vienna, toasted (includes sourdough)",28.35,"1.0 oz",17.56,--,--,,
"""28318""","Bread, french or vienna, whole wheat",48.0,"1.0 slice 1 serving",23.57,--,--,,
"""28336""","Bread, gluten-free, white, made with potato extract, rice starch, and rice flour",34.0,"1.0 slice",17.96,0.000,--,,
"""28337""","Bread, gluten-free, white, made with rice flour, corn starch, and/or tapioca",35.0,"1.0 slice",16.02,0.000,--,,
"""28338""","Bread, gluten-free, white, made with tapioca starch and brown rice flour",28.0,"1.0 slice",14.32,0.001,--,,
"""28339""","Bread, gluten-free, whole grain, made with tapioca starch and brown rice flour",25.0,"1.0 slice",12.27,0.000,--,,
"""18032""","Bread, irish soda, prepared from recipe",28.35,"1.0 oz",15.88,--,--,,
"""18033""","Bread, Italian",28.35,"1.0 oz",13.64,0.000,--,,
"""28397""","Bread, multi-grain (includes whole-grain)",28.35,"1.0 oz",12.29,--,--,,
"""18036""","Bread, multi-grain, toasted (includes whole-grain)",28.35,"1.0 oz",13.36,--,--,,
"""28307""","Bread, naan, plain, commercially prepared, refrigerated",90.0,"1.0 piece",45.39,0.000,--,,
"""28287""","Bread, naan, whole wheat, commercially prepared, refrigerated",106.0,"1.0 piece",48.98,--,--,,
"""18037""","Bread, oat bran",28.35,"1.0 oz",11.28,--,--,,
"""18038""","Bread, oat bran, toasted",28.35,"1.0 oz",12.39,--,--,,
"""18039""","Bread, oatmeal",28.35,"1.0 oz",13.75,--,--,,
"""18040""","Bread, oatmeal, toasted",28.35,"1.0 oz",14.94,--,--,,
"""18955""","Bread, pan dulce, sweet yeast bread",63.0,"1.0 slice (average weight of 1 slice)",35.52,0.000,--,,
"""28286""","Bread, paratha, whole wheat, commercially prepared, frozen",79.0,"1.0 piece",35.83,0.000,--,,
"""18041""","Bread, pita, white, enriched",60.0,"1.0 pita, large (6-1/2"" dia)",33.42,--,--,,
"""18413""","Bread, pita, white, unenriched",28.35,"1.0 oz",15.79,--,--,,
"""18042""","Bread, pita, whole-wheat",64.0,"1.0 pita, large (6-1/2"" dia)",35.77,--,--,,
"""18971""","Bread, potato",32.0,"1.0 slice",15.06,--,--,,
"""18954""","Bread, pound cake type, pan de torta salvadoran",55.0,"1.0 serving",28.21,0.000,--,,
"""18043""","Bread, protein (includes gluten)",28.35,"1.0 oz",12.42,--,--,,
"""18383""","Bread, protein, (includes gluten), toasted",28.35,"1.0 oz",13.64,--,--,,
"""18044""","Bread, pumpernickel",28.35,"1.0 oz",13.47,--,--,,
"""18047""","Bread, raisin, enriched",28.35,"1.0 oz",14.83,--,--,,
"""18048""","Bread, raisin, enriched, toasted",28.35,"1.0 oz",16.13,--,--,,
"""18414""","Bread, raisin, unenriched",28.35,"1.0 oz",14.83,--,--,,
"""18049""","Bread, reduced-calorie, oat bran",28.35,"1.0 oz",11.71,--,--,,
"""18050""","Bread, reduced-calorie, oat bran, toasted",28.35,"1.0 oz",13.95,--,--,,
"""18051""","Bread, reduced-calorie, oatmeal",28.35,"1.0 oz",12.28,--,--,,
"""18053""","Bread, reduced-calorie, rye",28.35,"1.0 oz",11.48,--,--,,
"""18055""","Bread, reduced-calorie, wheat",28.35,"1.0 oz",12.04,0.000,--,,
"""18057""","Bread, reduced-calorie, white",28.35,"1.0 oz",12.56,--,--,,
"""18059""","Bread, rice bran",28.35,"1.0 oz",12.33,--,--,,
"""18384""","Bread, rice bran, toasted",28.35,"1.0 oz",13.41,--,--,,
"""28288""","Bread, roll, Mexican, bollilo",98.0,"1.0 piece",54.65,0.000,--,,
"""18060""","Bread, rye",28.35,"1.0 oz",13.69,--,--,,
"""18061""","Bread, rye, toasted",28.35,"1.0 oz",15.05,--,--,,
"""18953""","Bread, salvadoran sweet cheese (quesadilla salvadorena)",55.0,"1.0 serving (approximate serving size)",26.31,0.000,--,,
"""18080""","Bread, sticks, plain",46.0,"1.0 cup, small pieces",31.46,--,--,,
"""18084""","Bread, stuffing, cornbread, dry mix",28.35,"1.0 oz",21.74,--,--,,
"""18085""","Bread, stuffing, cornbread, dry mix, prepared",28.35,"1.0 oz",6.21,--,--,,
"""18081""","Bread, stuffing, dry mix",28.35,"1.0 oz",21.60,--,--,,
"""18082""","Bread, stuffing, dry mix, prepared",28.35,"1.0 oz",5.34,--,--,,
"""18064""","Bread, wheat",29.0,"1.0 slice",13.79,0.000,--,,
"""28316""","Bread, wheat, sprouted",38.0,"1.0 slice 1 serving",12.87,--,--,,
"""28317""","Bread, wheat, sprouted, toasted",38.0,"1.0 slice 1 serving",13.99,--,--,,
"""18065""","Bread, wheat, toasted",28.35,"1.0 oz",15.81,--,--,,
"""18967""","Bread, white wheat",28.0,"1.0 slice",12.29,0.000,--,,
"""18069""","Bread, white, commercially prepared (includes soft bread crumbs)",29.0,"1.0 slice",14.33,0.000,--,,
"""18416""","Bread, white, commercially prepared, low sodium, no salt",28.35,"1.0 oz",14.06,--,--,,
"""18070""","Bread, white, commercially prepared, toasted",28.35,"1.0 oz",15.45,--,--,,
"""18432""","Bread, white, commercially prepared, toasted, low sodium no salt",28.35,"1.0 oz",15.42,--,--,,
"""18073""","Bread, white, prepared from recipe, made with low fat (2%) milk",28.35,"1.0 oz",14.06,--,--,,
"""18071""","Bread, white, prepared from recipe, made with nonfat dry milk",28.35,"1.0 oz",15.20,--,--,,
"""18075""","Bread, whole-wheat, commercially prepared",32.0,"1.0 slice",13.67,0.000,--,,
"""18076""","Bread, whole-wheat, commercially prepared, toasted",28.35,"1.0 oz",14.50,--,--,,
"""18077""","Bread, whole-wheat, prepared from recipe",28.35,"1.0 oz",14.57,--,--,,
"""18078""","Bread, whole-wheat, prepared from recipe, toasted",28.35,"1.0 oz",15.99,--,--,,
"""18086""","Cake, angelfood, commercially prepared",28.0,"1.0 piece (1/12 of 12 oz cake)",16.18,--,--,,
"""18088""","Cake, angelfood, dry mix, prepared",50.0,"1.0 piece (1/12 of 10"" dia)",29.35,--,--,,
"""18090""","Cake, boston cream pie, commercially prepared",28.35,"1.0 oz",12.16,--,--,,
"""18147""","Cake, cheesecake, commercially prepared",28.35,"1.0 oz",7.23,--,--,,
"""18148""","Cake, cheesecake, prepared from mix, no-bake type",28.35,"1.0 oz",10.06,--,--,,
"""18095""","Cake, cherry fudge with chocolate frosting",28.35,"1.0 oz",10.77,--,--,,
"""18096""","Cake, chocolate, commercially prepared with chocolate frosting, in-store bakery",138.0,"1.0 piece (1/12 of a cake)",72.92,0.001,--,,
"""18101""","Cake, chocolate, prepared from recipe without frosting",95.0,"1.0 piece (1/12 of 9"" dia)",50.73,--,--,,
"""18103""","Cake, coffeecake, cheese",28.35,"1.0 oz",12.56,--,--,,
"""18104""","Cake, coffeecake, cinnamon with crumb topping, commercially prepared, enriched",28.35,"1.0 oz",13.24,--,--,,
"""18417""","Cake, coffeecake, cinnamon with crumb topping, commercially prepared, unenriched",28.35,"1.0 oz",13.24,--,--,,
"""18108""","Cake, coffeecake, cinnamon with crumb topping, dry mix, prepared",28.35,"1.0 oz",14.97,--,--,,
"""18105""","Cake, coffeecake, creme-filled with chocolate frosting",28.35,"1.0 oz",15.25,--,--,,
"""18106""","Cake, coffeecake, fruit",28.35,"1.0 oz",14.60,--,--,,
"""18110""","Cake, fruitcake, commercially prepared",28.35,"1.0 oz",17.46,--,--,,
"""18114""","Cake, gingerbread, dry mix",28.35,"1.0 oz",21.15,--,--,,
"""18116""","Cake, gingerbread, prepared from recipe",28.35,"1.0 oz",13.95,--,--,,
"""18119""","Cake, pineapple upside-down, prepared from recipe",28.35,"1.0 oz",14.32,--,--,,
"""18957""","Cake, pound, Bimbo Bakeries USA, Panque Casero, home baked style",39.0,"1.0 slice",19.09,--,--,,
"""18120""","Cake, pound, commercially prepared, butter (includes fresh and frozen)",61.0,"0.16 loaf 1/6 of the loaf",32.72,0.000,--,,
"""18451""","Cake, pound, commercially prepared, fat-free",28.35,"1.0 oz",17.29,--,--,,
"""18121""","Cake, pound, commercially prepared, other than all butter, enriched",30.0,"1.0 piece (1/10 of 10.6 oz cake)",15.75,--,--,,
"""18418""","Cake, pound, commercially prepared, other than all butter, unenriched",30.0,"1.0 piece (1/10 of 10.6 oz cake)",15.75,--,--,,
"""18092""","Cake, pudding-type, carrot, dry mix",28.35,"1.0 oz",22.45,--,--,,
"""18097""","Cake, pudding-type, chocolate, dry mix",28.35,"1.0 oz",22.73,--,--,,
"""18135""","Cake, pudding-type, white, enriched, dry mix",28.35,"1.0 oz",22.94,--,--,,
"""18419""","Cake, pudding-type, white, unenriched, dry mix",28.35,"1.0 oz",22.96,--,--,,
"""18142""","Cake, pudding-type, yellow, dry mix",28.35,"1.0 oz",22.68,--,--,,
"""18126""","Cake, shortcake, biscuit-type, prepared from recipe",28.35,"1.0 oz",13.75,--,--,,
"""18127""","Cake, snack cakes, creme-filled, chocolate with frosting",28.35,"1.0 oz",17.10,--,--,,
"""28296""","Cake, snack cakes, creme-filled, chocolate with frosting, low-fat, with added fiber",27.0,"1.0 cake 1 serving",18.73,--,--,,
"""18128""","Cake, snack cakes, creme-filled, sponge",28.35,"1.0 oz",18.15,--,--,,
"""28297""","Cake, snack cakes, not chocolate, with icing or filling, low-fat, with added fiber",27.0,"1.0 cake 1 serving",20.06,--,--,,
"""18133""","Cake, sponge, commercially prepared",28.35,"1.0 oz",17.29,--,--,,
"""18134""","Cake, sponge, prepared from recipe",28.35,"1.0 oz",16.36,--,--,,
"""18131""","Cake, white, dry mix, special dietary (includes lemon-flavored)",28.35,"1.0 oz",22.57,--,--,,
"""18102""","Cake, white, prepared from recipe with coconut frosting",28.35,"1.0 oz",17.92,--,--,,
"""18139""","Cake, white, prepared from recipe without frosting",74.0,"1.0 piece (1/12 of 9"" dia)",42.33,--,--,,
"""18140""","Cake, yellow, commercially prepared, with chocolate frosting, in-store bakery",144.0,"1.0 piece (1/12 of a cake)",79.72,0.001,--,,
"""18141""","Cake, yellow, commercially prepared, with vanilla frosting",67.0,"1.0 serving",37.65,--,--,,
"""18144""","Cake, yellow, enriched, dry mix",43.0,"1.0 serving",35.23,--,--,,
"""18453""","Cake, yellow, light, dry mix",28.35,"1.0 oz",23.84,--,--,,
"""18146""","Cake, yellow, prepared from recipe without frosting",68.0,"1.0 piece (1/12 of 8"" dia)",36.04,--,--,,
"""18420""","Cake, yellow, unenriched, dry mix",28.35,"1.0 oz",22.14,--,--,,
"""18964""","Cinnamon buns, frosted (includes honey buns)",65.0,"1.0 bun",31.59,0.000,--,,
"""18610""","Continental Mills, Krusteaz Almond Poppyseed Muffin Mix, Artificially Flavored, dry",40.0,"1.0 serving",30.24,--,--,,
"""28293""","Cookie, butter or sugar, with chocolate icing or filling",31.0,"3.0 cookies",21.34,--,--,,
"""28294""","Cookie, chocolate, with icing or coating",32.0,"4.0 cookies",21.72,--,--,,
"""28289""","Cookie, vanilla with caramel, coconut, and chocolate coating",29.0,"2.0 cookies",18.59,--,--,,
"""28290""","Cookie, with peanut butter filling, chocolate-coated",25.0,"2.0 cookies",13.22,--,--,,
"""28399""","Cookies, animal crackers (includes arrowroot, tea biscuits)",28.35,"1.0 oz",21.01,--,--,,
"""28291""","Cookies, animal, with frosting or icing",31.0,"8.0 cookies 1 serving",21.73,--,--,,
"""18151""","Cookies, brownies, commercially prepared",28.35,"1.0 oz",18.12,--,--,,
"""28298""","Cookies, brownies, commercially prepared, reduced fat, with added fiber",36.0,"1.0 brownie 1 serving",22.17,--,--,,
"""18152""","Cookies, brownies, dry mix, regular",28.35,"1.0 oz",21.72,--,--,,
"""18196""","Cookies, brownies, dry mix, sugar free",28.35,"1.0 oz",22.79,--,--,,
"""18154""","Cookies, brownies, prepared from recipe",28.35,"1.0 oz",14.23,--,--,,
"""18155""","Cookies, butter, commercially prepared, enriched",28.35,"1.0 oz",19.53,--,--,,
"""18421""","Cookies, butter, commercially prepared, unenriched",28.35,"1.0 oz",19.53,--,--,,
"""28328""","Cookies, chocolate chip sandwich, with creme filling",34.0,"1.0 cookie",21.60,--,--,,
"""18159""","Cookies, chocolate chip, commercially prepared, regular, higher fat, enriched",12.9,"1.0 cookie",8.43,0.001,--,,
"""18422""","Cookies, chocolate chip, commercially prepared, regular, higher fat, unenriched",28.35,"1.0 oz",18.94,--,--,,
"""18158""","Cookies, chocolate chip, commercially prepared, regular, lower fat",34.0,"1.0 serving 3 cookies",22.95,--,--,,
"""18160""","Cookies, chocolate chip, commercially prepared, soft-type",14.2,"1.0 cookie",9.34,0.000,--,,
"""18198""","Cookies, chocolate chip, commercially prepared, special dietary",28.35,"1.0 oz",20.81,--,--,,
"""18161""","Cookies, chocolate chip, dry mix",28.35,"1.0 oz",18.74,--,--,,
"""18378""","Cookies, chocolate chip, prepared from recipe, made with butter",28.35,"1.0 oz",16.50,--,--,,
"""18165""","Cookies, chocolate chip, prepared from recipe, made with margarine",28.35,"1.0 oz",16.56,--,--,,
"""18163""","Cookies, chocolate chip, refrigerated dough",33.0,"1.0 serving",20.14,--,--,,
"""18164""","Cookies, chocolate chip, refrigerated dough, baked",28.35,"1.0 oz",19.33,--,--,,
"""28350""","Cookies, chocolate cream covered biscuit sticks",40.0,"1.0 serving",20.43,--,--,,
"""28299""","Cookies, chocolate sandwich, with creme filling, reduced fat",34.0,"1.0 serving",25.90,--,--,,
"""18166""","Cookies, chocolate sandwich, with creme filling, regular",36.0,"3.0 cookie",25.56,0.000,--,,
"""18167""","Cookies, chocolate sandwich, with creme filling, regular, chocolate-coated",28.35,"1.0 oz",18.82,--,--,,
"""18199""","Cookies, chocolate sandwich, with creme filling, special dietary",28.35,"1.0 oz",19.28,--,--,,
"""18168""","Cookies, chocolate sandwich, with extra creme filling",28.35,"1.0 oz",19.33,--,--,,
"""18157""","Cookies, chocolate wafers",28.35,"1.0 oz",20.61,--,--,,
"""28329""","Cookies, chocolate, made with rice cereal",62.0,"1.0 cookie",39.22,--,--,,
"""28309""","Cookies, coconut macaroon",36.0,"2.0 cookie 1 serving",22.04,--,--,,
"""18170""","Cookies, fig bars",28.35,"1.0 oz",20.10,--,--,,
"""18171""","Cookies, fortune",28.35,"1.0 oz",23.81,--,--,,
"""18156""","Cookies, fudge, cake-type (includes trolley cakes)",28.35,"1.0 oz",22.20,--,--,,
"""18172""","Cookies, gingersnaps",28.35,"1.0 oz",21.80,--,--,,
"""28332""","Cookies, gluten-free, chocolate sandwich, with creme filling",44.0,"3.0 cookies",33.45,0.000,--,,
"""28333""","Cookies, gluten-free, chocolate wafer",23.0,"3.0 cookies",14.45,0.000,--,,
"""28334""","Cookies, gluten-free, lemon wafer",30.0,"3.0 cookies",22.32,0.000,--,,
"""28335""","Cookies, gluten-free, vanilla sandwich, with creme filling",44.0,"3.0 cookies",32.83,0.000,--,,
"""18174""","Cookies, graham crackers, chocolate-coated",27.0,"3.0 pieces",18.03,--,--,,
"""18173""","Cookies, graham crackers, plain or honey (includes cinnamon)",28.35,"1.0 oz",22.02,0.000,--,,
"""28302""","Cookies, graham crackers, plain or honey, lowfat",35.0,"1.0 serving",27.29,--,--,,
"""18175""","Cookies, ladyfingers, with lemon juice and rind",28.35,"1.0 oz",16.92,--,--,,
"""18423""","Cookies, ladyfingers, without lemon juice and rind",28.35,"1.0 oz",16.92,--,--,,
"""28351""","Cookies, Marie biscuit",28.0,"5.0 cookie",19.75,--,--,,
"""18176""","Cookies, marshmallow, chocolate-coated (includes marshmallow pies)",28.35,"1.0 oz",19.19,--,--,,
"""28330""","Cookies, marshmallow, with rice cereal and chocolate chips",22.0,"1.0 bar",13.92,--,--,,
"""18177""","Cookies, molasses",28.35,"1.0 oz",20.92,--,--,,
"""28300""","Cookies, oatmeal sandwich, with creme filling",38.0,"1.0 cookie 1 serving",21.14,--,--,,
"""18178""","Cookies, oatmeal, commercially prepared, regular",28.35,"1.0 oz",19.48,--,--,,
"""18179""","Cookies, oatmeal, commercially prepared, soft-type",28.35,"1.0 oz",18.63,--,--,,
"""18200""","Cookies, oatmeal, commercially prepared, special dietary",28.35,"1.0 oz",19.82,--,--,,
"""18180""","Cookies, oatmeal, dry mix",28.35,"1.0 oz",19.08,--,--,,
"""18377""","Cookies, oatmeal, prepared from recipe, without raisins",28.35,"1.0 oz",18.82,--,--,,
"""28349""","Cookies, oatmeal, reduced fat",25.0,"1.0 cookie",16.16,--,--,,
"""18182""","Cookies, oatmeal, refrigerated dough",28.35,"1.0 oz",16.75,--,--,,
"""18183""","Cookies, oatmeal, refrigerated dough, baked",28.35,"1.0 oz",18.63,--,--,,
"""18184""","Cookies, oatmeal, with raisins",28.35,"1.0 oz",19.55,0.000,--,,
"""18190""","Cookies, peanut butter sandwich, regular",28.35,"1.0 oz",18.60,--,--,,
"""18201""","Cookies, peanut butter sandwich, special dietary",28.35,"1.0 oz",14.40,--,--,,
"""18185""","Cookies, peanut butter, commercially prepared, regular",28.35,"1.0 oz",16.49,0.000,--,,
"""18186""","Cookies, peanut butter, commercially prepared, soft-type",28.35,"1.0 oz",16.36,--,--,,
"""28301""","Cookies, peanut butter, commercially prepared, sugar free",29.0,"1.0 serving 3 cookies",14.65,--,--,,
"""18189""","Cookies, peanut butter, prepared from recipe",28.35,"1.0 oz",16.70,--,--,,
"""18187""","Cookies, peanut butter, refrigerated dough",28.35,"1.0 oz",14.77,--,--,,
"""18188""","Cookies, peanut butter, refrigerated dough, baked",28.35,"1.0 oz",16.24,--,--,,
"""18191""","Cookies, raisin, soft-type",28.35,"1.0 oz",19.28,--,--,,
"""18193""","Cookies, shortbread, commercially prepared, pecan",28.35,"1.0 oz",16.53,--,--,,
"""18192""","Cookies, shortbread, commercially prepared, plain",28.35,"1.0 oz",18.08,0.000,--,,
"""28310""","Cookies, shortbread, reduced fat",11.8,"1.0 cookie",8.97,--,--,,
"""28311""","Cookies, sugar wafer, chocolate-covered",29.0,"3.0 cookie",19.14,--,--,,
"""18202""","Cookies, sugar wafer, with creme filling, sugar free",28.35,"1.0 oz",18.78,--,--,,
"""18209""","Cookies, sugar wafers with creme filling, regular",36.0,"3.0 cookies",25.43,0.000,--,,
"""18204""","Cookies, sugar, commercially prepared, regular (includes vanilla)",28.35,"1.0 oz",19.09,0.000,--,,
"""18205""","Cookies, sugar, refrigerated dough",33.0,"1.0 serving",20.20,--,--,,
"""18206""","Cookies, sugar, refrigerated dough, baked",28.35,"1.0 oz",18.60,--,--,,
"""18210""","Cookies, vanilla sandwich with creme filling",28.35,"1.0 oz",20.44,--,--,,
"""28352""","Cookies, vanilla sandwich with creme filling, reduced fat",48.0,"1.0 serving cookie",37.52,--,--,,
"""18213""","Cookies, vanilla wafers, higher fat",30.0,"8.0 wafers",21.78,0.000,--,,
"""18212""","Cookies, vanilla wafers, lower fat",28.35,"1.0 oz",20.87,--,--,,
"""18236""","Cracker, meal",28.35,"1.0 oz",22.94,--,--,,
"""18434""","Crackers, cheese, low sodium",14.2,"0.5 oz",8.26,--,--,,
"""18965""","Crackers, cheese, reduced fat",30.0,"1.0 serving",20.46,--,--,,
"""18214""","Crackers, cheese, regular",14.2,"0.5 oz",8.44,0.000,--,,
"""18927""","Crackers, cheese, sandwich-type with cheese filling",39.0,"6.0 cracker 1 cracker = 6.5g",22.92,--,--,,
"""18215""","Crackers, cheese, sandwich-type with peanut butter filling",14.2,"0.5 oz",8.06,--,--,,
"""28303""","Crackers, cheese, whole grain",31.0,"1.0 serving 55 pieces",17.76,--,--,,
"""18961""","Crackers, cream, Gamesa Sabrosas",31.0,"11.0 crackers (1 NLEA serving)",20.01,0.000,--,,
"""18962""","Crackers, cream, La Moderna Rikis Cream Crackers",32.0,"10.0 crackers (1 NLEA serving)",20.76,0.000,--,,
"""18216""","Crackers, crispbread, rye",14.2,"0.5 oz",11.67,--,--,,
"""28331""","Crackers, flavored, fish-shaped",5.2,"10.0 goldfish",3.41,0.000,--,,
"""28345""","Crackers, gluten-free, multi-seeded and multigrain",6.1,"3.0 crackers",4.04,0.000,--,,
"""28344""","Crackers, gluten-free, multigrain and vegetable, made with corn starch and white rice flour",10.7,"3.0 crackers",8.23,0.000,--,,
"""18218""","Crackers, matzo, egg",14.2,"0.5 oz",11.16,--,--,,
"""18400""","Crackers, matzo, egg and onion",14.2,"0.5 oz",10.95,--,--,,
"""18217""","Crackers, matzo, plain",14.2,"0.5 oz",11.89,--,--,,
"""18219""","Crackers, matzo, whole-wheat",14.2,"0.5 oz",11.20,--,--,,
"""18220""","Crackers, melba toast, plain",14.2,"0.5 oz",10.88,--,--,,
"""18424""","Crackers, melba toast, plain, without salt",14.2,"0.5 oz",10.88,--,--,,
"""18221""","Crackers, melba toast, rye (includes pumpernickel)",14.2,"0.5 oz",10.98,--,--,,
"""18222""","Crackers, melba toast, wheat",14.2,"0.5 oz",10.85,--,--,,
"""18223""","Crackers, milk",14.2,"0.5 oz",10.19,--,--,,
"""28292""","Crackers, multigrain",14.0,"4.0 crackers",9.46,--,--,,
"""18224""","Crackers, rusk toast",14.2,"0.5 oz",10.27,--,--,,
"""18225""","Crackers, rye, sandwich-type with cheese filling",14.2,"0.5 oz",8.63,--,--,,
"""18226""","Crackers, rye, wafers, plain",14.2,"0.5 oz",11.42,--,--,,
"""18227""","Crackers, rye, wafers, seasoned",14.2,"0.5 oz",10.48,--,--,,
"""18228""","Crackers, saltines (includes oyster, soda, soup)",14.9,"5.0 crackers",11.03,0.000,--,,
"""18457""","Crackers, saltines, fat-free, low-sodium",15.0,"3.0 saltines",12.35,--,--,,
"""18425""","Crackers, saltines, low salt (includes oyster, soda, soup)",14.2,"0.5 oz",10.56,0.000,--,,
"""18426""","Crackers, saltines, unsalted tops (includes oyster, soda, soup)",14.2,"0.5 oz",10.15,--,--,,
"""18966""","Crackers, saltines, whole wheat (includes multi-grain)",14.0,"1.0 serving",9.55,--,--,,
"""28314""","Crackers, sandwich-type, peanut butter filled, reduced fat",36.0,"1.0 package",22.86,--,--,,
"""18960""","Crackers, snack, Goya Crackers",30.0,"1.0 serving (1 NLEA serving - about 4 crackers)",19.30,0.000,--,,
"""18229""","Crackers, standard snack-type, regular",16.0,"5.0 crackers",9.81,0.001,--,,
"""18427""","Crackers, standard snack-type, regular, low salt",14.2,"0.5 oz",8.66,--,--,,
"""18230""","Crackers, standard snack-type, sandwich, with cheese filling",14.2,"0.5 oz",8.76,--,--,,
"""18231""","Crackers, standard snack-type, sandwich, with peanut butter filling",14.2,"0.5 oz",8.29,--,--,,
"""28308""","Crackers, standard snack-type, with whole wheat",15.0,"5.0 crackers 1 serving",10.26,0.000,--,,
"""28325""","Crackers, toast thins, low sodium",31.0,"1.0 serving",20.97,--,--,,
"""28327""","Crackers, water biscuits",14.0,"4.0 cracker 1 serving",10.19,--,--,,
"""18428""","Crackers, wheat, low salt",14.2,"0.5 oz",9.22,--,--,,
"""18950""","Crackers, wheat, reduced fat",29.0,"1.0 serving",20.74,0.000,--,,
"""18232""","Crackers, wheat, regular",34.0,"16.0 crackers 1 serving",24.05,0.000,--,,
"""18233""","Crackers, wheat, sandwich, with cheese filling",14.2,"0.5 oz",8.26,--,--,,
"""18234""","Crackers, wheat, sandwich, with peanut butter filling",14.2,"0.5 oz",7.64,--,--,,
"""28326""","Crackers, whole grain, sandwich-type, with peanut butter filling",43.0,"6.0 cracker 1 serving",23.47,--,--,,
"""18235""","Crackers, whole-wheat",28.0,"1.0 serving",19.47,0.000,--,,
"""18429""","Crackers, whole-wheat, low salt",14.2,"0.5 oz",9.74,--,--,,
"""18949""","Crackers, whole-wheat, reduced fat",29.0,"1.0 serving",21.90,0.000,--,,
"""18237""","Cream puff shell, prepared from recipe",28.35,"1.0 oz",6.46,--,--,,
"""18969""","Cream puff, eclair, custard or cream filled, iced",113.0,"4.0 oz",42.30,--,--,,
"""18240""","Croissants, apple",28.35,"1.0 oz",10.52,--,--,,
"""18239""","Croissants, butter",28.35,"1.0 oz",12.98,--,--,,
"""18241""","Croissants, cheese",28.35,"1.0 oz",13.32,--,--,,
"""18242""","Croutons, plain",14.2,"0.5 oz",10.44,--,--,,
"""18243""","Croutons, seasoned",14.2,"0.5 oz",9.02,--,--,,
"""28355""","Crunchmaster, Multi-Grain Crisps, Snack Crackers, Gluten-Free",3.9,"3.0 crackers",2.62,0.000,--,,
"""18245""","Danish pastry, cheese",28.35,"1.0 oz",10.55,--,--,,
"""18244""","Danish pastry, cinnamon, enriched",28.35,"1.0 oz",12.64,--,--,,
"""18430""","Danish pastry, cinnamon, unenriched",28.35,"1.0 oz",12.64,--,--,,
"""18246""","Danish pastry, fruit, enriched (includes apple, cinnamon, raisin, lemon, raspberry, strawberry)",28.35,"1.0 oz",13.55,--,--,,
"""18431""","Danish pastry, fruit, unenriched (includes apple, cinnamon, raisin, strawberry)",28.35,"1.0 oz",13.55,--,--,,
"""18433""","Danish pastry, lemon, unenriched",28.35,"1.0 oz",13.55,--,--,,
"""18435""","Danish pastry, raspberry, unenriched",28.35,"1.0 oz",13.55,--,--,,
"""18251""","Doughnuts, cake-type, chocolate, sugared or glazed",28.35,"1.0 oz",16.27,--,--,,
"""18248""","Doughnuts, cake-type, plain (includes unsugared, old-fashioned)",40.0,"1.0 donut",18.82,0.000,--,,
"""18249""","Doughnuts, cake-type, plain, chocolate-coated or frosted",28.35,"1.0 oz",14.55,--,--,,
"""18250""","Doughnuts, cake-type, plain, sugared or glazed",28.35,"1.0 oz",14.40,--,--,,
"""18253""","Doughnuts, french crullers, glazed",28.35,"1.0 oz",16.87,--,--,,
"""18255""","Doughnuts, yeast-leavened, glazed, enriched (includes honey buns)",28.35,"1.0 oz",13.59,0.000,--,,
"""18436""","Doughnuts, yeast-leavened, glazed, unenriched (includes honey buns)",28.35,"1.0 oz",12.56,--,--,,
"""18254""","Doughnuts, yeast-leavened, with creme filling",28.35,"1.0 oz",8.51,--,--,,
"""18256""","Doughnuts, yeast-leavened, with jelly filling",28.35,"1.0 oz",11.06,--,--,,
"""18437""","English muffins, plain, enriched, without calcium propionate(includes sourdough)",28.35,"1.0 oz",13.04,--,--,,
"""18438""","English muffins, plain, unenriched, with calcium propionate (includes sourdough)",28.35,"1.0 oz",13.04,--,--,,
"""18439""","English muffins, plain, unenriched, without calcium propionate (includes sourdough)",28.35,"1.0 oz",13.04,--,--,,
"""28320""","English muffins, whole grain white",57.0,"1.0 muffin 1 serving",28.60,--,--,,
"""18973""","Focaccia, Italian flatbread, plain",57.0,"1.0 piece",20.42,--,--,,
"""18268""","French toast, frozen, ready-to-heat",28.35,"1.0 oz",9.10,--,--,,
"""18269""","French toast, prepared from recipe, made with low fat (2%) milk",28.35,"1.0 oz",7.09,--,--,,
"""18963""","Garlic bread, frozen",43.0,"1.0 slice presliced",17.94,0.000,--,,
"""18603""","George Weston Bakeries, Brownberry Sage and Onion Stuffing Mix, dry",67.0,"1.0 serving",48.71,--,--,,
"""18639""","George Weston Bakeries, Thomas English Muffins",57.0,"1.0 serving",26.22,--,--,,
"""28356""","Glutino, Gluten Free Cookies, Chocolate Vanilla Creme",44.0,"3.0 cookies",33.45,0.000,--,,
"""28357""","Glutino, Gluten Free Cookies, Vanilla Creme",45.0,"3.0 cookies",34.80,0.000,--,,
"""28358""","Glutino, Gluten Free Wafers, Lemon Flavored",30.0,"3.0 cookies",22.32,0.000,--,,
"""28359""","Glutino, Gluten Free Wafers, Milk Chocolate",23.0,"3.0 cookies",14.45,0.000,--,,
"""18640""","Heinz, Weight Watcher, Chocolate Eclair, frozen",59.0,"1.0 eclair, frozen",23.78,--,--,,
"""18270""","Hush puppies, prepared from recipe",28.35,"1.0 oz",13.04,--,--,,
"""18271""","Ice cream cones, cake or wafer-type",28.35,"1.0 oz",22.40,--,--,,
"""18272""","Ice cream cones, sugar, rolled-type",28.35,"1.0 oz",23.84,--,--,,
"""18641""","Interstate Brands Corp, Wonder Hamburger Rolls",43.0,"1.0 serving",21.86,--,--,,
"""18608""","Keebler, Keebler Chocolate Graham SELECTS",31.0,"1.0 serving",22.26,--,--,,
"""18956""","Keikitos (muffins), Latino bakery item",42.0,"1.0 piece",22.33,--,--,,
"""18637""","Kraft Foods, Shake N Bake Original Recipe, Coating for Pork, dry",28.0,"1.0 serving",22.34,--,--,,
"""18567""","Kraft, Stove Top Stuffing Mix Chicken Flavor",28.0,"1.0 NLEA serving (makes 1/2 cup prepared)",20.47,--,--,,
"""18369""","Leavening agents, baking powder, double-acting, sodium aluminum sulfate",4.6,"1.0 tsp",1.27,--,--,,
"""18370""","Leavening agents, baking powder, double-acting, straight phosphate",4.6,"1.0 tsp",1.11,--,--,,
"""18371""","Leavening agents, baking powder, low-sodium",5.0,"1.0 tsp",2.35,--,--,,
"""18372""","Leavening agents, baking soda",4.6,"1.0 tsp",0.00,--,--,,
"""18373""","Leavening agents, cream of tartar",3.0,"1.0 tsp",1.84,--,--,,
"""18375""","Leavening agents, yeast, baker's, active dry",4.0,"1.0 tsp",1.65,--,--,,
"""18374""","Leavening agents, yeast, baker's, compressed",17.0,"1.0 cake (0.6 oz)",3.08,--,--,,
"""18615""","Martha White Foods, Martha White's Buttermilk Biscuit Mix, dry",41.0,"1.0 serving",24.36,--,--,,
"""18614""","Martha White Foods, Martha White's Chewy Fudge Brownie Mix, dry",28.0,"1.0 serving",23.40,--,--,,
"""28360""","Mary's Gone Crackers, Original Crackers, Organic Gluten Free",7.4,"3.0 crackers",4.76,--,--,,
"""18612""","Mckee Baking, Little Debbie Nutty Bars, Wafers with Peanut Butter, Chocolate Covered",57.0,"1.0 serving",31.46,--,--,,
"""18616""","Mission Foods, Mission Flour Tortillas, Soft Taco, 8 inch",51.0,"1.0 serving",25.30,--,--,,
"""18940""","Muffin, blueberry, commercially prepared, low-fat",71.0,"1.0 muffin small",35.54,--,--,,
"""18274""","Muffins, blueberry, commercially prepared (Includes mini-muffins)",28.35,"1.0 oz",15.03,0.001,--,,
"""18275""","Muffins, blueberry, dry mix",43.0,"1.0 serving",26.23,--,--,,
"""18278""","Muffins, blueberry, prepared from recipe, made with low fat (2%) milk",28.35,"1.0 oz",11.54,--,--,,
"""18277""","Muffins, blueberry, toaster-type",28.35,"1.0 oz",15.11,--,--,,
"""18386""","Muffins, blueberry, toaster-type, toasted",28.35,"1.0 oz",16.07,--,--,,
"""18279""","Muffins, corn, commercially prepared",28.35,"1.0 oz",14.46,--,--,,
"""18280""","Muffins, corn, dry mix, prepared",28.35,"1.0 oz",13.92,--,--,,
"""18282""","Muffins, corn, prepared from recipe, made with low fat (2%) milk",28.35,"1.0 oz",12.53,--,--,,
"""18281""","Muffins, corn, toaster-type",28.35,"1.0 oz",16.41,--,--,,
"""18260""","Muffins, English, mixed-grain (includes granola)",28.35,"1.0 oz",13.13,--,--,,
"""18258""","Muffins, English, plain, enriched, with ca prop (includes sourdough)",28.35,"1.0 oz",12.52,--,--,,
"""18259""","Muffins, English, plain, toasted, enriched, with calcium propionate (includes sourdough)",28.35,"1.0 oz",14.93,--,--,,
"""18262""","Muffins, English, raisin-cinnamon (includes apple-cinnamon)",28.35,"1.0 oz",13.64,--,--,,
"""18263""","Muffins, English, raisin-cinnamon, toasted (includes apple-cinnamon)",28.35,"1.0 oz",15.60,--,--,,
"""18264""","Muffins, English, wheat",28.35,"1.0 oz",12.70,--,--,,
"""18266""","Muffins, English, whole-wheat",28.35,"1.0 oz",11.45,--,--,,
"""18283""","Muffins, oat bran",28.35,"1.0 oz",13.69,--,--,,
"""18273""","Muffins, plain, prepared from recipe, made with low fat (2%) milk",28.35,"1.0 oz",11.74,--,--,,
"""18284""","Muffins, wheat bran, dry mix",28.35,"1.0 oz",20.70,--,--,,
"""18388""","Muffins, wheat bran, toaster-type with raisins, toasted",28.35,"1.0 oz",15.73,--,--,,
"""18617""","Nabisco, Nabisco Grahams Crackers",28.0,"1.0 serving",21.34,--,--,,
"""18619""","Nabisco, Nabisco Oreo Crunchies, Cookie Crumb Topping",11.0,"1.0 serving",7.73,--,--,,
"""18621""","Nabisco, Nabisco Ritz Crackers",3.3,"1.0 cracker",2.10,0.000,--,,
"""18651""","Nabisco, Nabisco Snackwell's Fat Free Devil's Food Cookie Cakes",16.0,"1.0 serving",11.88,--,--,,
"""18958""","Pan Dulce, La Ricura, Salpora de Arroz con Azucar, cookie-like, contains wheat flour and rice flour",42.0,"1.0 piece (1 serving)",27.84,--,--,,
"""18288""","Pancakes plain, frozen, ready-to-heat (includes buttermilk)",28.35,"1.0 oz",10.70,0.000,--,,
"""18294""","Pancakes, blueberry, prepared from recipe",28.35,"1.0 oz",8.22,--,--,,
"""18295""","Pancakes, buckwheat, dry mix, incomplete",28.35,"1.0 oz",20.21,--,--,,
"""18390""","Pancakes, buttermilk, prepared from recipe",28.35,"1.0 oz",8.14,--,--,,
"""28347""","Pancakes, gluten-free, frozen, ready-to-heat",48.0,"1.0 pancake",19.35,0.000,--,,
"""18289""","Pancakes, plain, dry mix, complete (includes buttermilk)",52.0,"0.33 cup",38.30,0.000,--,,
"""18290""","Pancakes, plain, dry mix, complete, prepared",28.35,"1.0 oz",10.40,--,--,,
"""18291""","Pancakes, plain, dry mix, incomplete (includes buttermilk)",28.35,"1.0 oz",20.87,--,--,,
"""18292""","Pancakes, plain, dry mix, incomplete, prepared",28.35,"1.0 oz",8.19,--,--,,
"""18936""","Pancakes, plain, frozen, ready-to-heat, microwave (includes buttermilk)",28.35,"1.0 oz",12.28,--,--,,
"""18293""","Pancakes, plain, prepared from recipe",28.35,"1.0 oz",8.02,--,--,,
"""28305""","Pancakes, plain, reduced fat",105.0,"1.0 serving 3 pancakes",60.19,--,--,,
"""18297""","Pancakes, special dietary, dry mix",28.35,"1.0 oz",20.95,--,--,,
"""28324""","Pancakes, whole wheat, dry mix, incomplete",38.0,"0.25 cup mix 1 serving",28.16,--,--,,
"""18299""","Pancakes, whole-wheat, dry mix, incomplete",28.35,"1.0 oz",20.13,--,--,,
"""18300""","Pancakes, whole-wheat, dry mix, incomplete, prepared",28.35,"1.0 oz",8.33,--,--,,
"""18959""","Pastry, Pastelitos de Guava (guava pastries)",86.0,"1.0 piece",41.07,0.000,--,,
"""28361""","Pepperidge Farm, Goldfish, Baked Snack Crackers, Cheddar",5.2,"10.0 goldfish",3.44,--,--,,
"""28362""","Pepperidge Farm, Goldfish, Baked Snack Crackers, Explosive Pizza",5.3,"10.0 goldfish",3.56,--,--,,
"""28363""","Pepperidge Farm, Goldfish, Baked Snack Crackers, Original",5.2,"10.0 goldfish",3.42,0.000,--,,
"""28364""","Pepperidge Farm, Goldfish, Baked Snack Crackers, Parmesan",5.3,"10.0 goldfish",3.43,0.000,--,,
"""28365""","Pepperidge Farm, Goldfish, Baked Snack Crackers, Pizza",5.1,"10.0 goldfish",3.32,0.000,--,,
"""18338""","Phyllo dough",28.35,"1.0 oz",14.91,--,--,,
"""18943""","Pie Crust, Cookie-type, Chocolate, Ready Crust",182.0,"1.0 crust",117.35,--,--,,
"""18942""","Pie Crust, Cookie-type, Graham Cracker, Ready Crust",28.35,"1.0 oz",18.23,--,--,,
"""18399""","Pie crust, cookie-type, prepared from recipe, graham cracker, chilled",30.0,"1.0 piece (1/8 of 9"" crust)",19.17,--,--,,
"""18401""","Pie crust, cookie-type, prepared from recipe, vanilla wafer, chilled",129.0,"1.0 cup",64.76,--,--,,
"""18947""","Pie crust, deep dish, frozen, baked, made with enriched flour",202.0,"1.0 pie crust (average weight)",105.99,--,--,,
"""18945""","Pie crust, deep dish, frozen, unbaked, made with enriched flour",225.0,"1.0 pie crust (average weight)",105.28,--,--,,
"""18946""","Pie crust, refrigerated, regular, baked",198.0,"1.0 pie crust",115.87,--,--,,
"""18948""","Pie crust, refrigerated, regular, unbaked",229.0,"1.0 pie crust (average weight)",117.04,--,--,,
"""18332""","Pie crust, standard-type, dry mix",28.35,"1.0 oz",14.77,--,--,,
"""18333""","Pie crust, standard-type, dry mix, prepared, baked",20.0,"1.0 piece (1/8 of 9"" crust)",10.08,--,--,,
"""18334""","Pie crust, standard-type, frozen, ready-to-bake, enriched",18.0,"1.0 piece (1/8 of 9"" crust)",8.75,--,--,,
"""18335""","Pie crust, standard-type, frozen, ready-to-bake, enriched, baked",154.0,"1.0 pie crust (average weight of 1 baked crust)",86.61,--,--,,
"""18446""","Pie crust, standard-type, frozen, ready-to-bake, unenriched",142.0,"1.0 crust, single 9""",62.62,--,--,,
"""18336""","Pie crust, standard-type, prepared from recipe, baked",23.0,"1.0 piece (1/8 of 9"" crust)",10.93,--,--,,
"""18402""","Pie crust, standard-type, prepared from recipe, unbaked",24.0,"1.0 piece (1/8 of 9"" crust)",10.15,--,--,,
"""18301""","Pie, apple, commercially prepared, enriched flour",28.35,"1.0 oz",9.64,--,--,,
"""18443""","Pie, apple, commercially prepared, unenriched flour",28.35,"1.0 oz",9.64,--,--,,
"""18302""","Pie, apple, prepared from recipe",28.35,"1.0 oz",10.52,--,--,,
"""18303""","Pie, banana cream, prepared from mix, no-bake type",28.35,"1.0 oz",8.96,--,--,,
"""18304""","Pie, banana cream, prepared from recipe",28.35,"1.0 oz",9.33,--,--,,
"""18305""","Pie, blueberry, commercially prepared",28.35,"1.0 oz",9.89,--,--,,
"""18306""","Pie, blueberry, prepared from recipe",28.35,"1.0 oz",9.50,--,--,,
"""18308""","Pie, cherry, commercially prepared",28.35,"1.0 oz",11.28,--,--,,
"""18309""","Pie, cherry, prepared from recipe",28.35,"1.0 oz",10.91,--,--,,
"""18310""","Pie, chocolate creme, commercially prepared",120.0,"1.0 serving .167 pie",46.13,--,--,,
"""18312""","Pie, chocolate mousse, prepared from mix, no-bake type",28.35,"1.0 oz",8.39,--,--,,
"""18314""","Pie, coconut cream, prepared from mix, no-bake type",28.35,"1.0 oz",8.08,--,--,,
"""18313""","Pie, coconut creme, commercially prepared",28.35,"1.0 oz",10.57,--,--,,
"""18316""","Pie, coconut custard, commercially prepared",28.35,"1.0 oz",8.56,--,--,,
"""18944""","Pie, Dutch Apple, Commercially Prepared",131.0,"0.12 pie 1 pie (1/8 of 9"" pie)",58.35,--,--,,
"""18317""","Pie, egg custard, commercially prepared",28.35,"1.0 oz",5.90,--,--,,
"""18444""","Pie, fried pies, cherry",28.35,"1.0 oz",12.08,--,--,,
"""18319""","Pie, fried pies, fruit",28.35,"1.0 oz",12.08,--,--,,
"""18445""","Pie, fried pies, lemon",28.35,"1.0 oz",12.08,--,--,,
"""18320""","Pie, lemon meringue, commercially prepared",28.35,"1.0 oz",13.38,--,--,,
"""18321""","Pie, lemon meringue, prepared from recipe",28.35,"1.0 oz",11.08,--,--,,
"""18322""","Pie, mince, prepared from recipe",28.35,"1.0 oz",13.61,--,--,,
"""18323""","Pie, peach",28.35,"1.0 oz",9.33,--,--,,
"""18324""","Pie, pecan, commercially prepared",28.35,"1.0 oz",16.90,--,--,,
"""18325""","Pie, pecan, prepared from recipe",28.35,"1.0 oz",14.80,--,--,,
"""18326""","Pie, pumpkin, commercially prepared",28.35,"1.0 oz",9.87,--,--,,
"""18327""","Pie, pumpkin, prepared from recipe",28.35,"1.0 oz",7.48,--,--,,
"""18328""","Pie, vanilla cream, prepared from recipe",28.35,"1.0 oz",9.24,--,--,,
"""18634""","Pillsbury Golden Layer Buttermilk Biscuits, Artificial Flavor, refrigerated dough",34.0,"1.0 serving",14.00,--,--,,
"""18633""","Pillsbury Grands, Buttermilk Biscuits, refrigerated dough",34.0,"1.0 biscuit",14.42,--,--,,
"""18629""","Pillsbury, Buttermilk Biscuits, Artificial Flavor, refrigerated dough",64.0,"1.0 biscuit",30.12,--,--,,
"""18630""","Pillsbury, Chocolate Chip Cookies, refrigerated dough",38.0,"1.0 serving 2 cookies",23.09,--,--,,
"""18635""","Pillsbury, Cinnamon Rolls with Icing, refrigerated dough",44.0,"1.0 serving 1 roll with icing",23.50,--,--,,
"""18631""","Pillsbury, Crusty French Loaf, refrigerated dough",52.0,"1.0 serving",24.10,--,--,,
"""18339""","Popovers, dry mix, enriched",28.35,"1.0 oz",20.13,--,--,,
"""18447""","Popovers, dry mix, unenriched",28.35,"1.0 oz",20.13,--,--,,
"""18337""","Puff pastry, frozen, ready-to-bake",28.35,"1.0 oz",12.79,--,--,,
"""18211""","Puff pastry, frozen, ready-to-bake, baked",28.35,"1.0 oz",12.96,--,--,,
"""18344""","Rolls, dinner, egg",28.35,"1.0 oz",14.74,--,--,,
"""18345""","Rolls, dinner, oat bran",28.35,"1.0 oz",11.40,--,--,,
"""18342""","Rolls, dinner, plain, commercially prepared (includes brown-and-serve)",28.0,"1.0 roll (1 oz)",14.57,--,--,,
"""18396""","Rolls, dinner, plain, prepared from recipe, made with low fat (2%) milk",28.35,"1.0 oz",15.14,--,--,,
"""18346""","Rolls, dinner, rye",43.0,"1.0 large (approx 3-1/2"" to 4"" dia)",22.83,--,--,,
"""28348""","Rolls, dinner, sweet",30.0,"1.0 roll",16.07,0.000,--,,
"""18347""","Rolls, dinner, wheat",28.0,"1.0 roll (1 oz)",12.88,--,--,,
"""18348""","Rolls, dinner, whole-wheat",28.0,"1.0 roll (1 oz)",14.31,--,--,,
"""18349""","Rolls, french",28.35,"1.0 oz",14.23,--,--,,
"""28340""","Rolls, gluten-free, white, made with brown rice flour, tapioca starch, and potato starch",36.0,"1.0 roll",19.84,--,--,,
"""28342""","Rolls, gluten-free, white, made with brown rice flour, tapioca starch, and sorghum flour",69.0,"1.0 roll",27.77,--,--,,
"""28341""","Rolls, gluten-free, white, made with rice flour, rice starch, and corn starch",78.0,"1.0 roll",39.37,0.000,--,,
"""28343""","Rolls, gluten-free, whole grain, made with tapioca starch and brown rice flour",44.0,"1.0 roll",19.49,0.001,--,,
"""28312""","Rolls, hamburger or hot dog, wheat/cracked wheat",51.0,"1.0 roll",24.13,0.000,--,,
"""28313""","Rolls, hamburger or hot dog, whole wheat",56.0,"1.0 roll",25.16,0.000,--,,
"""18351""","Rolls, hamburger or hotdog, mixed-grain",28.35,"1.0 oz",12.64,--,--,,
"""18350""","Rolls, hamburger or hotdog, plain",44.0,"1.0 roll 1 serving",22.05,0.000,--,,
"""28321""","Rolls, hamburger, whole grain white, calcium-fortified",43.0,"1.0 piece roll",20.00,--,--,,
"""18353""","Rolls, hard (includes kaiser)",28.35,"1.0 oz",14.94,--,--,,
"""43441""","Rolls, pumpernickel",36.0,"1.0 medium (2-1/2"" dia)",18.67,--,--,,
"""28366""","Rudi's, Gluten-Free Bakery, Original Sandwich Bread",34.0,"1.0 slice",17.96,0.000,--,,
"""28367""","Sage Valley, Gluten Free Vanilla Sandwich Cookies",44.0,"3.0 cookies",31.63,0.000,--,,
"""28368""","Schar, Gluten-Free, Classic White Rolls",78.0,"1.0 roll",39.37,0.000,--,,
"""18354""","Strudel, apple",28.35,"1.0 oz",11.65,--,--,,
"""18355""","Sweet rolls, cheese",28.35,"1.0 oz",12.39,--,--,,
"""18356""","Sweet rolls, cinnamon, commercially prepared with raisins",28.35,"1.0 oz",14.43,--,--,,
"""18357""","Sweet rolls, cinnamon, refrigerated dough with frosting",28.35,"1.0 oz",14.63,--,--,,
"""18358""","Sweet rolls, cinnamon, refrigerated dough with frosting, baked",28.35,"1.0 oz",15.90,--,--,,
"""18360""","Taco shells, baked",12.9,"1.0 shell",8.19,0.000,--,,
"""18448""","Taco shells, baked, without added salt",28.35,"1.0 oz",17.69,--,--,,
"""18459""","Tart, breakfast, low fat",52.0,"1.0 tart",39.94,--,--,,
"""18361""","Toaster pastries, brown-sugar-cinnamon",28.35,"1.0 oz",20.59,--,--,,
"""18362""","Toaster pastries, fruit (includes apple, blueberry, cherry, strawberry)",28.35,"1.0 oz",19.94,0.000,--,,
"""18938""","Toaster Pastries, fruit, frosted (include apples, blueberry, cherry, strawberry)",53.0,"1.0 piece",38.07,0.000,--,,
"""18939""","Toaster pastries, fruit, toasted (include apple, blueberry, cherry, strawberry)",51.0,"1.0 pastry",37.08,--,--,,
"""18363""","Tortillas, ready-to-bake or -fry, corn",28.35,"1.0 oz",12.66,--,--,,
"""18449""","Tortillas, ready-to-bake or -fry, corn, without added salt",28.35,"1.0 oz",13.21,--,--,,
"""18364""","Tortillas, ready-to-bake or -fry, flour, refrigerated",48.0,"1.0 tortilla",23.70,0.000,--,,
"""18970""","Tortillas, ready-to-bake or -fry, flour, shelf stable",49.0,"1.0 tortilla",24.14,--,--,,
"""18450""","Tortillas, ready-to-bake or -fry, flour, without added calcium",28.35,"1.0 oz",15.76,--,--,,
"""28295""","Tortillas, ready-to-bake or -fry, whole wheat",41.0,"1.0 tortilla 1 serving",18.81,--,--,,
"""18952""","Tostada shells, corn",12.3,"1.0 piece",7.92,--,0.016,,
"""28370""","Udi's, Gluten Free, Classic French Dinner Rolls",36.0,"1.0 roll",19.84,--,--,,
"""28371""","Udi's, Gluten Free, Soft  &  Delicious White Sandwich Bread",28.0,"1.0 slice",14.32,0.001,--,,
"""28372""","Udi's, Gluten Free, Soft  &  Hearty Whole Grain Bread",25.0,"1.0 slice",12.27,0.000,--,,
"""28373""","Udi's, Gluten Free, Whole Grain Dinner Rolls",44.0,"1.0 roll",19.49,0.001,--,,
"""28374""","Van's, Gluten Free, Totally Original Pancakes",48.0,"1.0 pancake",19.35,0.000,--,,
"""28375""","Van's, Gluten Free, Totally Original Waffles",47.0,"1.0 waffle",19.05,0.000,--,,
"""28376""","Van's, The Perfect 10, Crispy Six Whole Grain + Four Seed Baked Crackers, Gluten Free",8.4,"3.0 crackers",5.68,--,--,,
"""18934""","Waffle, buttermilk, frozen, ready-to-heat, microwaved",35.0,"1.0 waffle",15.46,--,--,,
"""18933""","Waffle, buttermilk, frozen, ready-to-heat, toasted",28.0,"1.0 oz",13.55,--,--,,
"""18935""","Waffle, plain, frozen, ready-to-heat, microwave",32.0,"1.0 waffle, round (4""dia)",14.53,--,--,,
"""18932""","Waffles, buttermilk, frozen, ready-to-heat",39.0,"1.0 waffle, square",16.01,--,--,,
"""18951""","Waffles, chocolate chip, frozen, ready-to-heat",70.0,"2.0 waffles",31.98,--,--,,
"""28346""","Waffles, gluten-free, frozen, ready-to-heat",45.0,"1.0 waffle",19.37,0.000,--,,
"""18403""","Waffles, plain, frozen, ready -to-heat, toasted",28.35,"1.0 oz",13.97,--,--,,
"""18365""","Waffles, plain, frozen, ready-to-heat",28.35,"1.0 oz",12.18,--,--,,
"""18367""","Waffles, plain, prepared from recipe",28.35,"1.0 oz",9.33,--,--,,
"""28304""","Waffles, whole wheat, lowfat, frozen, ready-to-heat",70.0,"1.0 serving 2 waffles",34.41,--,--,,
"""18368""","Wonton wrappers (includes egg roll wrappers)",28.35,"1.0 oz",16.41,--,--,,
