Source: USDA National Nutrient Database for Standard Reference Legacy Software v.3.9.4 2018-05-17
"Nutrients: Ash (g); Tocopherol, delta (mg); 22:1 undifferentiated (g)"
"Food Groups: Baked Products"
Food Subset:All Foods
Ordered by:Food Name
Measured by:Household
Report Run at: 06-02-2018T14:03
NDB_NO,Description,Weight(g),Measure,"Ash"(g)Per Measure,"Tocopherol, delta"(mg)Per Measure,"22:1 undifferentiated"(g)Per Measure,
"""28354""","Andrea's, Gluten Free Soft Dinner Roll",69.0,"1.0 roll",0.90,0.00,--,,
"""18522""","Archway Home Style Cookies, Chocolate Chip Ice Box",24.0,"1.0 serving",0.31,--,--,,
"""18524""","Archway Home Style Cookies, Coconut Macaroon",22.0,"1.0 serving",0.38,--,--,,
"""18527""","Archway Home Style Cookies, Date Filled Oatmeal",25.0,"1.0 serving",0.41,--,--,,
"""18528""","Archway Home Style Cookies, Dutch Cocoa",24.0,"1.0 serving",0.42,--,--,,
"""18529""","Archway Home Style Cookies, Frosty Lemon",26.0,"1.0 serving",0.43,--,--,,
"""18532""","Archway Home Style Cookies, Iced Molasses",28.0,"1.0 serving",0.73,--,--,,
"""18533""","Archway Home Style Cookies, Iced Oatmeal",28.0,"1.0 serving",0.52,--,--,,
"""18535""","Archway Home Style Cookies, Molasses",26.0,"1.0 serving",0.74,--,--,,
"""18537""","Archway Home Style Cookies, Oatmeal",25.0,"1.0 serving",0.50,--,--,,
"""18538""","Archway Home Style Cookies, Oatmeal Raisin",26.0,"1.0 serving",0.51,--,--,,
"""18539""","Archway Home Style Cookies, Old Fashioned Molasses",26.0,"1.0 serving",0.76,--,--,,
"""18540""","Archway Home Style Cookies, Old Fashioned Windmill Cookies",20.0,"1.0 serving",0.41,--,--,,
"""18541""","Archway Home Style Cookies, Peanut Butter",21.0,"1.0 serving",0.40,--,--,,
"""18544""","Archway Home Style Cookies, Raspberry Filled",25.0,"1.0 serving",0.37,--,--,,
"""18562""","Archway Home Style Cookies, Reduced Fat Ginger Snaps",32.0,"1.0 serving",0.88,--,--,,
"""18547""","Archway Home Style Cookies, Strawberry Filled",25.0,"1.0 serving",0.37,--,--,,
"""18513""","Archway Home Style Cookies, Sugar Free Oatmeal",24.0,"1.0 serving",0.32,--,--,,
"""18566""","Artificial Blueberry Muffin Mix, dry",31.0,"1.0 muffin",0.85,--,--,,
"""18005""","Bagels, cinnamon-raisin",26.0,"1.0 mini bagel (2-1/2"" dia)",0.34,--,0.000,,
"""18006""","Bagels, cinnamon-raisin, toasted",24.0,"1.0 mini bagel (2-1/2"" dia)",0.34,--,0.000,,
"""18003""","Bagels, egg",28.35,"1.0 oz",0.45,--,0.000,,
"""28322""","Bagels, multigrain",81.0,"1.0 piece bagel",1.61,--,0.000,,
"""18007""","Bagels, oat bran",26.0,"1.0 mini bagel (2-1/2"" dia)",0.49,--,0.000,,
"""18001""","Bagels, plain, enriched, with calcium propionate (includes onion, poppy, sesame)",99.0,"1.0 bagel",1.91,0.03,0.000,,
"""18002""","Bagels, plain, enriched, with calcium propionate (includes onion, poppy, sesame), toasted",24.0,"1.0 mini bagel (2-1/2"" dia)",0.42,--,0.000,,
"""18406""","Bagels, plain, enriched, without calcium propionate (includes onion, poppy, sesame)",28.35,"1.0 oz",0.51,--,--,,
"""18407""","Bagels, plain, unenriched, with calcium propionate (includes onion, poppy, sesame)",28.35,"1.0 oz",0.51,--,--,,
"""18408""","Bagels, plain, unenriched, without calcium propionate(includes onion, poppy, sesame)",28.35,"1.0 oz",0.51,--,--,,
"""18968""","Bagels, wheat",98.0,"1.0 bagel",1.78,--,0.000,,
"""28319""","Bagels, whole grain white",43.0,"0.5 piece bagel 1 serving",0.71,--,0.000,,
"""18017""","Biscuits, mixed grain, refrigerated dough",28.35,"1.0 oz",0.88,--,0.000,,
"""18010""","Biscuits, plain or buttermilk, dry mix",120.0,"1.0 cup, purchased",4.80,--,0.000,,
"""18011""","Biscuits, plain or buttermilk, dry mix, prepared",28.35,"1.0 oz",0.94,--,--,,
"""18009""","Biscuits, plain or buttermilk, frozen, baked",28.35,"1.0 oz",0.62,--,0.000,,
"""18016""","Biscuits, plain or buttermilk, prepared from recipe",28.35,"1.0 oz",0.91,--,0.000,,
"""18014""","Biscuits, plain or buttermilk, refrigerated dough, higher fat",58.0,"1.0 biscuit",1.91,--,0.000,,
"""18015""","Biscuits, plain or buttermilk, refrigerated dough, higher fat, baked",51.0,"1.0 biscuit",1.66,0.74,0.000,,
"""18012""","Biscuits, plain or buttermilk, refrigerated dough, lower fat",58.0,"1.0 serving 1 biscuit",2.33,--,0.000,,
"""18013""","Biscuits, plain or buttermilk, refrigerated dough, lower fat, baked",28.35,"1.0 oz",1.08,--,0.000,,
"""18019""","Bread, banana, prepared from recipe, made with margarine",28.35,"1.0 oz",0.28,--,0.000,,
"""18021""","Bread, boston brown, canned",28.35,"1.0 oz",0.79,--,0.000,,
"""28306""","Bread, chapati or roti, plain, commercially prepared",68.0,"1.0 piece",1.32,0.07,0.000,,
"""28285""","Bread, chapati or roti, whole wheat, commercially prepared, frozen",43.0,"1.0 piece",0.60,0.25,0.000,,
"""18972""","Bread, cheese",48.0,"1.0 slice",1.34,--,0.000,,
"""28315""","Bread, cinnamon",28.0,"1.0 slice 1 serving",0.38,--,0.000,,
"""18022""","Bread, cornbread, dry mix, enriched (includes corn muffin mix)",28.35,"1.0 oz",1.02,--,0.000,,
"""18023""","Bread, cornbread, dry mix, prepared with 2% milk, 80% margarine, and eggs",51.0,"1.0 muffin",1.15,0.13,0.001,,
"""18412""","Bread, cornbread, dry mix, unenriched (includes corn muffin mix)",28.35,"1.0 oz",1.02,--,--,,
"""18024""","Bread, cornbread, prepared from recipe, made with low fat (2%) milk",28.35,"1.0 oz",1.02,--,0.000,,
"""18025""","Bread, cracked-wheat",28.35,"1.0 oz",0.60,--,0.000,,
"""18079""","Bread, crumbs, dry, grated, plain",28.35,"1.0 oz",0.81,0.05,0.000,,
"""18376""","Bread, crumbs, dry, grated, seasoned",28.35,"1.0 oz",1.57,0.07,0.000,,
"""18027""","Bread, egg",28.35,"1.0 oz",0.51,--,0.000,,
"""18028""","Bread, egg, toasted",28.35,"1.0 oz",0.57,--,0.000,,
"""18029""","Bread, french or vienna (includes sourdough)",28.35,"1.0 oz",0.56,0.02,0.000,,
"""18030""","Bread, french or vienna, toasted (includes sourdough)",28.35,"1.0 oz",0.65,--,0.000,,
"""28318""","Bread, french or vienna, whole wheat",48.0,"1.0 slice 1 serving",0.83,--,0.000,,
"""28336""","Bread, gluten-free, white, made with potato extract, rice starch, and rice flour",34.0,"1.0 slice",0.57,--,0.001,,
"""28337""","Bread, gluten-free, white, made with rice flour, corn starch, and/or tapioca",35.0,"1.0 slice",0.59,0.70,0.000,,
"""28338""","Bread, gluten-free, white, made with tapioca starch and brown rice flour",28.0,"1.0 slice",0.49,0.00,0.002,,
"""28339""","Bread, gluten-free, whole grain, made with tapioca starch and brown rice flour",25.0,"1.0 slice",0.49,--,0.000,,
"""18032""","Bread, irish soda, prepared from recipe",28.35,"1.0 oz",0.54,--,0.000,,
"""18033""","Bread, Italian",28.35,"1.0 oz",0.60,--,0.000,,
"""28397""","Bread, multi-grain (includes whole-grain)",28.35,"1.0 oz",0.60,0.15,0.000,,
"""18036""","Bread, multi-grain, toasted (includes whole-grain)",28.35,"1.0 oz",0.66,0.17,0.000,,
"""28307""","Bread, naan, plain, commercially prepared, refrigerated",90.0,"1.0 piece",1.52,0.38,0.000,,
"""28287""","Bread, naan, whole wheat, commercially prepared, refrigerated",106.0,"1.0 piece",2.11,--,0.001,,
"""18037""","Bread, oat bran",28.35,"1.0 oz",0.43,--,0.000,,
"""18038""","Bread, oat bran, toasted",28.35,"1.0 oz",0.45,--,0.000,,
"""18039""","Bread, oatmeal",28.35,"1.0 oz",0.57,--,0.000,,
"""18040""","Bread, oatmeal, toasted",28.35,"1.0 oz",0.60,--,0.000,,
"""18955""","Bread, pan dulce, sweet yeast bread",63.0,"1.0 slice (average weight of 1 slice)",0.68,0.49,0.000,,
"""28286""","Bread, paratha, whole wheat, commercially prepared, frozen",79.0,"1.0 piece",1.26,0.06,0.001,,
"""18041""","Bread, pita, white, enriched",60.0,"1.0 pita, large (6-1/2"" dia)",1.14,--,0.000,,
"""18413""","Bread, pita, white, unenriched",28.35,"1.0 oz",0.54,--,--,,
"""18042""","Bread, pita, whole-wheat",64.0,"1.0 pita, large (6-1/2"" dia)",1.28,--,0.000,,
"""18971""","Bread, potato",32.0,"1.0 slice",1.20,--,0.000,,
"""18954""","Bread, pound cake type, pan de torta salvadoran",55.0,"1.0 serving",1.00,2.08,0.002,,
"""18043""","Bread, protein (includes gluten)",28.35,"1.0 oz",0.54,--,0.000,,
"""18383""","Bread, protein, (includes gluten), toasted",28.35,"1.0 oz",0.60,--,0.000,,
"""18044""","Bread, pumpernickel",28.35,"1.0 oz",0.74,--,0.000,,
"""18047""","Bread, raisin, enriched",28.35,"1.0 oz",0.51,--,0.000,,
"""18048""","Bread, raisin, enriched, toasted",28.35,"1.0 oz",0.54,--,0.000,,
"""18414""","Bread, raisin, unenriched",28.35,"1.0 oz",0.51,--,--,,
"""18049""","Bread, reduced-calorie, oat bran",28.35,"1.0 oz",0.43,--,0.000,,
"""18050""","Bread, reduced-calorie, oat bran, toasted",28.35,"1.0 oz",0.51,--,0.000,,
"""18051""","Bread, reduced-calorie, oatmeal",28.35,"1.0 oz",0.45,--,--,,
"""18053""","Bread, reduced-calorie, rye",28.35,"1.0 oz",0.45,--,0.000,,
"""18055""","Bread, reduced-calorie, wheat",28.35,"1.0 oz",0.48,0.00,--,,
"""18057""","Bread, reduced-calorie, white",28.35,"1.0 oz",0.48,--,0.000,,
"""18059""","Bread, rice bran",28.35,"1.0 oz",0.57,--,0.000,,
"""18384""","Bread, rice bran, toasted",28.35,"1.0 oz",0.62,--,0.000,,
"""28288""","Bread, roll, Mexican, bollilo",98.0,"1.0 piece",1.70,0.13,0.000,,
"""18060""","Bread, rye",28.35,"1.0 oz",0.71,--,0.000,,
"""18061""","Bread, rye, toasted",28.35,"1.0 oz",0.77,--,0.000,,
"""18953""","Bread, salvadoran sweet cheese (quesadilla salvadorena)",55.0,"1.0 serving (approximate serving size)",1.34,1.92,0.000,,
"""18080""","Bread, sticks, plain",46.0,"1.0 cup, small pieces",1.79,--,0.000,,
"""18084""","Bread, stuffing, cornbread, dry mix",28.35,"1.0 oz",1.25,--,--,,
"""18085""","Bread, stuffing, cornbread, dry mix, prepared",28.35,"1.0 oz",0.43,--,0.000,,
"""18081""","Bread, stuffing, dry mix",28.35,"1.0 oz",1.47,--,0.000,,
"""18082""","Bread, stuffing, dry mix, prepared",28.35,"1.0 oz",0.46,--,0.000,,
"""18064""","Bread, wheat",29.0,"1.0 slice",0.58,0.10,0.000,,
"""28316""","Bread, wheat, sprouted",38.0,"1.0 slice 1 serving",0.79,--,0.000,,
"""28317""","Bread, wheat, sprouted, toasted",38.0,"1.0 slice 1 serving",0.86,--,0.000,,
"""18065""","Bread, wheat, toasted",28.35,"1.0 oz",0.79,--,0.000,,
"""18967""","Bread, white wheat",28.0,"1.0 slice",1.03,--,0.000,,
"""18069""","Bread, white, commercially prepared (includes soft bread crumbs)",29.0,"1.0 slice",0.57,--,0.000,,
"""18416""","Bread, white, commercially prepared, low sodium, no salt",28.35,"1.0 oz",0.54,--,0.000,,
"""18070""","Bread, white, commercially prepared, toasted",28.35,"1.0 oz",0.60,--,0.000,,
"""18432""","Bread, white, commercially prepared, toasted, low sodium no salt",28.35,"1.0 oz",0.60,--,--,,
"""18073""","Bread, white, prepared from recipe, made with low fat (2%) milk",28.35,"1.0 oz",0.43,--,0.000,,
"""18071""","Bread, white, prepared from recipe, made with nonfat dry milk",28.35,"1.0 oz",0.40,--,0.000,,
"""18075""","Bread, whole-wheat, commercially prepared",32.0,"1.0 slice",0.74,0.09,0.000,,
"""18076""","Bread, whole-wheat, commercially prepared, toasted",28.35,"1.0 oz",1.20,--,0.000,,
"""18077""","Bread, whole-wheat, prepared from recipe",28.35,"1.0 oz",0.57,--,0.000,,
"""18078""","Bread, whole-wheat, prepared from recipe, toasted",28.35,"1.0 oz",0.62,--,0.000,,
"""18086""","Cake, angelfood, commercially prepared",28.0,"1.0 piece (1/12 of 12 oz cake)",0.64,--,--,,
"""18088""","Cake, angelfood, dry mix, prepared",50.0,"1.0 piece (1/12 of 10"" dia)",1.00,--,0.000,,
"""18090""","Cake, boston cream pie, commercially prepared",28.35,"1.0 oz",0.20,--,0.000,,
"""18147""","Cake, cheesecake, commercially prepared",28.35,"1.0 oz",0.26,--,0.000,,
"""18148""","Cake, cheesecake, prepared from mix, no-bake type",28.35,"1.0 oz",0.57,--,0.000,,
"""18095""","Cake, cherry fudge with chocolate frosting",28.35,"1.0 oz",0.28,--,0.000,,
"""18096""","Cake, chocolate, commercially prepared with chocolate frosting, in-store bakery",138.0,"1.0 piece (1/12 of a cake)",2.18,2.70,0.006,,
"""18101""","Cake, chocolate, prepared from recipe without frosting",95.0,"1.0 piece (1/12 of 9"" dia)",1.24,--,0.000,,
"""18103""","Cake, coffeecake, cheese",28.35,"1.0 oz",0.34,--,0.000,,
"""18104""","Cake, coffeecake, cinnamon with crumb topping, commercially prepared, enriched",28.35,"1.0 oz",0.40,--,0.000,,
"""18417""","Cake, coffeecake, cinnamon with crumb topping, commercially prepared, unenriched",28.35,"1.0 oz",0.40,--,0.000,,
"""18108""","Cake, coffeecake, cinnamon with crumb topping, dry mix, prepared",28.35,"1.0 oz",0.48,--,0.000,,
"""18105""","Cake, coffeecake, creme-filled with chocolate frosting",28.35,"1.0 oz",0.31,--,0.000,,
"""18106""","Cake, coffeecake, fruit",28.35,"1.0 oz",0.34,--,0.000,,
"""18110""","Cake, fruitcake, commercially prepared",28.35,"1.0 oz",0.28,--,0.000,,
"""18114""","Cake, gingerbread, dry mix",28.35,"1.0 oz",0.79,--,0.000,,
"""18116""","Cake, gingerbread, prepared from recipe",28.35,"1.0 oz",0.51,--,0.000,,
"""18119""","Cake, pineapple upside-down, prepared from recipe",28.35,"1.0 oz",0.48,--,0.000,,
"""18957""","Cake, pound, Bimbo Bakeries USA, Panque Casero, home baked style",39.0,"1.0 slice",0.57,--,--,,
"""18120""","Cake, pound, commercially prepared, butter (includes fresh and frozen)",61.0,"0.16 loaf 1/6 of the loaf",0.93,0.59,0.000,,
"""18451""","Cake, pound, commercially prepared, fat-free",28.35,"1.0 oz",0.43,--,0.000,,
"""18121""","Cake, pound, commercially prepared, other than all butter, enriched",30.0,"1.0 piece (1/10 of 10.6 oz cake)",0.42,--,0.000,,
"""18418""","Cake, pound, commercially prepared, other than all butter, unenriched",30.0,"1.0 piece (1/10 of 10.6 oz cake)",0.42,--,0.000,,
"""18092""","Cake, pudding-type, carrot, dry mix",28.35,"1.0 oz",0.68,--,--,,
"""18097""","Cake, pudding-type, chocolate, dry mix",28.35,"1.0 oz",0.91,--,0.000,,
"""18135""","Cake, pudding-type, white, enriched, dry mix",28.35,"1.0 oz",0.62,--,0.000,,
"""18419""","Cake, pudding-type, white, unenriched, dry mix",28.35,"1.0 oz",0.62,--,--,,
"""18142""","Cake, pudding-type, yellow, dry mix",28.35,"1.0 oz",0.62,--,0.000,,
"""18126""","Cake, shortcake, biscuit-type, prepared from recipe",28.35,"1.0 oz",0.79,--,0.000,,
"""18127""","Cake, snack cakes, creme-filled, chocolate with frosting",28.35,"1.0 oz",0.44,--,0.000,,
"""28296""","Cake, snack cakes, creme-filled, chocolate with frosting, low-fat, with added fiber",27.0,"1.0 cake 1 serving",0.71,--,0.000,,
"""18128""","Cake, snack cakes, creme-filled, sponge",28.35,"1.0 oz",0.39,0.21,0.000,,
"""28297""","Cake, snack cakes, not chocolate, with icing or filling, low-fat, with added fiber",27.0,"1.0 cake 1 serving",0.32,--,0.000,,
"""18133""","Cake, sponge, commercially prepared",28.35,"1.0 oz",0.34,--,0.000,,
"""18134""","Cake, sponge, prepared from recipe",28.35,"1.0 oz",0.37,--,0.000,,
"""18131""","Cake, white, dry mix, special dietary (includes lemon-flavored)",28.35,"1.0 oz",0.82,--,0.000,,
"""18102""","Cake, white, prepared from recipe with coconut frosting",28.35,"1.0 oz",0.43,--,0.000,,
"""18139""","Cake, white, prepared from recipe without frosting",74.0,"1.0 piece (1/12 of 9"" dia)",1.33,--,0.000,,
"""18140""","Cake, yellow, commercially prepared, with chocolate frosting, in-store bakery",144.0,"1.0 piece (1/12 of a cake)",1.94,3.01,0.007,,
"""18141""","Cake, yellow, commercially prepared, with vanilla frosting",67.0,"1.0 serving",0.54,--,0.000,,
"""18144""","Cake, yellow, enriched, dry mix",43.0,"1.0 serving",1.59,--,0.000,,
"""18453""","Cake, yellow, light, dry mix",28.35,"1.0 oz",0.74,--,0.000,,
"""18146""","Cake, yellow, prepared from recipe without frosting",68.0,"1.0 piece (1/12 of 8"" dia)",1.29,--,0.000,,
"""18420""","Cake, yellow, unenriched, dry mix",28.35,"1.0 oz",0.65,--,--,,
"""18964""","Cinnamon buns, frosted (includes honey buns)",65.0,"1.0 bun",0.88,0.54,0.000,,
"""18610""","Continental Mills, Krusteaz Almond Poppyseed Muffin Mix, Artificially Flavored, dry",40.0,"1.0 serving",0.76,--,--,,
"""28293""","Cookie, butter or sugar, with chocolate icing or filling",31.0,"3.0 cookies",0.49,--,0.000,,
"""28294""","Cookie, chocolate, with icing or coating",32.0,"4.0 cookies",0.46,--,0.000,,
"""28289""","Cookie, vanilla with caramel, coconut, and chocolate coating",29.0,"2.0 cookies",0.22,--,0.000,,
"""28290""","Cookie, with peanut butter filling, chocolate-coated",25.0,"2.0 cookies",0.47,--,0.000,,
"""28399""","Cookies, animal crackers (includes arrowroot, tea biscuits)",28.35,"1.0 oz",0.37,--,0.000,,
"""28291""","Cookies, animal, with frosting or icing",31.0,"8.0 cookies 1 serving",0.25,--,0.000,,
"""18151""","Cookies, brownies, commercially prepared",28.35,"1.0 oz",0.37,--,0.000,,
"""28298""","Cookies, brownies, commercially prepared, reduced fat, with added fiber",36.0,"1.0 brownie 1 serving",0.41,--,0.000,,
"""18152""","Cookies, brownies, dry mix, regular",28.35,"1.0 oz",0.37,--,0.000,,
"""18196""","Cookies, brownies, dry mix, sugar free",28.35,"1.0 oz",0.20,--,0.000,,
"""18154""","Cookies, brownies, prepared from recipe",28.35,"1.0 oz",0.45,--,0.000,,
"""18155""","Cookies, butter, commercially prepared, enriched",28.35,"1.0 oz",0.43,--,0.000,,
"""18421""","Cookies, butter, commercially prepared, unenriched",28.35,"1.0 oz",0.43,--,0.000,,
"""28328""","Cookies, chocolate chip sandwich, with creme filling",34.0,"1.0 cookie",0.32,--,0.000,,
"""18159""","Cookies, chocolate chip, commercially prepared, regular, higher fat, enriched",12.9,"1.0 cookie",0.16,0.37,0.001,,
"""18422""","Cookies, chocolate chip, commercially prepared, regular, higher fat, unenriched",28.35,"1.0 oz",0.31,--,--,,
"""18158""","Cookies, chocolate chip, commercially prepared, regular, lower fat",34.0,"1.0 serving 3 cookies",0.43,--,0.000,,
"""18160""","Cookies, chocolate chip, commercially prepared, soft-type",14.2,"1.0 cookie",0.14,0.01,0.000,,
"""18198""","Cookies, chocolate chip, commercially prepared, special dietary",28.35,"1.0 oz",0.20,--,0.000,,
"""18161""","Cookies, chocolate chip, dry mix",28.35,"1.0 oz",0.34,--,0.000,,
"""18378""","Cookies, chocolate chip, prepared from recipe, made with butter",28.35,"1.0 oz",0.43,--,0.000,,
"""18165""","Cookies, chocolate chip, prepared from recipe, made with margarine",28.35,"1.0 oz",0.43,--,0.000,,
"""18163""","Cookies, chocolate chip, refrigerated dough",33.0,"1.0 serving",0.51,--,0.000,,
"""18164""","Cookies, chocolate chip, refrigerated dough, baked",28.35,"1.0 oz",0.34,--,0.000,,
"""28350""","Cookies, chocolate cream covered biscuit sticks",40.0,"1.0 serving",0.53,--,0.000,,
"""28299""","Cookies, chocolate sandwich, with creme filling, reduced fat",34.0,"1.0 serving",0.48,--,0.002,,
"""18166""","Cookies, chocolate sandwich, with creme filling, regular",36.0,"3.0 cookie",0.55,0.06,0.001,,
"""18167""","Cookies, chocolate sandwich, with creme filling, regular, chocolate-coated",28.35,"1.0 oz",0.45,--,0.000,,
"""18199""","Cookies, chocolate sandwich, with creme filling, special dietary",28.35,"1.0 oz",0.34,--,0.000,,
"""18168""","Cookies, chocolate sandwich, with extra creme filling",28.35,"1.0 oz",0.37,0.93,0.000,,
"""18157""","Cookies, chocolate wafers",28.35,"1.0 oz",0.57,--,0.000,,
"""28329""","Cookies, chocolate, made with rice cereal",62.0,"1.0 cookie",0.71,--,0.000,,
"""28309""","Cookies, coconut macaroon",36.0,"2.0 cookie 1 serving",0.62,--,0.000,,
"""18170""","Cookies, fig bars",28.35,"1.0 oz",0.45,--,0.000,,
"""18171""","Cookies, fortune",28.35,"1.0 oz",0.26,--,0.000,,
"""18156""","Cookies, fudge, cake-type (includes trolley cakes)",28.35,"1.0 oz",0.26,--,--,,
"""18172""","Cookies, gingersnaps",28.35,"1.0 oz",0.68,--,0.000,,
"""28332""","Cookies, gluten-free, chocolate sandwich, with creme filling",44.0,"3.0 cookies",0.47,--,0.000,,
"""28333""","Cookies, gluten-free, chocolate wafer",23.0,"3.0 cookies",0.31,--,0.001,,
"""28334""","Cookies, gluten-free, lemon wafer",30.0,"3.0 cookies",0.09,0.11,0.000,,
"""28335""","Cookies, gluten-free, vanilla sandwich, with creme filling",44.0,"3.0 cookies",0.26,--,0.002,,
"""18174""","Cookies, graham crackers, chocolate-coated",27.0,"3.0 pieces",0.38,--,0.000,,
"""18173""","Cookies, graham crackers, plain or honey (includes cinnamon)",28.35,"1.0 oz",0.47,0.44,0.000,,
"""28302""","Cookies, graham crackers, plain or honey, lowfat",35.0,"1.0 serving",0.91,--,0.000,,
"""18175""","Cookies, ladyfingers, with lemon juice and rind",28.35,"1.0 oz",0.31,--,0.001,,
"""18423""","Cookies, ladyfingers, without lemon juice and rind",28.35,"1.0 oz",0.31,--,0.001,,
"""28351""","Cookies, Marie biscuit",28.0,"5.0 cookie",0.57,--,0.000,,
"""18176""","Cookies, marshmallow, chocolate-coated (includes marshmallow pies)",28.35,"1.0 oz",0.31,--,0.000,,
"""28330""","Cookies, marshmallow, with rice cereal and chocolate chips",22.0,"1.0 bar",0.38,--,0.000,,
"""18177""","Cookies, molasses",28.35,"1.0 oz",0.57,--,0.000,,
"""28300""","Cookies, oatmeal sandwich, with creme filling",38.0,"1.0 cookie 1 serving",0.52,--,0.000,,
"""18178""","Cookies, oatmeal, commercially prepared, regular",28.35,"1.0 oz",0.40,--,0.000,,
"""18179""","Cookies, oatmeal, commercially prepared, soft-type",28.35,"1.0 oz",0.68,--,0.000,,
"""18200""","Cookies, oatmeal, commercially prepared, special dietary",28.35,"1.0 oz",0.20,--,0.000,,
"""18180""","Cookies, oatmeal, dry mix",28.35,"1.0 oz",0.48,--,0.000,,
"""18377""","Cookies, oatmeal, prepared from recipe, without raisins",28.35,"1.0 oz",0.68,--,0.000,,
"""28349""","Cookies, oatmeal, reduced fat",25.0,"1.0 cookie",0.47,--,0.000,,
"""18182""","Cookies, oatmeal, refrigerated dough",28.35,"1.0 oz",0.37,--,0.000,,
"""18183""","Cookies, oatmeal, refrigerated dough, baked",28.35,"1.0 oz",0.40,--,0.000,,
"""18184""","Cookies, oatmeal, with raisins",28.35,"1.0 oz",0.41,--,0.002,,
"""18190""","Cookies, peanut butter sandwich, regular",28.35,"1.0 oz",0.45,--,0.000,,
"""18201""","Cookies, peanut butter sandwich, special dietary",28.35,"1.0 oz",0.40,--,0.000,,
"""18185""","Cookies, peanut butter, commercially prepared, regular",28.35,"1.0 oz",0.52,0.47,0.002,,
"""18186""","Cookies, peanut butter, commercially prepared, soft-type",28.35,"1.0 oz",0.31,--,--,,
"""28301""","Cookies, peanut butter, commercially prepared, sugar free",29.0,"1.0 serving 3 cookies",0.56,--,0.000,,
"""18189""","Cookies, peanut butter, prepared from recipe",28.35,"1.0 oz",0.57,--,0.000,,
"""18187""","Cookies, peanut butter, refrigerated dough",28.35,"1.0 oz",0.57,--,0.000,,
"""18188""","Cookies, peanut butter, refrigerated dough, baked",28.35,"1.0 oz",0.60,--,0.000,,
"""18191""","Cookies, raisin, soft-type",28.35,"1.0 oz",0.34,--,0.000,,
"""18193""","Cookies, shortbread, commercially prepared, pecan",28.35,"1.0 oz",0.28,--,0.000,,
"""18192""","Cookies, shortbread, commercially prepared, plain",28.35,"1.0 oz",0.29,0.98,0.000,,
"""28310""","Cookies, shortbread, reduced fat",11.8,"1.0 cookie",0.12,0.41,0.000,,
"""28311""","Cookies, sugar wafer, chocolate-covered",29.0,"3.0 cookie",0.36,--,0.000,,
"""18202""","Cookies, sugar wafer, with creme filling, sugar free",28.35,"1.0 oz",0.26,--,0.000,,
"""18209""","Cookies, sugar wafers with creme filling, regular",36.0,"3.0 cookies",0.22,0.20,0.000,,
"""18204""","Cookies, sugar, commercially prepared, regular (includes vanilla)",28.35,"1.0 oz",0.42,0.48,0.000,,
"""18205""","Cookies, sugar, refrigerated dough",33.0,"1.0 serving",0.40,--,0.000,,
"""18206""","Cookies, sugar, refrigerated dough, baked",28.35,"1.0 oz",0.48,--,0.000,,
"""18210""","Cookies, vanilla sandwich with creme filling",28.35,"1.0 oz",0.34,--,0.000,,
"""28352""","Cookies, vanilla sandwich with creme filling, reduced fat",48.0,"1.0 serving cookie",0.48,--,0.000,,
"""18213""","Cookies, vanilla wafers, higher fat",30.0,"8.0 wafers",0.33,0.63,0.001,,
"""18212""","Cookies, vanilla wafers, lower fat",28.35,"1.0 oz",0.31,--,0.000,,
"""18236""","Cracker, meal",28.35,"1.0 oz",0.17,--,0.000,,
"""18434""","Crackers, cheese, low sodium",14.2,"0.5 oz",0.47,--,0.000,,
"""18965""","Crackers, cheese, reduced fat",30.0,"1.0 serving",0.85,--,0.000,,
"""18214""","Crackers, cheese, regular",14.2,"0.5 oz",0.48,0.49,0.001,,
"""18927""","Crackers, cheese, sandwich-type with cheese filling",39.0,"6.0 cracker 1 cracker = 6.5g",1.21,1.03,0.000,,
"""18215""","Crackers, cheese, sandwich-type with peanut butter filling",14.2,"0.5 oz",0.35,0.27,0.000,,
"""28303""","Crackers, cheese, whole grain",31.0,"1.0 serving 55 pieces",0.86,--,0.000,,
"""18961""","Crackers, cream, Gamesa Sabrosas",31.0,"11.0 crackers (1 NLEA serving)",1.12,0.62,0.001,,
"""18962""","Crackers, cream, La Moderna Rikis Cream Crackers",32.0,"10.0 crackers (1 NLEA serving)",1.26,--,0.000,,
"""18216""","Crackers, crispbread, rye",14.2,"0.5 oz",0.34,--,0.000,,
"""28331""","Crackers, flavored, fish-shaped",5.2,"10.0 goldfish",0.16,0.01,0.000,,
"""28345""","Crackers, gluten-free, multi-seeded and multigrain",6.1,"3.0 crackers",0.18,--,0.000,,
"""28344""","Crackers, gluten-free, multigrain and vegetable, made with corn starch and white rice flour",10.7,"3.0 crackers",0.29,--,0.000,,
"""18218""","Crackers, matzo, egg",14.2,"0.5 oz",0.09,--,0.000,,
"""18400""","Crackers, matzo, egg and onion",14.2,"0.5 oz",0.26,--,0.000,,
"""18217""","Crackers, matzo, plain",14.2,"0.5 oz",0.09,--,0.000,,
"""18219""","Crackers, matzo, whole-wheat",14.2,"0.5 oz",0.23,--,0.000,,
"""18220""","Crackers, melba toast, plain",14.2,"0.5 oz",0.43,--,0.000,,
"""18424""","Crackers, melba toast, plain, without salt",14.2,"0.5 oz",0.43,--,0.000,,
"""18221""","Crackers, melba toast, rye (includes pumpernickel)",14.2,"0.5 oz",0.41,--,0.000,,
"""18222""","Crackers, melba toast, wheat",14.2,"0.5 oz",0.41,--,--,,
"""18223""","Crackers, milk",14.2,"0.5 oz",0.31,--,0.000,,
"""28292""","Crackers, multigrain",14.0,"4.0 crackers",0.34,--,0.000,,
"""18224""","Crackers, rusk toast",14.2,"0.5 oz",0.17,--,0.000,,
"""18225""","Crackers, rye, sandwich-type with cheese filling",14.2,"0.5 oz",0.55,--,0.000,,
"""18226""","Crackers, rye, wafers, plain",14.2,"0.5 oz",0.58,--,0.000,,
"""18227""","Crackers, rye, wafers, seasoned",14.2,"0.5 oz",0.57,--,0.000,,
"""18228""","Crackers, saltines (includes oyster, soda, soup)",14.9,"5.0 crackers",0.42,0.23,0.001,,
"""18457""","Crackers, saltines, fat-free, low-sodium",15.0,"3.0 saltines",0.33,--,0.000,,
"""18425""","Crackers, saltines, low salt (includes oyster, soda, soup)",14.2,"0.5 oz",0.47,0.18,0.000,,
"""18426""","Crackers, saltines, unsalted tops (includes oyster, soda, soup)",14.2,"0.5 oz",0.47,--,--,,
"""18966""","Crackers, saltines, whole wheat (includes multi-grain)",14.0,"1.0 serving",0.57,--,0.000,,
"""28314""","Crackers, sandwich-type, peanut butter filled, reduced fat",36.0,"1.0 package",0.78,--,0.001,,
"""18960""","Crackers, snack, Goya Crackers",30.0,"1.0 serving (1 NLEA serving - about 4 crackers)",0.64,--,0.001,,
"""18229""","Crackers, standard snack-type, regular",16.0,"5.0 crackers",0.40,0.83,0.002,,
"""18427""","Crackers, standard snack-type, regular, low salt",14.2,"0.5 oz",0.40,--,0.000,,
"""18230""","Crackers, standard snack-type, sandwich, with cheese filling",14.2,"0.5 oz",0.57,--,0.000,,
"""18231""","Crackers, standard snack-type, sandwich, with peanut butter filling",14.2,"0.5 oz",0.38,0.30,0.000,,
"""28308""","Crackers, standard snack-type, with whole wheat",15.0,"5.0 crackers 1 serving",0.57,0.41,0.000,,
"""28325""","Crackers, toast thins, low sodium",31.0,"1.0 serving",0.51,--,0.000,,
"""28327""","Crackers, water biscuits",14.0,"4.0 cracker 1 serving",0.27,--,0.000,,
"""18428""","Crackers, wheat, low salt",14.2,"0.5 oz",0.40,--,0.000,,
"""18950""","Crackers, wheat, reduced fat",29.0,"1.0 serving",0.88,--,0.000,,
"""18232""","Crackers, wheat, regular",34.0,"16.0 crackers 1 serving",0.96,1.12,0.001,,
"""18233""","Crackers, wheat, sandwich, with cheese filling",14.2,"0.5 oz",0.54,--,0.000,,
"""18234""","Crackers, wheat, sandwich, with peanut butter filling",14.2,"0.5 oz",0.37,--,0.000,,
"""28326""","Crackers, whole grain, sandwich-type, with peanut butter filling",43.0,"6.0 cracker 1 serving",1.20,--,0.005,,
"""18235""","Crackers, whole-wheat",28.0,"1.0 serving",0.78,0.56,0.000,,
"""18429""","Crackers, whole-wheat, low salt",14.2,"0.5 oz",0.38,--,0.000,,
"""18949""","Crackers, whole-wheat, reduced fat",29.0,"1.0 serving",0.86,0.27,0.001,,
"""18237""","Cream puff shell, prepared from recipe",28.35,"1.0 oz",0.51,--,0.000,,
"""18969""","Cream puff, eclair, custard or cream filled, iced",113.0,"4.0 oz",1.13,--,0.000,,
"""18240""","Croissants, apple",28.35,"1.0 oz",0.34,--,0.000,,
"""18239""","Croissants, butter",28.35,"1.0 oz",0.45,--,0.000,,
"""18241""","Croissants, cheese",28.35,"1.0 oz",0.54,--,0.000,,
"""18242""","Croutons, plain",14.2,"0.5 oz",0.35,--,0.000,,
"""18243""","Croutons, seasoned",14.2,"0.5 oz",0.54,--,0.000,,
"""28355""","Crunchmaster, Multi-Grain Crisps, Snack Crackers, Gluten-Free",3.9,"3.0 crackers",0.11,--,0.000,,
"""18245""","Danish pastry, cheese",28.35,"1.0 oz",0.43,--,0.000,,
"""18244""","Danish pastry, cinnamon, enriched",28.35,"1.0 oz",0.48,--,0.000,,
"""18430""","Danish pastry, cinnamon, unenriched",28.35,"1.0 oz",0.48,--,0.000,,
"""18246""","Danish pastry, fruit, enriched (includes apple, cinnamon, raisin, lemon, raspberry, strawberry)",28.35,"1.0 oz",0.34,--,0.000,,
"""18431""","Danish pastry, fruit, unenriched (includes apple, cinnamon, raisin, strawberry)",28.35,"1.0 oz",0.34,--,0.000,,
"""18433""","Danish pastry, lemon, unenriched",28.35,"1.0 oz",0.34,--,0.000,,
"""18435""","Danish pastry, raspberry, unenriched",28.35,"1.0 oz",0.34,--,0.000,,
"""18251""","Doughnuts, cake-type, chocolate, sugared or glazed",28.35,"1.0 oz",0.51,--,0.000,,
"""18248""","Doughnuts, cake-type, plain (includes unsugared, old-fashioned)",40.0,"1.0 donut",0.75,0.31,0.000,,
"""18249""","Doughnuts, cake-type, plain, chocolate-coated or frosted",28.35,"1.0 oz",0.49,--,0.000,,
"""18250""","Doughnuts, cake-type, plain, sugared or glazed",28.35,"1.0 oz",0.43,--,0.000,,
"""18253""","Doughnuts, french crullers, glazed",28.35,"1.0 oz",0.31,--,0.000,,
"""18255""","Doughnuts, yeast-leavened, glazed, enriched (includes honey buns)",28.35,"1.0 oz",0.35,--,0.000,,
"""18436""","Doughnuts, yeast-leavened, glazed, unenriched (includes honey buns)",28.35,"1.0 oz",0.31,--,0.000,,
"""18254""","Doughnuts, yeast-leavened, with creme filling",28.35,"1.0 oz",0.23,--,0.000,,
"""18256""","Doughnuts, yeast-leavened, with jelly filling",28.35,"1.0 oz",0.23,--,0.000,,
"""18437""","English muffins, plain, enriched, without calcium propionate(includes sourdough)",28.35,"1.0 oz",0.62,--,--,,
"""18438""","English muffins, plain, unenriched, with calcium propionate (includes sourdough)",28.35,"1.0 oz",0.62,--,--,,
"""18439""","English muffins, plain, unenriched, without calcium propionate (includes sourdough)",28.35,"1.0 oz",0.62,--,--,,
"""28320""","English muffins, whole grain white",57.0,"1.0 muffin 1 serving",0.91,--,0.000,,
"""18973""","Focaccia, Italian flatbread, plain",57.0,"1.0 piece",0.91,--,0.000,,
"""18268""","French toast, frozen, ready-to-heat",28.35,"1.0 oz",0.51,--,0.000,,
"""18269""","French toast, prepared from recipe, made with low fat (2%) milk",28.35,"1.0 oz",0.51,--,0.000,,
"""18963""","Garlic bread, frozen",43.0,"1.0 slice presliced",0.66,1.13,0.001,,
"""18603""","George Weston Bakeries, Brownberry Sage and Onion Stuffing Mix, dry",67.0,"1.0 serving",3.28,--,--,,
"""18639""","George Weston Bakeries, Thomas English Muffins",57.0,"1.0 serving",0.91,--,--,,
"""28356""","Glutino, Gluten Free Cookies, Chocolate Vanilla Creme",44.0,"3.0 cookies",0.47,--,0.000,,
"""28357""","Glutino, Gluten Free Cookies, Vanilla Creme",45.0,"3.0 cookies",0.18,--,0.000,,
"""28358""","Glutino, Gluten Free Wafers, Lemon Flavored",30.0,"3.0 cookies",0.09,0.11,0.000,,
"""28359""","Glutino, Gluten Free Wafers, Milk Chocolate",23.0,"3.0 cookies",0.31,--,0.001,,
"""18640""","Heinz, Weight Watcher, Chocolate Eclair, frozen",59.0,"1.0 eclair, frozen",0.77,--,--,,
"""18270""","Hush puppies, prepared from recipe",28.35,"1.0 oz",1.11,--,0.000,,
"""18271""","Ice cream cones, cake or wafer-type",28.35,"1.0 oz",0.20,--,0.000,,
"""18272""","Ice cream cones, sugar, rolled-type",28.35,"1.0 oz",0.31,--,0.000,,
"""18641""","Interstate Brands Corp, Wonder Hamburger Rolls",43.0,"1.0 serving",0.83,--,--,,
"""18608""","Keebler, Keebler Chocolate Graham SELECTS",31.0,"1.0 serving",0.43,--,--,,
"""18956""","Keikitos (muffins), Latino bakery item",42.0,"1.0 piece",0.76,--,--,,
"""18637""","Kraft Foods, Shake N Bake Original Recipe, Coating for Pork, dry",28.0,"1.0 serving",2.02,--,--,,
"""18567""","Kraft, Stove Top Stuffing Mix Chicken Flavor",28.0,"1.0 NLEA serving (makes 1/2 cup prepared)",1.34,--,--,,
"""18369""","Leavening agents, baking powder, double-acting, sodium aluminum sulfate",4.6,"1.0 tsp",3.10,--,0.000,,
"""18370""","Leavening agents, baking powder, double-acting, straight phosphate",4.6,"1.0 tsp",3.30,--,0.000,,
"""18371""","Leavening agents, baking powder, low-sodium",5.0,"1.0 tsp",2.32,--,0.000,,
"""18372""","Leavening agents, baking soda",4.6,"1.0 tsp",1.70,--,0.000,,
"""18373""","Leavening agents, cream of tartar",3.0,"1.0 tsp",1.10,--,0.000,,
"""18375""","Leavening agents, yeast, baker's, active dry",4.0,"1.0 tsp",0.23,--,0.000,,
"""18374""","Leavening agents, yeast, baker's, compressed",17.0,"1.0 cake (0.6 oz)",0.31,--,0.000,,
"""18615""","Martha White Foods, Martha White's Buttermilk Biscuit Mix, dry",41.0,"1.0 serving",3.92,--,--,,
"""18614""","Martha White Foods, Martha White's Chewy Fudge Brownie Mix, dry",28.0,"1.0 serving",0.52,--,--,,
"""28360""","Mary's Gone Crackers, Original Crackers, Organic Gluten Free",7.4,"3.0 crackers",0.28,--,--,,
"""18612""","Mckee Baking, Little Debbie Nutty Bars, Wafers with Peanut Butter, Chocolate Covered",57.0,"1.0 serving",0.57,--,--,,
"""18616""","Mission Foods, Mission Flour Tortillas, Soft Taco, 8 inch",51.0,"1.0 serving",1.07,--,--,,
"""18940""","Muffin, blueberry, commercially prepared, low-fat",71.0,"1.0 muffin small",1.11,--,0.000,,
"""18274""","Muffins, blueberry, commercially prepared (Includes mini-muffins)",28.35,"1.0 oz",0.41,0.98,0.002,,
"""18275""","Muffins, blueberry, dry mix",43.0,"1.0 serving",0.90,--,--,,
"""18278""","Muffins, blueberry, prepared from recipe, made with low fat (2%) milk",28.35,"1.0 oz",0.71,--,0.000,,
"""18277""","Muffins, blueberry, toaster-type",28.35,"1.0 oz",0.51,--,0.000,,
"""18386""","Muffins, blueberry, toaster-type, toasted",28.35,"1.0 oz",0.54,--,0.000,,
"""18279""","Muffins, corn, commercially prepared",28.35,"1.0 oz",0.60,--,0.000,,
"""18280""","Muffins, corn, dry mix, prepared",28.35,"1.0 oz",0.79,--,0.000,,
"""18282""","Muffins, corn, prepared from recipe, made with low fat (2%) milk",28.35,"1.0 oz",0.96,--,0.000,,
"""18281""","Muffins, corn, toaster-type",28.35,"1.0 oz",0.54,--,0.000,,
"""18260""","Muffins, English, mixed-grain (includes granola)",28.35,"1.0 oz",0.71,--,0.000,,
"""18258""","Muffins, English, plain, enriched, with ca prop (includes sourdough)",28.35,"1.0 oz",0.48,--,0.000,,
"""18259""","Muffins, English, plain, toasted, enriched, with calcium propionate (includes sourdough)",28.35,"1.0 oz",0.58,--,0.000,,
"""18262""","Muffins, English, raisin-cinnamon (includes apple-cinnamon)",28.35,"1.0 oz",0.45,--,0.000,,
"""18263""","Muffins, English, raisin-cinnamon, toasted (includes apple-cinnamon)",28.35,"1.0 oz",0.51,--,0.000,,
"""18264""","Muffins, English, wheat",28.35,"1.0 oz",0.65,--,0.000,,
"""18266""","Muffins, English, whole-wheat",28.35,"1.0 oz",0.79,--,0.000,,
"""18283""","Muffins, oat bran",28.35,"1.0 oz",0.65,--,0.000,,
"""18273""","Muffins, plain, prepared from recipe, made with low fat (2%) milk",28.35,"1.0 oz",0.77,--,0.000,,
"""18284""","Muffins, wheat bran, dry mix",28.35,"1.0 oz",0.88,--,0.000,,
"""18388""","Muffins, wheat bran, toaster-type with raisins, toasted",28.35,"1.0 oz",0.74,--,0.000,,
"""18617""","Nabisco, Nabisco Grahams Crackers",28.0,"1.0 serving",0.78,--,--,,
"""18619""","Nabisco, Nabisco Oreo Crunchies, Cookie Crumb Topping",11.0,"1.0 serving",0.21,--,--,,
"""18621""","Nabisco, Nabisco Ritz Crackers",3.3,"1.0 cracker",0.10,0.14,0.000,,
"""18651""","Nabisco, Nabisco Snackwell's Fat Free Devil's Food Cookie Cakes",16.0,"1.0 serving",0.16,--,--,,
"""18958""","Pan Dulce, La Ricura, Salpora de Arroz con Azucar, cookie-like, contains wheat flour and rice flour",42.0,"1.0 piece (1 serving)",0.71,--,--,,
"""18288""","Pancakes plain, frozen, ready-to-heat (includes buttermilk)",28.35,"1.0 oz",0.52,0.36,0.000,,
"""18294""","Pancakes, blueberry, prepared from recipe",28.35,"1.0 oz",0.71,--,0.000,,
"""18295""","Pancakes, buckwheat, dry mix, incomplete",28.35,"1.0 oz",1.70,--,0.001,,
"""18390""","Pancakes, buttermilk, prepared from recipe",28.35,"1.0 oz",0.62,--,0.000,,
"""28347""","Pancakes, gluten-free, frozen, ready-to-heat",48.0,"1.0 pancake",0.76,--,0.000,,
"""18289""","Pancakes, plain, dry mix, complete (includes buttermilk)",52.0,"0.33 cup",2.31,--,0.001,,
"""18290""","Pancakes, plain, dry mix, complete, prepared",28.35,"1.0 oz",0.74,--,0.000,,
"""18291""","Pancakes, plain, dry mix, incomplete (includes buttermilk)",28.35,"1.0 oz",1.59,--,0.000,,
"""18292""","Pancakes, plain, dry mix, incomplete, prepared",28.35,"1.0 oz",0.74,--,0.000,,
"""18936""","Pancakes, plain, frozen, ready-to-heat, microwave (includes buttermilk)",28.35,"1.0 oz",0.64,0.21,--,,
"""18293""","Pancakes, plain, prepared from recipe",28.35,"1.0 oz",0.74,--,0.000,,
"""28305""","Pancakes, plain, reduced fat",105.0,"1.0 serving 3 pancakes",1.81,--,0.000,,
"""18297""","Pancakes, special dietary, dry mix",28.35,"1.0 oz",1.42,--,--,,
"""28324""","Pancakes, whole wheat, dry mix, incomplete",38.0,"0.25 cup mix 1 serving",1.35,--,0.000,,
"""18299""","Pancakes, whole-wheat, dry mix, incomplete",28.35,"1.0 oz",1.67,--,--,,
"""18300""","Pancakes, whole-wheat, dry mix, incomplete, prepared",28.35,"1.0 oz",0.79,--,0.000,,
"""18959""","Pastry, Pastelitos de Guava (guava pastries)",86.0,"1.0 piece",0.85,2.09,0.000,,
"""28361""","Pepperidge Farm, Goldfish, Baked Snack Crackers, Cheddar",5.2,"10.0 goldfish",0.15,--,--,,
"""28362""","Pepperidge Farm, Goldfish, Baked Snack Crackers, Explosive Pizza",5.3,"10.0 goldfish",0.15,--,--,,
"""28363""","Pepperidge Farm, Goldfish, Baked Snack Crackers, Original",5.2,"10.0 goldfish",0.15,0.01,0.000,,
"""28364""","Pepperidge Farm, Goldfish, Baked Snack Crackers, Parmesan",5.3,"10.0 goldfish",0.19,--,0.000,,
"""28365""","Pepperidge Farm, Goldfish, Baked Snack Crackers, Pizza",5.1,"10.0 goldfish",0.14,--,0.000,,
"""18338""","Phyllo dough",28.35,"1.0 oz",0.45,--,0.000,,
"""18943""","Pie Crust, Cookie-type, Chocolate, Ready Crust",182.0,"1.0 crust",3.69,6.35,0.000,,
"""18942""","Pie Crust, Cookie-type, Graham Cracker, Ready Crust",28.35,"1.0 oz",0.39,--,0.000,,
"""18399""","Pie crust, cookie-type, prepared from recipe, graham cracker, chilled",30.0,"1.0 piece (1/8 of 9"" crust)",0.45,--,0.000,,
"""18401""","Pie crust, cookie-type, prepared from recipe, vanilla wafer, chilled",129.0,"1.0 cup",1.81,--,0.000,,
"""18947""","Pie crust, deep dish, frozen, baked, made with enriched flour",202.0,"1.0 pie crust (average weight)",2.69,5.62,--,,
"""18945""","Pie crust, deep dish, frozen, unbaked, made with enriched flour",225.0,"1.0 pie crust (average weight)",2.63,5.71,--,,
"""18946""","Pie crust, refrigerated, regular, baked",198.0,"1.0 pie crust",2.81,0.06,--,,
"""18948""","Pie crust, refrigerated, regular, unbaked",229.0,"1.0 pie crust (average weight)",2.79,0.05,--,,
"""18332""","Pie crust, standard-type, dry mix",28.35,"1.0 oz",0.57,--,0.000,,
"""18333""","Pie crust, standard-type, dry mix, prepared, baked",20.0,"1.0 piece (1/8 of 9"" crust)",0.40,--,--,,
"""18334""","Pie crust, standard-type, frozen, ready-to-bake, enriched",18.0,"1.0 piece (1/8 of 9"" crust)",0.24,0.27,0.000,,
"""18335""","Pie crust, standard-type, frozen, ready-to-bake, enriched, baked",154.0,"1.0 pie crust (average weight of 1 baked crust)",2.29,2.53,0.000,,
"""18446""","Pie crust, standard-type, frozen, ready-to-bake, unenriched",142.0,"1.0 crust, single 9""",2.56,--,--,,
"""18336""","Pie crust, standard-type, prepared from recipe, baked",23.0,"1.0 piece (1/8 of 9"" crust)",0.39,--,0.000,,
"""18402""","Pie crust, standard-type, prepared from recipe, unbaked",24.0,"1.0 piece (1/8 of 9"" crust)",0.36,--,0.000,,
"""18301""","Pie, apple, commercially prepared, enriched flour",28.35,"1.0 oz",0.26,--,0.000,,
"""18443""","Pie, apple, commercially prepared, unenriched flour",28.35,"1.0 oz",0.26,--,--,,
"""18302""","Pie, apple, prepared from recipe",28.35,"1.0 oz",0.23,--,0.000,,
"""18303""","Pie, banana cream, prepared from mix, no-bake type",28.35,"1.0 oz",0.31,--,0.000,,
"""18304""","Pie, banana cream, prepared from recipe",28.35,"1.0 oz",0.34,--,0.000,,
"""18305""","Pie, blueberry, commercially prepared",28.35,"1.0 oz",0.23,--,0.000,,
"""18306""","Pie, blueberry, prepared from recipe",28.35,"1.0 oz",0.20,--,0.000,,
"""18308""","Pie, cherry, commercially prepared",28.35,"1.0 oz",0.26,--,0.000,,
"""18309""","Pie, cherry, prepared from recipe",28.35,"1.0 oz",0.20,--,0.000,,
"""18310""","Pie, chocolate creme, commercially prepared",120.0,"1.0 serving .167 pie",1.30,--,0.000,,
"""18312""","Pie, chocolate mousse, prepared from mix, no-bake type",28.35,"1.0 oz",0.48,--,0.000,,
"""18314""","Pie, coconut cream, prepared from mix, no-bake type",28.35,"1.0 oz",0.37,--,0.000,,
"""18313""","Pie, coconut creme, commercially prepared",28.35,"1.0 oz",0.23,--,0.000,,
"""18316""","Pie, coconut custard, commercially prepared",28.35,"1.0 oz",0.40,--,0.000,,
"""18944""","Pie, Dutch Apple, Commercially Prepared",131.0,"0.12 pie 1 pie (1/8 of 9"" pie)",0.92,2.03,0.000,,
"""18317""","Pie, egg custard, commercially prepared",28.35,"1.0 oz",0.37,--,0.000,,
"""18444""","Pie, fried pies, cherry",28.35,"1.0 oz",0.31,--,0.009,,
"""18319""","Pie, fried pies, fruit",28.35,"1.0 oz",0.31,--,0.009,,
"""18445""","Pie, fried pies, lemon",28.35,"1.0 oz",0.31,--,0.009,,
"""18320""","Pie, lemon meringue, commercially prepared",28.35,"1.0 oz",0.26,--,0.000,,
"""18321""","Pie, lemon meringue, prepared from recipe",28.35,"1.0 oz",0.26,--,0.000,,
"""18322""","Pie, mince, prepared from recipe",28.35,"1.0 oz",0.34,--,0.000,,
"""18323""","Pie, peach",28.35,"1.0 oz",0.23,--,0.000,,
"""18324""","Pie, pecan, commercially prepared",28.35,"1.0 oz",0.27,0.46,0.000,,
"""18325""","Pie, pecan, prepared from recipe",28.35,"1.0 oz",0.31,--,0.000,,
"""18326""","Pie, pumpkin, commercially prepared",28.35,"1.0 oz",0.32,0.28,0.000,,
"""18327""","Pie, pumpkin, prepared from recipe",28.35,"1.0 oz",0.37,--,0.000,,
"""18328""","Pie, vanilla cream, prepared from recipe",28.35,"1.0 oz",0.34,--,0.000,,
"""18634""","Pillsbury Golden Layer Buttermilk Biscuits, Artificial Flavor, refrigerated dough",34.0,"1.0 serving",1.19,--,--,,
"""18633""","Pillsbury Grands, Buttermilk Biscuits, refrigerated dough",34.0,"1.0 biscuit",1.35,--,--,,
"""18629""","Pillsbury, Buttermilk Biscuits, Artificial Flavor, refrigerated dough",64.0,"1.0 biscuit",2.47,--,--,,
"""18630""","Pillsbury, Chocolate Chip Cookies, refrigerated dough",38.0,"1.0 serving 2 cookies",0.52,--,--,,
"""18635""","Pillsbury, Cinnamon Rolls with Icing, refrigerated dough",44.0,"1.0 serving 1 roll with icing",1.36,--,--,,
"""18631""","Pillsbury, Crusty French Loaf, refrigerated dough",52.0,"1.0 serving",1.12,--,--,,
"""18339""","Popovers, dry mix, enriched",28.35,"1.0 oz",0.74,--,--,,
"""18447""","Popovers, dry mix, unenriched",28.35,"1.0 oz",0.74,--,--,,
"""18337""","Puff pastry, frozen, ready-to-bake",28.35,"1.0 oz",0.28,--,0.000,,
"""18211""","Puff pastry, frozen, ready-to-bake, baked",28.35,"1.0 oz",0.28,--,0.000,,
"""18344""","Rolls, dinner, egg",28.35,"1.0 oz",0.48,--,0.000,,
"""18345""","Rolls, dinner, oat bran",28.35,"1.0 oz",0.48,--,0.000,,
"""18342""","Rolls, dinner, plain, commercially prepared (includes brown-and-serve)",28.0,"1.0 roll (1 oz)",0.61,--,0.000,,
"""18396""","Rolls, dinner, plain, prepared from recipe, made with low fat (2%) milk",28.35,"1.0 oz",0.48,--,0.000,,
"""18346""","Rolls, dinner, rye",43.0,"1.0 large (approx 3-1/2"" to 4"" dia)",1.25,--,0.000,,
"""28348""","Rolls, dinner, sweet",30.0,"1.0 roll",0.35,0.00,--,,
"""18347""","Rolls, dinner, wheat",28.0,"1.0 roll (1 oz)",0.59,--,0.000,,
"""18348""","Rolls, dinner, whole-wheat",28.0,"1.0 roll (1 oz)",0.64,--,0.000,,
"""18349""","Rolls, french",28.35,"1.0 oz",0.54,--,0.000,,
"""28340""","Rolls, gluten-free, white, made with brown rice flour, tapioca starch, and potato starch",36.0,"1.0 roll",0.80,--,--,,
"""28342""","Rolls, gluten-free, white, made with brown rice flour, tapioca starch, and sorghum flour",69.0,"1.0 roll",0.90,0.00,--,,
"""28341""","Rolls, gluten-free, white, made with rice flour, rice starch, and corn starch",78.0,"1.0 roll",1.20,--,0.000,,
"""28343""","Rolls, gluten-free, whole grain, made with tapioca starch and brown rice flour",44.0,"1.0 roll",1.06,0.00,0.003,,
"""28312""","Rolls, hamburger or hot dog, wheat/cracked wheat",51.0,"1.0 roll",1.10,0.18,0.000,,
"""28313""","Rolls, hamburger or hot dog, whole wheat",56.0,"1.0 roll",1.34,0.21,0.000,,
"""18351""","Rolls, hamburger or hotdog, mixed-grain",28.35,"1.0 oz",0.51,--,0.000,,
"""18350""","Rolls, hamburger or hotdog, plain",44.0,"1.0 roll 1 serving",0.81,0.14,0.000,,
"""28321""","Rolls, hamburger, whole grain white, calcium-fortified",43.0,"1.0 piece roll",0.88,--,0.000,,
"""18353""","Rolls, hard (includes kaiser)",28.35,"1.0 oz",0.57,--,0.000,,
"""43441""","Rolls, pumpernickel",36.0,"1.0 medium (2-1/2"" dia)",0.91,--,0.000,,
"""28366""","Rudi's, Gluten-Free Bakery, Original Sandwich Bread",34.0,"1.0 slice",0.57,--,0.001,,
"""28367""","Sage Valley, Gluten Free Vanilla Sandwich Cookies",44.0,"3.0 cookies",0.35,--,0.003,,
"""28368""","Schar, Gluten-Free, Classic White Rolls",78.0,"1.0 roll",1.20,--,0.000,,
"""18354""","Strudel, apple",28.35,"1.0 oz",0.23,--,0.000,,
"""18355""","Sweet rolls, cheese",28.35,"1.0 oz",0.40,--,0.000,,
"""18356""","Sweet rolls, cinnamon, commercially prepared with raisins",28.35,"1.0 oz",0.48,--,0.000,,
"""18357""","Sweet rolls, cinnamon, refrigerated dough with frosting",28.35,"1.0 oz",0.68,--,0.000,,
"""18358""","Sweet rolls, cinnamon, refrigerated dough with frosting, baked",28.35,"1.0 oz",0.74,--,--,,
"""18360""","Taco shells, baked",12.9,"1.0 shell",0.25,--,0.000,,
"""18448""","Taco shells, baked, without added salt",28.35,"1.0 oz",0.51,--,--,,
"""18459""","Tart, breakfast, low fat",52.0,"1.0 tart",0.61,--,0.000,,
"""18361""","Toaster pastries, brown-sugar-cinnamon",28.35,"1.0 oz",0.35,0.62,--,,
"""18362""","Toaster pastries, fruit (includes apple, blueberry, cherry, strawberry)",28.35,"1.0 oz",0.34,0.35,0.000,,
"""18938""","Toaster Pastries, fruit, frosted (include apples, blueberry, cherry, strawberry)",53.0,"1.0 piece",0.58,0.61,0.000,,
"""18939""","Toaster pastries, fruit, toasted (include apple, blueberry, cherry, strawberry)",51.0,"1.0 pastry",0.57,--,0.011,,
"""18363""","Tortillas, ready-to-bake or -fry, corn",28.35,"1.0 oz",0.26,--,0.000,,
"""18449""","Tortillas, ready-to-bake or -fry, corn, without added salt",28.35,"1.0 oz",0.34,--,--,,
"""18364""","Tortillas, ready-to-bake or -fry, flour, refrigerated",48.0,"1.0 tortilla",1.18,0.17,0.000,,
"""18970""","Tortillas, ready-to-bake or -fry, flour, shelf stable",49.0,"1.0 tortilla",1.33,0.28,0.000,,
"""18450""","Tortillas, ready-to-bake or -fry, flour, without added calcium",28.35,"1.0 oz",0.51,--,0.000,,
"""28295""","Tortillas, ready-to-bake or -fry, whole wheat",41.0,"1.0 tortilla 1 serving",1.82,--,0.000,,
"""18952""","Tostada shells, corn",12.3,"1.0 piece",0.33,--,--,,
"""28370""","Udi's, Gluten Free, Classic French Dinner Rolls",36.0,"1.0 roll",0.80,--,--,,
"""28371""","Udi's, Gluten Free, Soft  &  Delicious White Sandwich Bread",28.0,"1.0 slice",0.49,0.00,0.002,,
"""28372""","Udi's, Gluten Free, Soft  &  Hearty Whole Grain Bread",25.0,"1.0 slice",0.49,--,0.000,,
"""28373""","Udi's, Gluten Free, Whole Grain Dinner Rolls",44.0,"1.0 roll",1.06,0.00,0.003,,
"""28374""","Van's, Gluten Free, Totally Original Pancakes",48.0,"1.0 pancake",0.76,--,0.000,,
"""28375""","Van's, Gluten Free, Totally Original Waffles",47.0,"1.0 waffle",0.96,--,0.001,,
"""28376""","Van's, The Perfect 10, Crispy Six Whole Grain + Four Seed Baked Crackers, Gluten Free",8.4,"3.0 crackers",0.23,--,--,,
"""18934""","Waffle, buttermilk, frozen, ready-to-heat, microwaved",35.0,"1.0 waffle",1.06,0.47,--,,
"""18933""","Waffle, buttermilk, frozen, ready-to-heat, toasted",28.0,"1.0 oz",0.88,0.42,0.000,,
"""18935""","Waffle, plain, frozen, ready-to-heat, microwave",32.0,"1.0 waffle, round (4""dia)",0.97,0.38,--,,
"""18932""","Waffles, buttermilk, frozen, ready-to-heat",39.0,"1.0 waffle, square",1.10,0.50,0.000,,
"""18951""","Waffles, chocolate chip, frozen, ready-to-heat",70.0,"2.0 waffles",1.96,--,0.000,,
"""28346""","Waffles, gluten-free, frozen, ready-to-heat",45.0,"1.0 waffle",0.91,--,0.001,,
"""18403""","Waffles, plain, frozen, ready -to-heat, toasted",28.35,"1.0 oz",0.94,--,0.000,,
"""18365""","Waffles, plain, frozen, ready-to-heat",28.35,"1.0 oz",0.82,0.27,0.000,,
"""18367""","Waffles, plain, prepared from recipe",28.35,"1.0 oz",0.88,--,0.000,,
"""28304""","Waffles, whole wheat, lowfat, frozen, ready-to-heat",70.0,"1.0 serving 2 waffles",1.22,--,0.000,,
"""18368""","Wonton wrappers (includes egg roll wrappers)",28.35,"1.0 oz",0.54,--,0.000,,
