Source: USDA National Nutrient Database for Standard Reference Legacy Software v.3.9.4 2018-05-17
"Nutrients: Sugars, total (g); Thiamin (mg); Leucine (g)"
"Food Groups: Baked Products"
Food Subset:All Foods
Ordered by:Food Name
Measured by:Household
Report Run at: 06-02-2018T14:02
NDB_NO,Description,Weight(g),Measure,"Sugars, total"(g)Per Measure,"Thiamin"(mg)Per Measure,"Leucine"(g)Per Measure,
"""28354""","Andrea's, Gluten Free Soft Dinner Roll",69.0,"1.0 roll",2.06,0.172,--,,
"""18522""","Archway Home Style Cookies, Chocolate Chip Ice Box",24.0,"1.0 serving",8.17,0.060,--,,
"""18524""","Archway Home Style Cookies, Coconut Macaroon",22.0,"1.0 serving",9.94,0.004,--,,
"""18527""","Archway Home Style Cookies, Date Filled Oatmeal",25.0,"1.0 serving",8.57,0.070,--,,
"""18528""","Archway Home Style Cookies, Dutch Cocoa",24.0,"1.0 serving",8.48,0.062,--,,
"""18529""","Archway Home Style Cookies, Frosty Lemon",26.0,"1.0 serving",8.67,0.062,--,,
"""18532""","Archway Home Style Cookies, Iced Molasses",28.0,"1.0 serving",10.76,0.073,--,,
"""18533""","Archway Home Style Cookies, Iced Oatmeal",28.0,"1.0 serving",10.42,0.076,--,,
"""18535""","Archway Home Style Cookies, Molasses",26.0,"1.0 serving",9.45,0.078,--,,
"""18537""","Archway Home Style Cookies, Oatmeal",25.0,"1.0 serving",8.62,0.075,--,,
"""18538""","Archway Home Style Cookies, Oatmeal Raisin",26.0,"1.0 serving",10.28,0.073,--,,
"""18539""","Archway Home Style Cookies, Old Fashioned Molasses",26.0,"1.0 serving",9.38,0.081,--,,
"""18540""","Archway Home Style Cookies, Old Fashioned Windmill Cookies",20.0,"1.0 serving",6.53,0.068,--,,
"""18541""","Archway Home Style Cookies, Peanut Butter",21.0,"1.0 serving",6.84,0.050,--,,
"""18544""","Archway Home Style Cookies, Raspberry Filled",25.0,"1.0 serving",7.94,0.085,--,,
"""18562""","Archway Home Style Cookies, Reduced Fat Ginger Snaps",32.0,"1.0 serving",11.61,0.102,--,,
"""18547""","Archway Home Style Cookies, Strawberry Filled",25.0,"1.0 serving",7.94,0.085,--,,
"""18513""","Archway Home Style Cookies, Sugar Free Oatmeal",24.0,"1.0 serving",0.30,0.065,--,,
"""18005""","Bagels, cinnamon-raisin",26.0,"1.0 mini bagel (2-1/2"" dia)",1.55,0.100,0.174,,
"""18006""","Bagels, cinnamon-raisin, toasted",24.0,"1.0 mini bagel (2-1/2"" dia)",1.54,0.079,0.173,,
"""28322""","Bagels, multigrain",81.0,"1.0 piece bagel",7.01,0.342,--,,
"""18007""","Bagels, oat bran",26.0,"1.0 mini bagel (2-1/2"" dia)",0.42,0.086,0.197,,
"""18001""","Bagels, plain, enriched, with calcium propionate (includes onion, poppy, sesame)",99.0,"1.0 bagel",8.35,0.562,--,,
"""18002""","Bagels, plain, enriched, with calcium propionate (includes onion, poppy, sesame), toasted",24.0,"1.0 mini bagel (2-1/2"" dia)",2.19,0.144,0.196,,
"""18968""","Bagels, wheat",98.0,"1.0 bagel",6.00,0.395,--,,
"""28319""","Bagels, whole grain white",43.0,"0.5 piece bagel 1 serving",4.00,0.300,--,,
"""18010""","Biscuits, plain or buttermilk, dry mix",120.0,"1.0 cup, purchased",13.98,0.690,0.674,,
"""18009""","Biscuits, plain or buttermilk, frozen, baked",28.35,"1.0 oz",0.99,0.121,0.124,,
"""18016""","Biscuits, plain or buttermilk, prepared from recipe",28.35,"1.0 oz",0.62,0.101,0.146,,
"""18014""","Biscuits, plain or buttermilk, refrigerated dough, higher fat",58.0,"1.0 biscuit",4.29,0.227,0.228,,
"""18015""","Biscuits, plain or buttermilk, refrigerated dough, higher fat, baked",51.0,"1.0 biscuit",4.18,0.228,--,,
"""18012""","Biscuits, plain or buttermilk, refrigerated dough, lower fat",58.0,"1.0 serving 1 biscuit",4.16,0.260,0.267,,
"""18013""","Biscuits, plain or buttermilk, refrigerated dough, lower fat, baked",28.35,"1.0 oz",2.31,0.118,0.152,,
"""18021""","Bread, boston brown, canned",28.35,"1.0 oz",0.69,0.004,0.099,,
"""28306""","Bread, chapati or roti, plain, commercially prepared",68.0,"1.0 piece",1.85,0.374,--,,
"""28285""","Bread, chapati or roti, whole wheat, commercially prepared, frozen",43.0,"1.0 piece",1.26,0.194,--,,
"""18972""","Bread, cheese",48.0,"1.0 slice",1.00,0.208,--,,
"""28315""","Bread, cinnamon",28.0,"1.0 slice 1 serving",3.95,0.089,--,,
"""18022""","Bread, cornbread, dry mix, enriched (includes corn muffin mix)",28.35,"1.0 oz",5.77,0.121,0.179,,
"""18023""","Bread, cornbread, dry mix, prepared with 2% milk, 80% margarine, and eggs",51.0,"1.0 muffin",8.19,0.097,0.336,,
"""18079""","Bread, crumbs, dry, grated, plain",28.35,"1.0 oz",1.76,0.274,0.273,,
"""18376""","Bread, crumbs, dry, grated, seasoned",28.35,"1.0 oz",1.63,0.272,0.285,,
"""18027""","Bread, egg",28.35,"1.0 oz",0.50,0.124,0.196,,
"""18028""","Bread, egg, toasted",28.35,"1.0 oz",0.55,0.109,0.215,,
"""18029""","Bread, french or vienna (includes sourdough)",28.35,"1.0 oz",1.31,0.201,--,,
"""18030""","Bread, french or vienna, toasted (includes sourdough)",28.35,"1.0 oz",1.02,0.121,0.216,,
"""28318""","Bread, french or vienna, whole wheat",48.0,"1.0 slice 1 serving",0.00,0.251,--,,
"""28336""","Bread, gluten-free, white, made with potato extract, rice starch, and rice flour",34.0,"1.0 slice",2.84,--,--,,
"""28337""","Bread, gluten-free, white, made with rice flour, corn starch, and/or tapioca",35.0,"1.0 slice",1.24,0.131,--,,
"""28338""","Bread, gluten-free, white, made with tapioca starch and brown rice flour",28.0,"1.0 slice",3.16,0.038,0.129,,
"""28339""","Bread, gluten-free, whole grain, made with tapioca starch and brown rice flour",25.0,"1.0 slice",2.45,0.045,--,,
"""18033""","Bread, Italian",28.35,"1.0 oz",1.33,0.165,--,,
"""28397""","Bread, multi-grain (includes whole-grain)",28.35,"1.0 oz",1.81,0.079,0.158,,
"""18036""","Bread, multi-grain, toasted (includes whole-grain)",28.35,"1.0 oz",1.97,0.069,0.171,,
"""28307""","Bread, naan, plain, commercially prepared, refrigerated",90.0,"1.0 piece",3.19,0.702,--,,
"""28287""","Bread, naan, whole wheat, commercially prepared, refrigerated",106.0,"1.0 piece",3.60,0.187,--,,
"""18037""","Bread, oat bran",28.35,"1.0 oz",2.18,0.143,0.208,,
"""18038""","Bread, oat bran, toasted",28.35,"1.0 oz",2.40,0.126,0.228,,
"""18039""","Bread, oatmeal",28.35,"1.0 oz",2.31,0.113,0.172,,
"""18040""","Bread, oatmeal, toasted",28.35,"1.0 oz",2.51,0.098,0.187,,
"""18955""","Bread, pan dulce, sweet yeast bread",63.0,"1.0 slice (average weight of 1 slice)",7.88,0.238,--,,
"""28286""","Bread, paratha, whole wheat, commercially prepared, frozen",79.0,"1.0 piece",3.28,0.087,--,,
"""18041""","Bread, pita, white, enriched",60.0,"1.0 pita, large (6-1/2"" dia)",0.78,0.359,0.380,,
"""18042""","Bread, pita, whole-wheat",64.0,"1.0 pita, large (6-1/2"" dia)",1.84,0.217,0.429,,
"""18971""","Bread, potato",32.0,"1.0 slice",3.00,0.060,0.141,,
"""18954""","Bread, pound cake type, pan de torta salvadoran",55.0,"1.0 serving",9.96,0.039,0.297,,
"""18043""","Bread, protein (includes gluten)",28.35,"1.0 oz",0.41,0.102,0.243,,
"""18383""","Bread, protein, (includes gluten), toasted",28.35,"1.0 oz",0.41,0.090,0.267,,
"""18044""","Bread, pumpernickel",28.35,"1.0 oz",0.15,0.093,0.171,,
"""18047""","Bread, raisin, enriched",28.35,"1.0 oz",1.61,0.096,0.146,,
"""18048""","Bread, raisin, enriched, toasted",28.35,"1.0 oz",1.75,0.083,0.159,,
"""18049""","Bread, reduced-calorie, oat bran",28.35,"1.0 oz",1.00,0.100,0.160,,
"""18050""","Bread, reduced-calorie, oat bran, toasted",28.35,"1.0 oz",1.19,0.096,0.191,,
"""18053""","Bread, reduced-calorie, rye",28.35,"1.0 oz",0.65,0.104,0.181,,
"""18055""","Bread, reduced-calorie, wheat",28.35,"1.0 oz",1.05,0.099,--,,
"""18057""","Bread, reduced-calorie, white",28.35,"1.0 oz",1.35,0.116,0.186,,
"""18059""","Bread, rice bran",28.35,"1.0 oz",1.32,0.185,0.177,,
"""18384""","Bread, rice bran, toasted",28.35,"1.0 oz",1.44,0.161,0.192,,
"""28288""","Bread, roll, Mexican, bollilo",98.0,"1.0 piece",3.48,0.666,--,,
"""18060""","Bread, rye",28.35,"1.0 oz",1.09,0.123,0.164,,
"""18061""","Bread, rye, toasted",28.35,"1.0 oz",1.20,0.108,0.181,,
"""18953""","Bread, salvadoran sweet cheese (quesadilla salvadorena)",55.0,"1.0 serving (approximate serving size)",13.70,0.011,0.357,,
"""18080""","Bread, sticks, plain",46.0,"1.0 cup, small pieces",0.58,0.271,0.384,,
"""18084""","Bread, stuffing, cornbread, dry mix",28.35,"1.0 oz",3.73,0.144,0.247,,
"""18085""","Bread, stuffing, cornbread, dry mix, prepared",28.35,"1.0 oz",0.00,0.033,0.073,,
"""18081""","Bread, stuffing, dry mix",28.35,"1.0 oz",2.34,0.169,0.219,,
"""18082""","Bread, stuffing, dry mix, prepared",28.35,"1.0 oz",0.58,0.040,0.057,,
"""18064""","Bread, wheat",29.0,"1.0 slice",1.66,0.119,--,,
"""28316""","Bread, wheat, sprouted",38.0,"1.0 slice 1 serving",1.00,0.089,--,,
"""28317""","Bread, wheat, sprouted, toasted",38.0,"1.0 slice 1 serving",1.09,0.077,--,,
"""18065""","Bread, wheat, toasted",28.35,"1.0 oz",1.82,0.124,0.131,,
"""18967""","Bread, white wheat",28.0,"1.0 slice",1.40,0.143,--,,
"""18069""","Bread, white, commercially prepared (includes soft bread crumbs)",29.0,"1.0 slice",1.64,0.155,--,,
"""18416""","Bread, white, commercially prepared, low sodium, no salt",28.35,"1.0 oz",1.22,0.134,0.164,,
"""18070""","Bread, white, commercially prepared, toasted",28.35,"1.0 oz",1.76,0.118,0.181,,
"""18075""","Bread, whole-wheat, commercially prepared",32.0,"1.0 slice",1.39,0.126,--,,
"""18076""","Bread, whole-wheat, commercially prepared, toasted",28.35,"1.0 oz",1.64,0.107,0.125,,
"""18077""","Bread, whole-wheat, prepared from recipe",28.35,"1.0 oz",1.09,0.086,0.163,,
"""18078""","Bread, whole-wheat, prepared from recipe, toasted",28.35,"1.0 oz",1.20,0.075,0.179,,
"""18088""","Cake, angelfood, dry mix, prepared",50.0,"1.0 piece (1/12 of 10"" dia)",15.26,0.046,0.249,,
"""18090""","Cake, boston cream pie, commercially prepared",28.35,"1.0 oz",10.24,0.116,0.054,,
"""18147""","Cake, cheesecake, commercially prepared",28.35,"1.0 oz",6.18,0.008,0.132,,
"""18095""","Cake, cherry fudge with chocolate frosting",28.35,"1.0 oz",9.34,0.009,0.051,,
"""18096""","Cake, chocolate, commercially prepared with chocolate frosting, in-store bakery",138.0,"1.0 piece (1/12 of a cake)",55.14,0.000,0.428,,
"""18108""","Cake, coffeecake, cinnamon with crumb topping, dry mix, prepared",28.35,"1.0 oz",8.37,0.047,0.120,,
"""18110""","Cake, fruitcake, commercially prepared",28.35,"1.0 oz",7.77,0.014,0.058,,
"""18114""","Cake, gingerbread, dry mix",28.35,"1.0 oz",13.22,0.096,0.088,,
"""18957""","Cake, pound, Bimbo Bakeries USA, Panque Casero, home baked style",39.0,"1.0 slice",11.22,0.031,--,,
"""18120""","Cake, pound, commercially prepared, butter (includes fresh and frozen)",61.0,"0.16 loaf 1/6 of the loaf",20.35,0.106,0.242,,
"""18451""","Cake, pound, commercially prepared, fat-free",28.35,"1.0 oz",9.74,0.035,0.123,,
"""18097""","Cake, pudding-type, chocolate, dry mix",28.35,"1.0 oz",11.21,0.060,0.089,,
"""18135""","Cake, pudding-type, white, enriched, dry mix",28.35,"1.0 oz",13.88,0.079,0.081,,
"""18142""","Cake, pudding-type, yellow, dry mix",28.35,"1.0 oz",12.53,0.087,0.081,,
"""18127""","Cake, snack cakes, creme-filled, chocolate with frosting",28.35,"1.0 oz",10.70,0.010,0.074,,
"""28296""","Cake, snack cakes, creme-filled, chocolate with frosting, low-fat, with added fiber",27.0,"1.0 cake 1 serving",9.02,0.075,--,,
"""18128""","Cake, snack cakes, creme-filled, sponge",28.35,"1.0 oz",10.57,0.051,0.068,,
"""28297""","Cake, snack cakes, not chocolate, with icing or filling, low-fat, with added fiber",27.0,"1.0 cake 1 serving",8.02,0.082,--,,
"""18133""","Cake, sponge, commercially prepared",28.35,"1.0 oz",10.39,0.069,0.119,,
"""18102""","Cake, white, prepared from recipe with coconut frosting",28.35,"1.0 oz",16.27,0.036,0.096,,
"""18139""","Cake, white, prepared from recipe without frosting",74.0,"1.0 piece (1/12 of 9"" dia)",26.26,0.138,0.310,,
"""18140""","Cake, yellow, commercially prepared, with chocolate frosting, in-store bakery",144.0,"1.0 piece (1/12 of a cake)",56.48,0.062,--,,
"""18141""","Cake, yellow, commercially prepared, with vanilla frosting",67.0,"1.0 serving",28.00,0.067,0.194,,
"""18144""","Cake, yellow, enriched, dry mix",43.0,"1.0 serving",18.61,0.099,0.140,,
"""18964""","Cinnamon buns, frosted (includes honey buns)",65.0,"1.0 bun",16.70,0.137,0.266,,
"""18610""","Continental Mills, Krusteaz Almond Poppyseed Muffin Mix, Artificially Flavored, dry",40.0,"1.0 serving",16.00,--,--,,
"""28293""","Cookie, butter or sugar, with chocolate icing or filling",31.0,"3.0 cookies",10.48,0.105,0.080,,
"""28294""","Cookie, chocolate, with icing or coating",32.0,"4.0 cookies",10.24,0.093,0.094,,
"""28289""","Cookie, vanilla with caramel, coconut, and chocolate coating",29.0,"2.0 cookies",10.38,0.041,0.054,,
"""28290""","Cookie, with peanut butter filling, chocolate-coated",25.0,"2.0 cookies",7.72,0.035,0.132,,
"""28399""","Cookies, animal crackers (includes arrowroot, tea biscuits)",28.35,"1.0 oz",6.61,0.099,0.133,,
"""28291""","Cookies, animal, with frosting or icing",31.0,"8.0 cookies 1 serving",12.74,0.087,0.072,,
"""18151""","Cookies, brownies, commercially prepared",28.35,"1.0 oz",10.38,0.072,0.102,,
"""28298""","Cookies, brownies, commercially prepared, reduced fat, with added fiber",36.0,"1.0 brownie 1 serving",13.94,0.064,--,,
"""18155""","Cookies, butter, commercially prepared, enriched",28.35,"1.0 oz",5.74,0.105,0.134,,
"""28328""","Cookies, chocolate chip sandwich, with creme filling",34.0,"1.0 cookie",13.00,0.084,--,,
"""18159""","Cookies, chocolate chip, commercially prepared, regular, higher fat, enriched",12.9,"1.0 cookie",4.24,0.038,--,,
"""18158""","Cookies, chocolate chip, commercially prepared, regular, lower fat",34.0,"1.0 serving 3 cookies",11.17,0.089,0.142,,
"""18160""","Cookies, chocolate chip, commercially prepared, soft-type",14.2,"1.0 cookie",5.27,0.020,0.038,,
"""18198""","Cookies, chocolate chip, commercially prepared, special dietary",28.35,"1.0 oz",11.29,0.106,0.081,,
"""18163""","Cookies, chocolate chip, refrigerated dough",33.0,"1.0 serving",12.55,0.062,0.108,,
"""28350""","Cookies, chocolate cream covered biscuit sticks",40.0,"1.0 serving",10.00,0.028,--,,
"""28299""","Cookies, chocolate sandwich, with creme filling, reduced fat",34.0,"1.0 serving",14.00,0.099,--,,
"""18166""","Cookies, chocolate sandwich, with creme filling, regular",36.0,"3.0 cookie",14.64,0.071,0.115,,
"""18167""","Cookies, chocolate sandwich, with creme filling, regular, chocolate-coated",28.35,"1.0 oz",14.06,0.027,0.073,,
"""18199""","Cookies, chocolate sandwich, with creme filling, special dietary",28.35,"1.0 oz",5.59,0.149,0.087,,
"""18168""","Cookies, chocolate sandwich, with extra creme filling",28.35,"1.0 oz",13.04,0.033,--,,
"""18157""","Cookies, chocolate wafers",28.35,"1.0 oz",10.61,0.058,0.127,,
"""28329""","Cookies, chocolate, made with rice cereal",62.0,"1.0 cookie",25.00,0.215,--,,
"""28309""","Cookies, coconut macaroon",36.0,"2.0 cookie 1 serving",16.26,0.007,--,,
"""18170""","Cookies, fig bars",28.35,"1.0 oz",13.14,0.045,0.064,,
"""18171""","Cookies, fortune",28.35,"1.0 oz",12.88,0.052,0.084,,
"""18172""","Cookies, gingersnaps",28.35,"1.0 oz",5.65,0.057,0.108,,
"""28332""","Cookies, gluten-free, chocolate sandwich, with creme filling",44.0,"3.0 cookies",21.56,0.022,--,,
"""28333""","Cookies, gluten-free, chocolate wafer",23.0,"3.0 cookies",9.43,--,--,,
"""28334""","Cookies, gluten-free, lemon wafer",30.0,"3.0 cookies",12.69,0.013,--,,
"""28335""","Cookies, gluten-free, vanilla sandwich, with creme filling",44.0,"3.0 cookies",20.54,--,--,,
"""18174""","Cookies, graham crackers, chocolate-coated",27.0,"3.0 pieces",10.07,0.073,0.071,,
"""18173""","Cookies, graham crackers, plain or honey (includes cinnamon)",28.35,"1.0 oz",7.04,0.075,--,,
"""28302""","Cookies, graham crackers, plain or honey, lowfat",35.0,"1.0 serving",8.00,0.159,--,,
"""18175""","Cookies, ladyfingers, with lemon juice and rind",28.35,"1.0 oz",7.20,0.081,0.244,,
"""28351""","Cookies, Marie biscuit",28.0,"5.0 cookie",5.92,0.151,--,,
"""18176""","Cookies, marshmallow, chocolate-coated (includes marshmallow pies)",28.35,"1.0 oz",12.70,0.026,0.064,,
"""28330""","Cookies, marshmallow, with rice cereal and chocolate chips",22.0,"1.0 bar",9.00,0.150,--,,
"""18177""","Cookies, molasses",28.35,"1.0 oz",4.99,0.101,0.107,,
"""28300""","Cookies, oatmeal sandwich, with creme filling",38.0,"1.0 cookie 1 serving",11.92,0.090,--,,
"""18178""","Cookies, oatmeal, commercially prepared, regular",28.35,"1.0 oz",6.99,0.076,0.122,,
"""18200""","Cookies, oatmeal, commercially prepared, special dietary",28.35,"1.0 oz",8.97,0.130,0.096,,
"""28349""","Cookies, oatmeal, reduced fat",25.0,"1.0 cookie",8.04,0.059,--,,
"""18184""","Cookies, oatmeal, with raisins",28.35,"1.0 oz",9.40,0.080,--,,
"""18190""","Cookies, peanut butter sandwich, regular",28.35,"1.0 oz",10.05,0.092,0.175,,
"""18185""","Cookies, peanut butter, commercially prepared, regular",28.35,"1.0 oz",8.10,0.059,0.185,,
"""28301""","Cookies, peanut butter, commercially prepared, sugar free",29.0,"1.0 serving 3 cookies",0.00,0.099,--,,
"""18191""","Cookies, raisin, soft-type",28.35,"1.0 oz",13.48,0.061,0.081,,
"""18192""","Cookies, shortbread, commercially prepared, plain",28.35,"1.0 oz",6.14,0.100,--,,
"""28310""","Cookies, shortbread, reduced fat",11.8,"1.0 cookie",2.55,0.042,--,,
"""28311""","Cookies, sugar wafer, chocolate-covered",29.0,"3.0 cookie",15.00,0.027,--,,
"""18202""","Cookies, sugar wafer, with creme filling, sugar free",28.35,"1.0 oz",0.00,0.068,0.059,,
"""18209""","Cookies, sugar wafers with creme filling, regular",36.0,"3.0 cookies",15.46,0.013,0.093,,
"""18204""","Cookies, sugar, commercially prepared, regular (includes vanilla)",28.35,"1.0 oz",7.74,0.066,0.111,,
"""18205""","Cookies, sugar, refrigerated dough",33.0,"1.0 serving",12.05,0.068,0.101,,
"""18206""","Cookies, sugar, refrigerated dough, baked",28.35,"1.0 oz",11.44,0.052,0.096,,
"""18210""","Cookies, vanilla sandwich with creme filling",28.35,"1.0 oz",11.14,0.074,0.087,,
"""28352""","Cookies, vanilla sandwich with creme filling, reduced fat",48.0,"1.0 serving cookie",18.00,0.193,--,,
"""18213""","Cookies, vanilla wafers, higher fat",30.0,"8.0 wafers",10.52,0.087,0.113,,
"""18212""","Cookies, vanilla wafers, lower fat",28.35,"1.0 oz",10.63,0.078,0.103,,
"""18236""","Cracker, meal",28.35,"1.0 oz",0.09,0.197,0.181,,
"""18434""","Crackers, cheese, low sodium",14.2,"0.5 oz",0.04,0.081,0.106,,
"""18965""","Crackers, cheese, reduced fat",30.0,"1.0 serving",0.00,0.326,0.183,,
"""18214""","Crackers, cheese, regular",14.2,"0.5 oz",0.64,0.080,0.106,,
"""18927""","Crackers, cheese, sandwich-type with cheese filling",39.0,"6.0 cracker 1 cracker = 6.5g",4.81,0.198,0.249,,
"""18215""","Crackers, cheese, sandwich-type with peanut butter filling",14.2,"0.5 oz",0.99,0.078,0.119,,
"""28303""","Crackers, cheese, whole grain",31.0,"1.0 serving 55 pieces",0.00,0.090,--,,
"""18961""","Crackers, cream, Gamesa Sabrosas",31.0,"11.0 crackers (1 NLEA serving)",2.90,0.092,--,,
"""18962""","Crackers, cream, La Moderna Rikis Cream Crackers",32.0,"10.0 crackers (1 NLEA serving)",3.33,--,--,,
"""18216""","Crackers, crispbread, rye",14.2,"0.5 oz",0.15,0.035,0.079,,
"""28331""","Crackers, flavored, fish-shaped",5.2,"10.0 goldfish",0.06,0.042,--,,
"""28345""","Crackers, gluten-free, multi-seeded and multigrain",6.1,"3.0 crackers",0.05,0.013,--,,
"""28344""","Crackers, gluten-free, multigrain and vegetable, made with corn starch and white rice flour",10.7,"3.0 crackers",0.42,0.006,--,,
"""18217""","Crackers, matzo, plain",14.2,"0.5 oz",0.04,0.055,0.098,,
"""18220""","Crackers, melba toast, plain",14.2,"0.5 oz",0.13,0.059,0.120,,
"""18223""","Crackers, milk",14.2,"0.5 oz",1.47,0.076,0.077,,
"""28292""","Crackers, multigrain",14.0,"4.0 crackers",1.68,0.073,0.067,,
"""18226""","Crackers, rye, wafers, plain",14.2,"0.5 oz",0.14,0.061,--,,
"""18228""","Crackers, saltines (includes oyster, soda, soup)",14.9,"5.0 crackers",0.19,0.105,0.097,,
"""18457""","Crackers, saltines, fat-free, low-sodium",15.0,"3.0 saltines",0.06,0.078,0.107,,
"""18425""","Crackers, saltines, low salt (includes oyster, soda, soup)",14.2,"0.5 oz",0.32,0.087,0.097,,
"""18966""","Crackers, saltines, whole wheat (includes multi-grain)",14.0,"1.0 serving",0.00,0.065,--,,
"""28314""","Crackers, sandwich-type, peanut butter filled, reduced fat",36.0,"1.0 package",4.00,0.163,--,,
"""18960""","Crackers, snack, Goya Crackers",30.0,"1.0 serving (1 NLEA serving - about 4 crackers)",0.70,--,--,,
"""18229""","Crackers, standard snack-type, regular",16.0,"5.0 crackers",1.31,0.067,0.075,,
"""18427""","Crackers, standard snack-type, regular, low salt",14.2,"0.5 oz",0.25,0.058,0.072,,
"""18230""","Crackers, standard snack-type, sandwich, with cheese filling",14.2,"0.5 oz",0.45,0.063,0.092,,
"""18231""","Crackers, standard snack-type, sandwich, with peanut butter filling",14.2,"0.5 oz",1.49,0.069,0.108,,
"""28308""","Crackers, standard snack-type, with whole wheat",15.0,"5.0 crackers 1 serving",1.56,0.048,--,,
"""28325""","Crackers, toast thins, low sodium",31.0,"1.0 serving",4.00,0.116,--,,
"""28327""","Crackers, water biscuits",14.0,"4.0 cracker 1 serving",0.00,0.016,--,,
"""18428""","Crackers, wheat, low salt",14.2,"0.5 oz",1.85,0.072,0.083,,
"""18950""","Crackers, wheat, reduced fat",29.0,"1.0 serving",4.35,0.181,0.180,,
"""18232""","Crackers, wheat, regular",34.0,"16.0 crackers 1 serving",5.26,0.097,0.199,,
"""28326""","Crackers, whole grain, sandwich-type, with peanut butter filling",43.0,"6.0 cracker 1 serving",4.05,0.144,--,,
"""18235""","Crackers, whole-wheat",28.0,"1.0 serving",0.33,0.051,0.197,,
"""18429""","Crackers, whole-wheat, low salt",14.2,"0.5 oz",0.05,0.029,0.085,,
"""18949""","Crackers, whole-wheat, reduced fat",29.0,"1.0 serving",0.35,0.054,0.226,,
"""18237""","Cream puff shell, prepared from recipe",28.35,"1.0 oz",0.07,0.058,0.204,,
"""18969""","Cream puff, eclair, custard or cream filled, iced",113.0,"4.0 oz",24.92,0.297,--,,
"""18239""","Croissants, butter",28.35,"1.0 oz",3.19,0.110,0.177,,
"""18241""","Croissants, cheese",28.35,"1.0 oz",3.22,0.148,0.196,,
"""18243""","Croutons, seasoned",14.2,"0.5 oz",0.63,0.072,0.110,,
"""28355""","Crunchmaster, Multi-Grain Crisps, Snack Crackers, Gluten-Free",3.9,"3.0 crackers",0.03,--,--,,
"""18245""","Danish pastry, cheese",28.35,"1.0 oz",1.97,0.054,0.183,,
"""18244""","Danish pastry, cinnamon, enriched",28.35,"1.0 oz",5.61,0.085,0.151,,
"""18246""","Danish pastry, fruit, enriched (includes apple, cinnamon, raisin, lemon, raspberry, strawberry)",28.35,"1.0 oz",7.80,0.075,0.113,,
"""18251""","Doughnuts, cake-type, chocolate, sugared or glazed",28.35,"1.0 oz",9.05,0.013,0.096,,
"""18248""","Doughnuts, cake-type, plain (includes unsugared, old-fashioned)",40.0,"1.0 donut",7.26,0.156,--,,
"""18249""","Doughnuts, cake-type, plain, chocolate-coated or frosted",28.35,"1.0 oz",7.56,0.046,0.104,,
"""18253""","Doughnuts, french crullers, glazed",28.35,"1.0 oz",9.95,0.051,0.066,,
"""18255""","Doughnuts, yeast-leavened, glazed, enriched (includes honey buns)",28.35,"1.0 oz",6.45,0.088,0.124,,
"""18254""","Doughnuts, yeast-leavened, with creme filling",28.35,"1.0 oz",4.12,0.096,0.136,,
"""18256""","Doughnuts, yeast-leavened, with jelly filling",28.35,"1.0 oz",5.98,0.088,0.122,,
"""28320""","English muffins, whole grain white",57.0,"1.0 muffin 1 serving",1.00,0.150,--,,
"""18973""","Focaccia, Italian flatbread, plain",57.0,"1.0 piece",1.00,0.268,--,,
"""18963""","Garlic bread, frozen",43.0,"1.0 slice presliced",1.59,0.199,0.175,,
"""28356""","Glutino, Gluten Free Cookies, Chocolate Vanilla Creme",44.0,"3.0 cookies",21.56,0.022,--,,
"""28357""","Glutino, Gluten Free Cookies, Vanilla Creme",45.0,"3.0 cookies",22.24,--,--,,
"""28358""","Glutino, Gluten Free Wafers, Lemon Flavored",30.0,"3.0 cookies",12.69,0.013,--,,
"""28359""","Glutino, Gluten Free Wafers, Milk Chocolate",23.0,"3.0 cookies",9.43,--,--,,
"""18640""","Heinz, Weight Watcher, Chocolate Eclair, frozen",59.0,"1.0 eclair, frozen",9.91,--,--,,
"""18270""","Hush puppies, prepared from recipe",28.35,"1.0 oz",0.58,0.100,0.201,,
"""18271""","Ice cream cones, cake or wafer-type",28.35,"1.0 oz",1.70,0.071,0.159,,
"""18272""","Ice cream cones, sugar, rolled-type",28.35,"1.0 oz",7.27,0.145,0.155,,
"""18641""","Interstate Brands Corp, Wonder Hamburger Rolls",43.0,"1.0 serving",4.76,--,--,,
"""18608""","Keebler, Keebler Chocolate Graham SELECTS",31.0,"1.0 serving",8.21,--,--,,
"""18956""","Keikitos (muffins), Latino bakery item",42.0,"1.0 piece",10.84,--,--,,
"""18567""","Kraft, Stove Top Stuffing Mix Chicken Flavor",28.0,"1.0 NLEA serving (makes 1/2 cup prepared)",2.83,0.109,--,,
"""18369""","Leavening agents, baking powder, double-acting, sodium aluminum sulfate",4.6,"1.0 tsp",0.00,--,--,,
"""18370""","Leavening agents, baking powder, double-acting, straight phosphate",4.6,"1.0 tsp",0.00,--,--,,
"""18371""","Leavening agents, baking powder, low-sodium",5.0,"1.0 tsp",0.00,--,--,,
"""18372""","Leavening agents, baking soda",4.6,"1.0 tsp",0.00,--,--,,
"""18373""","Leavening agents, cream of tartar",3.0,"1.0 tsp",0.00,--,--,,
"""18375""","Leavening agents, yeast, baker's, active dry",4.0,"1.0 tsp",0.00,0.440,0.117,,
"""18374""","Leavening agents, yeast, baker's, compressed",17.0,"1.0 cake (0.6 oz)",0.00,0.320,0.114,,
"""18615""","Martha White Foods, Martha White's Buttermilk Biscuit Mix, dry",41.0,"1.0 serving",1.83,0.201,--,,
"""18614""","Martha White Foods, Martha White's Chewy Fudge Brownie Mix, dry",28.0,"1.0 serving",15.33,0.056,--,,
"""28360""","Mary's Gone Crackers, Original Crackers, Organic Gluten Free",7.4,"3.0 crackers",0.07,0.016,--,,
"""18612""","Mckee Baking, Little Debbie Nutty Bars, Wafers with Peanut Butter, Chocolate Covered",57.0,"1.0 serving",19.38,--,--,,
"""18940""","Muffin, blueberry, commercially prepared, low-fat",71.0,"1.0 muffin small",19.21,0.116,0.226,,
"""18274""","Muffins, blueberry, commercially prepared (Includes mini-muffins)",28.35,"1.0 oz",8.92,0.048,0.119,,
"""18275""","Muffins, blueberry, dry mix",43.0,"1.0 serving",14.07,0.100,0.142,,
"""18277""","Muffins, blueberry, toaster-type",28.35,"1.0 oz",1.37,0.068,0.100,,
"""18386""","Muffins, blueberry, toaster-type, toasted",28.35,"1.0 oz",3.67,0.058,0.106,,
"""18279""","Muffins, corn, commercially prepared",28.35,"1.0 oz",5.04,0.077,0.146,,
"""18260""","Muffins, English, mixed-grain (includes granola)",28.35,"1.0 oz",0.23,0.122,0.184,,
"""18258""","Muffins, English, plain, enriched, with ca prop (includes sourdough)",28.35,"1.0 oz",1.00,0.135,0.185,,
"""18259""","Muffins, English, plain, toasted, enriched, with calcium propionate (includes sourdough)",28.35,"1.0 oz",0.98,0.153,0.217,,
"""18262""","Muffins, English, raisin-cinnamon (includes apple-cinnamon)",28.35,"1.0 oz",4.18,0.117,0.147,,
"""18263""","Muffins, English, raisin-cinnamon, toasted (includes apple-cinnamon)",28.35,"1.0 oz",3.78,0.147,0.166,,
"""18264""","Muffins, English, wheat",28.35,"1.0 oz",0.44,0.122,0.169,,
"""18266""","Muffins, English, whole-wheat",28.35,"1.0 oz",2.29,0.085,0.173,,
"""18283""","Muffins, oat bran",28.35,"1.0 oz",2.33,0.074,0.143,,
"""18388""","Muffins, wheat bran, toaster-type with raisins, toasted",28.35,"1.0 oz",6.54,0.058,0.112,,
"""18617""","Nabisco, Nabisco Grahams Crackers",28.0,"1.0 serving",6.44,0.064,--,,
"""18619""","Nabisco, Nabisco Oreo Crunchies, Cookie Crumb Topping",11.0,"1.0 serving",3.96,0.013,--,,
"""18621""","Nabisco, Nabisco Ritz Crackers",3.3,"1.0 cracker",0.27,0.015,--,,
"""18651""","Nabisco, Nabisco Snackwell's Fat Free Devil's Food Cookie Cakes",16.0,"1.0 serving",6.94,0.014,--,,
"""18958""","Pan Dulce, La Ricura, Salpora de Arroz con Azucar, cookie-like, contains wheat flour and rice flour",42.0,"1.0 piece (1 serving)",9.18,--,--,,
"""18288""","Pancakes plain, frozen, ready-to-heat (includes buttermilk)",28.35,"1.0 oz",2.36,0.198,0.101,,
"""18295""","Pancakes, buckwheat, dry mix, incomplete",28.35,"1.0 oz",2.04,0.154,0.214,,
"""28347""","Pancakes, gluten-free, frozen, ready-to-heat",48.0,"1.0 pancake",1.95,0.034,--,,
"""18289""","Pancakes, plain, dry mix, complete (includes buttermilk)",52.0,"0.33 cup",8.34,0.234,0.449,,
"""18291""","Pancakes, plain, dry mix, incomplete (includes buttermilk)",28.35,"1.0 oz",0.63,0.173,0.217,,
"""18936""","Pancakes, plain, frozen, ready-to-heat, microwave (includes buttermilk)",28.35,"1.0 oz",2.00,0.103,--,,
"""28305""","Pancakes, plain, reduced fat",105.0,"1.0 serving 3 pancakes",9.00,0.375,--,,
"""28324""","Pancakes, whole wheat, dry mix, incomplete",38.0,"0.25 cup mix 1 serving",4.00,0.150,--,,
"""18959""","Pastry, Pastelitos de Guava (guava pastries)",86.0,"1.0 piece",14.62,0.163,--,,
"""28361""","Pepperidge Farm, Goldfish, Baked Snack Crackers, Cheddar",5.2,"10.0 goldfish",0.04,--,--,,
"""28362""","Pepperidge Farm, Goldfish, Baked Snack Crackers, Explosive Pizza",5.3,"10.0 goldfish",0.13,0.041,--,,
"""28363""","Pepperidge Farm, Goldfish, Baked Snack Crackers, Original",5.2,"10.0 goldfish",0.05,0.043,--,,
"""28364""","Pepperidge Farm, Goldfish, Baked Snack Crackers, Parmesan",5.3,"10.0 goldfish",0.04,0.045,--,,
"""28365""","Pepperidge Farm, Goldfish, Baked Snack Crackers, Pizza",5.1,"10.0 goldfish",0.04,0.040,--,,
"""18338""","Phyllo dough",28.35,"1.0 oz",0.05,0.153,0.139,,
"""18943""","Pie Crust, Cookie-type, Chocolate, Ready Crust",182.0,"1.0 crust",47.88,0.612,0.695,,
"""18942""","Pie Crust, Cookie-type, Graham Cracker, Ready Crust",28.35,"1.0 oz",5.14,0.052,--,,
"""18399""","Pie crust, cookie-type, prepared from recipe, graham cracker, chilled",30.0,"1.0 piece (1/8 of 9"" crust)",11.27,0.031,0.086,,
"""18401""","Pie crust, cookie-type, prepared from recipe, vanilla wafer, chilled",129.0,"1.0 cup",9.46,0.244,0.353,,
"""18334""","Pie crust, standard-type, frozen, ready-to-bake, enriched",18.0,"1.0 piece (1/8 of 9"" crust)",0.67,0.050,0.073,,
"""18335""","Pie crust, standard-type, frozen, ready-to-bake, enriched, baked",154.0,"1.0 pie crust (average weight of 1 baked crust)",6.51,0.462,0.708,,
"""18336""","Pie crust, standard-type, prepared from recipe, baked",23.0,"1.0 piece (1/8 of 9"" crust)",0.04,0.090,0.102,,
"""18402""","Pie crust, standard-type, prepared from recipe, unbaked",24.0,"1.0 piece (1/8 of 9"" crust)",0.04,0.084,0.094,,
"""18301""","Pie, apple, commercially prepared, enriched flour",28.35,"1.0 oz",4.44,0.008,0.037,,
"""18304""","Pie, banana cream, prepared from recipe",28.35,"1.0 oz",3.42,0.039,0.101,,
"""18305""","Pie, blueberry, commercially prepared",28.35,"1.0 oz",2.80,0.003,0.035,,
"""18308""","Pie, cherry, commercially prepared",28.35,"1.0 oz",4.05,0.007,0.049,,
"""18310""","Pie, chocolate creme, commercially prepared",120.0,"1.0 serving .167 pie",32.87,0.104,--,,
"""18313""","Pie, coconut creme, commercially prepared",28.35,"1.0 oz",5.25,0.014,0.049,,
"""18944""","Pie, Dutch Apple, Commercially Prepared",131.0,"0.12 pie 1 pie (1/8 of 9"" pie)",28.85,0.253,0.207,,
"""18317""","Pie, egg custard, commercially prepared",28.35,"1.0 oz",3.28,0.011,0.129,,
"""18319""","Pie, fried pies, fruit",28.35,"1.0 oz",6.07,0.040,0.060,,
"""18320""","Pie, lemon meringue, commercially prepared",28.35,"1.0 oz",6.76,0.018,0.033,,
"""18322""","Pie, mince, prepared from recipe",28.35,"1.0 oz",8.03,0.043,0.042,,
"""18323""","Pie, peach",28.35,"1.0 oz",4.60,0.017,0.035,,
"""18324""","Pie, pecan, commercially prepared",28.35,"1.0 oz",7.14,0.058,0.088,,
"""18326""","Pie, pumpkin, commercially prepared",28.35,"1.0 oz",5.35,0.050,0.084,,
"""18328""","Pie, vanilla cream, prepared from recipe",28.35,"1.0 oz",3.59,0.039,0.113,,
"""18634""","Pillsbury Golden Layer Buttermilk Biscuits, Artificial Flavor, refrigerated dough",34.0,"1.0 serving",2.00,--,--,,
"""18633""","Pillsbury Grands, Buttermilk Biscuits, refrigerated dough",34.0,"1.0 biscuit",1.56,--,--,,
"""18629""","Pillsbury, Buttermilk Biscuits, Artificial Flavor, refrigerated dough",64.0,"1.0 biscuit",2.85,--,--,,
"""18630""","Pillsbury, Chocolate Chip Cookies, refrigerated dough",38.0,"1.0 serving 2 cookies",14.31,--,--,,
"""18635""","Pillsbury, Cinnamon Rolls with Icing, refrigerated dough",44.0,"1.0 serving 1 roll with icing",9.39,--,--,,
"""18631""","Pillsbury, Crusty French Loaf, refrigerated dough",52.0,"1.0 serving",2.63,--,--,,
"""18337""","Puff pastry, frozen, ready-to-bake",28.35,"1.0 oz",0.21,0.113,0.144,,
"""18211""","Puff pastry, frozen, ready-to-bake, baked",28.35,"1.0 oz",0.21,0.092,0.146,,
"""18344""","Rolls, dinner, egg",28.35,"1.0 oz",1.22,0.149,0.194,,
"""18345""","Rolls, dinner, oat bran",28.35,"1.0 oz",1.89,0.127,0.191,,
"""18342""","Rolls, dinner, plain, commercially prepared (includes brown-and-serve)",28.0,"1.0 roll (1 oz)",1.55,0.147,0.204,,
"""18346""","Rolls, dinner, rye",43.0,"1.0 large (approx 3-1/2"" to 4"" dia)",0.50,0.163,0.306,,
"""28348""","Rolls, dinner, sweet",30.0,"1.0 roll",4.61,0.144,0.210,,
"""18347""","Rolls, dinner, wheat",28.0,"1.0 roll (1 oz)",0.46,0.121,0.166,,
"""18348""","Rolls, dinner, whole-wheat",28.0,"1.0 roll (1 oz)",2.37,0.069,0.168,,
"""18349""","Rolls, french",28.35,"1.0 oz",0.09,0.148,0.172,,
"""28340""","Rolls, gluten-free, white, made with brown rice flour, tapioca starch, and potato starch",36.0,"1.0 roll",3.43,--,--,,
"""28342""","Rolls, gluten-free, white, made with brown rice flour, tapioca starch, and sorghum flour",69.0,"1.0 roll",2.06,0.172,--,,
"""28341""","Rolls, gluten-free, white, made with rice flour, rice starch, and corn starch",78.0,"1.0 roll",5.36,0.480,--,,
"""28343""","Rolls, gluten-free, whole grain, made with tapioca starch and brown rice flour",44.0,"1.0 roll",1.85,0.167,--,,
"""28312""","Rolls, hamburger or hot dog, wheat/cracked wheat",51.0,"1.0 roll",3.52,0.271,--,,
"""28313""","Rolls, hamburger or hot dog, whole wheat",56.0,"1.0 roll",3.32,0.248,--,,
"""18351""","Rolls, hamburger or hotdog, mixed-grain",28.35,"1.0 oz",1.77,0.131,0.186,,
"""18350""","Rolls, hamburger or hotdog, plain",44.0,"1.0 roll 1 serving",3.20,0.239,--,,
"""28321""","Rolls, hamburger, whole grain white, calcium-fortified",43.0,"1.0 piece roll",4.00,0.225,--,,
"""18353""","Rolls, hard (includes kaiser)",28.35,"1.0 oz",0.50,0.136,0.196,,
"""43441""","Rolls, pumpernickel",36.0,"1.0 medium (2-1/2"" dia)",0.14,0.137,0.229,,
"""28366""","Rudi's, Gluten-Free Bakery, Original Sandwich Bread",34.0,"1.0 slice",2.84,--,--,,
"""28367""","Sage Valley, Gluten Free Vanilla Sandwich Cookies",44.0,"3.0 cookies",19.33,--,--,,
"""28368""","Schar, Gluten-Free, Classic White Rolls",78.0,"1.0 roll",5.36,0.480,--,,
"""18354""","Strudel, apple",28.35,"1.0 oz",7.30,0.011,0.073,,
"""18356""","Sweet rolls, cinnamon, commercially prepared with raisins",28.35,"1.0 oz",9.00,0.092,0.130,,
"""18360""","Taco shells, baked",12.9,"1.0 shell",0.19,0.028,0.108,,
"""18459""","Tart, breakfast, low fat",52.0,"1.0 tart",2.53,0.148,--,,
"""18361""","Toaster pastries, brown-sugar-cinnamon",28.35,"1.0 oz",7.72,0.187,--,,
"""18362""","Toaster pastries, fruit (includes apple, blueberry, cherry, strawberry)",28.35,"1.0 oz",7.41,0.184,--,,
"""18938""","Toaster Pastries, fruit, frosted (include apples, blueberry, cherry, strawberry)",53.0,"1.0 piece",16.43,0.275,0.146,,
"""18939""","Toaster pastries, fruit, toasted (include apple, blueberry, cherry, strawberry)",51.0,"1.0 pastry",14.78,0.186,--,,
"""18363""","Tortillas, ready-to-bake or -fry, corn",28.35,"1.0 oz",0.25,0.027,0.202,,
"""18364""","Tortillas, ready-to-bake or -fry, flour, refrigerated",48.0,"1.0 tortilla",1.78,0.241,0.174,,
"""18970""","Tortillas, ready-to-bake or -fry, flour, shelf stable",49.0,"1.0 tortilla",1.30,0.239,0.225,,
"""28295""","Tortillas, ready-to-bake or -fry, whole wheat",41.0,"1.0 tortilla 1 serving",1.00,0.337,0.275,,
"""28370""","Udi's, Gluten Free, Classic French Dinner Rolls",36.0,"1.0 roll",3.43,--,--,,
"""28371""","Udi's, Gluten Free, Soft  &  Delicious White Sandwich Bread",28.0,"1.0 slice",3.16,0.038,0.129,,
"""28372""","Udi's, Gluten Free, Soft  &  Hearty Whole Grain Bread",25.0,"1.0 slice",2.45,0.045,--,,
"""28373""","Udi's, Gluten Free, Whole Grain Dinner Rolls",44.0,"1.0 roll",1.85,0.167,--,,
"""28374""","Van's, Gluten Free, Totally Original Pancakes",48.0,"1.0 pancake",1.95,0.034,--,,
"""28375""","Van's, Gluten Free, Totally Original Waffles",47.0,"1.0 waffle",0.81,0.039,--,,
"""18934""","Waffle, buttermilk, frozen, ready-to-heat, microwaved",35.0,"1.0 waffle",1.57,0.202,--,,
"""18933""","Waffle, buttermilk, frozen, ready-to-heat, toasted",28.0,"1.0 oz",1.23,0.158,0.152,,
"""18935""","Waffle, plain, frozen, ready-to-heat, microwave",32.0,"1.0 waffle, round (4""dia)",1.61,0.174,--,,
"""18932""","Waffles, buttermilk, frozen, ready-to-heat",39.0,"1.0 waffle, square",1.68,0.195,0.191,,
"""18951""","Waffles, chocolate chip, frozen, ready-to-heat",70.0,"2.0 waffles",9.17,0.301,0.232,,
"""28346""","Waffles, gluten-free, frozen, ready-to-heat",45.0,"1.0 waffle",0.78,0.036,--,,
"""18403""","Waffles, plain, frozen, ready -to-heat, toasted",28.35,"1.0 oz",1.42,0.149,0.149,,
"""18365""","Waffles, plain, frozen, ready-to-heat",28.35,"1.0 oz",1.39,0.176,0.134,,
"""28304""","Waffles, whole wheat, lowfat, frozen, ready-to-heat",70.0,"1.0 serving 2 waffles",3.00,0.300,--,,
