Source: USDA National Nutrient Database for Standard Reference Legacy Software v.3.9.4 2018-05-17
"Nutrients: Fatty acids, total saturated (g); Fatty acids, total polyunsaturated (g); Fructose (g)"
"Food Groups: Baked Products"
Food Subset:All Foods
Ordered by:Food Name
Measured by:Household
Report Run at: 06-02-2018T14:02
NDB_NO,Description,Weight(g),Measure,"Fatty acids, total saturated"(g)Per Measure,"Fatty acids, total polyunsaturated"(g)Per Measure,"Fructose"(g)Per Measure,
"""18522""","Archway Home Style Cookies, Chocolate Chip Ice Box",24.0,"1.0 serving",1.939,0.343,--,,
"""18524""","Archway Home Style Cookies, Coconut Macaroon",22.0,"1.0 serving",4.422,0.178,--,,
"""18527""","Archway Home Style Cookies, Date Filled Oatmeal",25.0,"1.0 serving",0.690,0.278,--,,
"""18528""","Archway Home Style Cookies, Dutch Cocoa",24.0,"1.0 serving",0.869,0.283,--,,
"""18529""","Archway Home Style Cookies, Frosty Lemon",26.0,"1.0 serving",1.516,0.239,--,,
"""18532""","Archway Home Style Cookies, Iced Molasses",28.0,"1.0 serving",1.165,0.683,--,,
"""18533""","Archway Home Style Cookies, Iced Oatmeal",28.0,"1.0 serving",1.291,0.762,--,,
"""18535""","Archway Home Style Cookies, Molasses",26.0,"1.0 serving",0.731,0.273,--,,
"""18537""","Archway Home Style Cookies, Oatmeal",25.0,"1.0 serving",0.800,0.333,--,,
"""18538""","Archway Home Style Cookies, Oatmeal Raisin",26.0,"1.0 serving",0.715,0.302,--,,
"""18539""","Archway Home Style Cookies, Old Fashioned Molasses",26.0,"1.0 serving",0.720,0.260,--,,
"""18540""","Archway Home Style Cookies, Old Fashioned Windmill Cookies",20.0,"1.0 serving",0.750,0.334,--,,
"""18541""","Archway Home Style Cookies, Peanut Butter",21.0,"1.0 serving",1.132,0.888,--,,
"""18544""","Archway Home Style Cookies, Raspberry Filled",25.0,"1.0 serving",1.290,0.275,--,,
"""18562""","Archway Home Style Cookies, Reduced Fat Ginger Snaps",32.0,"1.0 serving",0.832,0.528,--,,
"""18547""","Archway Home Style Cookies, Strawberry Filled",25.0,"1.0 serving",1.290,0.275,--,,
"""18513""","Archway Home Style Cookies, Sugar Free Oatmeal",24.0,"1.0 serving",1.176,0.314,--,,
"""18566""","Artificial Blueberry Muffin Mix, dry",31.0,"1.0 muffin",0.578,0.520,--,,
"""18005""","Bagels, cinnamon-raisin",26.0,"1.0 mini bagel (2-1/2"" dia)",0.071,0.174,--,,
"""18006""","Bagels, cinnamon-raisin, toasted",24.0,"1.0 mini bagel (2-1/2"" dia)",0.071,0.173,--,,
"""18003""","Bagels, egg",28.35,"1.0 oz",0.119,0.182,--,,
"""28322""","Bagels, multigrain",81.0,"1.0 piece bagel",0.000,0.567,--,,
"""18007""","Bagels, oat bran",26.0,"1.0 mini bagel (2-1/2"" dia)",0.050,0.126,--,,
"""18001""","Bagels, plain, enriched, with calcium propionate (includes onion, poppy, sesame)",99.0,"1.0 bagel",0.356,0.521,2.86,,
"""18002""","Bagels, plain, enriched, with calcium propionate (includes onion, poppy, sesame), toasted",24.0,"1.0 mini bagel (2-1/2"" dia)",0.055,0.133,0.52,,
"""18406""","Bagels, plain, enriched, without calcium propionate (includes onion, poppy, sesame)",28.35,"1.0 oz",0.062,0.197,--,,
"""18407""","Bagels, plain, unenriched, with calcium propionate (includes onion, poppy, sesame)",28.35,"1.0 oz",0.062,0.197,--,,
"""18408""","Bagels, plain, unenriched, without calcium propionate(includes onion, poppy, sesame)",28.35,"1.0 oz",0.062,0.197,--,,
"""18968""","Bagels, wheat",98.0,"1.0 bagel",0.000,0.917,--,,
"""28319""","Bagels, whole grain white",43.0,"0.5 piece bagel 1 serving",0.000,--,--,,
"""18017""","Biscuits, mixed grain, refrigerated dough",28.35,"1.0 oz",0.387,0.249,--,,
"""18010""","Biscuits, plain or buttermilk, dry mix",120.0,"1.0 cup, purchased",4.758,2.413,--,,
"""18011""","Biscuits, plain or buttermilk, dry mix, prepared",28.35,"1.0 oz",0.791,1.220,--,,
"""18009""","Biscuits, plain or buttermilk, frozen, baked",28.35,"1.0 oz",0.475,1.184,--,,
"""18016""","Biscuits, plain or buttermilk, prepared from recipe",28.35,"1.0 oz",1.226,1.180,--,,
"""18014""","Biscuits, plain or buttermilk, refrigerated dough, higher fat",58.0,"1.0 biscuit",1.627,0.395,--,,
"""18015""","Biscuits, plain or buttermilk, refrigerated dough, higher fat, baked",51.0,"1.0 biscuit",2.812,1.371,0.36,,
"""18012""","Biscuits, plain or buttermilk, refrigerated dough, lower fat",58.0,"1.0 serving 1 biscuit",1.821,0.389,--,,
"""18013""","Biscuits, plain or buttermilk, refrigerated dough, lower fat, baked",28.35,"1.0 oz",1.034,0.221,--,,
"""18019""","Bread, banana, prepared from recipe, made with margarine",28.35,"1.0 oz",0.634,0.887,--,,
"""18021""","Bread, boston brown, canned",28.35,"1.0 oz",0.080,0.160,--,,
"""28306""","Bread, chapati or roti, plain, commercially prepared",68.0,"1.0 piece",1.328,0.780,0.37,,
"""28285""","Bread, chapati or roti, whole wheat, commercially prepared, frozen",43.0,"1.0 piece",1.424,0.327,0.12,,
"""18972""","Bread, cheese",48.0,"1.0 slice",3.000,4.417,--,,
"""28315""","Bread, cinnamon",28.0,"1.0 slice 1 serving",0.000,0.988,--,,
"""18022""","Bread, cornbread, dry mix, enriched (includes corn muffin mix)",28.35,"1.0 oz",0.876,0.477,--,,
"""18023""","Bread, cornbread, dry mix, prepared with 2% milk, 80% margarine, and eggs",51.0,"1.0 muffin",1.903,1.001,0.10,,
"""18412""","Bread, cornbread, dry mix, unenriched (includes corn muffin mix)",28.35,"1.0 oz",0.876,0.477,--,,
"""18024""","Bread, cornbread, prepared from recipe, made with low fat (2%) milk",28.35,"1.0 oz",0.441,0.909,--,,
"""18025""","Bread, cracked-wheat",28.35,"1.0 oz",0.260,0.193,--,,
"""18079""","Bread, crumbs, dry, grated, plain",28.35,"1.0 oz",0.341,0.584,0.70,,
"""18376""","Bread, crumbs, dry, grated, seasoned",28.35,"1.0 oz",0.394,0.652,0.56,,
"""18027""","Bread, egg",28.35,"1.0 oz",0.452,0.314,--,,
"""18028""","Bread, egg, toasted",28.35,"1.0 oz",0.458,0.326,--,,
"""18029""","Bread, french or vienna (includes sourdough)",28.35,"1.0 oz",0.150,0.242,0.14,,
"""18030""","Bread, french or vienna, toasted (includes sourdough)",28.35,"1.0 oz",0.142,0.235,--,,
"""28318""","Bread, french or vienna, whole wheat",48.0,"1.0 slice 1 serving",0.000,0.276,--,,
"""28336""","Bread, gluten-free, white, made with potato extract, rice starch, and rice flour",34.0,"1.0 slice",0.115,0.754,1.67,,
"""28337""","Bread, gluten-free, white, made with rice flour, corn starch, and/or tapioca",35.0,"1.0 slice",0.342,0.181,0.35,,
"""28338""","Bread, gluten-free, white, made with tapioca starch and brown rice flour",28.0,"1.0 slice",0.176,0.548,0.43,,
"""28339""","Bread, gluten-free, whole grain, made with tapioca starch and brown rice flour",25.0,"1.0 slice",0.067,0.604,0.35,,
"""18032""","Bread, irish soda, prepared from recipe",28.35,"1.0 oz",0.315,0.419,--,,
"""18033""","Bread, Italian",28.35,"1.0 oz",0.154,0.372,0.26,,
"""28397""","Bread, multi-grain (includes whole-grain)",28.35,"1.0 oz",0.247,0.531,0.69,,
"""18036""","Bread, multi-grain, toasted (includes whole-grain)",28.35,"1.0 oz",0.269,0.577,0.76,,
"""28307""","Bread, naan, plain, commercially prepared, refrigerated",90.0,"1.0 piece",1.254,1.888,0.77,,
"""28287""","Bread, naan, whole wheat, commercially prepared, refrigerated",106.0,"1.0 piece",3.081,1.333,0.85,,
"""18037""","Bread, oat bran",28.35,"1.0 oz",0.198,0.480,--,,
"""18038""","Bread, oat bran, toasted",28.35,"1.0 oz",0.217,0.528,--,,
"""18039""","Bread, oatmeal",28.35,"1.0 oz",0.199,0.483,--,,
"""18040""","Bread, oatmeal, toasted",28.35,"1.0 oz",0.217,0.524,--,,
"""18955""","Bread, pan dulce, sweet yeast bread",63.0,"1.0 slice (average weight of 1 slice)",1.375,0.964,2.55,,
"""28286""","Bread, paratha, whole wheat, commercially prepared, frozen",79.0,"1.0 piece",4.603,1.962,0.28,,
"""18041""","Bread, pita, white, enriched",60.0,"1.0 pita, large (6-1/2"" dia)",0.100,0.321,--,,
"""18413""","Bread, pita, white, unenriched",28.35,"1.0 oz",0.047,0.152,--,,
"""18042""","Bread, pita, whole-wheat",64.0,"1.0 pita, large (6-1/2"" dia)",0.133,0.675,--,,
"""18971""","Bread, potato",32.0,"1.0 slice",0.000,--,--,,
"""18954""","Bread, pound cake type, pan de torta salvadoran",55.0,"1.0 serving",1.673,5.183,0.14,,
"""18043""","Bread, protein (includes gluten)",28.35,"1.0 oz",0.094,0.286,--,,
"""18383""","Bread, protein, (includes gluten), toasted",28.35,"1.0 oz",0.103,0.314,--,,
"""18044""","Bread, pumpernickel",28.35,"1.0 oz",0.124,0.351,--,,
"""18047""","Bread, raisin, enriched",28.35,"1.0 oz",0.306,0.192,--,,
"""18048""","Bread, raisin, enriched, toasted",28.35,"1.0 oz",0.333,0.209,--,,
"""18414""","Bread, raisin, unenriched",28.35,"1.0 oz",0.306,0.192,--,,
"""18049""","Bread, reduced-calorie, oat bran",28.35,"1.0 oz",0.126,0.473,--,,
"""18050""","Bread, reduced-calorie, oat bran, toasted",28.35,"1.0 oz",0.150,0.564,--,,
"""18051""","Bread, reduced-calorie, oatmeal",28.35,"1.0 oz",0.170,0.383,--,,
"""18053""","Bread, reduced-calorie, rye",28.35,"1.0 oz",0.104,0.213,--,,
"""18055""","Bread, reduced-calorie, wheat",28.35,"1.0 oz",0.238,0.339,0.46,,
"""18057""","Bread, reduced-calorie, white",28.35,"1.0 oz",0.156,0.158,--,,
"""18059""","Bread, rice bran",28.35,"1.0 oz",0.201,0.499,--,,
"""18384""","Bread, rice bran, toasted",28.35,"1.0 oz",0.219,0.542,--,,
"""28288""","Bread, roll, Mexican, bollilo",98.0,"1.0 piece",1.373,1.002,1.13,,
"""18060""","Bread, rye",28.35,"1.0 oz",0.177,0.227,--,,
"""18061""","Bread, rye, toasted",28.35,"1.0 oz",0.195,0.249,--,,
"""18953""","Bread, salvadoran sweet cheese (quesadilla salvadorena)",55.0,"1.0 serving (approximate serving size)",2.537,2.435,0.00,,
"""18080""","Bread, sticks, plain",46.0,"1.0 cup, small pieces",0.649,1.669,--,,
"""18084""","Bread, stuffing, cornbread, dry mix",28.35,"1.0 oz",0.261,0.304,--,,
"""18085""","Bread, stuffing, cornbread, dry mix, prepared",28.35,"1.0 oz",0.498,0.767,--,,
"""18081""","Bread, stuffing, dry mix",28.35,"1.0 oz",0.240,0.202,--,,
"""18082""","Bread, stuffing, dry mix, prepared",28.35,"1.0 oz",0.657,1.007,--,,
"""18064""","Bread, wheat",29.0,"1.0 slice",0.202,0.468,0.68,,
"""28316""","Bread, wheat, sprouted",38.0,"1.0 slice 1 serving",0.000,--,--,,
"""28317""","Bread, wheat, sprouted, toasted",38.0,"1.0 slice 1 serving",0.000,--,--,,
"""18065""","Bread, wheat, toasted",28.35,"1.0 oz",0.280,0.488,--,,
"""18967""","Bread, white wheat",28.0,"1.0 slice",0.176,0.272,0.76,,
"""18069""","Bread, white, commercially prepared (includes soft bread crumbs)",29.0,"1.0 slice",0.202,0.465,0.70,,
"""18416""","Bread, white, commercially prepared, low sodium, no salt",28.35,"1.0 oz",0.230,0.211,--,,
"""18070""","Bread, white, commercially prepared, toasted",28.35,"1.0 oz",0.217,0.593,--,,
"""18432""","Bread, white, commercially prepared, toasted, low sodium no salt",28.35,"1.0 oz",0.253,0.232,--,,
"""18073""","Bread, white, prepared from recipe, made with low fat (2%) milk",28.35,"1.0 oz",0.334,0.788,--,,
"""18071""","Bread, white, prepared from recipe, made with nonfat dry milk",28.35,"1.0 oz",0.111,0.397,--,,
"""18075""","Bread, whole-wheat, commercially prepared",32.0,"1.0 slice",0.231,0.509,0.71,,
"""18076""","Bread, whole-wheat, commercially prepared, toasted",28.35,"1.0 oz",0.261,0.210,--,,
"""18077""","Bread, whole-wheat, prepared from recipe",28.35,"1.0 oz",0.226,0.833,--,,
"""18078""","Bread, whole-wheat, prepared from recipe, toasted",28.35,"1.0 oz",0.248,0.916,--,,
"""18086""","Cake, angelfood, commercially prepared",28.0,"1.0 piece (1/12 of 12 oz cake)",0.034,0.103,--,,
"""18088""","Cake, angelfood, dry mix, prepared",50.0,"1.0 piece (1/12 of 10"" dia)",0.021,0.062,--,,
"""18090""","Cake, boston cream pie, commercially prepared",28.35,"1.0 oz",0.693,0.286,--,,
"""18147""","Cake, cheesecake, commercially prepared",28.35,"1.0 oz",2.813,0.454,--,,
"""18148""","Cake, cheesecake, prepared from mix, no-bake type",28.35,"1.0 oz",1.897,0.229,--,,
"""18095""","Cake, cherry fudge with chocolate frosting",28.35,"1.0 oz",1.436,0.663,--,,
"""18096""","Cake, chocolate, commercially prepared with chocolate frosting, in-store bakery",138.0,"1.0 piece (1/12 of a cake)",8.165,6.378,1.13,,
"""18101""","Cake, chocolate, prepared from recipe without frosting",95.0,"1.0 piece (1/12 of 9"" dia)",5.159,2.623,--,,
"""18103""","Cake, coffeecake, cheese",28.35,"1.0 oz",1.528,0.466,--,,
"""18104""","Cake, coffeecake, cinnamon with crumb topping, commercially prepared, enriched",28.35,"1.0 oz",1.643,0.885,--,,
"""18417""","Cake, coffeecake, cinnamon with crumb topping, commercially prepared, unenriched",28.35,"1.0 oz",1.643,0.885,--,,
"""18108""","Cake, coffeecake, cinnamon with crumb topping, dry mix, prepared",28.35,"1.0 oz",0.526,0.897,--,,
"""18105""","Cake, coffeecake, creme-filled with chocolate frosting",28.35,"1.0 oz",0.803,0.415,--,,
"""18106""","Cake, coffeecake, fruit",28.35,"1.0 oz",0.707,0.418,--,,
"""18110""","Cake, fruitcake, commercially prepared",28.35,"1.0 oz",0.297,0.942,--,,
"""18114""","Cake, gingerbread, dry mix",28.35,"1.0 oz",0.981,0.511,--,,
"""18116""","Cake, gingerbread, prepared from recipe",28.35,"1.0 oz",1.169,1.195,--,,
"""18119""","Cake, pineapple upside-down, prepared from recipe",28.35,"1.0 oz",0.826,0.930,--,,
"""18120""","Cake, pound, commercially prepared, butter (includes fresh and frozen)",61.0,"0.16 loaf 1/6 of the loaf",2.935,2.086,0.20,,
"""18451""","Cake, pound, commercially prepared, fat-free",28.35,"1.0 oz",0.073,0.120,--,,
"""18121""","Cake, pound, commercially prepared, other than all butter, enriched",30.0,"1.0 piece (1/10 of 10.6 oz cake)",1.394,0.675,--,,
"""18418""","Cake, pound, commercially prepared, other than all butter, unenriched",30.0,"1.0 piece (1/10 of 10.6 oz cake)",1.394,0.675,--,,
"""18092""","Cake, pudding-type, carrot, dry mix",28.35,"1.0 oz",0.417,1.050,--,,
"""18097""","Cake, pudding-type, chocolate, dry mix",28.35,"1.0 oz",0.992,0.846,--,,
"""18135""","Cake, pudding-type, white, enriched, dry mix",28.35,"1.0 oz",0.678,0.353,--,,
"""18419""","Cake, pudding-type, white, unenriched, dry mix",28.35,"1.0 oz",0.663,0.721,--,,
"""18142""","Cake, pudding-type, yellow, dry mix",28.35,"1.0 oz",0.700,0.367,--,,
"""18126""","Cake, shortcake, biscuit-type, prepared from recipe",28.35,"1.0 oz",1.069,1.030,--,,
"""18127""","Cake, snack cakes, creme-filled, chocolate with frosting",28.35,"1.0 oz",1.385,0.517,--,,
"""28296""","Cake, snack cakes, creme-filled, chocolate with frosting, low-fat, with added fiber",27.0,"1.0 cake 1 serving",1.504,0.819,--,,
"""18128""","Cake, snack cakes, creme-filled, sponge",28.35,"1.0 oz",1.173,0.527,0.72,,
"""28297""","Cake, snack cakes, not chocolate, with icing or filling, low-fat, with added fiber",27.0,"1.0 cake 1 serving",1.003,0.858,--,,
"""18133""","Cake, sponge, commercially prepared",28.35,"1.0 oz",0.227,0.127,--,,
"""18134""","Cake, sponge, prepared from recipe",28.35,"1.0 oz",0.369,0.184,--,,
"""18131""","Cake, white, dry mix, special dietary (includes lemon-flavored)",28.35,"1.0 oz",0.355,0.902,--,,
"""18102""","Cake, white, prepared from recipe with coconut frosting",28.35,"1.0 oz",1.105,0.613,--,,
"""18139""","Cake, white, prepared from recipe without frosting",74.0,"1.0 piece (1/12 of 9"" dia)",2.419,2.330,--,,
"""18140""","Cake, yellow, commercially prepared, with chocolate frosting, in-store bakery",144.0,"1.0 piece (1/12 of a cake)",8.342,6.808,0.89,,
"""18141""","Cake, yellow, commercially prepared, with vanilla frosting",67.0,"1.0 serving",1.967,4.273,--,,
"""18144""","Cake, yellow, enriched, dry mix",43.0,"1.0 serving",0.697,0.099,--,,
"""18453""","Cake, yellow, light, dry mix",28.35,"1.0 oz",0.388,0.226,--,,
"""18146""","Cake, yellow, prepared from recipe without frosting",68.0,"1.0 piece (1/12 of 8"" dia)",2.668,2.428,--,,
"""18420""","Cake, yellow, unenriched, dry mix",28.35,"1.0 oz",0.493,1.241,--,,
"""18964""","Cinnamon buns, frosted (includes honey buns)",65.0,"1.0 bun",8.222,2.389,0.72,,
"""18610""","Continental Mills, Krusteaz Almond Poppyseed Muffin Mix, Artificially Flavored, dry",40.0,"1.0 serving",0.840,--,--,,
"""28293""","Cookie, butter or sugar, with chocolate icing or filling",31.0,"3.0 cookies",4.588,1.581,--,,
"""28294""","Cookie, chocolate, with icing or coating",32.0,"4.0 cookies",5.280,1.152,--,,
"""28289""","Cookie, vanilla with caramel, coconut, and chocolate coating",29.0,"2.0 cookies",5.133,1.073,--,,
"""28290""","Cookie, with peanut butter filling, chocolate-coated",25.0,"2.0 cookies",4.800,1.575,--,,
"""28399""","Cookies, animal crackers (includes arrowroot, tea biscuits)",28.35,"1.0 oz",0.982,0.531,--,,
"""28291""","Cookies, animal, with frosting or icing",31.0,"8.0 cookies 1 serving",5.022,1.395,--,,
"""18151""","Cookies, brownies, commercially prepared",28.35,"1.0 oz",1.201,0.640,--,,
"""28298""","Cookies, brownies, commercially prepared, reduced fat, with added fiber",36.0,"1.0 brownie 1 serving",0.996,0.929,--,,
"""18152""","Cookies, brownies, dry mix, regular",28.35,"1.0 oz",0.714,1.807,--,,
"""18196""","Cookies, brownies, dry mix, sugar free",28.35,"1.0 oz",0.572,1.298,--,,
"""18154""","Cookies, brownies, prepared from recipe",28.35,"1.0 oz",2.075,2.668,--,,
"""18155""","Cookies, butter, commercially prepared, enriched",28.35,"1.0 oz",3.133,0.278,--,,
"""18421""","Cookies, butter, commercially prepared, unenriched",28.35,"1.0 oz",3.133,0.278,--,,
"""28328""","Cookies, chocolate chip sandwich, with creme filling",34.0,"1.0 cookie",2.000,2.174,--,,
"""18159""","Cookies, chocolate chip, commercially prepared, regular, higher fat, enriched",12.9,"1.0 cookie",1.044,1.086,0.05,,
"""18422""","Cookies, chocolate chip, commercially prepared, regular, higher fat, unenriched",28.35,"1.0 oz",2.119,0.671,--,,
"""18158""","Cookies, chocolate chip, commercially prepared, regular, lower fat",34.0,"1.0 serving 3 cookies",2.027,1.918,--,,
"""18160""","Cookies, chocolate chip, commercially prepared, soft-type",14.2,"1.0 cookie",1.385,0.254,0.90,,
"""18198""","Cookies, chocolate chip, commercially prepared, special dietary",28.35,"1.0 oz",1.186,1.427,--,,
"""18161""","Cookies, chocolate chip, dry mix",28.35,"1.0 oz",2.358,0.743,--,,
"""18378""","Cookies, chocolate chip, prepared from recipe, made with butter",28.35,"1.0 oz",3.989,1.287,--,,
"""18165""","Cookies, chocolate chip, prepared from recipe, made with margarine",28.35,"1.0 oz",2.289,2.384,--,,
"""18163""","Cookies, chocolate chip, refrigerated dough",33.0,"1.0 serving",2.769,0.717,--,,
"""18164""","Cookies, chocolate chip, refrigerated dough, baked",28.35,"1.0 oz",2.200,0.657,--,,
"""28350""","Cookies, chocolate cream covered biscuit sticks",40.0,"1.0 serving",5.034,2.687,--,,
"""28299""","Cookies, chocolate sandwich, with creme filling, reduced fat",34.0,"1.0 serving",1.000,1.164,--,,
"""18166""","Cookies, chocolate sandwich, with creme filling, regular",36.0,"3.0 cookie",2.034,1.282,0.25,,
"""18167""","Cookies, chocolate sandwich, with creme filling, regular, chocolate-coated",28.35,"1.0 oz",2.105,0.851,--,,
"""18199""","Cookies, chocolate sandwich, with creme filling, special dietary",28.35,"1.0 oz",1.132,2.245,--,,
"""18168""","Cookies, chocolate sandwich, with extra creme filling",28.35,"1.0 oz",1.546,0.701,0.10,,
"""18157""","Cookies, chocolate wafers",28.35,"1.0 oz",1.202,1.177,--,,
"""28329""","Cookies, chocolate, made with rice cereal",62.0,"1.0 cookie",7.000,1.868,--,,
"""28309""","Cookies, coconut macaroon",36.0,"2.0 cookie 1 serving",7.236,0.292,--,,
"""18170""","Cookies, fig bars",28.35,"1.0 oz",0.318,0.786,--,,
"""18171""","Cookies, fortune",28.35,"1.0 oz",0.190,0.132,--,,
"""18156""","Cookies, fudge, cake-type (includes trolley cakes)",28.35,"1.0 oz",0.315,0.132,--,,
"""18172""","Cookies, gingersnaps",28.35,"1.0 oz",0.695,0.389,--,,
"""28332""","Cookies, gluten-free, chocolate sandwich, with creme filling",44.0,"3.0 cookies",3.478,0.795,0.00,,
"""28333""","Cookies, gluten-free, chocolate wafer",23.0,"3.0 cookies",3.519,0.523,0.00,,
"""28334""","Cookies, gluten-free, lemon wafer",30.0,"3.0 cookies",3.150,0.801,0.00,,
"""28335""","Cookies, gluten-free, vanilla sandwich, with creme filling",44.0,"3.0 cookies",3.083,1.254,0.17,,
"""18174""","Cookies, graham crackers, chocolate-coated",27.0,"3.0 pieces",4.644,1.323,--,,
"""18173""","Cookies, graham crackers, plain or honey (includes cinnamon)",28.35,"1.0 oz",0.463,1.527,0.28,,
"""28302""","Cookies, graham crackers, plain or honey, lowfat",35.0,"1.0 serving",0.000,1.178,--,,
"""18175""","Cookies, ladyfingers, with lemon juice and rind",28.35,"1.0 oz",0.870,0.403,--,,
"""18423""","Cookies, ladyfingers, without lemon juice and rind",28.35,"1.0 oz",0.857,0.403,--,,
"""28351""","Cookies, Marie biscuit",28.0,"5.0 cookie",1.481,0.468,--,,
"""18176""","Cookies, marshmallow, chocolate-coated (includes marshmallow pies)",28.35,"1.0 oz",1.339,0.551,--,,
"""28330""","Cookies, marshmallow, with rice cereal and chocolate chips",22.0,"1.0 bar",2.500,0.390,--,,
"""18177""","Cookies, molasses",28.35,"1.0 oz",0.911,0.490,--,,
"""28300""","Cookies, oatmeal sandwich, with creme filling",38.0,"1.0 cookie 1 serving",1.986,2.825,--,,
"""18178""","Cookies, oatmeal, commercially prepared, regular",28.35,"1.0 oz",1.281,0.721,--,,
"""18179""","Cookies, oatmeal, commercially prepared, soft-type",28.35,"1.0 oz",1.029,0.625,--,,
"""18200""","Cookies, oatmeal, commercially prepared, special dietary",28.35,"1.0 oz",0.763,1.923,--,,
"""18180""","Cookies, oatmeal, dry mix",28.35,"1.0 oz",1.348,0.792,--,,
"""18377""","Cookies, oatmeal, prepared from recipe, without raisins",28.35,"1.0 oz",1.015,1.584,--,,
"""28349""","Cookies, oatmeal, reduced fat",25.0,"1.0 cookie",1.022,0.567,--,,
"""18182""","Cookies, oatmeal, refrigerated dough",28.35,"1.0 oz",1.347,0.735,--,,
"""18183""","Cookies, oatmeal, refrigerated dough, baked",28.35,"1.0 oz",1.514,0.844,--,,
"""18184""","Cookies, oatmeal, with raisins",28.35,"1.0 oz",1.542,1.727,2.36,,
"""18190""","Cookies, peanut butter sandwich, regular",28.35,"1.0 oz",1.416,1.076,--,,
"""18201""","Cookies, peanut butter sandwich, special dietary",28.35,"1.0 oz",1.400,3.409,--,,
"""18185""","Cookies, peanut butter, commercially prepared, regular",28.35,"1.0 oz",1.914,1.023,0.57,,
"""18186""","Cookies, peanut butter, commercially prepared, soft-type",28.35,"1.0 oz",1.743,0.902,--,,
"""28301""","Cookies, peanut butter, commercially prepared, sugar free",29.0,"1.0 serving 3 cookies",2.500,3.331,--,,
"""18189""","Cookies, peanut butter, prepared from recipe",28.35,"1.0 oz",1.258,2.048,--,,
"""18187""","Cookies, peanut butter, refrigerated dough",28.35,"1.0 oz",1.642,1.357,--,,
"""18188""","Cookies, peanut butter, refrigerated dough, baked",28.35,"1.0 oz",1.757,1.386,--,,
"""18191""","Cookies, raisin, soft-type",28.35,"1.0 oz",0.981,0.498,--,,
"""18193""","Cookies, shortbread, commercially prepared, pecan",28.35,"1.0 oz",2.326,1.169,--,,
"""18192""","Cookies, shortbread, commercially prepared, plain",28.35,"1.0 oz",2.298,2.360,0.09,,
"""28310""","Cookies, shortbread, reduced fat",11.8,"1.0 cookie",0.554,0.715,0.04,,
"""28311""","Cookies, sugar wafer, chocolate-covered",29.0,"3.0 cookie",5.000,1.211,--,,
"""18202""","Cookies, sugar wafer, with creme filling, sugar free",28.35,"1.0 oz",1.207,3.047,--,,
"""18209""","Cookies, sugar wafers with creme filling, regular",36.0,"3.0 cookies",4.284,0.954,0.00,,
"""18204""","Cookies, sugar, commercially prepared, regular (includes vanilla)",28.35,"1.0 oz",2.173,1.062,0.17,,
"""18205""","Cookies, sugar, refrigerated dough",33.0,"1.0 serving",1.635,0.815,--,,
"""18206""","Cookies, sugar, refrigerated dough, baked",28.35,"1.0 oz",1.674,0.820,--,,
"""18210""","Cookies, vanilla sandwich with creme filling",28.35,"1.0 oz",0.845,2.141,--,,
"""28352""","Cookies, vanilla sandwich with creme filling, reduced fat",48.0,"1.0 serving cookie",1.524,0.537,--,,
"""18213""","Cookies, vanilla wafers, higher fat",30.0,"8.0 wafers",1.274,2.021,0.28,,
"""18212""","Cookies, vanilla wafers, lower fat",28.35,"1.0 oz",1.088,1.102,--,,
"""18236""","Cracker, meal",28.35,"1.0 oz",0.077,0.205,--,,
"""18434""","Crackers, cheese, low sodium",14.2,"0.5 oz",1.369,0.349,--,,
"""18965""","Crackers, cheese, reduced fat",30.0,"1.0 serving",1.000,1.582,--,,
"""18214""","Crackers, cheese, regular",14.2,"0.5 oz",0.751,1.433,0.05,,
"""18927""","Crackers, cheese, sandwich-type with cheese filling",39.0,"6.0 cracker 1 cracker = 6.5g",1.876,0.908,0.00,,
"""18215""","Crackers, cheese, sandwich-type with peanut butter filling",14.2,"0.5 oz",0.626,0.723,0.00,,
"""28303""","Crackers, cheese, whole grain",31.0,"1.0 serving 55 pieces",0.994,--,--,,
"""18961""","Crackers, cream, Gamesa Sabrosas",31.0,"11.0 crackers (1 NLEA serving)",1.662,0.760,0.29,,
"""18962""","Crackers, cream, La Moderna Rikis Cream Crackers",32.0,"10.0 crackers (1 NLEA serving)",0.843,0.405,0.35,,
"""18216""","Crackers, crispbread, rye",14.2,"0.5 oz",0.021,0.079,--,,
"""28331""","Crackers, flavored, fish-shaped",5.2,"10.0 goldfish",0.107,0.204,0.00,,
"""28345""","Crackers, gluten-free, multi-seeded and multigrain",6.1,"3.0 crackers",0.126,0.365,0.00,,
"""28344""","Crackers, gluten-free, multigrain and vegetable, made with corn starch and white rice flour",10.7,"3.0 crackers",0.611,0.147,0.03,,
"""18218""","Crackers, matzo, egg",14.2,"0.5 oz",0.078,0.067,--,,
"""18400""","Crackers, matzo, egg and onion",14.2,"0.5 oz",0.133,0.142,--,,
"""18217""","Crackers, matzo, plain",14.2,"0.5 oz",0.032,0.086,--,,
"""18219""","Crackers, matzo, whole-wheat",14.2,"0.5 oz",0.035,0.093,--,,
"""18220""","Crackers, melba toast, plain",14.2,"0.5 oz",0.063,0.182,--,,
"""18424""","Crackers, melba toast, plain, without salt",14.2,"0.5 oz",0.063,0.182,--,,
"""18221""","Crackers, melba toast, rye (includes pumpernickel)",14.2,"0.5 oz",0.064,0.191,--,,
"""18222""","Crackers, melba toast, wheat",14.2,"0.5 oz",0.048,0.129,--,,
"""18223""","Crackers, milk",14.2,"0.5 oz",0.414,0.691,--,,
"""28292""","Crackers, multigrain",14.0,"4.0 crackers",0.462,1.652,--,,
"""18224""","Crackers, rusk toast",14.2,"0.5 oz",0.195,0.328,--,,
"""18225""","Crackers, rye, sandwich-type with cheese filling",14.2,"0.5 oz",0.850,0.407,--,,
"""18226""","Crackers, rye, wafers, plain",14.2,"0.5 oz",0.015,0.056,--,,
"""18227""","Crackers, rye, wafers, seasoned",14.2,"0.5 oz",0.183,0.512,--,,
"""18228""","Crackers, saltines (includes oyster, soda, soup)",14.9,"5.0 crackers",0.246,0.720,0.03,,
"""18457""","Crackers, saltines, fat-free, low-sodium",15.0,"3.0 saltines",0.037,0.103,--,,
"""18425""","Crackers, saltines, low salt (includes oyster, soda, soup)",14.2,"0.5 oz",0.284,0.578,0.03,,
"""18426""","Crackers, saltines, unsalted tops (includes oyster, soda, soup)",14.2,"0.5 oz",0.416,0.238,--,,
"""18966""","Crackers, saltines, whole wheat (includes multi-grain)",14.0,"1.0 serving",0.000,1.012,--,,
"""28314""","Crackers, sandwich-type, peanut butter filled, reduced fat",36.0,"1.0 package",1.000,2.500,--,,
"""18960""","Crackers, snack, Goya Crackers",30.0,"1.0 serving (1 NLEA serving - about 4 crackers)",1.897,0.461,0.14,,
"""18229""","Crackers, standard snack-type, regular",16.0,"5.0 crackers",0.890,2.102,0.05,,
"""18427""","Crackers, standard snack-type, regular, low salt",14.2,"0.5 oz",0.536,1.355,--,,
"""18230""","Crackers, standard snack-type, sandwich, with cheese filling",14.2,"0.5 oz",0.870,0.365,--,,
"""18231""","Crackers, standard snack-type, sandwich, with peanut butter filling",14.2,"0.5 oz",0.682,0.646,0.07,,
"""28308""","Crackers, standard snack-type, with whole wheat",15.0,"5.0 crackers 1 serving",0.652,1.191,0.03,,
"""28325""","Crackers, toast thins, low sodium",31.0,"1.0 serving",1.000,2.672,--,,
"""28327""","Crackers, water biscuits",14.0,"4.0 cracker 1 serving",0.000,0.344,--,,
"""18428""","Crackers, wheat, low salt",14.2,"0.5 oz",0.735,0.397,--,,
"""18950""","Crackers, wheat, reduced fat",29.0,"1.0 serving",0.612,2.046,0.26,,
"""18232""","Crackers, wheat, regular",34.0,"16.0 crackers 1 serving",1.091,2.881,0.14,,
"""18233""","Crackers, wheat, sandwich, with cheese filling",14.2,"0.5 oz",0.586,1.302,--,,
"""18234""","Crackers, wheat, sandwich, with peanut butter filling",14.2,"0.5 oz",0.653,1.258,--,,
"""28326""","Crackers, whole grain, sandwich-type, with peanut butter filling",43.0,"6.0 cracker 1 serving",1.946,1.934,--,,
"""18235""","Crackers, whole-wheat",28.0,"1.0 serving",0.578,1.945,0.00,,
"""18429""","Crackers, whole-wheat, low salt",14.2,"0.5 oz",0.482,0.937,--,,
"""18949""","Crackers, whole-wheat, reduced fat",29.0,"1.0 serving",0.309,1.035,0.00,,
"""18237""","Cream puff shell, prepared from recipe",28.35,"1.0 oz",1.587,2.092,--,,
"""18969""","Cream puff, eclair, custard or cream filled, iced",113.0,"4.0 oz",7.972,4.715,--,,
"""18240""","Croissants, apple",28.35,"1.0 oz",1.416,0.178,--,,
"""18239""","Croissants, butter",28.35,"1.0 oz",3.305,0.310,--,,
"""18241""","Croissants, cheese",28.35,"1.0 oz",3.013,0.676,--,,
"""18242""","Croutons, plain",14.2,"0.5 oz",0.214,0.181,--,,
"""18243""","Croutons, seasoned",14.2,"0.5 oz",0.745,0.336,--,,
"""28355""","Crunchmaster, Multi-Grain Crisps, Snack Crackers, Gluten-Free",3.9,"3.0 crackers",0.081,0.233,0.00,,
"""18245""","Danish pastry, cheese",28.35,"1.0 oz",1.926,0.730,--,,
"""18244""","Danish pastry, cinnamon, enriched",28.35,"1.0 oz",1.611,0.832,--,,
"""18430""","Danish pastry, cinnamon, unenriched",28.35,"1.0 oz",1.611,0.832,--,,
"""18246""","Danish pastry, fruit, enriched (includes apple, cinnamon, raisin, lemon, raspberry, strawberry)",28.35,"1.0 oz",1.378,0.670,--,,
"""18431""","Danish pastry, fruit, unenriched (includes apple, cinnamon, raisin, strawberry)",28.35,"1.0 oz",0.801,0.428,--,,
"""18433""","Danish pastry, lemon, unenriched",28.35,"1.0 oz",0.801,0.428,--,,
"""18435""","Danish pastry, raspberry, unenriched",28.35,"1.0 oz",0.801,0.428,--,,
"""18251""","Doughnuts, cake-type, chocolate, sugared or glazed",28.35,"1.0 oz",1.455,0.702,--,,
"""18248""","Doughnuts, cake-type, plain (includes unsugared, old-fashioned)",40.0,"1.0 donut",4.442,1.566,0.00,,
"""18249""","Doughnuts, cake-type, plain, chocolate-coated or frosted",28.35,"1.0 oz",3.819,0.556,--,,
"""18250""","Doughnuts, cake-type, plain, sugared or glazed",28.35,"1.0 oz",1.680,0.825,--,,
"""18253""","Doughnuts, french crullers, glazed",28.35,"1.0 oz",1.323,0.648,--,,
"""18255""","Doughnuts, yeast-leavened, glazed, enriched (includes honey buns)",28.35,"1.0 oz",2.680,1.017,0.18,,
"""18436""","Doughnuts, yeast-leavened, glazed, unenriched (includes honey buns)",28.35,"1.0 oz",1.648,0.823,--,,
"""18254""","Doughnuts, yeast-leavened, with creme filling",28.35,"1.0 oz",1.539,0.874,--,,
"""18256""","Doughnuts, yeast-leavened, with jelly filling",28.35,"1.0 oz",1.373,0.674,--,,
"""18437""","English muffins, plain, enriched, without calcium propionate(includes sourdough)",28.35,"1.0 oz",0.073,0.252,--,,
"""18438""","English muffins, plain, unenriched, with calcium propionate (includes sourdough)",28.35,"1.0 oz",0.073,0.252,--,,
"""18439""","English muffins, plain, unenriched, without calcium propionate (includes sourdough)",28.35,"1.0 oz",0.073,0.252,--,,
"""28320""","English muffins, whole grain white",57.0,"1.0 muffin 1 serving",0.000,--,--,,
"""18973""","Focaccia, Italian flatbread, plain",57.0,"1.0 piece",0.500,0.567,--,,
"""18268""","French toast, frozen, ready-to-heat",28.35,"1.0 oz",0.435,0.348,--,,
"""18269""","French toast, prepared from recipe, made with low fat (2%) milk",28.35,"1.0 oz",0.772,0.735,--,,
"""18963""","Garlic bread, frozen",43.0,"1.0 slice presliced",2.271,2.338,0.27,,
"""18603""","George Weston Bakeries, Brownberry Sage and Onion Stuffing Mix, dry",67.0,"1.0 serving",0.603,0.510,--,,
"""18639""","George Weston Bakeries, Thomas English Muffins",57.0,"1.0 serving",0.176,0.524,--,,
"""28356""","Glutino, Gluten Free Cookies, Chocolate Vanilla Creme",44.0,"3.0 cookies",3.478,0.795,0.00,,
"""28357""","Glutino, Gluten Free Cookies, Vanilla Creme",45.0,"3.0 cookies",3.642,0.863,0.12,,
"""28358""","Glutino, Gluten Free Wafers, Lemon Flavored",30.0,"3.0 cookies",3.150,0.801,0.00,,
"""28359""","Glutino, Gluten Free Wafers, Milk Chocolate",23.0,"3.0 cookies",3.519,0.523,0.00,,
"""18640""","Heinz, Weight Watcher, Chocolate Eclair, frozen",59.0,"1.0 eclair, frozen",0.826,1.711,--,,
"""18270""","Hush puppies, prepared from recipe",28.35,"1.0 oz",0.598,2.047,--,,
"""18271""","Ice cream cones, cake or wafer-type",28.35,"1.0 oz",0.346,0.925,--,,
"""18272""","Ice cream cones, sugar, rolled-type",28.35,"1.0 oz",0.162,0.412,--,,
"""18641""","Interstate Brands Corp, Wonder Hamburger Rolls",43.0,"1.0 serving",0.436,0.936,--,,
"""18608""","Keebler, Keebler Chocolate Graham SELECTS",31.0,"1.0 serving",0.976,0.682,--,,
"""18567""","Kraft, Stove Top Stuffing Mix Chicken Flavor",28.0,"1.0 NLEA serving (makes 1/2 cup prepared)",0.224,--,--,,
"""18369""","Leavening agents, baking powder, double-acting, sodium aluminum sulfate",4.6,"1.0 tsp",0.000,--,--,,
"""18370""","Leavening agents, baking powder, double-acting, straight phosphate",4.6,"1.0 tsp",0.000,--,--,,
"""18371""","Leavening agents, baking powder, low-sodium",5.0,"1.0 tsp",0.004,0.006,--,,
"""18372""","Leavening agents, baking soda",4.6,"1.0 tsp",0.000,--,--,,
"""18373""","Leavening agents, cream of tartar",3.0,"1.0 tsp",0.000,--,--,,
"""18375""","Leavening agents, yeast, baker's, active dry",4.0,"1.0 tsp",0.040,0.001,--,,
"""18374""","Leavening agents, yeast, baker's, compressed",17.0,"1.0 cake (0.6 oz)",0.041,0.001,--,,
"""18615""","Martha White Foods, Martha White's Buttermilk Biscuit Mix, dry",41.0,"1.0 serving",1.669,--,--,,
"""18614""","Martha White Foods, Martha White's Chewy Fudge Brownie Mix, dry",28.0,"1.0 serving",0.476,--,--,,
"""18612""","Mckee Baking, Little Debbie Nutty Bars, Wafers with Peanut Butter, Chocolate Covered",57.0,"1.0 serving",3.585,--,--,,
"""18616""","Mission Foods, Mission Flour Tortillas, Soft Taco, 8 inch",51.0,"1.0 serving",0.354,0.471,--,,
"""18940""","Muffin, blueberry, commercially prepared, low-fat",71.0,"1.0 muffin small",1.100,0.968,--,,
"""18274""","Muffins, blueberry, commercially prepared (Includes mini-muffins)",28.35,"1.0 oz",0.806,2.297,0.34,,
"""18275""","Muffins, blueberry, dry mix",43.0,"1.0 serving",0.499,0.562,--,,
"""18278""","Muffins, blueberry, prepared from recipe, made with low fat (2%) milk",28.35,"1.0 oz",0.576,1.527,--,,
"""18277""","Muffins, blueberry, toaster-type",28.35,"1.0 oz",0.396,1.517,--,,
"""18386""","Muffins, blueberry, toaster-type, toasted",28.35,"1.0 oz",0.440,1.553,--,,
"""18279""","Muffins, corn, commercially prepared",28.35,"1.0 oz",0.384,0.911,--,,
"""18280""","Muffins, corn, dry mix, prepared",28.35,"1.0 oz",0.793,0.354,--,,
"""18282""","Muffins, corn, prepared from recipe, made with low fat (2%) milk",28.35,"1.0 oz",0.655,1.747,--,,
"""18281""","Muffins, corn, toaster-type",28.35,"1.0 oz",0.477,1.793,--,,
"""18260""","Muffins, English, mixed-grain (includes granola)",28.35,"1.0 oz",0.065,0.158,--,,
"""18258""","Muffins, English, plain, enriched, with ca prop (includes sourdough)",28.35,"1.0 oz",0.208,0.141,0.20,,
"""18259""","Muffins, English, plain, toasted, enriched, with calcium propionate (includes sourdough)",28.35,"1.0 oz",0.151,0.261,--,,
"""18262""","Muffins, English, raisin-cinnamon (includes apple-cinnamon)",28.35,"1.0 oz",0.153,0.096,--,,
"""18263""","Muffins, English, raisin-cinnamon, toasted (includes apple-cinnamon)",28.35,"1.0 oz",0.164,0.133,--,,
"""18264""","Muffins, English, wheat",28.35,"1.0 oz",0.081,0.236,--,,
"""18266""","Muffins, English, whole-wheat",28.35,"1.0 oz",0.095,0.237,--,,
"""18283""","Muffins, oat bran",28.35,"1.0 oz",0.308,1.171,--,,
"""18273""","Muffins, plain, prepared from recipe, made with low fat (2%) milk",28.35,"1.0 oz",0.611,1.622,--,,
"""18284""","Muffins, wheat bran, dry mix",28.35,"1.0 oz",0.833,0.540,--,,
"""18388""","Muffins, wheat bran, toaster-type with raisins, toasted",28.35,"1.0 oz",0.425,1.394,--,,
"""18617""","Nabisco, Nabisco Grahams Crackers",28.0,"1.0 serving",0.437,0.129,--,,
"""18619""","Nabisco, Nabisco Oreo Crunchies, Cookie Crumb Topping",11.0,"1.0 serving",0.455,0.090,--,,
"""18621""","Nabisco, Nabisco Ritz Crackers",3.3,"1.0 cracker",0.180,0.360,0.02,,
"""18651""","Nabisco, Nabisco Snackwell's Fat Free Devil's Food Cookie Cakes",16.0,"1.0 serving",0.068,0.031,--,,
"""18288""","Pancakes plain, frozen, ready-to-heat (includes buttermilk)",28.35,"1.0 oz",0.329,1.086,1.06,,
"""18294""","Pancakes, blueberry, prepared from recipe",28.35,"1.0 oz",0.563,1.180,--,,
"""18295""","Pancakes, buckwheat, dry mix, incomplete",28.35,"1.0 oz",0.124,0.284,--,,
"""18390""","Pancakes, buttermilk, prepared from recipe",28.35,"1.0 oz",0.519,1.272,--,,
"""28347""","Pancakes, gluten-free, frozen, ready-to-heat",48.0,"1.0 pancake",0.230,0.596,0.21,,
"""18289""","Pancakes, plain, dry mix, complete (includes buttermilk)",52.0,"0.33 cup",0.427,0.483,0.00,,
"""18290""","Pancakes, plain, dry mix, complete, prepared",28.35,"1.0 oz",0.144,0.232,--,,
"""18291""","Pancakes, plain, dry mix, incomplete (includes buttermilk)",28.35,"1.0 oz",0.071,0.206,--,,
"""18292""","Pancakes, plain, dry mix, incomplete, prepared",28.35,"1.0 oz",0.580,0.829,--,,
"""18936""","Pancakes, plain, frozen, ready-to-heat, microwave (includes buttermilk)",28.35,"1.0 oz",0.242,0.274,0.78,,
"""18293""","Pancakes, plain, prepared from recipe",28.35,"1.0 oz",0.602,1.261,--,,
"""28305""","Pancakes, plain, reduced fat",105.0,"1.0 serving 3 pancakes",0.000,1.160,--,,
"""18297""","Pancakes, special dietary, dry mix",28.35,"1.0 oz",0.057,0.173,--,,
"""28324""","Pancakes, whole wheat, dry mix, incomplete",38.0,"0.25 cup mix 1 serving",0.000,0.098,--,,
"""18299""","Pancakes, whole-wheat, dry mix, incomplete",28.35,"1.0 oz",0.069,0.172,--,,
"""18300""","Pancakes, whole-wheat, dry mix, incomplete, prepared",28.35,"1.0 oz",0.496,0.682,--,,
"""18959""","Pastry, Pastelitos de Guava (guava pastries)",86.0,"1.0 piece",4.760,2.438,1.21,,
"""28363""","Pepperidge Farm, Goldfish, Baked Snack Crackers, Original",5.2,"10.0 goldfish",0.074,0.225,0.00,,
"""28364""","Pepperidge Farm, Goldfish, Baked Snack Crackers, Parmesan",5.3,"10.0 goldfish",0.139,0.182,0.00,,
"""28365""","Pepperidge Farm, Goldfish, Baked Snack Crackers, Pizza",5.1,"10.0 goldfish",0.109,0.206,0.00,,
"""18338""","Phyllo dough",28.35,"1.0 oz",0.417,0.262,--,,
"""18943""","Pie Crust, Cookie-type, Chocolate, Ready Crust",182.0,"1.0 crust",8.599,3.704,0.00,,
"""18942""","Pie Crust, Cookie-type, Graham Cracker, Ready Crust",28.35,"1.0 oz",1.417,0.474,0.00,,
"""18399""","Pie crust, cookie-type, prepared from recipe, graham cracker, chilled",30.0,"1.0 piece (1/8 of 9"" crust)",1.528,2.031,--,,
"""18401""","Pie crust, cookie-type, prepared from recipe, vanilla wafer, chilled",129.0,"1.0 cup",9.590,13.780,--,,
"""18947""","Pie crust, deep dish, frozen, baked, made with enriched flour",202.0,"1.0 pie crust (average weight)",17.901,7.914,--,,
"""18945""","Pie crust, deep dish, frozen, unbaked, made with enriched flour",225.0,"1.0 pie crust (average weight)",18.290,7.942,--,,
"""18946""","Pie crust, refrigerated, regular, baked",198.0,"1.0 pie crust",21.952,7.437,--,,
"""18948""","Pie crust, refrigerated, regular, unbaked",229.0,"1.0 pie crust (average weight)",21.975,7.539,--,,
"""18332""","Pie crust, standard-type, dry mix",28.35,"1.0 oz",2.261,1.125,--,,
"""18333""","Pie crust, standard-type, dry mix, prepared, baked",20.0,"1.0 piece (1/8 of 9"" crust)",1.542,0.769,--,,
"""18334""","Pie crust, standard-type, frozen, ready-to-bake, enriched",18.0,"1.0 piece (1/8 of 9"" crust)",1.469,0.572,--,,
"""18335""","Pie crust, standard-type, frozen, ready-to-bake, enriched, baked",154.0,"1.0 pie crust (average weight of 1 baked crust)",14.287,5.495,--,,
"""18446""","Pie crust, standard-type, frozen, ready-to-bake, unenriched",142.0,"1.0 crust, single 9""",6.187,15.620,--,,
"""18336""","Pie crust, standard-type, prepared from recipe, baked",23.0,"1.0 piece (1/8 of 9"" crust)",1.983,2.098,--,,
"""18402""","Pie crust, standard-type, prepared from recipe, unbaked",24.0,"1.0 piece (1/8 of 9"" crust)",1.842,1.949,--,,
"""18301""","Pie, apple, commercially prepared, enriched flour",28.35,"1.0 oz",1.076,0.623,--,,
"""18443""","Pie, apple, commercially prepared, unenriched flour",28.35,"1.0 oz",1.076,0.623,--,,
"""18302""","Pie, apple, prepared from recipe",28.35,"1.0 oz",0.865,0.946,--,,
"""18303""","Pie, banana cream, prepared from mix, no-bake type",28.35,"1.0 oz",1.957,0.217,--,,
"""18304""","Pie, banana cream, prepared from recipe",28.35,"1.0 oz",1.065,0.933,--,,
"""18305""","Pie, blueberry, commercially prepared",28.35,"1.0 oz",0.476,0.999,--,,
"""18306""","Pie, blueberry, prepared from recipe",28.35,"1.0 oz",0.825,0.873,--,,
"""18308""","Pie, cherry, commercially prepared",28.35,"1.0 oz",0.726,0.583,--,,
"""18309""","Pie, cherry, prepared from recipe",28.35,"1.0 oz",0.846,0.921,--,,
"""18310""","Pie, chocolate creme, commercially prepared",120.0,"1.0 serving .167 pie",14.939,1.379,--,,
"""18312""","Pie, chocolate mousse, prepared from mix, no-bake type",28.35,"1.0 oz",2.323,0.231,--,,
"""18314""","Pie, coconut cream, prepared from mix, no-bake type",28.35,"1.0 oz",2.533,0.345,--,,
"""18313""","Pie, coconut creme, commercially prepared",28.35,"1.0 oz",1.978,0.438,--,,
"""18316""","Pie, coconut custard, commercially prepared",28.35,"1.0 oz",1.660,0.332,--,,
"""18944""","Pie, Dutch Apple, Commercially Prepared",131.0,"0.12 pie 1 pie (1/8 of 9"" pie)",3.030,2.773,5.99,,
"""18317""","Pie, egg custard, commercially prepared",28.35,"1.0 oz",0.666,1.055,--,,
"""18444""","Pie, fried pies, cherry",28.35,"1.0 oz",0.697,1.524,--,,
"""18319""","Pie, fried pies, fruit",28.35,"1.0 oz",0.697,1.524,--,,
"""18445""","Pie, fried pies, lemon",28.35,"1.0 oz",0.697,1.524,--,,
"""18320""","Pie, lemon meringue, commercially prepared",28.35,"1.0 oz",0.501,1.034,--,,
"""18321""","Pie, lemon meringue, prepared from recipe",28.35,"1.0 oz",0.903,0.944,--,,
"""18322""","Pie, mince, prepared from recipe",28.35,"1.0 oz",0.760,0.806,--,,
"""18323""","Pie, peach",28.35,"1.0 oz",0.428,1.063,--,,
"""18324""","Pie, pecan, commercially prepared",28.35,"1.0 oz",0.752,1.008,0.00,,
"""18325""","Pie, pecan, prepared from recipe",28.35,"1.0 oz",1.131,1.619,--,,
"""18326""","Pie, pumpkin, commercially prepared",28.35,"1.0 oz",0.564,0.502,0.81,,
"""18327""","Pie, pumpkin, prepared from recipe",28.35,"1.0 oz",0.899,0.513,--,,
"""18328""","Pie, vanilla cream, prepared from recipe",28.35,"1.0 oz",1.143,0.975,--,,
"""18634""","Pillsbury Golden Layer Buttermilk Biscuits, Artificial Flavor, refrigerated dough",34.0,"1.0 serving",1.000,--,--,,
"""18633""","Pillsbury Grands, Buttermilk Biscuits, refrigerated dough",34.0,"1.0 biscuit",1.384,--,--,,
"""18629""","Pillsbury, Buttermilk Biscuits, Artificial Flavor, refrigerated dough",64.0,"1.0 biscuit",0.269,--,--,,
"""18630""","Pillsbury, Chocolate Chip Cookies, refrigerated dough",38.0,"1.0 serving 2 cookies",3.317,--,--,,
"""18635""","Pillsbury, Cinnamon Rolls with Icing, refrigerated dough",44.0,"1.0 serving 1 roll with icing",1.430,--,--,,
"""18631""","Pillsbury, Crusty French Loaf, refrigerated dough",52.0,"1.0 serving",0.348,--,--,,
"""18339""","Popovers, dry mix, enriched",28.35,"1.0 oz",0.279,0.233,--,,
"""18447""","Popovers, dry mix, unenriched",28.35,"1.0 oz",0.279,0.233,--,,
"""18337""","Puff pastry, frozen, ready-to-bake",28.35,"1.0 oz",2.734,1.387,--,,
"""18211""","Puff pastry, frozen, ready-to-bake, baked",28.35,"1.0 oz",1.560,6.302,--,,
"""18344""","Rolls, dinner, egg",28.35,"1.0 oz",0.447,0.320,--,,
"""18345""","Rolls, dinner, oat bran",28.35,"1.0 oz",0.175,0.445,--,,
"""18342""","Rolls, dinner, plain, commercially prepared (includes brown-and-serve)",28.0,"1.0 roll (1 oz)",0.385,0.703,--,,
"""18396""","Rolls, dinner, plain, prepared from recipe, made with low fat (2%) milk",28.35,"1.0 oz",0.509,0.569,--,,
"""18346""","Rolls, dinner, rye",43.0,"1.0 large (approx 3-1/2"" to 4"" dia)",0.260,0.304,--,,
"""28348""","Rolls, dinner, sweet",30.0,"1.0 roll",1.055,0.257,1.62,,
"""18347""","Rolls, dinner, wheat",28.0,"1.0 roll (1 oz)",0.419,0.310,--,,
"""18348""","Rolls, dinner, whole-wheat",28.0,"1.0 roll (1 oz)",0.234,0.605,--,,
"""18349""","Rolls, french",28.35,"1.0 oz",0.273,0.236,--,,
"""28341""","Rolls, gluten-free, white, made with rice flour, rice starch, and corn starch",78.0,"1.0 roll",0.168,0.497,1.61,,
"""28343""","Rolls, gluten-free, whole grain, made with tapioca starch and brown rice flour",44.0,"1.0 roll",0.608,2.175,0.32,,
"""28312""","Rolls, hamburger or hot dog, wheat/cracked wheat",51.0,"1.0 roll",0.380,0.916,1.52,,
"""28313""","Rolls, hamburger or hot dog, whole wheat",56.0,"1.0 roll",0.516,0.995,1.37,,
"""18351""","Rolls, hamburger or hotdog, mixed-grain",28.35,"1.0 oz",0.394,0.327,--,,
"""18350""","Rolls, hamburger or hotdog, plain",44.0,"1.0 roll 1 serving",0.370,0.783,1.10,,
"""28321""","Rolls, hamburger, whole grain white, calcium-fortified",43.0,"1.0 piece roll",0.500,0.525,--,,
"""18353""","Rolls, hard (includes kaiser)",28.35,"1.0 oz",0.172,0.487,--,,
"""43441""","Rolls, pumpernickel",36.0,"1.0 medium (2-1/2"" dia)",0.178,0.426,--,,
"""28366""","Rudi's, Gluten-Free Bakery, Original Sandwich Bread",34.0,"1.0 slice",0.115,0.754,1.67,,
"""28367""","Sage Valley, Gluten Free Vanilla Sandwich Cookies",44.0,"3.0 cookies",2.604,1.665,0.22,,
"""28368""","Schar, Gluten-Free, Classic White Rolls",78.0,"1.0 roll",0.168,0.497,1.61,,
"""18354""","Strudel, apple",28.35,"1.0 oz",0.579,1.507,--,,
"""18355""","Sweet rolls, cheese",28.35,"1.0 oz",1.718,0.576,--,,
"""18356""","Sweet rolls, cinnamon, commercially prepared with raisins",28.35,"1.0 oz",0.873,2.119,--,,
"""18357""","Sweet rolls, cinnamon, refrigerated dough with frosting",28.35,"1.0 oz",0.873,0.455,--,,
"""18358""","Sweet rolls, cinnamon, refrigerated dough with frosting, baked",28.35,"1.0 oz",0.949,0.490,--,,
"""18360""","Taco shells, baked",12.9,"1.0 shell",0.917,0.709,0.01,,
"""18448""","Taco shells, baked, without added salt",28.35,"1.0 oz",0.920,2.408,--,,
"""18459""","Tart, breakfast, low fat",52.0,"1.0 tart",0.724,0.457,--,,
"""18362""","Toaster pastries, fruit (includes apple, blueberry, cherry, strawberry)",28.35,"1.0 oz",1.025,0.917,1.24,,
"""18938""","Toaster Pastries, fruit, frosted (include apples, blueberry, cherry, strawberry)",53.0,"1.0 piece",1.638,1.781,2.06,,
"""18939""","Toaster pastries, fruit, toasted (include apple, blueberry, cherry, strawberry)",51.0,"1.0 pastry",1.345,0.653,--,,
"""18363""","Tortillas, ready-to-bake or -fry, corn",28.35,"1.0 oz",0.128,0.402,--,,
"""18449""","Tortillas, ready-to-bake or -fry, corn, without added salt",28.35,"1.0 oz",0.095,0.318,--,,
"""18364""","Tortillas, ready-to-bake or -fry, flour, refrigerated",48.0,"1.0 tortilla",1.404,1.099,0.13,,
"""18970""","Tortillas, ready-to-bake or -fry, flour, shelf stable",49.0,"1.0 tortilla",0.600,1.054,0.01,,
"""18450""","Tortillas, ready-to-bake or -fry, flour, without added calcium",28.35,"1.0 oz",0.495,0.301,--,,
"""28295""","Tortillas, ready-to-bake or -fry, whole wheat",41.0,"1.0 tortilla 1 serving",2.000,0.407,--,,
"""18952""","Tostada shells, corn",12.3,"1.0 piece",0.862,1.019,--,,
"""28371""","Udi's, Gluten Free, Soft  &  Delicious White Sandwich Bread",28.0,"1.0 slice",0.176,0.548,0.43,,
"""28372""","Udi's, Gluten Free, Soft  &  Hearty Whole Grain Bread",25.0,"1.0 slice",0.067,0.604,0.35,,
"""28373""","Udi's, Gluten Free, Whole Grain Dinner Rolls",44.0,"1.0 roll",0.608,2.175,0.32,,
"""28374""","Van's, Gluten Free, Totally Original Pancakes",48.0,"1.0 pancake",0.230,0.596,0.21,,
"""28375""","Van's, Gluten Free, Totally Original Waffles",47.0,"1.0 waffle",0.367,1.116,0.23,,
"""18934""","Waffle, buttermilk, frozen, ready-to-heat, microwaved",35.0,"1.0 waffle",0.720,0.565,0.00,,
"""18933""","Waffle, buttermilk, frozen, ready-to-heat, toasted",28.0,"1.0 oz",0.637,0.421,0.00,,
"""18935""","Waffle, plain, frozen, ready-to-heat, microwave",32.0,"1.0 waffle, round (4""dia)",0.506,0.717,0.00,,
"""18932""","Waffles, buttermilk, frozen, ready-to-heat",39.0,"1.0 waffle, square",0.740,0.564,0.00,,
"""18951""","Waffles, chocolate chip, frozen, ready-to-heat",70.0,"2.0 waffles",2.497,2.290,--,,
"""28346""","Waffles, gluten-free, frozen, ready-to-heat",45.0,"1.0 waffle",0.351,1.069,0.23,,
"""18403""","Waffles, plain, frozen, ready -to-heat, toasted",28.35,"1.0 oz",0.464,0.623,0.00,,
"""18365""","Waffles, plain, frozen, ready-to-heat",28.35,"1.0 oz",0.434,0.614,0.00,,
"""18367""","Waffles, plain, prepared from recipe",28.35,"1.0 oz",0.813,1.924,--,,
"""28304""","Waffles, whole wheat, lowfat, frozen, ready-to-heat",70.0,"1.0 serving 2 waffles",0.500,1.000,--,,
"""18368""","Wonton wrappers (includes egg roll wrappers)",28.35,"1.0 oz",0.075,0.173,--,,
