Source: USDA National Nutrient Database for Standard Reference Legacy Software v.3.9.4 2018-05-17
"Nutrients: Fatty acids, total trans-polyenoic (g); Water (g); Cryptoxanthin, beta (µg)"
"Food Groups: Baked Products"
Food Subset:All Foods
Ordered by:Food Name
Measured by:Household
Report Run at: 06-02-2018T14:02
NDB_NO,Description,Weight(g),Measure,"Fatty acids, total trans-polyenoic"(g)Per Measure,"Water"(g)Per Measure,"Cryptoxanthin, beta"(µg)Per Measure,
"""18001""","Bagels, plain, enriched, with calcium propionate (includes onion, poppy, sesame)",99.0,"1.0 bagel",--,33.47,0,,
"""18015""","Biscuits, plain or buttermilk, refrigerated dough, higher fat, baked",51.0,"1.0 biscuit",0.016,15.14,0,,
"""28306""","Bread, chapati or roti, plain, commercially prepared",68.0,"1.0 piece",0.005,22.44,--,,
"""28285""","Bread, chapati or roti, whole wheat, commercially prepared, frozen",43.0,"1.0 piece",0.003,15.23,0,,
"""18023""","Bread, cornbread, dry mix, prepared with 2% milk, 80% margarine, and eggs",51.0,"1.0 muffin",0.015,13.83,11,,
"""18029""","Bread, french or vienna (includes sourdough)",28.35,"1.0 oz",0.001,9.36,0,,
"""28336""","Bread, gluten-free, white, made with potato extract, rice starch, and rice flour",34.0,"1.0 slice",0.002,10.77,--,,
"""28337""","Bread, gluten-free, white, made with rice flour, corn starch, and/or tapioca",35.0,"1.0 slice",0.002,15.05,0,,
"""28338""","Bread, gluten-free, white, made with tapioca starch and brown rice flour",28.0,"1.0 slice",0.002,9.43,--,,
"""28339""","Bread, gluten-free, whole grain, made with tapioca starch and brown rice flour",25.0,"1.0 slice",0.002,8.09,--,,
"""18033""","Bread, Italian",28.35,"1.0 oz",0.001,10.64,0,,
"""28307""","Bread, naan, plain, commercially prepared, refrigerated",90.0,"1.0 piece",0.010,29.34,--,,
"""18955""","Bread, pan dulce, sweet yeast bread",63.0,"1.0 slice (average weight of 1 slice)",0.130,13.57,1,,
"""28286""","Bread, paratha, whole wheat, commercially prepared, frozen",79.0,"1.0 piece",0.015,26.46,0,,
"""18954""","Bread, pound cake type, pan de torta salvadoran",55.0,"1.0 serving",0.043,12.31,--,,
"""18055""","Bread, reduced-calorie, wheat",28.35,"1.0 oz",0.002,11.23,0,,
"""28288""","Bread, roll, Mexican, bollilo",98.0,"1.0 piece",0.110,25.53,0,,
"""18953""","Bread, salvadoran sweet cheese (quesadilla salvadorena)",55.0,"1.0 serving (approximate serving size)",0.085,14.01,1,,
"""18064""","Bread, wheat",29.0,"1.0 slice",0.002,10.22,0,,
"""18967""","Bread, white wheat",28.0,"1.0 slice",0.001,11.09,0,,
"""18069""","Bread, white, commercially prepared (includes soft bread crumbs)",29.0,"1.0 slice",0.001,10.56,0,,
"""18075""","Bread, whole-wheat, commercially prepared",32.0,"1.0 slice",0.002,12.48,0,,
"""18096""","Cake, chocolate, commercially prepared with chocolate frosting, in-store bakery",138.0,"1.0 piece (1/12 of a cake)",0.258,30.42,0,,
"""18120""","Cake, pound, commercially prepared, butter (includes fresh and frozen)",61.0,"0.16 loaf 1/6 of the loaf",0.027,15.78,2,,
"""18140""","Cake, yellow, commercially prepared, with chocolate frosting, in-store bakery",144.0,"1.0 piece (1/12 of a cake)",0.284,32.23,0,,
"""18964""","Cinnamon buns, frosted (includes honey buns)",65.0,"1.0 bun",0.047,12.34,0,,
"""18159""","Cookies, chocolate chip, commercially prepared, regular, higher fat, enriched",12.9,"1.0 cookie",0.009,0.46,0,,
"""18160""","Cookies, chocolate chip, commercially prepared, soft-type",14.2,"1.0 cookie",0.006,1.40,--,,
"""18166""","Cookies, chocolate sandwich, with creme filling, regular",36.0,"3.0 cookie",0.023,1.12,0,,
"""18168""","Cookies, chocolate sandwich, with extra creme filling",28.35,"1.0 oz",0.213,0.47,0,,
"""28332""","Cookies, gluten-free, chocolate sandwich, with creme filling",44.0,"3.0 cookies",0.017,1.25,0,,
"""28333""","Cookies, gluten-free, chocolate wafer",23.0,"3.0 cookies",0.009,0.32,--,,
"""28334""","Cookies, gluten-free, lemon wafer",30.0,"3.0 cookies",0.009,0.34,--,,
"""28335""","Cookies, gluten-free, vanilla sandwich, with creme filling",44.0,"3.0 cookies",0.014,0.73,--,,
"""18173""","Cookies, graham crackers, plain or honey (includes cinnamon)",28.35,"1.0 oz",0.005,0.96,0,,
"""18184""","Cookies, oatmeal, with raisins",28.35,"1.0 oz",0.006,2.26,--,,
"""18185""","Cookies, peanut butter, commercially prepared, regular",28.35,"1.0 oz",0.058,2.06,0,,
"""18192""","Cookies, shortbread, commercially prepared, plain",28.35,"1.0 oz",0.025,1.02,0,,
"""18209""","Cookies, sugar wafers with creme filling, regular",36.0,"3.0 cookies",0.053,0.60,0,,
"""18204""","Cookies, sugar, commercially prepared, regular (includes vanilla)",28.35,"1.0 oz",0.029,1.78,0,,
"""18213""","Cookies, vanilla wafers, higher fat",30.0,"8.0 wafers",0.019,1.49,0,,
"""18214""","Crackers, cheese, regular",14.2,"0.5 oz",0.013,0.50,2,,
"""18961""","Crackers, cream, Gamesa Sabrosas",31.0,"11.0 crackers (1 NLEA serving)",0.235,1.38,--,,
"""18962""","Crackers, cream, La Moderna Rikis Cream Crackers",32.0,"10.0 crackers (1 NLEA serving)",0.052,1.43,--,,
"""28331""","Crackers, flavored, fish-shaped",5.2,"10.0 goldfish",0.001,0.18,--,,
"""28345""","Crackers, gluten-free, multi-seeded and multigrain",6.1,"3.0 crackers",0.001,0.22,0,,
"""28344""","Crackers, gluten-free, multigrain and vegetable, made with corn starch and white rice flour",10.7,"3.0 crackers",0.003,0.27,--,,
"""18228""","Crackers, saltines (includes oyster, soda, soup)",14.9,"5.0 crackers",0.002,0.75,0,,
"""18425""","Crackers, saltines, low salt (includes oyster, soda, soup)",14.2,"0.5 oz",0.004,0.57,0,,
"""18960""","Crackers, snack, Goya Crackers",30.0,"1.0 serving (1 NLEA serving - about 4 crackers)",0.016,1.78,--,,
"""18229""","Crackers, standard snack-type, regular",16.0,"5.0 crackers",0.012,0.50,0,,
"""28308""","Crackers, standard snack-type, with whole wheat",15.0,"5.0 crackers 1 serving",0.005,0.41,0,,
"""18950""","Crackers, wheat, reduced fat",29.0,"1.0 serving",0.008,0.79,0,,
"""18232""","Crackers, wheat, regular",34.0,"16.0 crackers 1 serving",0.008,0.94,0,,
"""18235""","Crackers, whole-wheat",28.0,"1.0 serving",0.007,0.82,0,,
"""18949""","Crackers, whole-wheat, reduced fat",29.0,"1.0 serving",0.004,0.75,0,,
"""28355""","Crunchmaster, Multi-Grain Crisps, Snack Crackers, Gluten-Free",3.9,"3.0 crackers",0.000,0.13,--,,
"""18248""","Doughnuts, cake-type, plain (includes unsugared, old-fashioned)",40.0,"1.0 donut",0.021,8.33,0,,
"""18255""","Doughnuts, yeast-leavened, glazed, enriched (includes honey buns)",28.35,"1.0 oz",0.033,6.24,0,,
"""18963""","Garlic bread, frozen",43.0,"1.0 slice presliced",0.023,13.67,0,,
"""28356""","Glutino, Gluten Free Cookies, Chocolate Vanilla Creme",44.0,"3.0 cookies",0.017,1.25,--,,
"""28357""","Glutino, Gluten Free Cookies, Vanilla Creme",45.0,"3.0 cookies",0.018,0.58,--,,
"""28358""","Glutino, Gluten Free Wafers, Lemon Flavored",30.0,"3.0 cookies",0.009,0.34,--,,
"""28359""","Glutino, Gluten Free Wafers, Milk Chocolate",23.0,"3.0 cookies",0.009,0.32,--,,
"""18274""","Muffins, blueberry, commercially prepared (Includes mini-muffins)",28.35,"1.0 oz",0.018,7.08,0,,
"""18621""","Nabisco, Nabisco Ritz Crackers",3.3,"1.0 cracker",0.002,0.10,--,,
"""18288""","Pancakes plain, frozen, ready-to-heat (includes buttermilk)",28.35,"1.0 oz",0.007,13.71,0,,
"""28347""","Pancakes, gluten-free, frozen, ready-to-heat",48.0,"1.0 pancake",0.002,24.12,0,,
"""18289""","Pancakes, plain, dry mix, complete (includes buttermilk)",52.0,"0.33 cup",0.017,4.71,--,,
"""18959""","Pastry, Pastelitos de Guava (guava pastries)",86.0,"1.0 piece",0.428,23.44,3,,
"""28363""","Pepperidge Farm, Goldfish, Baked Snack Crackers, Original",5.2,"10.0 goldfish",0.001,0.18,--,,
"""28364""","Pepperidge Farm, Goldfish, Baked Snack Crackers, Parmesan",5.3,"10.0 goldfish",0.001,0.18,--,,
"""28365""","Pepperidge Farm, Goldfish, Baked Snack Crackers, Pizza",5.1,"10.0 goldfish",0.001,0.18,--,,
"""28348""","Rolls, dinner, sweet",30.0,"1.0 roll",0.010,8.35,0,,
"""28341""","Rolls, gluten-free, white, made with rice flour, rice starch, and corn starch",78.0,"1.0 roll",0.003,32.76,0,,
"""28343""","Rolls, gluten-free, whole grain, made with tapioca starch and brown rice flour",44.0,"1.0 roll",0.006,13.16,--,,
"""28312""","Rolls, hamburger or hot dog, wheat/cracked wheat",51.0,"1.0 roll",0.003,17.97,0,,
"""28313""","Rolls, hamburger or hot dog, whole wheat",56.0,"1.0 roll",0.003,20.12,0,,
"""18350""","Rolls, hamburger or hotdog, plain",44.0,"1.0 roll 1 serving",0.003,15.11,0,,
"""28366""","Rudi's, Gluten-Free Bakery, Original Sandwich Bread",34.0,"1.0 slice",0.002,10.77,--,,
"""28367""","Sage Valley, Gluten Free Vanilla Sandwich Cookies",44.0,"3.0 cookies",0.010,0.91,--,,
"""28368""","Schar, Gluten-Free, Classic White Rolls",78.0,"1.0 roll",0.003,32.76,--,,
"""18360""","Taco shells, baked",12.9,"1.0 shell",0.010,0.83,2,,
"""18362""","Toaster pastries, fruit (includes apple, blueberry, cherry, strawberry)",28.35,"1.0 oz",0.005,4.06,1,,
"""18938""","Toaster Pastries, fruit, frosted (include apples, blueberry, cherry, strawberry)",53.0,"1.0 piece",0.012,7.44,0,,
"""18364""","Tortillas, ready-to-bake or -fry, flour, refrigerated",48.0,"1.0 tortilla",0.007,15.35,0,,
"""18952""","Tostada shells, corn",12.3,"1.0 piece",0.016,0.41,--,,
"""28371""","Udi's, Gluten Free, Soft  &  Delicious White Sandwich Bread",28.0,"1.0 slice",0.002,9.43,--,,
"""28372""","Udi's, Gluten Free, Soft  &  Hearty Whole Grain Bread",25.0,"1.0 slice",0.002,8.09,--,,
"""28373""","Udi's, Gluten Free, Whole Grain Dinner Rolls",44.0,"1.0 roll",0.006,13.16,--,,
"""28374""","Van's, Gluten Free, Totally Original Pancakes",48.0,"1.0 pancake",0.002,24.12,--,,
"""28375""","Van's, Gluten Free, Totally Original Waffles",47.0,"1.0 waffle",0.002,21.72,--,,
"""28346""","Waffles, gluten-free, frozen, ready-to-heat",45.0,"1.0 waffle",0.002,19.52,0,,
