Source: USDA National Nutrient Database for Standard Reference Legacy Software v.3.9.4 2018-05-17
"Nutrients: Phytosterols (mg); Iron, Fe (mg); Cystine (g)"
"Food Groups: Beef Products"
Food Subset:All Foods
Ordered by:Food Name
Measured by:Household
Report Run at: 06-02-2018T13:57
NDB_NO,Description,Weight(g),Measure,"Phytosterols"(mg)Per Measure,"Iron, Fe"(mg)Per Measure,"Cystine"(g)Per Measure,
"""13345""","Beef, cured, breakfast strips, cooked",34.0,"3.0 slices",0,1.07,0.136,,
"""13344""","Beef, cured, breakfast strips, raw or unheated",68.0,"3.0 slices",0,0.84,0.109,,
"""13347""","Beef, cured, corned beef, brisket, cooked",85.0,"3.0 oz",0,1.58,0.199,,
"""13346""","Beef, cured, corned beef, brisket, raw",28.35,"1.0 oz",0,0.48,0.053,,
"""13148""","Beef, rib, shortribs, separable lean and fat, choice, cooked, braised",85.0,"3.0 oz",0,1.96,0.236,,
"""13147""","Beef, rib, shortribs, separable lean and fat, choice, raw",113.0,"4.0 oz",0,1.75,0.182,,
"""13150""","Beef, rib, shortribs, separable lean only, choice, cooked, braised",121.0,"1.0 piece, cooked, excluding refuse (yield from 1 lb raw meat with refuse)",0,4.07,0.480,,
"""13149""","Beef, rib, shortribs, separable lean only, choice, raw",113.0,"4.0 oz",0,2.44,0.241,,
"""13319""","Beef, variety meats and by-products, brain, cooked, pan-fried",85.0,"3.0 oz",0,1.89,0.190,,
"""13329""","Beef, variety meats and by-products, lungs, cooked, braised",85.0,"3.0 oz",0,4.59,0.266,,
"""13328""","Beef, variety meats and by-products, lungs, raw",28.35,"1.0 oz",0,2.25,0.071,,
"""13330""","Beef, variety meats and by-products, mechanically separated beef, raw",28.35,"1.0 oz",0,1.61,0.065,,
"""13332""","Beef, variety meats and by-products, pancreas, cooked, braised",85.0,"3.0 oz",0,2.22,0.295,,
"""13331""","Beef, variety meats and by-products, pancreas, raw",28.35,"1.0 oz",0,0.63,0.057,,
"""13334""","Beef, variety meats and by-products, spleen, cooked, braised",85.0,"3.0 oz",0,33.46,0.618,,
"""13333""","Beef, variety meats and by-products, spleen, raw",28.35,"1.0 oz",0,12.63,0.150,,
"""13335""","Beef, variety meats and by-products, suet, raw",28.35,"1.0 oz",0,0.05,0.005,,
"""13338""","Beef, variety meats and by-products, thymus, cooked, braised",85.0,"3.0 oz",0,1.27,0.238,,
"""13337""","Beef, variety meats and by-products, thymus, raw",28.35,"1.0 oz",0,0.60,0.044,,
"""13339""","Beef, variety meats and by-products, tongue, raw",28.35,"1.0 oz",0,0.84,0.055,,
