Source: USDA National Nutrient Database for Standard Reference Legacy Software v.3.9.4 2018-05-17
"Nutrients: Fatty acids, total trans-polyenoic (g); Water (g); Cryptoxanthin, beta (µg)"
"Food Groups: Beef Products"
Food Subset:All Foods
Ordered by:Food Name
Measured by:Household
Report Run at: 06-02-2018T13:57
NDB_NO,Description,Weight(g),Measure,"Fatty acids, total trans-polyenoic"(g)Per Measure,"Water"(g)Per Measure,"Cryptoxanthin, beta"(µg)Per Measure,
"""23491""","Beef composite, separable lean only, trimmed to 1/8"" fat, choice, cooked",85.0,"3.0 oz",0.011,52.28,0,,
"""23296""","Beef, Australian, imported, grass-fed,  external fat, raw",113.0,"4.0 oz",0.842,41.26,--,,
"""23293""","Beef, Australian, imported, grass-fed, ground, 85% lean / 15% fat, raw",113.0,"4.0 oz (4 oz)",0.273,71.82,0,,
"""23294""","Beef, Australian, imported, grass-fed, loin, tenderloin steak/roast, boneless, separable lean only, raw",113.0,"4.0 oz",0.057,81.83,0,,
"""23303""","Beef, Australian, imported, grass-fed, loin, top loin steak/roast, boneless, separable lean only, raw",113.0,"4.0 oz",0.038,82.43,0,,
"""23306""","Beef, Australian, imported, grass-fed, loin, top sirloin cap-off steak/roast, boneless, separable lean only, raw",113.0,"4.0 oz",0.027,83.73,0,,
"""23307""","Beef, Australian, imported, grass-fed, rib, ribeye steak/roast lip-on, boneless, separable lean only, raw",113.0,"4.0 oz",0.071,79.20,0,,
"""23308""","Beef, Australian, imported, grass-fed, round, bottom round steak/roast, boneless, separable lean only, raw",113.0,"4.0 oz",0.050,82.84,0,,
"""23309""","Beef, Australian, imported, grass-fed, round, top round cap-off steak/roast, boneless, separable lean only, raw",113.0,"4.0 oz",0.025,82.55,0,,
"""23297""","Beef, Australian, imported, grass-fed, seam fat, raw",113.0,"4.0 oz",0.905,35.26,--,,
"""23298""","Beef, Australian, imported, Wagyu, external fat, Aust. marble score 4/5, raw",113.0,"4.0 oz",0.554,34.18,--,,
"""23300""","Beef, Australian, imported, Wagyu, external fat, Aust. marble score 9, raw",113.0,"4.0 oz",0.655,28.44,--,,
"""23295""","Beef, Australian, imported, Wagyu, loin, tenderloin steak/roast, boneless, separable lean only, Aust. marble score 4/5, raw",113.0,"4.0 oz",0.073,75.11,0,,
"""23310""","Beef, Australian, imported, Wagyu, loin, tenderloin steak/roast, boneless, separable lean only, Aust. marble score 9, raw",113.0,"4.0 oz",0.113,69.96,0,,
"""23311""","Beef, Australian, imported, Wagyu, loin, top loin steak/roast, boneless, separable lean only, Aust. marble score 4/5, raw",113.0,"4.0 oz",0.088,71.27,0,,
"""23312""","Beef, Australian, imported, Wagyu, loin, top loin steak/roast, boneless, separable lean only, Aust. marble score 9, raw",113.0,"4.0 oz",0.228,59.99,0,,
"""23313""","Beef, Australian, imported, Wagyu, rib, small end rib steak/roast, boneless, separable lean only, Aust. marble score 4/5, raw",113.0,"4.0 oz",0.116,69.97,0,,
"""23314""","Beef, Australian, imported, Wagyu, rib, small end rib steak/roast, boneless, separable lean only, Aust. marble score 9, raw",113.0,"4.0 oz",0.189,59.42,0,,
"""23299""","Beef, Australian, imported, Wagyu, seam fat, Aust. marble score 4/5, raw",113.0,"4.0 oz",0.549,34.40,--,,
"""23301""","Beef, Australian, imported, Wagyu, seam fat, Aust. marble score 9, raw",113.0,"4.0 oz",0.645,31.79,--,,
"""23054""","Beef, chuck, shoulder clod, shoulder tender, medallion, separable lean and fat, trimmed to 0"" fat, all grades, cooked, grilled",85.0,"3.0 oz",0.045,55.80,0,,
"""23053""","Beef, chuck, shoulder clod, shoulder tender, medallion, separable lean and fat, trimmed to 0"" fat, all grades, raw",113.0,"4.0 oz",0.045,82.26,0,,
"""23035""","Beef, chuck, shoulder clod, shoulder tender, medallion, separable lean and fat, trimmed to 0"" fat, choice, cooked, grilled",85.0,"3.0 oz",0.042,55.73,0,,
"""23034""","Beef, chuck, shoulder clod, shoulder tender, medallion, separable lean and fat, trimmed to 0"" fat, choice, raw",113.0,"4.0 oz",0.049,82.34,0,,
"""23065""","Beef, chuck, shoulder clod, shoulder tender, medallion, separable lean and fat, trimmed to 0"" fat, select, cooked, grilled",85.0,"3.0 oz",0.029,55.92,0,,
"""23036""","Beef, chuck, shoulder clod, shoulder tender, medallion, separable lean and fat, trimmed to 0"" fat, select, raw",113.0,"4.0 oz",0.047,82.25,0,,
"""23058""","Beef, chuck, shoulder clod, shoulder top and center steaks, separable lean and fat, trimmed to 0"" fat, all grades, cooked, grilled",85.0,"3.0 oz",0.048,55.15,0,,
"""23057""","Beef, chuck, shoulder clod, shoulder top and center steaks, separable lean and fat, trimmed to 0"" fat, all grades, raw",113.0,"4.0 oz",0.045,81.94,0,,
"""23038""","Beef, chuck, shoulder clod, shoulder top and center steaks, separable lean and fat, trimmed to 0"" fat, choice, cooked, grilled",85.0,"1.0 serving (3 oz)",0.049,55.27,0,,
"""23037""","Beef, chuck, shoulder clod, shoulder top and center steaks, separable lean and fat, trimmed to 0"" fat, choice, raw",113.0,"4.0 oz",0.045,81.91,0,,
"""23040""","Beef, chuck, shoulder clod, shoulder top and center steaks, separable lean and fat, trimmed to 0"" fat, select, cooked, grilled",85.0,"3.0 oz",0.043,54.95,0,,
"""23039""","Beef, chuck, shoulder clod, shoulder top and center steaks, separable lean and fat, trimmed to 0"" fat, select, raw",113.0,"4.0 oz",0.043,81.97,0,,
"""23060""","Beef, chuck, shoulder clod, top blade, steak, separable lean and fat, trimmed to 0"" fat, all grades, cooked, grilled",85.0,"3.0 oz",0.088,52.73,0,,
"""23059""","Beef, chuck, shoulder clod, top blade, steak, separable lean and fat, trimmed to 0"" fat, all grades, raw",113.0,"4.0 oz",0.086,79.62,0,,
"""23042""","Beef, chuck, shoulder clod, top blade, steak, separable lean and fat, trimmed to 0"" fat, choice, cooked, grilled",85.0,"3.0 oz",0.089,52.64,0,,
"""23041""","Beef, chuck, shoulder clod, top blade, steak, separable lean and fat, trimmed to 0"" fat, choice, raw",113.0,"4.0 oz",0.088,79.10,0,,
"""23044""","Beef, chuck, shoulder clod, top blade, steak, separable lean and fat, trimmed to 0"" fat, select, cooked, grilled",85.0,"3.0 oz",0.084,52.89,0,,
"""23043""","Beef, chuck, shoulder clod, top blade, steak, separable lean and fat, trimmed to 0"" fat, select, raw",113.0,"4.0 oz",0.080,80.44,0,,
"""13361""","Beef, composite of trimmed retail cuts, separable lean and fat, trimmed to 0"" fat, all grades, cooked",85.0,"3.0 oz",0.011,49.82,0,,
"""23482""","Beef, composite of trimmed retail cuts, separable lean and fat, trimmed to 0"" fat, all grades, raw",113.0,"4.0 oz",0.023,78.00,0,,
"""13362""","Beef, composite of trimmed retail cuts, separable lean and fat, trimmed to 0"" fat, choice, cooked",85.0,"3.0 oz",0.013,49.90,0,,
"""23494""","Beef, composite of trimmed retail cuts, separable lean and fat, trimmed to 0"" fat, choice, raw",113.0,"4.0 oz",0.025,76.84,0,,
"""13363""","Beef, composite of trimmed retail cuts, separable lean and fat, trimmed to 0"" fat, select, cooked",85.0,"3.0 oz",0.009,52.52,0,,
"""23497""","Beef, composite of trimmed retail cuts, separable lean and fat, trimmed to 0"" fat, select, raw",113.0,"4.0 oz",0.020,79.28,0,,
"""13796""","Beef, composite of trimmed retail cuts, separable lean and fat, trimmed to 1/8"" fat, all grades, cooked",85.0,"3.0 oz",0.035,48.42,0,,
"""13795""","Beef, composite of trimmed retail cuts, separable lean and fat, trimmed to 1/8"" fat, all grades, raw",113.0,"4.0 oz",0.042,73.24,0,,
"""13798""","Beef, composite of trimmed retail cuts, separable lean and fat, trimmed to 1/8"" fat, choice, cooked",85.0,"3.0 oz",0.037,47.57,0,,
"""13797""","Beef, composite of trimmed retail cuts, separable lean and fat, trimmed to 1/8"" fat, choice, raw",113.0,"4.0 oz",0.044,72.30,0,,
"""13799""","Beef, composite of trimmed retail cuts, separable lean and fat, trimmed to 1/8"" fat, select, raw",113.0,"4.0 oz",0.034,69.92,0,,
"""23485""","Beef, composite of trimmed retail cuts, separable lean only, trimmed to 0"" fat, all grades, raw",113.0,"4.0 oz",0.010,80.89,0,,
"""13365""","Beef, composite of trimmed retail cuts, separable lean only, trimmed to 0"" fat, choice, cooked",85.0,"3.0 oz",0.010,51.79,0,,
"""23495""","Beef, composite of trimmed retail cuts, separable lean only, trimmed to 0"" fat, choice, raw",113.0,"4.0 oz",0.009,79.37,0,,
"""13366""","Beef, composite of trimmed retail cuts, separable lean only, trimmed to 0"" fat, select, cooked",85.0,"3.0 oz",0.012,53.11,0,,
"""23496""","Beef, composite of trimmed retail cuts, separable lean only, trimmed to 0"" fat, select, raw",113.0,"4.0 oz",0.014,81.70,0,,
"""23484""","Beef, composite of trimmed retail cuts, separable lean only, trimmed to 1/8"" fat, all grades, cooked",85.0,"3.0 oz",0.009,53.11,0,,
"""23483""","Beef, composite of trimmed retail cuts, separable lean only, trimmed to 1/8"" fat, all grades, raw",85.0,"3.0 oz",0.005,61.01,0,,
"""23490""","Beef, composite of trimmed retail cuts, separable lean only, trimmed to 1/8"" fat, choice, raw",113.0,"4.0 oz",0.008,80.48,0,,
"""23498""","Beef, composite of trimmed retail cuts, separable lean only, trimmed to 1/8"" fat, select, cooked",85.0,"3.0 oz",0.006,51.00,0,,
"""23499""","Beef, composite of trimmed retail cuts, separable lean only, trimmed to 1/8"" fat, select, raw",113.0,"4.0 oz",0.005,81.89,0,,
"""13047""","Beef, grass-fed, ground, raw",113.0,"4.0 oz",0.154,75.86,0,,
"""13000""","Beef, grass-fed, strip steaks, lean only, raw",113.0,"4.0 oz",0.025,82.96,0,,
"""23345""","Beef, loin, tenderloin roast, boneless, separable lean and fat, trimmed to 0"" fat, all grades, cooked, roasted",85.0,"3.0 oz",0.038,54.70,0,,
"""23336""","Beef, loin, tenderloin roast, boneless, separable lean and fat, trimmed to 0"" fat, all grades, raw",113.0,"4.0 oz",0.041,80.80,0,,
"""23346""","Beef, loin, tenderloin roast, boneless, separable lean and fat, trimmed to 0"" fat, choice, cooked, roasted",85.0,"3.0 oz",0.042,54.15,0,,
"""23337""","Beef, loin, tenderloin roast, boneless, separable lean and fat, trimmed to 0"" fat, choice, raw",113.0,"4.0 oz",0.044,80.29,0,,
"""23347""","Beef, loin, tenderloin roast, boneless, separable lean and fat, trimmed to 0"" fat, select, cooked, roasted",85.0,"3.0 oz",0.031,55.53,0,,
"""23338""","Beef, loin, tenderloin roast, boneless, separable lean and fat, trimmed to 0"" fat, select, raw",113.0,"4.0 oz",0.035,81.55,0,,
"""23375""","Beef, loin, tenderloin roast, boneless, separable lean only, trimmed to 0"" fat, all grades, cooked, roasted",85.0,"3.0 oz",0.035,55.07,0,,
"""23366""","Beef, loin, tenderloin roast, boneless, separable lean only, trimmed to 0"" fat, all grades, raw",113.0,"4.0 oz",0.032,81.86,0,,
"""23376""","Beef, loin, tenderloin roast, boneless, separable lean only, trimmed to 0"" fat, choice, cooked, roasted",85.0,"3.0 oz",0.038,54.54,0,,
"""23367""","Beef, loin, tenderloin roast, boneless, separable lean only, trimmed to 0"" fat, choice, raw",113.0,"4.0 oz",0.035,81.41,0,,
"""23368""","Beef, loin, tenderloin roast, boneless, separable lean only, trimmed to 0"" fat, select, raw",113.0,"4.0 oz",0.027,82.54,0,,
"""23377""","Beef, loin, tenderloin roast, separable lean only, boneless, trimmed to 0"" fat, select, cooked, roasted",85.0,"3.0 oz",0.029,55.85,0,,
"""13439""","Beef, loin, tenderloin steak, boneless, separable lean and fat, trimmed to 0"" fat, all grades, cooked, grilled",85.0,"3.0 oz",0.043,51.32,0,,
"""23342""","Beef, loin, tenderloin steak, boneless, separable lean and fat, trimmed to 0"" fat, all grades, raw",113.0,"4.0 oz",0.038,81.02,0,,
"""13440""","Beef, loin, tenderloin steak, boneless, separable lean and fat, trimmed to 0"" fat, choice, cooked, grilled",85.0,"3.0 oz",0.048,50.81,0,,
"""23343""","Beef, loin, tenderloin steak, boneless, separable lean and fat, trimmed to 0"" fat, choice, raw",113.0,"4.0 oz",0.042,80.57,0,,
"""13441""","Beef, loin, tenderloin steak, boneless, separable lean and fat, trimmed to 0"" fat, select, cooked, grilled",85.0,"3.0 oz",0.035,52.10,0,,
"""23344""","Beef, loin, tenderloin steak, boneless, separable lean and fat, trimmed to 0"" fat, select, raw",113.0,"4.0 oz",0.034,81.71,0,,
"""13442""","Beef, loin, tenderloin steak, boneless, separable lean only, trimmed to 0"" fat, all grades, cooked, grilled",85.0,"3.0 oz",0.040,51.65,0,,
"""23372""","Beef, loin, tenderloin steak, boneless, separable lean only, trimmed to 0"" fat, all grades, raw",113.0,"4.0 oz",0.032,81.86,0,,
"""13443""","Beef, loin, tenderloin steak, boneless, separable lean only, trimmed to 0"" fat, choice, cooked, grilled",85.0,"3.0 oz",0.045,51.18,0,,
"""23373""","Beef, loin, tenderloin steak, boneless, separable lean only, trimmed to 0"" fat, choice, raw",113.0,"4.0 oz",0.035,81.41,0,,
"""13444""","Beef, loin, tenderloin steak, boneless, separable lean only, trimmed to 0"" fat, select, cooked, grilled",85.0,"3.0 oz",0.033,52.34,0,,
"""23374""","Beef, loin, tenderloin steak, boneless, separable lean only, trimmed to 0"" fat, select, raw",113.0,"4.0 oz",0.027,82.54,0,,
"""13445""","Beef, loin, top loin steak, boneless, lip off, separable lean and fat, trimmed to 0"" fat, all grades, cooked, grilled",85.0,"3.0 oz",0.051,50.98,0,,
"""23339""","Beef, loin, top loin steak, boneless, lip off, separable lean and fat, trimmed to 0"" fat, all grades, raw",113.0,"4.0 oz",0.054,77.69,0,,
"""13446""","Beef, loin, top loin steak, boneless, lip off, separable lean and fat, trimmed to 0"" fat, choice, cooked, grilled",85.0,"3.0 oz",0.056,50.01,0,,
"""23340""","Beef, loin, top loin steak, boneless, lip off, separable lean and fat, trimmed to 0"" fat, choice, raw",113.0,"4.0 oz",0.055,76.64,0,,
"""13447""","Beef, loin, top loin steak, boneless, lip off, separable lean and fat, trimmed to 0"" fat, select, cooked, grilled",85.0,"3.0 oz",0.043,52.45,0,,
"""23341""","Beef, loin, top loin steak, boneless, lip off, separable lean and fat, trimmed to 0"" fat, select, raw",113.0,"4.0 oz",0.053,79.27,0,,
"""13448""","Beef, loin, top loin steak, boneless, lip off, separable lean only, trimmed to 0"" fat, all grades, cooked, grilled",85.0,"3.0 oz",0.037,52.48,0,,
"""23369""","Beef, loin, top loin steak, boneless, lip off, separable lean only, trimmed to 0"" fat, all grades, raw",113.0,"4.0 oz",0.036,79.81,0,,
"""13449""","Beef, loin, top loin steak, boneless, lip off, separable lean only, trimmed to 0"" fat, choice, cooked, grilled",85.0,"3.0 oz",0.041,51.63,0,,
"""23370""","Beef, loin, top loin steak, boneless, lip off, separable lean only, trimmed to 0"" fat, choice, raw",113.0,"4.0 oz",0.034,79.03,0,,
"""13450""","Beef, loin, top loin steak, boneless, lip off, separable lean only, trimmed to 0"" fat, select, cooked, grilled",85.0,"3.0 oz",0.031,53.76,0,,
"""23371""","Beef, loin, top loin steak, boneless, lip off, separable lean only, trimmed to 0"" fat, select, raw",113.0,"4.0 oz",0.033,81.00,0,,
"""23391""","Beef, loin, top loin steak, boneless, lip-on, separable lean and fat, trimmed to 1/8"" fat, all grades, cooked, grilled",85.0,"3.0 oz",0.080,47.59,0,,
"""23388""","Beef, loin, top loin steak, boneless, lip-on, separable lean and fat, trimmed to 1/8"" fat, all grades, raw",113.0,"4.0 oz",0.088,73.82,0,,
"""23389""","Beef, loin, top loin steak, boneless, lip-on, separable lean and fat, trimmed to 1/8"" fat, choice, cooked, grilled",85.0,"3.0 oz",0.088,46.64,0,,
"""23395""","Beef, loin, top loin steak, boneless, lip-on, separable lean and fat, trimmed to 1/8"" fat, choice, raw",113.0,"4.0 oz",0.088,73.05,0,,
"""23390""","Beef, loin, top loin steak, boneless, lip-on, separable lean and fat, trimmed to 1/8"" fat, select, cooked, grilled",85.0,"3.0 oz",0.070,49.03,0,,
"""23387""","Beef, loin, top loin steak, boneless, lip-on, separable lean and fat, trimmed to 1/8"" fat, select, raw",113.0,"4.0 oz",0.089,74.98,0,,
"""23394""","Beef, loin, top loin steak, boneless, lip-on, separable lean only, trimmed to 1/8"" fat, all grades, cooked, grilled",85.0,"3.0 oz",0.037,52.31,0,,
"""23386""","Beef, loin, top loin steak, boneless, lip-on, separable lean only, trimmed to 1/8"" fat, all grades, raw",113.0,"4.0 oz",0.036,79.81,0,,
"""23392""","Beef, loin, top loin steak, boneless, lip-on, separable lean only, trimmed to 1/8"" fat, choice, cooked, grilled",85.0,"3.0 oz",0.043,51.49,0,,
"""23385""","Beef, loin, top loin steak, boneless, lip-on, separable lean only, trimmed to 1/8"" fat, choice, raw",113.0,"4.0 oz",0.034,79.03,0,,
"""23393""","Beef, loin, top loin steak, boneless, lip-on, separable lean only, trimmed to 1/8"" fat, select, cooked, grilled",85.0,"3.0 oz",0.028,53.54,0,,
"""23384""","Beef, loin, top loin steak, boneless, lip-on, separable lean only, trimmed to 1/8"" fat, select, raw",113.0,"4.0 oz",0.038,81.00,0,,
"""23446""","Beef, New Zealand, imported, bolar blade, separable lean and fat, cooked, fast roasted",85.0,"3.0 oz",0.003,49.15,0,,
"""23447""","Beef, New Zealand, imported, bolar blade, separable lean and fat, raw",113.0,"4.0 oz",0.002,79.36,0,,
"""23397""","Beef, New Zealand, imported, bolar blade, separable lean only, cooked, fast roasted",85.0,"3.0 oz",--,51.39,0,,
"""23398""","Beef, New Zealand, imported, bolar blade, separable lean only, raw",113.0,"4.0 oz",--,82.61,0,,
"""23448""","Beef, New Zealand, imported, brisket navel end, separable lean and fat, cooked, braised",85.0,"3.0 oz",0.012,33.12,0,,
"""23449""","Beef, New Zealand, imported, brisket navel end, separable lean and fat, raw",113.0,"4.0 oz",0.015,60.26,0,,
"""23399""","Beef, New Zealand, imported, brisket navel end, separable lean only, cooked, braised",85.0,"3.0 oz",--,46.65,0,,
"""23401""","Beef, New Zealand, imported, brisket navel end, separable lean only, raw",113.0,"4.0 oz",--,76.78,0,,
"""23450""","Beef, New Zealand, imported, brisket point end, separable lean and fat, cooked, braised",85.0,"3.0 oz",0.003,46.46,0,,
"""23402""","Beef, New Zealand, imported, brisket point end, separable lean only, cooked, braised",85.0,"3.0 oz",--,49.84,0,,
"""23403""","Beef, New Zealand, imported, brisket point end, separable lean only, raw",113.0,"4.0 oz",--,83.34,0,,
"""23453""","Beef, New Zealand, imported, chuck eye roll, separable lean and fat, raw",113.0,"4.0 oz",0.005,77.60,0,,
"""23405""","Beef, New Zealand, imported, chuck eye roll, separable lean only, cooked, braised",85.0,"1.0 serving",--,50.73,0,,
"""23404""","Beef, New Zealand, imported, chuck eye roll, separable lean only, raw",113.0,"4.0 oz",--,83.06,0,,
"""23454""","Beef, New Zealand, imported, cube roll, separable lean and fat, cooked, fast roasted",85.0,"3.0 oz",0.003,44.93,0,,
"""23455""","Beef, New Zealand, imported, cube roll, separable lean and fat, raw",113.0,"4.0 oz",0.005,71.62,0,,
"""23406""","Beef, New Zealand, imported, cube roll, separable lean only, cooked, fast roasted",85.0,"3.0 oz",--,48.28,0,,
"""23407""","Beef, New Zealand, imported, cube roll, separable lean only, raw",113.0,"4.0 oz",--,78.46,0,,
"""23456""","Beef, New Zealand, imported, eye round, separable lean and fat, cooked, slow roasted",85.0,"3.0 oz",--,55.24,0,,
"""23457""","Beef, New Zealand, imported, eye round, separable lean and fat, raw",113.0,"4.0 oz",0.001,82.38,0,,
"""23408""","Beef, New Zealand, imported, eye round, separable lean only, cooked, slow roasted",85.0,"3.0 oz",--,55.57,0,,
"""23409""","Beef, New Zealand, imported, eye round, separable lean only, raw",113.0,"4.0 oz",--,83.78,0,,
"""23458""","Beef, New Zealand, imported, flank, separable lean and fat, cooked, braised",85.0,"3.0 oz",0.001,51.27,0,,
"""23459""","Beef, New Zealand, imported, flank, separable lean and fat, raw",113.0,"4.0 oz",0.001,81.12,0,,
"""23410""","Beef, New Zealand, imported, flank, separable lean only, cooked, braised",85.0,"3.0 oz",--,52.28,0,,
"""23411""","Beef, New Zealand, imported, flank, separable lean only, raw",113.0,"4.0 oz",--,83.19,0,,
"""23460""","Beef, New Zealand, imported, flat, separable lean and fat, cooked, braised",85.0,"3.0 oz",0.002,46.15,0,,
"""23461""","Beef, New Zealand, imported, flat, separable lean and fat, raw",113.0,"4.0 oz",0.002,77.61,0,,
"""23412""","Beef, New Zealand, imported, flat, separable lean only, cooked, braised",85.0,"3.0 oz",--,47.93,0,,
"""23413""","Beef, New Zealand, imported, flat, separable lean only, raw",113.0,"4.0 oz",--,80.02,0,,
"""23462""","Beef, New Zealand, imported, hind shin, separable lean and fat, cooked, braised",85.0,"3.0 oz",0.002,52.59,0,,
"""23463""","Beef, New Zealand, imported, hind shin, separable lean and fat, raw",113.0,"4.0 oz",0.002,80.69,0,,
"""23416""","Beef, New Zealand, imported, hind shin, separable lean only, cooked, braised",85.0,"3.0 oz",--,54.74,0,,
"""23417""","Beef, New Zealand, imported, hind shin, separable lean only, raw",113.0,"4.0 oz",--,84.26,0,,
"""23418""","Beef, New Zealand, imported, inside, raw",113.0,"4.0 oz",--,81.76,0,,
"""23419""","Beef, New Zealand, imported, intermuscular fat, cooked",85.0,"3.0 oz",0.025,26.49,0,,
"""23420""","Beef, New Zealand, imported, intermuscular fat, raw",113.0,"4.0 oz",0.045,32.82,0,,
"""23422""","Beef, New Zealand, imported, knuckle, cooked, fast fried",85.0,"3.0 oz",--,54.99,0,,
"""23426""","Beef, New Zealand, imported, manufacturing beef, cooked, boiled",85.0,"3.0 oz",--,62.13,0,,
"""23427""","Beef, New Zealand, imported, manufacturing beef, raw",113.0,"4.0 oz",--,83.44,0,,
"""23464""","Beef, New Zealand, imported, oyster blade, separable lean and fat, cooked, braised",85.0,"3.0 oz",--,52.90,0,,
"""23440""","Beef, New Zealand, imported, oyster blade, separable lean and fat, raw",113.0,"4.0 oz",0.002,78.51,0,,
"""23428""","Beef, New Zealand, imported, oyster blade, separable lean only, cooked, braised",85.0,"3.0 oz",--,53.02,0,,
"""23429""","Beef, New Zealand, imported, oyster blade, separable lean only, raw",113.0,"4.0 oz",--,81.00,0,,
"""23430""","Beef, New Zealand, imported, ribs prepared, cooked, fast roasted",85.0,"3.0 oz",--,52.55,0,,
"""23431""","Beef, New Zealand, imported, ribs prepared, raw",113.0,"4.0 oz",--,80.59,0,,
"""23465""","Beef, New Zealand, imported, rump centre, separable lean and fat, cooked, fast fried",85.0,"3.0 oz",--,52.23,0,,
"""23467""","Beef, New Zealand, imported, rump centre, separable lean and fat, raw",113.0,"4.0 oz",--,81.21,0,,
"""23432""","Beef, New Zealand, imported, rump centre, separable lean only, cooked, fast fried",85.0,"3.0 oz",--,52.50,0,,
"""23466""","Beef, New Zealand, imported, rump centre, separable lean only, raw",113.0,"4.0 oz",--,81.61,0,,
"""23468""","Beef, New Zealand, imported, striploin, separable lean and fat, cooked, fast fried",85.0,"3.0 oz",0.005,44.54,0,,
"""23469""","Beef, New Zealand, imported, striploin, separable lean and fat, raw",113.0,"4.0 oz",0.009,68.68,0,,
"""23433""","Beef, New Zealand, imported, striploin, separable lean only, cooked, fast fried",85.0,"3.0 oz",--,50.67,0,,
"""23434""","Beef, New Zealand, imported, striploin, separable lean only, raw",113.0,"4.0 oz",--,79.56,0,,
"""23435""","Beef, New Zealand, imported, subcutaneous fat, cooked",85.0,"3.0 oz",0.031,13.10,0,,
"""23436""","Beef, New Zealand, imported, subcutaneous fat, raw",113.0,"4.0 oz",0.045,22.50,0,,
"""23437""","Beef, New Zealand, imported, sweetbread, cooked, boiled",85.0,"3.0 oz",--,47.82,0,,
"""23438""","Beef, New Zealand, imported, sweetbread, raw",113.0,"4.0 oz",--,65.17,0,,
"""23470""","Beef, New Zealand, imported, tenderloin, separable lean and fat, cooked, fast fried",85.0,"3.0 oz",--,50.55,0,,
"""23471""","Beef, New Zealand, imported, tenderloin, separable lean and fat, raw",113.0,"4.0 oz",--,80.43,0,,
"""23439""","Beef, New Zealand, imported, tenderloin, separable lean only, cooked, fast fried",85.0,"3.0 oz",--,50.74,0,,
"""23441""","Beef, New Zealand, imported, tenderloin, separable lean only, raw",113.0,"4.0 oz",--,81.12,0,,
"""23424""","Beef, New Zealand, imported, variety meats and by-products liver, cooked, boiled",85.0,"3.0 oz",--,56.47,0,,
"""23414""","Beef, New Zealand, imported, variety meats and by-products, heart, cooked, boiled",85.0,"3.0 oz",--,52.93,0,,
"""23415""","Beef, New Zealand, imported, variety meats and by-products, heart, raw",113.0,"4.0 oz",--,88.22,0,,
"""23421""","Beef, New Zealand, imported, variety meats and by-products, kidney, cooked, boiled",85.0,"3.0 oz",--,56.47,0,,
"""23423""","Beef, New Zealand, imported, variety meats and by-products, kidney, raw",113.0,"4.0 oz",0.002,90.99,0,,
"""23425""","Beef, New Zealand, imported, variety meats and by-products, liver, raw",113.0,"4.0 oz",--,79.54,0,,
"""23442""","Beef, New Zealand, imported, variety meats and by-products, tongue, cooked, boiled",85.0,"3.0 oz",--,48.41,0,,
"""23443""","Beef, New Zealand, imported, variety meats and by-products, tongue, raw",113.0,"4.0 oz",--,73.72,0,,
"""23444""","Beef, New Zealand, imported, variety meats and by-products, tripe cooked, boiled",85.0,"3.0 oz",--,66.05,0,,
"""23445""","Beef, New Zealand, imported, variety meats and by-products, tripe uncooked, raw",113.0,"4.0 oz",--,92.87,0,,
"""23214""","Beef, plate steak, boneless, inside skirt, separable lean and fat, trimmed to 0"" fat, all grades, cooked, grilled",85.0,"3.0 oz",0.014,47.66,0,,
"""23217""","Beef, plate steak, boneless, inside skirt, separable lean and fat, trimmed to 0"" fat, all grades, raw",113.0,"4.0 oz",0.024,75.99,0,,
"""23215""","Beef, plate steak, boneless, inside skirt, separable lean and fat, trimmed to 0"" fat, choice, cooked, grilled",85.0,"3.0 oz",0.014,47.05,0,,
"""23218""","Beef, plate steak, boneless, inside skirt, separable lean and fat, trimmed to 0"" fat, choice, raw",113.0,"4.0 oz",0.025,75.20,0,,
"""23216""","Beef, plate steak, boneless, inside skirt, separable lean and fat, trimmed to 0"" fat, select, cooked, grilled",85.0,"3.0 oz",0.014,48.59,0,,
"""23219""","Beef, plate steak, boneless, inside skirt, separable lean and fat, trimmed to 0"" fat, select, raw",113.0,"4.0 oz",0.020,77.19,0,,
"""23162""","Beef, plate steak, boneless, inside skirt, separable lean only, trimmed to 0"" fat, all grades, cooked, grilled",85.0,"3.0 oz",0.004,48.45,0,,
"""23163""","Beef, plate steak, boneless, inside skirt, separable lean only, trimmed to 0"" fat, all grades, raw",113.0,"4.0 oz",0.006,78.53,0,,
"""23164""","Beef, plate steak, boneless, inside skirt, separable lean only, trimmed to 0"" fat, choice, cooked, grilled",85.0,"3.0 oz",0.003,47.88,0,,
"""23165""","Beef, plate steak, boneless, inside skirt, separable lean only, trimmed to 0"" fat, choice, raw",113.0,"4.0 oz",0.006,77.87,0,,
"""23166""","Beef, plate steak, boneless, inside skirt, separable lean only, trimmed to 0"" fat, select, cooked, grilled",85.0,"3.0 oz",0.004,49.31,0,,
"""23167""","Beef, plate steak, boneless, inside skirt, separable lean only, trimmed to 0"" fat, select, raw",113.0,"4.0 oz",0.006,79.55,0,,
"""23221""","Beef, plate steak, boneless, outside skirt, separable lean and fat, trimmed to 0"" fat, all grades, cooked, grilled",85.0,"3.0 oz",0.019,43.70,0,,
"""23224""","Beef, plate steak, boneless, outside skirt, separable lean and fat, trimmed to 0"" fat, all grades, raw",113.0,"4.0 oz",0.029,71.38,0,,
"""23222""","Beef, plate steak, boneless, outside skirt, separable lean and fat, trimmed to 0"" fat, choice, cooked, grilled",85.0,"3.0 oz",0.019,43.20,0,,
"""23225""","Beef, plate steak, boneless, outside skirt, separable lean and fat, trimmed to 0"" fat, choice, raw",113.0,"4.0 oz",0.031,70.78,0,,
"""23223""","Beef, plate steak, boneless, outside skirt, separable lean and fat, trimmed to 0"" fat, select, cooked, grilled",85.0,"3.0 oz",0.020,44.45,0,,
"""23226""","Beef, plate steak, boneless, outside skirt, separable lean and fat, trimmed to 0"" fat, select, raw",113.0,"4.0 oz",0.028,72.27,0,,
"""23168""","Beef, plate steak, boneless, outside skirt, separable lean only, trimmed to 0"" fat, all grades, cooked, grilled",85.0,"3.0 oz",0.009,44.45,0,,
"""23169""","Beef, plate steak, boneless, outside skirt, separable lean only, trimmed to 0"" fat, all grades, raw",113.0,"4.0 oz",0.012,74.13,0,,
"""23170""","Beef, plate steak, boneless, outside skirt, separable lean only, trimmed to 0"" fat, choice, cooked, grilled",85.0,"3.0 oz",0.009,43.88,0,,
"""23171""","Beef, plate steak, boneless, outside skirt, separable lean only, trimmed to 0"" fat, choice, raw",113.0,"4.0 oz",0.014,73.66,0,,
"""23172""","Beef, plate steak, boneless, outside skirt, separable lean only, trimmed to 0"" fat, select, cooked, grilled",85.0,"3.0 oz",0.011,45.31,0,,
"""23173""","Beef, plate steak, boneless, outside skirt, separable lean only, trimmed to 0"" fat, select, raw",113.0,"4.0 oz",0.012,74.83,0,,
"""23191""","Beef, rib eye roast, bone-in, lip-on, separable lean and fat, trimmed to 1/8"" fat, all grades, cooked, roasted",85.0,"3.0 oz",0.076,45.30,0,,
"""23189""","Beef, rib eye roast, bone-in, lip-on, separable lean and fat, trimmed to 1/8"" fat, choice, cooked, roasted",85.0,"3.0 oz",0.076,44.52,0,,
"""23190""","Beef, rib eye roast, bone-in, lip-on, separable lean and fat, trimmed to 1/8"" fat, select, cooked, roasted",85.0,"3.0 oz",0.079,46.46,0,,
"""23146""","Beef, rib eye roast, bone-in, lip-on, separable lean only, trimmed to 1/8"" fat, all grades, cooked, roasted",85.0,"3.0 oz",0.007,49.86,0,,
"""23101""","Beef, rib eye roast, bone-in, lip-on, separable lean only, trimmed to 1/8"" fat, choice, cooked, roasted",85.0,"3.0 oz",0.009,48.93,0,,
"""23147""","Beef, rib eye roast, bone-in, lip-on, separable lean only, trimmed to 1/8"" fat, select, cooked, roasted",85.0,"3.0 oz",0.004,51.26,0,,
"""23198""","Beef, rib eye roast, boneless, lip-on, separable lean and fat, trimmed to 1/8"" fat, all grades, cooked, roasted",85.0,"3.0 oz",0.071,45.72,0,,
"""23199""","Beef, rib eye roast, boneless, lip-on, separable lean and fat, trimmed to 1/8"" fat, choice, cooked, roasted",85.0,"3.0 oz",0.074,44.73,0,,
"""23200""","Beef, rib eye roast, boneless, lip-on, separable lean and fat, trimmed to 1/8"" fat, select, cooked, roasted",85.0,"3.0 oz",0.068,47.23,0,,
"""23159""","Beef, rib eye roast, boneless, lip-on, separable lean only, trimmed to 1/8"" fat, all grades, cooked, roasted",85.0,"3.0 oz",0.008,50.62,0,,
"""23160""","Beef, rib eye roast, boneless, lip-on, separable lean only, trimmed to 1/8"" fat, choice, cooked, roasted",85.0,"3.0 oz",0.010,49.52,0,,
"""23161""","Beef, rib eye roast, boneless, lip-on, separable lean only, trimmed to 1/8"" fat, select, cooked, roasted",85.0,"3.0 oz",0.003,52.27,0,,
"""23188""","Beef, rib eye steak, bone-in, lip-on, separable lean and fat, trimmed to 1/8"" fat, all grades, cooked, grilled",85.0,"3.0 oz",0.084,44.73,0,,
"""23186""","Beef, rib eye steak, bone-in, lip-on, separable lean and fat, trimmed to 1/8"" fat, choice, cooked, grilled",85.0,"3.0 oz",0.082,44.51,0,,
"""23187""","Beef, rib eye steak, bone-in, lip-on, separable lean and fat, trimmed to 1/8"" fat, select, cooked, grilled",85.0,"3.0 oz",0.086,45.06,0,,
"""23156""","Beef, rib eye steak, bone-in, lip-on, separable lean only, trimmed to 1/8"" fat, all grades, cooked, grilled",85.0,"3.0 oz",0.006,50.74,0,,
"""23157""","Beef, rib eye steak, bone-in, lip-on, separable lean only, trimmed to 1/8"" fat, choice, cooked, grilled",85.0,"3.0 oz",0.006,50.26,0,,
"""23158""","Beef, rib eye steak, bone-in, lip-on, separable lean only, trimmed to 1/8"" fat, select, cooked, grilled",85.0,"3.0 oz",0.006,51.43,0,,
"""23174""","Beef, rib eye steak, boneless, lip off, separable lean only, trimmed to 0"" fat, all grades, cooked, grilled",85.0,"3.0 oz",0.006,51.77,0,,
"""23175""","Beef, rib eye steak, boneless, lip off, separable lean only, trimmed to 0"" fat, all grades, raw",113.0,"4.0 oz",0.003,79.02,0,,
"""23176""","Beef, rib eye steak, boneless, lip off, separable lean only, trimmed to 0"" fat, choice, cooked, grilled",85.0,"3.0 oz",0.006,51.08,0,,
"""23177""","Beef, rib eye steak, boneless, lip off, separable lean only, trimmed to 0"" fat, choice, raw",113.0,"4.0 oz",0.006,78.22,0,,
"""23178""","Beef, rib eye steak, boneless, lip off, separable lean only, trimmed to 0"" fat, select, cooked, grilled",85.0,"3.0 oz",0.007,52.83,0,,
"""23179""","Beef, rib eye steak, boneless, lip off, separable lean only, trimmed to 0"" fat, select, raw",113.0,"4.0 oz",--,80.23,0,,
"""23197""","Beef, rib eye steak, boneless, lip-on, separable lean and fat, trimmed to 1/8"" fat, all grades, cooked, grilled",85.0,"3.0 oz",0.078,46.32,0,,
"""23195""","Beef, rib eye steak, boneless, lip-on, separable lean and fat, trimmed to 1/8"" fat, choice, cooked, grilled",85.0,"3.0 oz",0.082,45.48,0,,
"""23196""","Beef, rib eye steak, boneless, lip-on, separable lean and fat, trimmed to 1/8"" fat, select, cooked, grilled",85.0,"3.0 oz",0.071,47.58,0,,
"""23100""","Beef, rib eye steak, boneless, lip-on, separable lean only, trimmed to 1/8"" fat, all grades, cooked, grilled",85.0,"3.0 oz",0.006,52.16,0,,
"""23148""","Beef, rib eye steak, boneless, lip-on, separable lean only, trimmed to 1/8"" fat, choice, cooked, grilled",85.0,"3.0 oz",0.006,51.48,0,,
"""23149""","Beef, rib eye steak, boneless, lip-on, separable lean only, trimmed to 1/8"" fat, select, cooked, grilled",85.0,"3.0 oz",0.007,53.18,0,,
"""23192""","Beef, rib eye steak/roast, bone-in, lip-on, separable lean and fat, trimmed to 1/8"" fat, all grades, raw",113.0,"4.0 oz",0.105,68.70,0,,
"""23193""","Beef, rib eye steak/roast, bone-in, lip-on, separable lean and fat, trimmed to 1/8"" fat, choice, raw",113.0,"4.0 oz",0.104,68.20,0,,
"""23194""","Beef, rib eye steak/roast, bone-in, lip-on, separable lean and fat, trimmed to 1/8"" fat, select, raw",113.0,"4.0 oz",0.107,69.46,0,,
"""23150""","Beef, rib eye steak/roast, bone-in, lip-on, separable lean only, trimmed to 1/8"" fat, all grades, raw",113.0,"4.0 oz",0.007,78.24,0,,
"""23151""","Beef, rib eye steak/roast, bone-in, lip-on, separable lean only, trimmed to 1/8"" fat, choice, raw",113.0,"4.0 oz",0.008,77.50,0,,
"""23152""","Beef, rib eye steak/roast, bone-in, lip-on, separable lean only, trimmed to 1/8"" fat, select, raw",113.0,"4.0 oz",0.006,79.34,0,,
"""23201""","Beef, rib eye steak/roast, boneless, lip-on, separable lean and fat, trimmed to 1/8"" fat, all grades, raw",113.0,"4.0 oz",0.096,69.80,0,,
"""23202""","Beef, rib eye steak/roast, boneless, lip-on, separable lean and fat, trimmed to 1/8"" fat, choice, raw",113.0,"4.0 oz",0.102,68.82,0,,
"""23213""","Beef, rib eye steak/roast, boneless, lip-on, separable lean and fat, trimmed to 1/8"" fat, select, raw",113.0,"4.0 oz",0.088,71.28,0,,
"""23153""","Beef, rib eye steak/roast, boneless, lip-on, separable lean only, trimmed to 1/8"" fat, all grades, raw",113.0,"4.0 oz",0.003,79.26,0,,
"""23154""","Beef, rib eye steak/roast, boneless, lip-on, separable lean only, trimmed to 1/8"" fat, choice, raw",113.0,"4.0 oz",0.006,78.70,0,,
"""23155""","Beef, rib eye steak/roast, boneless, lip-on, separable lean only, trimmed to 1/8"" fat, select, raw",113.0,"4.0 oz",--,80.11,0,,
"""23236""","Beef, rib, back ribs, bone-in, separable lean and fat, trimmed to 0"" fat, all grades, raw",113.0,"4.0 oz",0.125,60.92,0,,
"""23237""","Beef, rib, back ribs, bone-in, separable lean and fat, trimmed to 0"" fat, choice, raw",113.0,"4.0 oz",0.129,59.60,0,,
"""23238""","Beef, rib, back ribs, bone-in, separable lean and fat, trimmed to 0"" fat, select, raw",113.0,"4.0 oz",0.119,62.91,0,,
"""23181""","Beef, rib, back ribs, bone-in, separable lean only, trimmed to 0"" fat, all grades, raw",113.0,"4.0 oz",0.017,69.72,0,,
"""23183""","Beef, rib, back ribs, bone-in, separable lean only, trimmed to 0"" fat, choice, raw",113.0,"4.0 oz",0.019,68.34,0,,
"""23185""","Beef, rib, back ribs, bone-in, separable lean only, trimmed to 0"" fat, select, raw",113.0,"4.0 oz",0.014,71.78,0,,
"""13415""","Beef, round, eye of round roast, boneless, separable lean and fat, trimmed to 0"" fat, all grades, cooked, roasted",85.0,"3.0 oz",0.018,55.29,0,,
"""23330""","Beef, round, eye of round roast, boneless, separable lean and fat, trimmed to 0"" fat, all grades, raw",113.0,"4.0 oz",0.019,82.59,0,,
"""13416""","Beef, round, eye of round roast, boneless, separable lean and fat, trimmed to 0"" fat, choice, cooked, roasted",85.0,"3.0 oz",0.020,54.83,0,,
"""23331""","Beef, round, eye of round roast, boneless, separable lean and fat, trimmed to 0"" fat, choice, raw",113.0,"4.0 oz",0.020,82.35,0,,
"""13417""","Beef, round, eye of round roast, boneless, separable lean and fat, trimmed to 0"" fat, select, cooked, roasted",85.0,"3.0 oz",0.015,56.03,0,,
"""23332""","Beef, round, eye of round roast, boneless, separable lean and fat, trimmed to 0"" fat, select, raw",113.0,"4.0 oz",0.016,82.94,0,,
"""13418""","Beef, round, eye of round roast, boneless, separable lean only, trimmed to 0"" fat, all grades, cooked, roasted",85.0,"3.0 oz",0.014,55.55,0,,
"""23360""","Beef, round, eye of round roast, boneless, separable lean only, trimmed to 0"" fat, all grades, raw",113.0,"4.0 oz",0.016,82.98,0,,
"""13419""","Beef, round, eye of round roast, boneless, separable lean only, trimmed to 0"" fat, choice, cooked, roasted",85.0,"3.0 oz",0.017,55.11,0,,
"""23361""","Beef, round, eye of round roast, boneless, separable lean only, trimmed to 0"" fat, choice, raw",113.0,"4.0 oz",0.018,82.69,0,,
"""13420""","Beef, round, eye of round roast, boneless, separable lean only, trimmed to 0"" fat, select, cooked, roasted",85.0,"3.0 oz",0.012,56.27,0,,
"""23362""","Beef, round, eye of round roast, boneless, separable lean only, trimmed to 0"" fat, select, raw",113.0,"4.0 oz",0.012,83.41,0,,
"""23334""","Beef, round, eye of round steak, boneless separable lean and fat, trimmed to 0"" fat, choice, raw",113.0,"4.0 oz",0.021,82.28,0,,
"""23351""","Beef, round, eye of round steak, boneless, separable lean and fat, trimmed to 0"" fat, all grades, cooked, grilled",85.0,"3.0 oz",0.019,55.30,0,,
"""23333""","Beef, round, eye of round steak, boneless, separable lean and fat, trimmed to 0"" fat, all grades, raw",113.0,"4.0 oz",0.019,82.57,0,,
"""23352""","Beef, round, eye of round steak, boneless, separable lean and fat, trimmed to 0"" fat, choice, cooked, grilled",85.0,"3.0 oz",0.020,54.83,0,,
"""23353""","Beef, round, eye of round steak, boneless, separable lean and fat, trimmed to 0"" fat, select, cooked, grilled",85.0,"3.0 oz",0.015,56.03,0,,
"""23335""","Beef, round, eye of round steak, boneless, separable lean and fat, trimmed to 0"" fat, select, raw",85.0,"3.0 oz",0.012,62.44,0,,
"""23381""","Beef, round, eye of round steak, boneless, separable lean only, trimmed to 0"" fat, all grades, cooked, grilled",85.0,"3.0 oz",0.015,55.55,0,,
"""23363""","Beef, round, eye of round steak, boneless, separable lean only, trimmed to 0"" fat, all grades, raw",113.0,"4.0 oz",0.016,82.98,0,,
"""23382""","Beef, round, eye of round steak, boneless, separable lean only, trimmed to 0"" fat, choice, cooked, grilled",85.0,"3.0 oz",0.017,55.11,0,,
"""23364""","Beef, round, eye of round steak, boneless, separable lean only, trimmed to 0"" fat, choice, raw",113.0,"4.0 oz",0.018,82.69,0,,
"""23383""","Beef, round, eye of round steak, boneless, separable lean only, trimmed to 0"" fat, select, cooked, grilled",85.0,"3.0 oz",0.012,56.27,0,,
"""23365""","Beef, round, eye of round steak, boneless, separable lean only, trimmed to 0"" fat, select, raw",113.0,"4.0 oz",0.012,83.41,0,,
"""23062""","Beef, round, knuckle, tip center, steak, separable lean and fat, trimmed to 0"" fat, all grades, cooked, grilled",85.0,"3.0 oz",0.042,55.64,0,,
"""23061""","Beef, round, knuckle, tip center, steak, separable lean and fat, trimmed to 0"" fat, all grades, raw",113.0,"4.0 oz",0.052,81.87,0,,
"""23046""","Beef, round, knuckle, tip center, steak, separable lean and fat, trimmed to 0"" fat, choice, cooked, grilled",85.0,"3.0 oz",0.044,54.85,0,,
"""23045""","Beef, round, knuckle, tip center, steak, separable lean and fat, trimmed to 0"" fat, choice, raw",113.0,"4.0 oz",0.053,81.42,0,,
"""23048""","Beef, round, knuckle, tip center, steak, separable lean and fat, trimmed to 0"" fat, select, cooked, grilled",85.0,"3.0 oz",0.038,57.06,0,,
"""23047""","Beef, round, knuckle, tip center, steak, separable lean and fat, trimmed to 0"" fat, select, raw",113.0,"4.0 oz",0.050,82.17,0,,
"""23032""","Beef, round, knuckle, tip side, steak, separable lean and fat , trimmed to 0"" fat, select, raw",113.0,"4.0 oz",0.029,83.08,0,,
"""23056""","Beef, round, knuckle, tip side, steak, separable lean and fat, trimmed to 0"" fat, all grades, cooked, grilled",85.0,"3.0 oz",0.032,55.83,0,,
"""23055""","Beef, round, knuckle, tip side, steak, separable lean and fat, trimmed to 0"" fat, all grades, raw",113.0,"4.0 oz",0.036,82.77,0,,
"""23031""","Beef, round, knuckle, tip side, steak, separable lean and fat, trimmed to 0"" fat, choice, cooked, grilled",85.0,"3.0 oz",0.037,55.33,0,,
"""23030""","Beef, round, knuckle, tip side, steak, separable lean and fat, trimmed to 0"" fat, choice, raw",113.0,"4.0 oz",0.040,82.49,0,,
"""23033""","Beef, round, knuckle, tip side, steak, separable lean and fat, trimmed to 0"" fat, select, cooked, grilled",85.0,"3.0 oz",0.022,56.34,0,,
"""23064""","Beef, round, outside round, bottom round, steak, separable lean and fat, trimmed to 0"" fat, all grades, cooked, grilled",85.0,"3.0 oz",0.041,54.64,0,,
"""23063""","Beef, round, outside round, bottom round, steak, separable lean and fat, trimmed to 0"" fat, all grades, raw",85.0,"3.0 oz",0.031,61.36,0,,
"""23050""","Beef, round, outside round, bottom round, steak, separable lean and fat, trimmed to 0"" fat, choice, cooked, grilled",85.0,"3.0 oz",0.047,53.85,0,,
"""23049""","Beef, round, outside round, bottom round, steak, separable lean and fat, trimmed to 0"" fat, choice, raw",113.0,"4.0 oz",0.046,80.81,0,,
"""23052""","Beef, round, outside round, bottom round, steak, separable lean and fat, trimmed to 0"" fat, select, cooked, grilled",85.0,"3.0 oz",0.028,55.90,0,,
"""23051""","Beef, round, outside round, bottom round, steak, separable lean and fat, trimmed to 0"" fat, select, raw",113.0,"4.0 oz",0.032,82.81,0,,
"""23348""","Beef, round, top round roast, boneless, separable lean and fat, trimmed to 0"" fat, all grades, cooked, roasted",85.0,"3.0 oz",0.016,54.88,0,,
"""23327""","Beef, round, top round roast, boneless, separable lean and fat, trimmed to 0"" fat, all grades, raw",113.0,"4.0 oz",0.017,81.94,0,,
"""23349""","Beef, round, top round roast, boneless, separable lean and fat, trimmed to 0"" fat, choice, cooked, roasted",85.0,"3.0 oz",0.019,54.39,0,,
"""23328""","Beef, round, top round roast, boneless, separable lean and fat, trimmed to 0"" fat, choice, raw",113.0,"4.0 oz",0.020,81.63,0,,
"""23350""","Beef, round, top round roast, boneless, separable lean and fat, trimmed to 0"" fat, select, cooked, roasted",85.0,"3.0 oz",0.012,55.37,0,,
"""23329""","Beef, round, top round roast, boneless, separable lean and fat, trimmed to 0"" fat, select, raw",113.0,"4.0 oz",0.012,82.41,0,,
"""23378""","Beef, round, top round roast, boneless, separable lean only, trimmed to 0"" fat, all grades, cooked, roasted",85.0,"3.0 oz",0.013,55.22,0,,
"""23357""","Beef, round, top round roast, boneless, separable lean only, trimmed to 0"" fat, all grades, raw",113.0,"4.0 oz",0.014,82.44,0,,
"""23379""","Beef, round, top round roast, boneless, separable lean only, trimmed to 0"" fat, choice, cooked, roasted",85.0,"3.0 oz",0.015,54.71,0,,
"""23358""","Beef, round, top round roast, boneless, separable lean only, trimmed to 0"" fat, choice, raw",113.0,"4.0 oz",0.017,82.11,0,,
"""23380""","Beef, round, top round roast, boneless, separable lean only, trimmed to 0"" fat, select, cooked, roasted",85.0,"3.0 oz",0.008,55.99,0,,
"""23359""","Beef, round, top round roast, boneless, separable lean only, trimmed to 0"" fat, select, raw",113.0,"4.0 oz",0.009,82.94,0,,
"""13959""","Beef, round, top round steak, boneless, separable lean and fat, trimmed to 0"" fat, all grades, cooked, grilled",85.0,"3.0 oz",0.017,54.98,0,,
"""23324""","Beef, round, top round steak, boneless, separable lean and fat, trimmed to 0"" fat, all grades, raw",113.0,"4.0 oz",0.016,82.08,0,,
"""13968""","Beef, round, top round steak, boneless, separable lean and fat, trimmed to 0"" fat, choice, cooked, grilled",85.0,"3.0 oz",0.018,54.48,0,,
"""23325""","Beef, round, top round steak, boneless, separable lean and fat, trimmed to 0"" fat, choice, raw",113.0,"4.0 oz",0.019,81.76,0,,
"""13969""","Beef, round, top round steak, boneless, separable lean and fat, trimmed to 0"" fat, select, cooked, grilled",85.0,"3.0 oz",0.012,55.74,0,,
"""23326""","Beef, round, top round steak, boneless, separable lean and fat, trimmed to 0"" fat, select, raw",113.0,"4.0 oz",0.011,82.58,0,,
"""13491""","Beef, round, top round steak, boneless, separable lean only, trimmed to 0"" fat, all grades, cooked, grilled",85.0,"3.0 oz",0.014,54.64,0,,
"""23354""","Beef, round, top round steak, boneless, separable lean only, trimmed to 0"" fat, all grades, raw",113.0,"4.0 oz",0.014,82.44,0,,
"""13492""","Beef, round, top round steak, boneless, separable lean only, trimmed to 0"" fat, choice, cooked, grilled",85.0,"3.0 oz",0.015,54.71,0,,
"""23355""","Beef, round, top round steak, boneless, separable lean only, trimmed to 0"" fat, choice, raw",113.0,"4.0 oz",0.017,82.11,0,,
"""13493""","Beef, round, top round steak, boneless, separable lean only, trimmed to 0"" fat, select, cooked, grilled",85.0,"3.0 oz",0.009,55.99,0,,
"""23356""","Beef, round, top round steak, boneless, separable lean only, trimmed to 0"" fat, select, raw",113.0,"4.0 oz",0.009,82.94,0,,
"""23002""","Beef, short loin, porterhouse steak, separable lean and fat, trimmed to 1/8"" fat, all grades, cooked, grilled",85.0,"3.0 oz",0.087,47.26,0,,
"""23001""","Beef, short loin, porterhouse steak, separable lean and fat, trimmed to 1/8"" fat, all grades, raw",113.0,"4.0 oz",0.092,73.08,0,,
"""13906""","Beef, short loin, porterhouse steak, separable lean and fat, trimmed to 1/8"" fat, choice, cooked, grilled",85.0,"3.0 oz",0.091,46.55,0,,
"""13905""","Beef, short loin, porterhouse steak, separable lean and fat, trimmed to 1/8"" fat, choice, raw",113.0,"4.0 oz",0.094,72.46,0,,
"""23004""","Beef, short loin, porterhouse steak, separable lean and fat, trimmed to 1/8"" fat, select, cooked, grilled",85.0,"3.0 oz",0.080,48.34,0,,
"""23003""","Beef, short loin, porterhouse steak, separable lean and fat, trimmed to 1/8"" fat, select, raw",113.0,"4.0 oz",0.088,74.00,0,,
"""13465""","Beef, short loin, porterhouse steak, separable lean only,  trimmed to 1/8"" fat, all grades, cooked, grilled",85.0,"3.0 oz",0.043,51.89,0,,
"""13464""","Beef, short loin, porterhouse steak, separable lean only, trimmed to 1/8"" fat, all grades, raw",113.0,"4.0 oz",0.035,79.46,0,,
"""13232""","Beef, short loin, porterhouse steak, separable lean only, trimmed to 1/8"" fat, choice, cooked, grilled",85.0,"3.0 oz",0.048,51.26,0,,
"""13231""","Beef, short loin, porterhouse steak, separable lean only, trimmed to 1/8"" fat, choice, raw",113.0,"4.0 oz",0.040,78.60,0,,
"""13469""","Beef, short loin, porterhouse steak, separable lean only, trimmed to 1/8"" fat, select, cooked, grilled",85.0,"3.0 oz",0.037,52.84,0,,
"""13468""","Beef, short loin, porterhouse steak, separable lean only, trimmed to 1/8"" fat, select, raw",113.0,"4.0 oz",0.027,80.75,0,,
"""13479""","Beef, short loin, t-bone steak, bone-in, separable lean only, trimmed to 1/8"" fat, all grades, cooked, grilled",85.0,"3.0 oz",0.050,51.98,0,,
"""13478""","Beef, short loin, t-bone steak, bone-in, separable lean only, trimmed to 1/8"" fat, all grades, raw",113.0,"4.0 oz",0.034,79.92,0,,
"""13236""","Beef, short loin, t-bone steak, bone-in, separable lean only, trimmed to 1/8"" fat, choice, cooked, grilled",85.0,"3.0 oz",0.051,51.51,0,,
"""13235""","Beef, short loin, t-bone steak, bone-in, separable lean only, trimmed to 1/8"" fat, choice, raw",113.0,"4.0 oz",0.037,79.07,0,,
"""13483""","Beef, short loin, t-bone steak, bone-in, separable lean only, trimmed to 1/8"" fat, select, cooked, grilled",85.0,"3.0 oz",0.048,52.68,0,,
"""13482""","Beef, short loin, t-bone steak, bone-in, separable lean only, trimmed to 1/8"" fat, select, raw",113.0,"4.0 oz",0.028,81.20,0,,
"""23006""","Beef, short loin, t-bone steak, separable lean and fat, trimmed to 1/8"" fat, all grades, cooked, grilled",85.0,"3.0 oz",0.101,46.33,0,,
"""23005""","Beef, short loin, t-bone steak, separable lean and fat, trimmed to 1/8"" fat, all grades, raw",113.0,"4.0 oz",0.099,72.39,0,,
"""13908""","Beef, short loin, t-bone steak, separable lean and fat, trimmed to 1/8"" fat, choice, cooked, grilled",85.0,"3.0 oz",0.102,45.82,0,,
"""13907""","Beef, short loin, t-bone steak, separable lean and fat, trimmed to 1/8"" fat, choice, raw",113.0,"4.0 oz",0.102,71.68,0,,
"""23008""","Beef, short loin, t-bone steak, separable lean and fat, trimmed to 1/8"" fat, select, cooked, grilled",85.0,"3.0 oz",0.099,47.07,0,,
"""23007""","Beef, short loin, t-bone steak, separable lean and fat, trimmed to 1/8"" fat, select, raw",113.0,"4.0 oz",0.096,73.45,0,,
