Source: USDA National Nutrient Database for Standard Reference Legacy Software v.3.9.4 2018-05-17
"Nutrients: Vitamin D (D2 + D3) (µg); Valine (g); Magnesium, Mg (mg)"
"Food Groups: Beef Products"
Food Subset:All Foods
Ordered by:Food Name
Measured by:Household
Report Run at: 06-02-2018T13:58
NDB_NO,Description,Weight(g),Measure,"Vitamin D (D2 + D3)"(µg)Per Measure,"Valine"(g)Per Measure,"Magnesium, Mg"(mg)Per Measure,
"""23491""","Beef composite, separable lean only, trimmed to 1/8"" fat, choice, cooked",85.0,"3.0 oz",0.1,1.229,19,,
"""13595""","Beef, brisket, flat half, boneless separable lean only, trimmed to 0"" fat, all grades, raw",113.0,"4.0 oz",0.1,1.122,27,,
"""13904""","Beef, brisket, flat half, boneless, separable lean and fat, trimmed to 0"" fat, all grades, raw",113.0,"4.0 oz",0.1,1.037,25,,
"""13975""","Beef, brisket, flat half, boneless, separable lean and fat, trimmed to 0"" fat, choice, raw",113.0,"4.0 oz",0.1,1.029,25,,
"""13983""","Beef, brisket, flat half, boneless, separable lean and fat, trimmed to 0"" fat, select, raw",113.0,"4.0 oz",0.1,1.051,25,,
"""13596""","Beef, brisket, flat half, boneless, separable lean only, trimmed to 0"" fat, choice, raw",113.0,"4.0 oz",0.1,1.112,27,,
"""13597""","Beef, brisket, flat half, boneless, separable lean only, trimmed to 0"" fat, select, raw",113.0,"4.0 oz",0.1,1.137,27,,
"""13055""","Beef, brisket, flat half, separable lean and fat, trimmed to 1/8"" fat, select, cooked, braised",85.0,"3.0 oz",0.3,1.221,16,,
"""13367""","Beef, brisket, whole, separable lean and fat, trimmed to 0"" fat, all grades, cooked, braised",85.0,"3.0 oz",0.3,1.130,18,,
"""13804""","Beef, brisket, whole, separable lean and fat, trimmed to 1/8"" fat, all grades, cooked, braised",85.0,"3.0 oz",0.3,1.069,17,,
"""13368""","Beef, brisket, whole, separable lean only, trimmed to 0"" fat, all grades, cooked, braised",85.0,"3.0 oz",0.2,1.255,20,,
"""23134""","Beef, chuck eye Country-Style ribs, boneless, separable lean and fat, trimmed to 0"" fat, all grades, cooked, braised",85.0,"3.0 oz",0.1,1.063,14,,
"""23137""","Beef, chuck eye Country-Style ribs, boneless, separable lean and fat, trimmed to 0"" fat, all grades, raw",113.0,"4.0 oz",0.1,0.968,18,,
"""23135""","Beef, chuck eye Country-Style ribs, boneless, separable lean and fat, trimmed to 0"" fat, choice, cooked, braised",85.0,"3.0 oz",0.2,1.044,14,,
"""23138""","Beef, chuck eye Country-Style ribs, boneless, separable lean and fat, trimmed to 0"" fat, choice, raw",113.0,"4.0 oz",0.1,0.964,18,,
"""23136""","Beef, chuck eye Country-Style ribs, boneless, separable lean and fat, trimmed to 0"" fat, select, cooked, braised",85.0,"3.0 oz",0.1,1.094,16,,
"""23139""","Beef, chuck eye Country-Style ribs, boneless, separable lean and fat, trimmed to 0"" fat, select, raw",113.0,"4.0 oz",0.1,0.975,18,,
"""23071""","Beef, chuck eye Country-Style ribs, boneless, separable lean only, trimmed to 0"" fat, all grades, cooked, braised",85.0,"3.0 oz",0.1,1.235,16,,
"""23074""","Beef, chuck eye Country-Style ribs, boneless, separable lean only, trimmed to 0"" fat, all grades, raw",113.0,"4.0 oz",0.1,1.096,20,,
"""23069""","Beef, chuck eye Country-Style ribs, boneless, separable lean only, trimmed to 0"" fat, choice, cooked, braised",85.0,"3.0 oz",0.2,1.216,15,,
"""23072""","Beef, chuck eye Country-Style ribs, boneless, separable lean only, trimmed to 0"" fat, choice, raw",113.0,"4.0 oz",0.1,1.090,20,,
"""23070""","Beef, chuck eye Country-Style ribs, boneless, separable lean only, trimmed to 0"" fat, select, cooked, braised",85.0,"3.0 oz",0.1,1.262,18,,
"""23073""","Beef, chuck eye Country-Style ribs, boneless, separable lean only, trimmed to 0"" fat, select, raw",113.0,"4.0 oz",0.1,1.103,20,,
"""23113""","Beef, chuck eye roast, boneless, America's Beef Roast, separable lean and fat, trimmed to 0"" fat, all grades, cooked, roasted",85.0,"3.0 oz",0.1,0.946,17,,
"""13786""","Beef, chuck eye roast, boneless, America's Beef Roast, separable lean and fat, trimmed to 0"" fat, all grades, raw",113.0,"4.0 oz",0.1,0.980,21,,
"""23114""","Beef, chuck eye roast, boneless, America's Beef Roast, separable lean and fat, trimmed to 0"" fat, choice, cooked, roasted",85.0,"3.0 oz",0.1,0.940,18,,
"""13788""","Beef, chuck eye roast, boneless, America's Beef Roast, separable lean and fat, trimmed to 0"" fat, choice, raw",113.0,"4.0 oz",0.1,0.977,21,,
"""23115""","Beef, chuck eye roast, boneless, America's Beef Roast, separable lean and fat, trimmed to 0"" fat, select, cooked, roasted",85.0,"3.0 oz",0.1,0.955,17,,
"""13791""","Beef, chuck eye roast, boneless, America's Beef Roast, separable lean and fat, trimmed to 0"" fat, select, raw",113.0,"4.0 oz",0.1,0.983,21,,
"""13821""","Beef, chuck eye roast, boneless, America's Beef Roast, separable lean only, trimmed to 0"" fat, all grades, cooked, roasted",85.0,"3.0 oz",0.1,1.048,19,,
"""13972""","Beef, chuck eye roast, boneless, America's Beef Roast, separable lean only, trimmed to 0"" fat, all grades, raw",113.0,"4.0 oz",0.1,1.077,24,,
"""13822""","Beef, chuck eye roast, boneless, America's Beef Roast, separable lean only, trimmed to 0"" fat, choice, cooked, roasted",85.0,"3.0 oz",0.1,1.039,19,,
"""13973""","Beef, chuck eye roast, boneless, America's Beef Roast, separable lean only, trimmed to 0"" fat, choice, raw",113.0,"4.0 oz",0.1,1.080,24,,
"""13823""","Beef, chuck eye roast, boneless, America's Beef Roast, separable lean only, trimmed to 0"" fat, select, cooked, roasted",85.0,"3.0 oz",0.1,1.062,19,,
"""13974""","Beef, chuck eye roast, boneless, America's Beef Roast, separable lean only, trimmed to 0"" fat, select, raw",113.0,"4.0 oz",0.1,1.072,24,,
"""23140""","Beef, chuck eye steak, boneless, separable lean and fat, trimmed to 0"" fat, all grades, cooked, grilled",85.0,"3.0 oz",0.1,0.960,19,,
"""23143""","Beef, chuck eye steak, boneless, separable lean and fat, trimmed to 0"" fat, all grades, raw",113.0,"4.0 oz",0.1,0.963,21,,
"""23141""","Beef, chuck eye steak, boneless, separable lean and fat, trimmed to 0"" fat, choice, cooked, grilled",85.0,"3.0 oz",0.1,0.958,18,,
"""23144""","Beef, chuck eye steak, boneless, separable lean and fat, trimmed to 0"" fat, choice, raw",113.0,"4.0 oz",0.1,0.963,21,,
"""23142""","Beef, chuck eye steak, boneless, separable lean and fat, trimmed to 0"" fat, select, cooked, grilled",85.0,"3.0 oz",0.1,0.961,19,,
"""23145""","Beef, chuck eye steak, boneless, separable lean and fat, trimmed to 0"" fat, select, raw",113.0,"4.0 oz",0.1,0.964,23,,
"""23077""","Beef, chuck eye steak, boneless, separable lean only, trimmed to 0"" fat, all grades, cooked, grilled",85.0,"3.0 oz",0.1,1.098,21,,
"""23080""","Beef, chuck eye steak, boneless, separable lean only, trimmed to 0"" fat, all grades, raw",113.0,"4.0 oz",0.1,1.113,25,,
"""23075""","Beef, chuck eye steak, boneless, separable lean only, trimmed to 0"" fat, choice, cooked, grilled",85.0,"3.0 oz",0.1,1.100,20,,
"""23078""","Beef, chuck eye steak, boneless, separable lean only, trimmed to 0"" fat, choice, raw",113.0,"4.0 oz",0.1,1.114,25,,
"""23076""","Beef, chuck eye steak, boneless, separable lean only, trimmed to 0"" fat, select, cooked, grilled",85.0,"3.0 oz",0.1,1.097,21,,
"""23079""","Beef, chuck eye steak, boneless, separable lean only, trimmed to 0"" fat, select, raw",113.0,"4.0 oz",0.1,1.112,26,,
"""23090""","Beef, chuck for stew, separable lean and fat, all grades, cooked, braised",85.0,"3.0 oz",0.1,1.274,20,,
"""23093""","Beef, chuck for stew, separable lean and fat, all grades, raw",113.0,"4.0 oz",0.1,1.137,24,,
"""23092""","Beef, chuck for stew, separable lean and fat, choice, cooked, braised",85.0,"3.0 oz",0.1,1.278,19,,
"""23095""","Beef, chuck for stew, separable lean and fat, choice, raw",113.0,"4.0 oz",0.1,1.131,24,,
"""23091""","Beef, chuck for stew, separable lean and fat, select, cooked, braised",85.0,"3.0 oz",0.1,1.270,20,,
"""23094""","Beef, chuck for stew, separable lean and fat, select, raw",113.0,"4.0 oz",0.1,1.145,23,,
"""13373""","Beef, chuck, arm pot roast, separable lean and fat, trimmed to 0"" fat, all grades, cooked, braised",85.0,"3.0 oz",0.2,1.221,16,,
"""13810""","Beef, chuck, arm pot roast, separable lean and fat, trimmed to 1/8"" fat, all grades, cooked, braised",85.0,"3.0 oz",0.3,1.281,17,,
"""13812""","Beef, chuck, arm pot roast, separable lean and fat, trimmed to 1/8"" fat, choice, cooked, braised",85.0,"3.0 oz",0.3,1.269,17,,
"""13814""","Beef, chuck, arm pot roast, separable lean and fat, trimmed to 1/8"" fat, select, cooked, braised",85.0,"3.0 oz",0.3,1.293,17,,
"""23602""","Beef, chuck, arm pot roast, separable lean only, trimmed to 1/8"" fat, all grades, cooked, braised",85.0,"3.0 oz",0.1,1.461,20,,
"""23614""","Beef, chuck, arm pot roast, separable lean only, trimmed to 1/8"" fat, choice, cooked, braised",85.0,"3.0 oz",0.1,1.464,20,,
"""23612""","Beef, chuck, arm pot roast, separable lean only, trimmed to 1/8"" fat, choice, raw",113.0,"4.0 oz",0.1,1.231,26,,
"""23633""","Beef, chuck, arm pot roast, separable lean only, trimmed to 1/8"" fat, select, cooked, braised",85.0,"3.0 oz",0.1,1.459,20,,
"""23631""","Beef, chuck, arm pot roast, separable lean only, trimmed to 1/8"" fat, select, raw",113.0,"4.0 oz",0.0,1.248,26,,
"""13379""","Beef, chuck, blade roast, separable lean and fat, trimmed to 0"" fat, all grades, cooked, braised",235.0,"1.0 piece, cooked, excluding refuse (yield from 1 lb raw meat with refuse)",0.9,3.168,47,,
"""13816""","Beef, chuck, blade roast, separable lean and fat, trimmed to 1/8"" fat, all grades, cooked, braised",85.0,"3.0 oz",0.3,1.107,16,,
"""13818""","Beef, chuck, blade roast, separable lean and fat, trimmed to 1/8"" fat, choice, cooked, braised",85.0,"3.0 oz",0.3,1.091,16,,
"""13382""","Beef, chuck, blade roast, separable lean only, trimmed to 0"" fat, all grades, cooked, braised",85.0,"3.0 oz",0.2,1.310,20,,
"""23528""","Beef, chuck, clod roast, separable lean and fat, trimmed to 0"" fat, choice, cooked, roasted",85.0,"3.0 oz",0.2,1.127,17,,
"""23531""","Beef, chuck, clod roast, separable lean and fat, trimmed to 0"" fat, select, cooked, roasted",85.0,"3.0 oz",0.1,1.252,18,,
"""13937""","Beef, chuck, clod roast, separable lean only, trimmed to 0"" fat, choice, cooked, roasted",85.0,"3.0 oz",0.1,1.193,19,,
"""13940""","Beef, chuck, clod roast, separable lean only, trimmed to 0"" fat, select, cooked, roasted",85.0,"3.0 oz",0.1,1.291,19,,
"""23119""","Beef, chuck, mock tender steak, boneless, separable lean and fat, trimmed to 0"" fat, all grades, cooked, braised",85.0,"3.0 oz",0.1,1.232,19,,
"""23122""","Beef, chuck, mock tender steak, boneless, separable lean and fat, trimmed to 0"" fat, all grades, raw",113.0,"4.0 oz",0.1,1.079,28,,
"""23120""","Beef, chuck, mock tender steak, boneless, separable lean and fat, trimmed to 0"" fat, choice, cooked, braised",85.0,"3.0 oz",0.1,1.237,19,,
"""23123""","Beef, chuck, mock tender steak, boneless, separable lean and fat, trimmed to 0"" fat, choice, raw",113.0,"4.0 oz",0.1,1.083,29,,
"""23121""","Beef, chuck, mock tender steak, boneless, separable lean and fat, trimmed to 0"" fat, select, cooked, braised",85.0,"3.0 oz",0.1,1.224,19,,
"""23124""","Beef, chuck, mock tender steak, boneless, separable lean and fat, trimmed to 0"" fat, select, raw",113.0,"4.0 oz",0.1,1.075,27,,
"""23086""","Beef, chuck, mock tender steak, boneless, separable lean only, trimmed to 0"" fat, all grades, cooked, braised",85.0,"3.0 oz",0.1,1.310,20,,
"""23089""","Beef, chuck, mock tender steak, boneless, separable lean only, trimmed to 0"" fat, all grades, raw",113.0,"4.0 oz",0.1,1.113,28,,
"""23084""","Beef, chuck, mock tender steak, boneless, separable lean only, trimmed to 0"" fat, choice, cooked, braised",85.0,"3.0 oz",0.1,1.319,20,,
"""23087""","Beef, chuck, mock tender steak, boneless, separable lean only, trimmed to 0"" fat, choice, raw",113.0,"4.0 oz",0.1,1.116,29,,
"""23085""","Beef, chuck, mock tender steak, boneless, separable lean only, trimmed to 0"" fat, select, cooked, braised",85.0,"3.0 oz",0.1,1.296,20,,
"""23088""","Beef, chuck, mock tender steak, boneless, separable lean only, trimmed to 0"" fat, select, raw",113.0,"4.0 oz",0.1,1.110,27,,
"""23125""","Beef, chuck, short ribs, boneless, separable lean and fat, trimmed to 0"" fat, all grades, cooked, braised",85.0,"3.0 oz",0.1,0.979,17,,
"""23128""","Beef, chuck, short ribs, boneless, separable lean and fat, trimmed to 0"" fat, all grades, raw",113.0,"4.0 oz",0.1,0.893,20,,
"""23126""","Beef, chuck, short ribs, boneless, separable lean and fat, trimmed to 0"" fat, choice, cooked, braised",85.0,"3.0 oz",0.2,0.971,17,,
"""23129""","Beef, chuck, short ribs, boneless, separable lean and fat, trimmed to 0"" fat, choice, raw",113.0,"4.0 oz",0.1,0.879,20,,
"""23127""","Beef, chuck, short ribs, boneless, separable lean and fat, trimmed to 0"" fat, select, cooked, braised",85.0,"3.0 oz",0.1,0.992,18,,
"""23130""","Beef, chuck, short ribs, boneless, separable lean and fat, trimmed to 0"" fat, select, raw",113.0,"4.0 oz",0.1,0.913,19,,
"""13982""","Beef, chuck, short ribs, boneless, separable lean only, trimmed to 0"" fat, all grades, cooked, braised",85.0,"3.0 oz",0.1,1.133,20,,
"""23068""","Beef, chuck, short ribs, boneless, separable lean only, trimmed to 0"" fat, all grades, raw",113.0,"4.0 oz",0.1,1.029,24,,
"""13980""","Beef, chuck, short ribs, boneless, separable lean only, trimmed to 0"" fat, choice, cooked, braised",85.0,"3.0 oz",0.2,1.134,20,,
"""23066""","Beef, chuck, short ribs, boneless, separable lean only, trimmed to 0"" fat, choice, raw",113.0,"4.0 oz",0.1,1.012,24,,
"""13981""","Beef, chuck, short ribs, boneless, separable lean only, trimmed to 0"" fat, select, cooked, braised",85.0,"3.0 oz",0.1,1.132,20,,
"""23067""","Beef, chuck, short ribs, boneless, separable lean only, trimmed to 0"" fat, select, raw",113.0,"4.0 oz",0.1,1.053,23,,
"""23105""","Beef, chuck, under blade center steak, boneless, Denver Cut, separable lean and fat, trimmed to 0"" fat, all grades, cooked, grilled",85.0,"3.0 oz",0.1,1.006,20,,
"""23108""","Beef, chuck, under blade center steak, boneless, Denver Cut, separable lean and fat, trimmed to 0"" fat, all grades, raw",113.0,"4.0 oz",0.1,0.970,23,,
"""23106""","Beef, chuck, under blade center steak, boneless, Denver Cut, separable lean and fat, trimmed to 0"" fat, choice, cooked, grilled",85.0,"3.0 oz",0.1,1.002,20,,
"""23109""","Beef, chuck, under blade center steak, boneless, Denver Cut, separable lean and fat, trimmed to 0"" fat, choice, raw",113.0,"4.0 oz",0.1,0.963,23,,
"""23107""","Beef, chuck, under blade center steak, boneless, Denver Cut, separable lean and fat, trimmed to 0"" fat, select, cooked, grilled",85.0,"3.0 oz",0.1,1.010,20,,
"""23110""","Beef, chuck, under blade center steak, boneless, Denver Cut, separable lean and fat, trimmed to 0"" fat, select, raw",113.0,"4.0 oz",0.1,0.981,23,,
"""13351""","Beef, chuck, under blade center steak, boneless, Denver Cut, separable lean only, trimmed to 0"" fat, all grades, cooked, grilled",85.0,"3.0 oz",0.1,1.042,20,,
"""13356""","Beef, chuck, under blade center steak, boneless, Denver Cut, separable lean only, trimmed to 0"" fat, all grades, raw",113.0,"4.0 oz",0.1,1.015,23,,
"""13352""","Beef, chuck, under blade center steak, boneless, Denver Cut, separable lean only, trimmed to 0"" fat, choice, cooked, grilled",85.0,"3.0 oz",0.1,1.041,20,,
"""13359""","Beef, chuck, under blade center steak, boneless, Denver Cut, separable lean only, trimmed to 0"" fat, choice, raw",113.0,"4.0 oz",0.1,1.006,23,,
"""13354""","Beef, chuck, under blade center steak, boneless, Denver Cut, separable lean only, trimmed to 0"" fat, select, cooked, grilled",85.0,"3.0 oz",0.1,1.043,20,,
"""13499""","Beef, chuck, under blade center steak, boneless, Denver Cut, separable lean only, trimmed to 0"" fat, select, raw",113.0,"4.0 oz",0.1,1.031,23,,
"""23102""","Beef, chuck, under blade pot roast or steak, boneless, separable lean and fat, trimmed to 0"" fat, all grades, raw",113.0,"4.0 oz",0.1,0.979,23,,
"""23103""","Beef, chuck, under blade pot roast or steak, boneless, separable lean and fat, trimmed to 0"" fat, choice, raw",113.0,"4.0 oz",0.1,0.979,21,,
"""23104""","Beef, chuck, under blade pot roast or steak, boneless, separable lean and fat, trimmed to 0"" fat, select, raw",113.0,"4.0 oz",0.1,0.981,23,,
"""13293""","Beef, chuck, under blade pot roast or steak, boneless, separable lean only, trimmed to 0"" fat, all grades, raw",113.0,"4.0 oz",0.1,1.104,25,,
"""13294""","Beef, chuck, under blade pot roast or steak, boneless, separable lean only, trimmed to 0"" fat, choice, raw",113.0,"4.0 oz",0.1,1.107,25,,
"""13349""","Beef, chuck, under blade pot roast or steak, boneless, separable lean only, trimmed to 0"" fat, select, raw",113.0,"4.0 oz",0.1,1.099,26,,
"""23099""","Beef, chuck, under blade pot roast, boneless, separable lean and fat, trimmed to 0"" fat, all grades, cooked, braised",85.0,"3.0 oz",0.1,1.026,16,,
"""13380""","Beef, chuck, under blade pot roast, boneless, separable lean and fat, trimmed to 0"" fat, choice, cooked, braised",85.0,"3.0 oz",0.2,1.115,16,,
"""13381""","Beef, chuck, under blade pot roast, boneless, separable lean and fat, trimmed to 0"" fat, select, cooked, braised",85.0,"3.0 oz",0.1,1.044,17,,
"""13285""","Beef, chuck, under blade pot roast, boneless, separable lean only, trimmed to 0"" fat, all grades, cooked, braised",85.0,"3.0 oz",0.1,1.201,19,,
"""13383""","Beef, chuck, under blade pot roast, boneless, separable lean only, trimmed to 0"" fat, choice, cooked, braised",85.0,"3.0 oz",0.1,1.198,19,,
"""13384""","Beef, chuck, under blade pot roast, boneless, separable lean only, trimmed to 0"" fat, select, cooked, braised",85.0,"3.0 oz",0.1,1.206,19,,
"""23116""","Beef, chuck, under blade steak, boneless, separable lean and fat, trimmed to 0"" fat, all grades, cooked, braised",85.0,"3.0 oz",0.1,1.085,17,,
"""23117""","Beef, chuck, under blade steak, boneless, separable lean and fat, trimmed to 0"" fat, choice, cooked, braised",85.0,"3.0 oz",0.2,1.061,17,,
"""23118""","Beef, chuck, under blade steak, boneless, separable lean and fat, trimmed to 0"" fat, select, cooked, braised",85.0,"3.0 oz",0.1,1.121,17,,
"""23098""","Beef, chuck, under blade steak, boneless, separable lean only, trimmed to 0"" fat, all grades, cooked, braised",85.0,"3.0 oz",0.1,1.232,19,,
"""23096""","Beef, chuck, under blade steak, boneless, separable lean only, trimmed to 0"" fat, choice, cooked, braised",85.0,"3.0 oz",0.2,1.216,19,,
"""23097""","Beef, chuck, under blade steak, boneless, separable lean only, trimmed to 0"" fat, select, cooked, braised",85.0,"3.0 oz",0.1,1.259,19,,
"""13361""","Beef, composite of trimmed retail cuts, separable lean and fat, trimmed to 0"" fat, all grades, cooked",85.0,"3.0 oz",0.1,1.196,17,,
"""23482""","Beef, composite of trimmed retail cuts, separable lean and fat, trimmed to 0"" fat, all grades, raw",113.0,"4.0 oz",0.1,1.115,19,,
"""13362""","Beef, composite of trimmed retail cuts, separable lean and fat, trimmed to 0"" fat, choice, cooked",85.0,"3.0 oz",0.1,1.199,17,,
"""23494""","Beef, composite of trimmed retail cuts, separable lean and fat, trimmed to 0"" fat, choice, raw",113.0,"4.0 oz",0.1,1.102,19,,
"""13363""","Beef, composite of trimmed retail cuts, separable lean and fat, trimmed to 0"" fat, select, cooked",85.0,"3.0 oz",0.1,1.221,16,,
"""23497""","Beef, composite of trimmed retail cuts, separable lean and fat, trimmed to 0"" fat, select, raw",113.0,"4.0 oz",0.1,1.174,20,,
"""13796""","Beef, composite of trimmed retail cuts, separable lean and fat, trimmed to 1/8"" fat, all grades, cooked",85.0,"3.0 oz",0.2,1.112,17,,
"""13795""","Beef, composite of trimmed retail cuts, separable lean and fat, trimmed to 1/8"" fat, all grades, raw",113.0,"4.0 oz",0.1,1.123,21,,
"""13798""","Beef, composite of trimmed retail cuts, separable lean and fat, trimmed to 1/8"" fat, choice, cooked",85.0,"3.0 oz",0.1,1.111,17,,
"""13797""","Beef, composite of trimmed retail cuts, separable lean and fat, trimmed to 1/8"" fat, choice, raw",113.0,"4.0 oz",0.1,1.104,21,,
"""13800""","Beef, composite of trimmed retail cuts, separable lean and fat, trimmed to 1/8"" fat, select, cooked",85.0,"3.0 oz",0.1,1.110,17,,
"""13799""","Beef, composite of trimmed retail cuts, separable lean and fat, trimmed to 1/8"" fat, select, raw",113.0,"4.0 oz",0.0,1.078,21,,
"""13364""","Beef, composite of trimmed retail cuts, separable lean only, trimmed to 0"" fat, all grades, cooked",85.0,"3.0 oz",0.1,1.310,18,,
"""23485""","Beef, composite of trimmed retail cuts, separable lean only, trimmed to 0"" fat, all grades, raw",113.0,"4.0 oz",0.1,1.201,20,,
"""13365""","Beef, composite of trimmed retail cuts, separable lean only, trimmed to 0"" fat, choice, cooked",85.0,"3.0 oz",0.1,1.272,18,,
"""23495""","Beef, composite of trimmed retail cuts, separable lean only, trimmed to 0"" fat, choice, raw",113.0,"4.0 oz",0.1,1.121,23,,
"""13366""","Beef, composite of trimmed retail cuts, separable lean only, trimmed to 0"" fat, select, cooked",85.0,"3.0 oz",0.1,1.329,17,,
"""23496""","Beef, composite of trimmed retail cuts, separable lean only, trimmed to 0"" fat, select, raw",113.0,"4.0 oz",0.1,1.320,21,,
"""23484""","Beef, composite of trimmed retail cuts, separable lean only, trimmed to 1/8"" fat, all grades, cooked",85.0,"3.0 oz",0.1,1.261,20,,
"""23483""","Beef, composite of trimmed retail cuts, separable lean only, trimmed to 1/8"" fat, all grades, raw",85.0,"3.0 oz",0.0,0.970,18,,
"""23490""","Beef, composite of trimmed retail cuts, separable lean only, trimmed to 1/8"" fat, choice, raw",113.0,"4.0 oz",0.1,1.250,24,,
"""23498""","Beef, composite of trimmed retail cuts, separable lean only, trimmed to 1/8"" fat, select, cooked",85.0,"3.0 oz",0.1,1.233,19,,
"""23499""","Beef, composite of trimmed retail cuts, separable lean only, trimmed to 1/8"" fat, select, raw",113.0,"4.0 oz",0.0,1.349,25,,
"""13345""","Beef, cured, breakfast strips, cooked",34.0,"3.0 slices",0.1,0.468,9,,
"""13347""","Beef, cured, corned beef, brisket, cooked",85.0,"3.0 oz",0.1,0.766,10,,
"""13065""","Beef, flank, steak, separable lean and fat, trimmed to 0"" fat, choice, raw",28.35,"1.0 oz",0.0,0.298,6,,
"""13069""","Beef, flank, steak, separable lean only, trimmed to 0"" fat, choice, cooked, braised",85.0,"3.0 oz",0.2,1.181,20,,
"""13068""","Beef, flank, steak, separable lean only, trimmed to 0"" fat, choice, raw",113.0,"4.0 oz",0.1,1.217,26,,
"""13494""","Beef, ground, 70% lean meat / 30% fat, crumbles, cooked, pan-browned",85.0,"3.0 oz",0.0,1.067,17,,
"""13495""","Beef, ground, 70% lean meat / 30% fat, loaf, cooked, baked",85.0,"3.0 oz",0.0,0.996,14,,
"""13496""","Beef, ground, 70% lean meat / 30% fat, patty cooked, pan-broiled",85.0,"3.0 oz",0.0,0.955,17,,
"""13497""","Beef, ground, 70% lean meat / 30% fat, patty, cooked, broiled",85.0,"3.0 oz",0.0,1.059,16,,
"""13498""","Beef, ground, 70% lean meat / 30% fat, raw",113.0,"4.0 oz",0.1,0.797,16,,
"""23580""","Beef, ground, 75% lean meat / 25% fat, crumbles, cooked, pan-browned",85.0,"3.0 oz",0.0,1.097,19,,
"""23581""","Beef, ground, 75% lean meat / 25% fat, loaf, cooked, baked",85.0,"3.0 oz",0.0,1.025,15,,
"""23578""","Beef, ground, 75% lean meat / 25% fat, patty, cooked, broiled",85.0,"3.0 oz",0.0,1.067,17,,
"""23579""","Beef, ground, 75% lean meat / 25% fat, patty, cooked, pan-broiled",85.0,"3.0 oz",0.0,0.977,17,,
"""23577""","Beef, ground, 75% lean meat / 25% fat, raw",113.0,"4.0 oz",0.1,0.875,17,,
"""23575""","Beef, ground, 80% lean meat / 20% fat, crumbles, cooked, pan-browned",85.0,"3.0 oz",0.0,1.127,20,,
"""23576""","Beef, ground, 80% lean meat / 20% fat, loaf, cooked, baked",85.0,"3.0 oz",0.0,1.054,16,,
"""23573""","Beef, ground, 80% lean meat / 20% fat, patty, cooked, broiled",85.0,"3.0 oz",0.0,1.074,17,,
"""23574""","Beef, ground, 80% lean meat / 20% fat, patty, cooked, pan-broiled",85.0,"3.0 oz",0.0,1.003,18,,
"""23572""","Beef, ground, 80% lean meat / 20% fat, raw",113.0,"4.0 oz",0.1,0.954,19,,
"""23570""","Beef, ground, 85% lean meat / 15% fat, crumbles, cooked, pan-browned",85.0,"3.0 oz",0.0,1.158,21,,
"""23571""","Beef, ground, 85% lean meat / 15% fat, loaf, cooked, baked",85.0,"3.0 oz",0.0,1.083,17,,
"""23568""","Beef, ground, 85% lean meat / 15% fat, patty, cooked, broiled",85.0,"3.0 oz",0.0,0.777,18,,
"""23569""","Beef, ground, 85% lean meat / 15% fat, patty, cooked, pan-broiled",85.0,"3.0 oz",0.0,1.028,19,,
"""23567""","Beef, ground, 85% lean meat / 15% fat, raw (Includes foods for USDA's Food Distribution Program)",113.0,"4.0 oz",0.1,1.033,20,,
"""23565""","Beef, ground, 90% lean meat / 10% fat, crumbles, cooked, pan-browned",85.0,"3.0 oz",0.0,1.187,23,,
"""23566""","Beef, ground, 90% lean meat / 10% fat, loaf, cooked, baked",85.0,"3.0 oz",0.0,1.111,18,,
"""23563""","Beef, ground, 90% lean meat / 10% fat, patty, cooked, broiled",85.0,"3.0 oz",0.0,1.090,19,,
"""23564""","Beef, ground, 90% lean meat / 10% fat, patty, cooked, pan-broiled",85.0,"3.0 oz",0.0,1.053,20,,
"""23562""","Beef, ground, 90% lean meat / 10% fat, raw",113.0,"4.0 oz",0.1,1.111,23,,
"""23476""","Beef, ground, 93% lean meat / 7% fat, crumbles, cooked, pan-browned",85.0,"3.0 oz",0.0,1.205,24,,
"""23475""","Beef, ground, 93% lean meat / 7% fat, loaf, cooked, baked",85.0,"3.0 oz",0.0,1.129,18,,
"""23473""","Beef, ground, 93% lean meat / 7% fat, patty, cooked, broiled",85.0,"3.0 oz",0.0,1.094,19,,
"""23472""","Beef, ground, 93% lean meat / 7% fat, raw",113.0,"4.0 oz",0.1,1.158,24,,
"""23474""","Beef, ground, 93% lean meat /7% fat, patty, cooked, pan-broiled",85.0,"3.0 oz",0.0,1.068,20,,
"""23560""","Beef, ground, 95% lean meat / 5% fat, crumbles, cooked, pan-browned",85.0,"3.0 oz",0.0,1.218,24,,
"""23561""","Beef, ground, 95% lean meat / 5% fat, loaf, cooked, baked",85.0,"3.0 oz",0.0,1.140,19,,
"""23558""","Beef, ground, 95% lean meat / 5% fat, patty, cooked, broiled",85.0,"3.0 oz",0.0,1.097,19,,
"""23559""","Beef, ground, 95% lean meat / 5% fat, patty, cooked, pan-broiled",85.0,"3.0 oz",0.0,1.079,20,,
"""23557""","Beef, ground, 95% lean meat / 5% fat, raw",113.0,"4.0 oz",0.1,1.190,25,,
"""23481""","Beef, ground, 97% lean meat / 3% fat, crumbles, cooked, pan-browned",85.0,"3.0 oz",0.0,1.230,25,,
"""23480""","Beef, ground, 97% lean meat / 3% fat, loaf, cooked, baked",85.0,"3.0 oz",0.0,1.151,19,,
"""23478""","Beef, ground, 97% lean meat / 3% fat, patty, cooked, broiled",85.0,"3.0 oz",0.0,1.100,20,,
"""23477""","Beef, ground, 97% lean meat / 3% fat, raw",113.0,"4.0 oz",0.1,1.222,25,,
"""23479""","Beef, ground, 97% lean meat /3% fat, patty, cooked, pan-broiled",85.0,"3.0 oz",0.0,1.089,20,,
"""13317""","Beef, ground, patties, frozen, cooked, broiled",85.0,"3.0 oz",0.2,--,16,,
"""23220""","Beef, ground, unspecified fat content, cooked",85.0,"3.0 oz",0.2,1.064,19,,
"""23345""","Beef, loin, tenderloin roast, boneless, separable lean and fat, trimmed to 0"" fat, all grades, cooked, roasted",85.0,"3.0 oz",0.1,1.160,15,,
"""23336""","Beef, loin, tenderloin roast, boneless, separable lean and fat, trimmed to 0"" fat, all grades, raw",113.0,"4.0 oz",0.1,1.224,14,,
"""23346""","Beef, loin, tenderloin roast, boneless, separable lean and fat, trimmed to 0"" fat, choice, cooked, roasted",85.0,"3.0 oz",0.1,1.158,15,,
"""23337""","Beef, loin, tenderloin roast, boneless, separable lean and fat, trimmed to 0"" fat, choice, raw",113.0,"4.0 oz",0.1,1.214,14,,
"""23347""","Beef, loin, tenderloin roast, boneless, separable lean and fat, trimmed to 0"" fat, select, cooked, roasted",85.0,"3.0 oz",0.1,1.180,12,,
"""23338""","Beef, loin, tenderloin roast, boneless, separable lean and fat, trimmed to 0"" fat, select, raw",113.0,"4.0 oz",0.1,1.255,14,,
"""23375""","Beef, loin, tenderloin roast, boneless, separable lean only, trimmed to 0"" fat, all grades, cooked, roasted",85.0,"3.0 oz",0.1,1.260,15,,
"""23366""","Beef, loin, tenderloin roast, boneless, separable lean only, trimmed to 0"" fat, all grades, raw",113.0,"4.0 oz",0.1,1.336,14,,
"""23376""","Beef, loin, tenderloin roast, boneless, separable lean only, trimmed to 0"" fat, choice, cooked, roasted",85.0,"3.0 oz",0.1,1.208,15,,
"""23367""","Beef, loin, tenderloin roast, boneless, separable lean only, trimmed to 0"" fat, choice, raw",113.0,"4.0 oz",0.1,1.272,14,,
"""23368""","Beef, loin, tenderloin roast, boneless, separable lean only, trimmed to 0"" fat, select, raw",113.0,"4.0 oz",0.1,1.458,15,,
"""23377""","Beef, loin, tenderloin roast, separable lean only, boneless, trimmed to 0"" fat, select, cooked, roasted",85.0,"3.0 oz",0.1,1.363,12,,
"""13439""","Beef, loin, tenderloin steak, boneless, separable lean and fat, trimmed to 0"" fat, all grades, cooked, grilled",85.0,"3.0 oz",0.1,1.171,15,,
"""23342""","Beef, loin, tenderloin steak, boneless, separable lean and fat, trimmed to 0"" fat, all grades, raw",113.0,"4.0 oz",0.1,1.227,14,,
"""13440""","Beef, loin, tenderloin steak, boneless, separable lean and fat, trimmed to 0"" fat, choice, cooked, grilled",85.0,"3.0 oz",0.1,1.187,16,,
"""23343""","Beef, loin, tenderloin steak, boneless, separable lean and fat, trimmed to 0"" fat, choice, raw",113.0,"4.0 oz",0.1,1.217,14,,
"""13441""","Beef, loin, tenderloin steak, boneless, separable lean and fat, trimmed to 0"" fat, select, cooked, grilled",85.0,"3.0 oz",0.1,1.171,12,,
"""23344""","Beef, loin, tenderloin steak, boneless, separable lean and fat, trimmed to 0"" fat, select, raw",113.0,"4.0 oz",0.0,1.258,14,,
"""13442""","Beef, loin, tenderloin steak, boneless, separable lean only, trimmed to 0"" fat, all grades, cooked, grilled",85.0,"3.0 oz",0.1,1.306,17,,
"""23372""","Beef, loin, tenderloin steak, boneless, separable lean only, trimmed to 0"" fat, all grades, raw",113.0,"4.0 oz",0.1,1.336,14,,
"""13443""","Beef, loin, tenderloin steak, boneless, separable lean only, trimmed to 0"" fat, choice, cooked, grilled",85.0,"3.0 oz",0.1,1.272,20,,
"""23373""","Beef, loin, tenderloin steak, boneless, separable lean only, trimmed to 0"" fat, choice, raw",113.0,"4.0 oz",0.1,1.272,14,,
"""13444""","Beef, loin, tenderloin steak, boneless, separable lean only, trimmed to 0"" fat, select, cooked, grilled",85.0,"3.0 oz",0.1,1.388,12,,
"""23374""","Beef, loin, tenderloin steak, boneless, separable lean only, trimmed to 0"" fat, select, raw",113.0,"4.0 oz",0.1,1.458,15,,
"""13445""","Beef, loin, top loin steak, boneless, lip off, separable lean and fat, trimmed to 0"" fat, all grades, cooked, grilled",85.0,"3.0 oz",0.1,1.214,16,,
"""23339""","Beef, loin, top loin steak, boneless, lip off, separable lean and fat, trimmed to 0"" fat, all grades, raw",113.0,"4.0 oz",0.1,1.267,12,,
"""13446""","Beef, loin, top loin steak, boneless, lip off, separable lean and fat, trimmed to 0"" fat, choice, cooked, grilled",85.0,"3.0 oz",0.1,1.208,16,,
"""23340""","Beef, loin, top loin steak, boneless, lip off, separable lean and fat, trimmed to 0"" fat, choice, raw",113.0,"4.0 oz",0.1,1.252,12,,
"""13447""","Beef, loin, top loin steak, boneless, lip off, separable lean and fat, trimmed to 0"" fat, select, cooked, grilled",85.0,"3.0 oz",0.1,1.262,13,,
"""23341""","Beef, loin, top loin steak, boneless, lip off, separable lean and fat, trimmed to 0"" fat, select, raw",113.0,"4.0 oz",0.1,1.305,14,,
"""13448""","Beef, loin, top loin steak, boneless, lip off, separable lean only, trimmed to 0"" fat, all grades, cooked, grilled",85.0,"3.0 oz",0.1,1.352,17,,
"""23369""","Beef, loin, top loin steak, boneless, lip off, separable lean only, trimmed to 0"" fat, all grades, raw",113.0,"4.0 oz",0.1,1.405,14,,
"""13449""","Beef, loin, top loin steak, boneless, lip off, separable lean only, trimmed to 0"" fat, choice, cooked, grilled",85.0,"3.0 oz",0.1,1.271,16,,
"""23370""","Beef, loin, top loin steak, boneless, lip off, separable lean only, trimmed to 0"" fat, choice, raw",113.0,"4.0 oz",0.1,1.339,12,,
"""13450""","Beef, loin, top loin steak, boneless, lip off, separable lean only, trimmed to 0"" fat, select, cooked, grilled",85.0,"3.0 oz",0.1,1.464,13,,
"""23371""","Beef, loin, top loin steak, boneless, lip off, separable lean only, trimmed to 0"" fat, select, raw",113.0,"4.0 oz",0.1,1.532,14,,
"""23391""","Beef, loin, top loin steak, boneless, lip-on, separable lean and fat, trimmed to 1/8"" fat, all grades, cooked, grilled",85.0,"3.0 oz",0.1,1.113,17,,
"""23388""","Beef, loin, top loin steak, boneless, lip-on, separable lean and fat, trimmed to 1/8"" fat, all grades, raw",113.0,"4.0 oz",0.1,1.202,12,,
"""23389""","Beef, loin, top loin steak, boneless, lip-on, separable lean and fat, trimmed to 1/8"" fat, choice, cooked, grilled",85.0,"3.0 oz",0.1,1.091,17,,
"""23395""","Beef, loin, top loin steak, boneless, lip-on, separable lean and fat, trimmed to 1/8"" fat, choice, raw",113.0,"4.0 oz",0.1,1.192,11,,
"""23390""","Beef, loin, top loin steak, boneless, lip-on, separable lean and fat, trimmed to 1/8"" fat, select, cooked, grilled",85.0,"3.0 oz",0.1,1.160,18,,
"""23387""","Beef, loin, top loin steak, boneless, lip-on, separable lean and fat, trimmed to 1/8"" fat, select, raw",113.0,"4.0 oz",0.1,1.234,12,,
"""23394""","Beef, loin, top loin steak, boneless, lip-on, separable lean only, trimmed to 1/8"" fat, all grades, cooked, grilled",85.0,"3.0 oz",0.1,1.331,20,,
"""23386""","Beef, loin, top loin steak, boneless, lip-on, separable lean only, trimmed to 1/8"" fat, all grades, raw",113.0,"4.0 oz",0.1,1.405,14,,
"""23392""","Beef, loin, top loin steak, boneless, lip-on, separable lean only, trimmed to 1/8"" fat, choice, cooked, grilled",85.0,"3.0 oz",0.1,1.260,19,,
"""23385""","Beef, loin, top loin steak, boneless, lip-on, separable lean only, trimmed to 1/8"" fat, choice, raw",113.0,"4.0 oz",0.1,1.339,12,,
"""23393""","Beef, loin, top loin steak, boneless, lip-on, separable lean only, trimmed to 1/8"" fat, select, cooked, grilled",85.0,"3.0 oz",0.1,1.467,20,,
"""23384""","Beef, loin, top loin steak, boneless, lip-on, separable lean only, trimmed to 1/8"" fat, select, raw",113.0,"4.0 oz",0.1,1.335,14,,
"""13910""","Beef, loin, top loin, separable lean and fat, trimmed to 1/8"" fat, all grades, cooked, grilled",85.0,"3.0 oz",0.3,1.115,19,,
"""23278""","Beef, loin, top sirloin cap steak, boneless, separable lean and fat, trimmed to 1/8"" fat, all grades, cooked, grilled",85.0,"3.0 oz",0.2,1.105,22,,
"""23281""","Beef, loin, top sirloin cap steak, boneless, separable lean and fat, trimmed to 1/8"" fat, all grades, raw",113.0,"4.0 oz",0.1,1.124,25,,
"""23279""","Beef, loin, top sirloin cap steak, boneless, separable lean and fat, trimmed to 1/8"" fat, choice, cooked, grilled",85.0,"3.0 oz",0.2,1.117,22,,
"""23282""","Beef, loin, top sirloin cap steak, boneless, separable lean and fat, trimmed to 1/8"" fat, choice, raw",113.0,"4.0 oz",0.1,1.112,25,,
"""23280""","Beef, loin, top sirloin cap steak, boneless, separable lean and fat, trimmed to 1/8"" fat, select, cooked, grilled",85.0,"3.0 oz",0.1,1.099,20,,
"""23283""","Beef, loin, top sirloin cap steak, boneless, separable lean and fat, trimmed to 1/8"" fat, select, raw",113.0,"4.0 oz",0.1,1.151,27,,
"""23241""","Beef, loin, top sirloin cap steak, boneless, separable lean only, trimmed to 1/8"" fat, all grades, cooked, grilled",85.0,"3.0 oz",0.1,1.295,21,,
"""23244""","Beef, loin, top sirloin cap steak, boneless, separable lean only, trimmed to 1/8"" fat, all grades, raw",113.0,"4.0 oz",0.1,1.302,28,,
"""23242""","Beef, loin, top sirloin cap steak, boneless, separable lean only, trimmed to 1/8"" fat, choice, cooked, grilled",85.0,"3.0 oz",0.1,1.239,21,,
"""23245""","Beef, loin, top sirloin cap steak, boneless, separable lean only, trimmed to 1/8"" fat, choice, raw",113.0,"4.0 oz",0.1,1.248,27,,
"""23243""","Beef, loin, top sirloin cap steak, boneless, separable lean only, trimmed to 1/8"" fat, select, cooked, grilled",85.0,"3.0 oz",0.1,1.403,22,,
"""23246""","Beef, loin, top sirloin cap steak, boneless, separable lean only, trimmed to 1/8"" fat, select, raw",113.0,"4.0 oz",0.1,1.410,27,,
"""23256""","Beef, loin, top sirloin filet, boneless, separable lean only, trimmed to 0"" fat, all grades, cooked, grilled",85.0,"3.0 oz",0.1,1.401,24,,
"""23257""","Beef, loin, top sirloin filet, boneless, separable lean only, trimmed to 0"" fat, choice, cooked, grilled",85.0,"3.0 oz",0.1,1.338,24,,
"""23258""","Beef, loin, top sirloin filet, boneless, separable lean only, trimmed to 0"" fat, select, cooked, grilled",85.0,"3.0 oz",0.1,1.522,24,,
"""23259""","Beef, loin, top sirloin petite roast, boneless, separable lean only, trimmed to 0"" fat, all grades, cooked, roasted",85.0,"3.0 oz",0.1,1.334,23,,
"""23239""","Beef, loin, top sirloin petite roast, boneless, separable lean only, trimmed to 0"" fat, choice, cooked, roasted",85.0,"3.0 oz",0.1,1.273,23,,
"""23260""","Beef, loin, top sirloin petite roast, boneless, separable lean only, trimmed to 0"" fat, select, cooked, roasted",85.0,"3.0 oz",0.1,1.452,25,,
"""23261""","Beef, loin, top sirloin petite roast/filet, boneless, separable lean only, trimmed to 0"" fat, all grades, raw",113.0,"4.0 oz",0.1,1.402,28,,
"""23240""","Beef, loin, top sirloin petite roast/filet, boneless, separable lean only, trimmed to 0"" fat, choice, raw",113.0,"4.0 oz",0.1,1.349,28,,
"""23262""","Beef, loin, top sirloin petite roast/filet, boneless, separable lean only, trimmed to 0"" fat, select, raw",113.0,"4.0 oz",0.1,1.515,28,,
"""23446""","Beef, New Zealand, imported, bolar blade, separable lean and fat, cooked, fast roasted",85.0,"3.0 oz",0.2,1.174,15,,
"""23447""","Beef, New Zealand, imported, bolar blade, separable lean and fat, raw",113.0,"4.0 oz",0.1,1.062,25,,
"""23397""","Beef, New Zealand, imported, bolar blade, separable lean only, cooked, fast roasted",85.0,"3.0 oz",0.2,1.258,16,,
"""23398""","Beef, New Zealand, imported, bolar blade, separable lean only, raw",113.0,"4.0 oz",0.1,1.102,25,,
"""23448""","Beef, New Zealand, imported, brisket navel end, separable lean and fat, cooked, braised",85.0,"3.0 oz",0.3,0.756,9,,
"""23449""","Beef, New Zealand, imported, brisket navel end, separable lean and fat, raw",113.0,"4.0 oz",0.2,0.789,15,,
"""23399""","Beef, New Zealand, imported, brisket navel end, separable lean only, cooked, braised",85.0,"3.0 oz",0.2,1.101,12,,
"""23401""","Beef, New Zealand, imported, brisket navel end, separable lean only, raw",113.0,"4.0 oz",0.2,0.984,19,,
"""23450""","Beef, New Zealand, imported, brisket point end, separable lean and fat, cooked, braised",85.0,"3.0 oz",0.2,1.198,15,,
"""23451""","Beef, New Zealand, imported, brisket point end, separable lean and fat, raw",113.0,"4.0 oz",0.1,1.000,23,,
"""23402""","Beef, New Zealand, imported, brisket point end, separable lean only, cooked, braised",85.0,"3.0 oz",0.2,1.295,17,,
"""23403""","Beef, New Zealand, imported, brisket point end, separable lean only, raw",113.0,"4.0 oz",0.1,1.043,24,,
"""23452""","Beef, New Zealand, imported, chuck eye roll, separable lean and fat, cooked, braised",85.0,"3.0 oz",0.2,1.123,15,,
"""23453""","Beef, New Zealand, imported, chuck eye roll, separable lean and fat, raw",113.0,"4.0 oz",0.2,1.494,21,,
"""23405""","Beef, New Zealand, imported, chuck eye roll, separable lean only, cooked, braised",85.0,"1.0 serving",0.2,1.204,16,,
"""23404""","Beef, New Zealand, imported, chuck eye roll, separable lean only, raw",113.0,"4.0 oz",0.1,1.600,23,,
"""23454""","Beef, New Zealand, imported, cube roll, separable lean and fat, cooked, fast roasted",85.0,"3.0 oz",0.3,1.042,19,,
"""23455""","Beef, New Zealand, imported, cube roll, separable lean and fat, raw",113.0,"4.0 oz",0.2,0.909,20,,
"""23406""","Beef, New Zealand, imported, cube roll, separable lean only, cooked, fast roasted",85.0,"3.0 oz",0.3,1.129,20,,
"""23407""","Beef, New Zealand, imported, cube roll, separable lean only, raw",113.0,"4.0 oz",0.2,0.986,23,,
"""23456""","Beef, New Zealand, imported, eye round, separable lean and fat, cooked, slow roasted",85.0,"3.0 oz",0.1,1.107,20,,
"""23457""","Beef, New Zealand, imported, eye round, separable lean and fat, raw",113.0,"4.0 oz",0.1,0.992,24,,
"""23408""","Beef, New Zealand, imported, eye round, separable lean only, cooked, slow roasted",85.0,"3.0 oz",0.1,1.114,20,,
"""23409""","Beef, New Zealand, imported, eye round, separable lean only, raw",113.0,"4.0 oz",0.1,1.005,25,,
"""23458""","Beef, New Zealand, imported, flank, separable lean and fat, cooked, braised",85.0,"3.0 oz",0.3,1.131,15,,
"""23459""","Beef, New Zealand, imported, flank, separable lean and fat, raw",113.0,"4.0 oz",0.1,1.003,21,,
"""23410""","Beef, New Zealand, imported, flank, separable lean only, cooked, braised",85.0,"3.0 oz",0.3,1.153,15,,
"""23411""","Beef, New Zealand, imported, flank, separable lean only, raw",113.0,"4.0 oz",0.1,1.024,23,,
"""23460""","Beef, New Zealand, imported, flat, separable lean and fat, cooked, braised",85.0,"3.0 oz",0.0,1.195,14,,
"""23461""","Beef, New Zealand, imported, flat, separable lean and fat, raw",113.0,"4.0 oz",0.0,1.026,21,,
"""23412""","Beef, New Zealand, imported, flat, separable lean only, cooked, braised",85.0,"3.0 oz",0.0,1.246,15,,
"""23413""","Beef, New Zealand, imported, flat, separable lean only, raw",113.0,"4.0 oz",0.0,1.062,23,,
"""23462""","Beef, New Zealand, imported, hind shin, separable lean and fat, cooked, braised",85.0,"3.0 oz",0.2,1.119,16,,
"""23463""","Beef, New Zealand, imported, hind shin, separable lean and fat, raw",113.0,"4.0 oz",0.0,1.028,23,,
"""23416""","Beef, New Zealand, imported, hind shin, separable lean only, cooked, braised",85.0,"3.0 oz",0.2,1.171,17,,
"""23417""","Beef, New Zealand, imported, hind shin, separable lean only, raw",113.0,"4.0 oz",0.0,1.070,24,,
"""23418""","Beef, New Zealand, imported, inside, raw",113.0,"4.0 oz",0.3,1.105,25,,
"""23419""","Beef, New Zealand, imported, intermuscular fat, cooked",85.0,"3.0 oz",0.3,0.297,8,,
"""23420""","Beef, New Zealand, imported, intermuscular fat, raw",113.0,"4.0 oz",0.3,0.347,8,,
"""23422""","Beef, New Zealand, imported, knuckle, cooked, fast fried",85.0,"3.0 oz",0.1,1.032,22,,
"""23426""","Beef, New Zealand, imported, manufacturing beef, cooked, boiled",85.0,"3.0 oz",0.1,0.909,14,,
"""23427""","Beef, New Zealand, imported, manufacturing beef, raw",113.0,"4.0 oz",0.1,1.059,24,,
"""23464""","Beef, New Zealand, imported, oyster blade, separable lean and fat, cooked, braised",85.0,"3.0 oz",0.2,1.118,14,,
"""23440""","Beef, New Zealand, imported, oyster blade, separable lean and fat, raw",113.0,"4.0 oz",0.2,1.061,20,,
"""23428""","Beef, New Zealand, imported, oyster blade, separable lean only, cooked, braised",85.0,"3.0 oz",0.2,1.120,14,,
"""23429""","Beef, New Zealand, imported, oyster blade, separable lean only, raw",113.0,"4.0 oz",0.2,1.089,20,,
"""23430""","Beef, New Zealand, imported, ribs prepared, cooked, fast roasted",85.0,"3.0 oz",0.3,1.022,19,,
"""23431""","Beef, New Zealand, imported, ribs prepared, raw",113.0,"4.0 oz",0.2,1.063,23,,
"""23465""","Beef, New Zealand, imported, rump centre, separable lean and fat, cooked, fast fried",85.0,"3.0 oz",0.2,1.126,25,,
"""23467""","Beef, New Zealand, imported, rump centre, separable lean and fat, raw",113.0,"4.0 oz",0.1,1.080,25,,
"""23432""","Beef, New Zealand, imported, rump centre, separable lean only, cooked, fast fried",85.0,"3.0 oz",0.2,1.132,25,,
"""23466""","Beef, New Zealand, imported, rump centre, separable lean only, raw",113.0,"4.0 oz",0.1,1.085,25,,
"""23468""","Beef, New Zealand, imported, striploin, separable lean and fat, cooked, fast fried",85.0,"3.0 oz",0.3,0.934,18,,
"""23469""","Beef, New Zealand, imported, striploin, separable lean and fat, raw",113.0,"4.0 oz",0.2,0.922,19,,
"""23433""","Beef, New Zealand, imported, striploin, separable lean only, cooked, fast fried",85.0,"3.0 oz",0.3,1.070,20,,
"""23434""","Beef, New Zealand, imported, striploin, separable lean only, raw",113.0,"4.0 oz",0.2,1.044,23,,
"""23435""","Beef, New Zealand, imported, subcutaneous fat, cooked",85.0,"3.0 oz",0.3,0.244,6,,
"""23436""","Beef, New Zealand, imported, subcutaneous fat, raw",113.0,"4.0 oz",0.3,0.424,6,,
"""23437""","Beef, New Zealand, imported, sweetbread, cooked, boiled",85.0,"3.0 oz",0.5,0.470,14,,
"""23438""","Beef, New Zealand, imported, sweetbread, raw",113.0,"4.0 oz",0.7,0.574,17,,
"""23470""","Beef, New Zealand, imported, tenderloin, separable lean and fat, cooked, fast fried",85.0,"3.0 oz",0.2,1.097,26,,
"""23471""","Beef, New Zealand, imported, tenderloin, separable lean and fat, raw",113.0,"4.0 oz",0.1,1.050,27,,
"""23439""","Beef, New Zealand, imported, tenderloin, separable lean only, cooked, fast fried",85.0,"3.0 oz",0.2,1.102,26,,
"""23441""","Beef, New Zealand, imported, tenderloin, separable lean only, raw",113.0,"4.0 oz",0.1,1.057,27,,
"""23424""","Beef, New Zealand, imported, variety meats and by-products liver, cooked, boiled",85.0,"3.0 oz",0.1,0.874,18,,
"""23414""","Beef, New Zealand, imported, variety meats and by-products, heart, cooked, boiled",85.0,"3.0 oz",0.2,1.174,22,,
"""23415""","Beef, New Zealand, imported, variety meats and by-products, heart, raw",113.0,"4.0 oz",0.2,0.924,25,,
"""23421""","Beef, New Zealand, imported, variety meats and by-products, kidney, cooked, boiled",85.0,"3.0 oz",0.7,1.023,15,,
"""23423""","Beef, New Zealand, imported, variety meats and by-products, kidney, raw",113.0,"4.0 oz",0.2,0.782,17,,
"""23425""","Beef, New Zealand, imported, variety meats and by-products, liver, raw",113.0,"4.0 oz",0.0,1.023,21,,
"""23442""","Beef, New Zealand, imported, variety meats and by-products, tongue, cooked, boiled",85.0,"3.0 oz",0.3,0.687,14,,
"""23443""","Beef, New Zealand, imported, variety meats and by-products, tongue, raw",113.0,"4.0 oz",0.3,0.886,18,,
"""23444""","Beef, New Zealand, imported, variety meats and by-products, tripe cooked, boiled",85.0,"3.0 oz",0.3,0.713,20,,
"""23445""","Beef, New Zealand, imported, variety meats and by-products, tripe uncooked, raw",113.0,"4.0 oz",0.2,0.741,21,,
"""23214""","Beef, plate steak, boneless, inside skirt, separable lean and fat, trimmed to 0"" fat, all grades, cooked, grilled",85.0,"3.0 oz",0.1,1.248,20,,
"""23217""","Beef, plate steak, boneless, inside skirt, separable lean and fat, trimmed to 0"" fat, all grades, raw",113.0,"4.0 oz",0.1,1.151,23,,
"""23218""","Beef, plate steak, boneless, inside skirt, separable lean and fat, trimmed to 0"" fat, choice, raw",113.0,"4.0 oz",0.1,1.132,23,,
"""23216""","Beef, plate steak, boneless, inside skirt, separable lean and fat, trimmed to 0"" fat, select, cooked, grilled",85.0,"3.0 oz",0.1,1.295,20,,
"""23219""","Beef, plate steak, boneless, inside skirt, separable lean and fat, trimmed to 0"" fat, select, raw",113.0,"4.0 oz",0.1,1.196,24,,
"""23162""","Beef, plate steak, boneless, inside skirt, separable lean only, trimmed to 0"" fat, all grades, cooked, grilled",85.0,"3.0 oz",0.1,1.374,20,,
"""23163""","Beef, plate steak, boneless, inside skirt, separable lean only, trimmed to 0"" fat, all grades, raw",113.0,"4.0 oz",0.1,1.289,24,,
"""23164""","Beef, plate steak, boneless, inside skirt, separable lean only, trimmed to 0"" fat, choice, cooked, grilled",85.0,"3.0 oz",0.1,1.300,20,,
"""23165""","Beef, plate steak, boneless, inside skirt, separable lean only, trimmed to 0"" fat, choice, raw",113.0,"4.0 oz",0.1,1.220,24,,
"""23166""","Beef, plate steak, boneless, inside skirt, separable lean only, trimmed to 0"" fat, select, cooked, grilled",85.0,"3.0 oz",0.1,1.516,20,,
"""23167""","Beef, plate steak, boneless, inside skirt, separable lean only, trimmed to 0"" fat, select, raw",113.0,"4.0 oz",0.1,1.420,25,,
"""23221""","Beef, plate steak, boneless, outside skirt, separable lean and fat, trimmed to 0"" fat, all grades, cooked, grilled",85.0,"3.0 oz",0.2,1.149,20,,
"""23224""","Beef, plate steak, boneless, outside skirt, separable lean and fat, trimmed to 0"" fat, all grades, raw",113.0,"4.0 oz",0.1,1.016,21,,
"""23222""","Beef, plate steak, boneless, outside skirt, separable lean and fat, trimmed to 0"" fat, choice, cooked, grilled",85.0,"3.0 oz",0.2,1.124,20,,
"""23225""","Beef, plate steak, boneless, outside skirt, separable lean and fat, trimmed to 0"" fat, choice, raw",113.0,"4.0 oz",0.1,0.998,21,,
"""23223""","Beef, plate steak, boneless, outside skirt, separable lean and fat, trimmed to 0"" fat, select, cooked, grilled",85.0,"3.0 oz",0.1,1.204,22,,
"""23226""","Beef, plate steak, boneless, outside skirt, separable lean and fat, trimmed to 0"" fat, select, raw",113.0,"4.0 oz",0.1,1.055,23,,
"""23168""","Beef, plate steak, boneless, outside skirt, separable lean only, trimmed to 0"" fat, all grades, cooked, grilled",85.0,"3.0 oz",0.2,1.267,21,,
"""23169""","Beef, plate steak, boneless, outside skirt, separable lean only, trimmed to 0"" fat, all grades, raw",113.0,"4.0 oz",0.2,1.141,23,,
"""23170""","Beef, plate steak, boneless, outside skirt, separable lean only, trimmed to 0"" fat, choice, cooked, grilled",85.0,"3.0 oz",0.2,1.188,20,,
"""23171""","Beef, plate steak, boneless, outside skirt, separable lean only, trimmed to 0"" fat, choice, raw",113.0,"4.0 oz",0.2,1.079,23,,
"""23172""","Beef, plate steak, boneless, outside skirt, separable lean only, trimmed to 0"" fat, select, cooked, grilled",85.0,"3.0 oz",0.2,1.417,22,,
"""23173""","Beef, plate steak, boneless, outside skirt, separable lean only, trimmed to 0"" fat, select, raw",113.0,"4.0 oz",0.2,1.259,24,,
"""13020""","Beef, retail cuts, separable fat, cooked",28.35,"1.0 oz",0.1,0.150,2,,
"""13019""","Beef, retail cuts, separable fat, raw",28.35,"1.0 oz",0.1,0.115,1,,
"""23191""","Beef, rib eye roast, bone-in, lip-on, separable lean and fat, trimmed to 1/8"" fat, all grades, cooked, roasted",85.0,"3.0 oz",0.2,0.997,18,,
"""23189""","Beef, rib eye roast, bone-in, lip-on, separable lean and fat, trimmed to 1/8"" fat, choice, cooked, roasted",85.0,"3.0 oz",0.2,0.999,18,,
"""23146""","Beef, rib eye roast, bone-in, lip-on, separable lean only, trimmed to 1/8"" fat, all grades, cooked, roasted",85.0,"3.0 oz",0.1,1.242,20,,
"""23101""","Beef, rib eye roast, bone-in, lip-on, separable lean only, trimmed to 1/8"" fat, choice, cooked, roasted",85.0,"3.0 oz",0.1,1.194,20,,
"""23147""","Beef, rib eye roast, bone-in, lip-on, separable lean only, trimmed to 1/8"" fat, select, cooked, roasted",85.0,"3.0 oz",0.1,1.337,20,,
"""23198""","Beef, rib eye roast, boneless, lip-on, separable lean and fat, trimmed to 1/8"" fat, all grades, cooked, roasted",85.0,"3.0 oz",0.2,1.032,18,,
"""23199""","Beef, rib eye roast, boneless, lip-on, separable lean and fat, trimmed to 1/8"" fat, choice, cooked, roasted",85.0,"3.0 oz",0.2,1.016,18,,
"""23200""","Beef, rib eye roast, boneless, lip-on, separable lean and fat, trimmed to 1/8"" fat, select, cooked, roasted",85.0,"3.0 oz",0.1,1.071,19,,
"""23159""","Beef, rib eye roast, boneless, lip-on, separable lean only, trimmed to 1/8"" fat, all grades, cooked, roasted",85.0,"3.0 oz",0.1,1.292,20,,
"""23160""","Beef, rib eye roast, boneless, lip-on, separable lean only, trimmed to 1/8"" fat, choice, cooked, roasted",85.0,"3.0 oz",0.1,1.225,20,,
"""23161""","Beef, rib eye roast, boneless, lip-on, separable lean only, trimmed to 1/8"" fat, select, cooked, roasted",85.0,"3.0 oz",0.1,1.420,21,,
"""23188""","Beef, rib eye steak, bone-in, lip-on, separable lean and fat, trimmed to 1/8"" fat, all grades, cooked, grilled",85.0,"3.0 oz",0.2,0.973,18,,
"""23186""","Beef, rib eye steak, bone-in, lip-on, separable lean and fat, trimmed to 1/8"" fat, choice, cooked, grilled",85.0,"3.0 oz",0.2,0.964,19,,
"""23187""","Beef, rib eye steak, bone-in, lip-on, separable lean and fat, trimmed to 1/8"" fat, select, cooked, grilled",85.0,"3.0 oz",0.2,1.000,18,,
"""23156""","Beef, rib eye steak, bone-in, lip-on, separable lean only, trimmed to 1/8"" fat, all grades, cooked, grilled",85.0,"3.0 oz",0.1,1.255,21,,
"""23157""","Beef, rib eye steak, bone-in, lip-on, separable lean only, trimmed to 1/8"" fat, choice, cooked, grilled",85.0,"3.0 oz",0.1,1.188,21,,
"""23158""","Beef, rib eye steak, bone-in, lip-on, separable lean only, trimmed to 1/8"" fat, select, cooked, grilled",85.0,"3.0 oz",0.1,1.383,21,,
"""23227""","Beef, rib eye steak, boneless, lip off, separable lean and fat, trimmed to 0"" fat, all grades, cooked, grilled",85.0,"3.0 oz",0.1,1.056,20,,
"""23230""","Beef, rib eye steak, boneless, lip off, separable lean and fat, trimmed to 0"" fat, all grades, raw",113.0,"4.0 oz",0.1,1.088,23,,
"""23228""","Beef, rib eye steak, boneless, lip off, separable lean and fat, trimmed to 0"" fat, choice, cooked, grilled",85.0,"3.0 oz",0.2,1.014,20,,
"""23231""","Beef, rib eye steak, boneless, lip off, separable lean and fat, trimmed to 0"" fat, choice, raw",113.0,"4.0 oz",0.1,1.054,21,,
"""23229""","Beef, rib eye steak, boneless, lip off, separable lean and fat, trimmed to 0"" fat, select, cooked, grilled",85.0,"3.0 oz",0.1,1.133,21,,
"""23232""","Beef, rib eye steak, boneless, lip off, separable lean and fat, trimmed to 0"" fat, select, raw",113.0,"4.0 oz",0.1,1.153,24,,
"""23174""","Beef, rib eye steak, boneless, lip off, separable lean only, trimmed to 0"" fat, all grades, cooked, grilled",85.0,"3.0 oz",0.1,1.288,21,,
"""23175""","Beef, rib eye steak, boneless, lip off, separable lean only, trimmed to 0"" fat, all grades, raw",113.0,"4.0 oz",0.1,1.339,26,,
"""23176""","Beef, rib eye steak, boneless, lip off, separable lean only, trimmed to 0"" fat, choice, cooked, grilled",85.0,"3.0 oz",0.1,1.200,21,,
"""23177""","Beef, rib eye steak, boneless, lip off, separable lean only, trimmed to 0"" fat, choice, raw",113.0,"4.0 oz",0.1,1.263,25,,
"""23178""","Beef, rib eye steak, boneless, lip off, separable lean only, trimmed to 0"" fat, select, cooked, grilled",85.0,"3.0 oz",0.1,1.433,22,,
"""23179""","Beef, rib eye steak, boneless, lip off, separable lean only, trimmed to 0"" fat, select, raw",113.0,"4.0 oz",0.1,1.477,26,,
"""23197""","Beef, rib eye steak, boneless, lip-on, separable lean and fat, trimmed to 1/8"" fat, all grades, cooked, grilled",85.0,"3.0 oz",0.2,1.006,19,,
"""23195""","Beef, rib eye steak, boneless, lip-on, separable lean and fat, trimmed to 1/8"" fat, choice, cooked, grilled",85.0,"3.0 oz",0.2,0.973,18,,
"""23196""","Beef, rib eye steak, boneless, lip-on, separable lean and fat, trimmed to 1/8"" fat, select, cooked, grilled",85.0,"3.0 oz",0.1,1.070,20,,
"""23100""","Beef, rib eye steak, boneless, lip-on, separable lean only, trimmed to 1/8"" fat, all grades, cooked, grilled",85.0,"3.0 oz",0.1,1.281,21,,
"""23148""","Beef, rib eye steak, boneless, lip-on, separable lean only, trimmed to 1/8"" fat, choice, cooked, grilled",85.0,"3.0 oz",0.1,1.200,21,,
"""23149""","Beef, rib eye steak, boneless, lip-on, separable lean only, trimmed to 1/8"" fat, select, cooked, grilled",85.0,"3.0 oz",0.1,1.433,22,,
"""23192""","Beef, rib eye steak/roast, bone-in, lip-on, separable lean and fat, trimmed to 1/8"" fat, all grades, raw",113.0,"4.0 oz",0.2,1.024,20,,
"""23193""","Beef, rib eye steak/roast, bone-in, lip-on, separable lean and fat, trimmed to 1/8"" fat, choice, raw",113.0,"4.0 oz",0.2,1.011,20,,
"""23194""","Beef, rib eye steak/roast, bone-in, lip-on, separable lean and fat, trimmed to 1/8"" fat, select, raw",113.0,"4.0 oz",0.1,1.057,20,,
"""23150""","Beef, rib eye steak/roast, bone-in, lip-on, separable lean only, trimmed to 1/8"" fat, all grades, raw",113.0,"4.0 oz",0.1,1.292,24,,
"""23151""","Beef, rib eye steak/roast, bone-in, lip-on, separable lean only, trimmed to 1/8"" fat, choice, raw",113.0,"4.0 oz",0.1,1.223,25,,
"""23152""","Beef, rib eye steak/roast, bone-in, lip-on, separable lean only, trimmed to 1/8"" fat, select, raw",113.0,"4.0 oz",0.1,1.424,24,,
"""23201""","Beef, rib eye steak/roast, boneless, lip-on, separable lean and fat, trimmed to 1/8"" fat, all grades, raw",113.0,"4.0 oz",0.1,1.064,21,,
"""23202""","Beef, rib eye steak/roast, boneless, lip-on, separable lean and fat, trimmed to 1/8"" fat, choice, raw",113.0,"4.0 oz",0.2,1.038,21,,
"""23213""","Beef, rib eye steak/roast, boneless, lip-on, separable lean and fat, trimmed to 1/8"" fat, select, raw",113.0,"4.0 oz",0.1,1.120,23,,
"""23153""","Beef, rib eye steak/roast, boneless, lip-on, separable lean only, trimmed to 1/8"" fat, all grades, raw",113.0,"4.0 oz",0.1,1.339,26,,
"""23154""","Beef, rib eye steak/roast, boneless, lip-on, separable lean only, trimmed to 1/8"" fat, choice, raw",113.0,"4.0 oz",0.1,1.263,25,,
"""23155""","Beef, rib eye steak/roast, boneless, lip-on, separable lean only, trimmed to 1/8"" fat, select, raw",113.0,"4.0 oz",0.1,1.483,26,,
"""23233""","Beef, rib, back ribs, bone-in, separable lean and fat, trimmed to 0"" fat, all grades, cooked, braised",85.0,"3.0 oz",0.2,1.029,19,,
"""23236""","Beef, rib, back ribs, bone-in, separable lean and fat, trimmed to 0"" fat, all grades, raw",113.0,"4.0 oz",0.2,0.912,19,,
"""23234""","Beef, rib, back ribs, bone-in, separable lean and fat, trimmed to 0"" fat, choice, cooked, braised",85.0,"3.0 oz",0.2,0.991,19,,
"""23235""","Beef, rib, back ribs, bone-in, separable lean and fat, trimmed to 0"" fat, select, cooked, braised",85.0,"3.0 oz",0.2,1.102,20,,
"""23238""","Beef, rib, back ribs, bone-in, separable lean and fat, trimmed to 0"" fat, select, raw",113.0,"4.0 oz",0.2,0.959,19,,
"""23180""","Beef, rib, back ribs, bone-in, separable lean only, trimmed to 0"" fat, all grades, cooked, braised",85.0,"3.0 oz",0.2,1.299,22,,
"""23182""","Beef, rib, back ribs, bone-in, separable lean only, trimmed to 0"" fat, choice, cooked, braised",85.0,"3.0 oz",0.2,1.220,22,,
"""23183""","Beef, rib, back ribs, bone-in, separable lean only, trimmed to 0"" fat, choice, raw",113.0,"4.0 oz",0.2,1.094,23,,
"""23184""","Beef, rib, back ribs, bone-in, separable lean only, trimmed to 0"" fat, select, cooked, braised",85.0,"3.0 oz",0.1,1.448,22,,
"""23185""","Beef, rib, back ribs, bone-in, separable lean only, trimmed to 0"" fat, select, raw",113.0,"4.0 oz",0.1,1.296,23,,
"""13840""","Beef, rib, large end (ribs 6-9), separable lean and fat, trimmed to 1/8"" fat, all grades, cooked, roasted",85.0,"3.0 oz",0.4,0.951,17,,
"""13388""","Beef, rib, large end (ribs 6-9), separable lean only, trimmed to 0"" fat, all grades, cooked, roasted",85.0,"3.0 oz",0.2,1.161,21,,
"""13148""","Beef, rib, shortribs, separable lean and fat, choice, cooked, braised",85.0,"3.0 oz",0.6,0.909,13,,
"""13150""","Beef, rib, shortribs, separable lean only, choice, cooked, braised",121.0,"1.0 piece, cooked, excluding refuse (yield from 1 lb raw meat with refuse)",0.4,1.846,27,,
"""13391""","Beef, rib, small end (ribs 10-12), separable lean and fat, trimmed to 0"" fat, all grades, cooked, broiled",85.0,"3.0 oz",0.2,1.150,20,,
"""13851""","Beef, rib, small end (ribs 10-12), separable lean and fat, trimmed to 1/8"" fat, all grades, cooked, broiled",85.0,"3.0 oz",0.3,1.091,19,,
"""13394""","Beef, rib, small end (ribs 10-12), separable lean only, trimmed to 0"" fat, all grades, cooked, broiled",85.0,"3.0 oz",0.1,1.240,21,,
"""23638""","Beef, rib, small end (ribs 10-12), separable lean only, trimmed to 1/8"" fat, all grades, cooked, broiled",85.0,"3.0 oz",0.1,1.247,21,,
"""23626""","Beef, rib, small end (ribs 10-12), separable lean only, trimmed to 1/8""fat, choice, cooked, broiled",85.0,"3.0 oz",0.1,1.193,20,,
"""13829""","Beef, rib, whole (ribs 6-12), separable lean and fat, trimmed to 1/8"" fat, choice, cooked, roasted",85.0,"3.0 oz",0.4,0.934,17,,
"""23263""","Beef, ribeye  petite roast/filet, boneless, separable lean only, trimmed to 0"" fat, all grades, raw",113.0,"4.0 oz",0.1,1.380,29,,
"""23264""","Beef, ribeye  petite roast/filet, boneless, separable lean only, trimmed to 0"" fat, choice, raw",113.0,"4.0 oz",0.1,1.315,29,,
"""23265""","Beef, ribeye  petite roast/filet, boneless, separable lean only, trimmed to 0"" fat, select, raw",113.0,"4.0 oz",0.1,1.438,29,,
"""23266""","Beef, ribeye cap steak, boneless, separable lean only, trimmed to 0"" fat, all grades, cooked, grilled",85.0,"3.0 oz",0.1,1.129,21,,
"""23269""","Beef, ribeye cap steak, boneless, separable lean only, trimmed to 0"" fat, all grades, raw",113.0,"4.0 oz",0.1,1.189,27,,
"""23267""","Beef, ribeye cap steak, boneless, separable lean only, trimmed to 0"" fat, choice, cooked, grilled",85.0,"3.0 oz",0.1,1.065,21,,
"""23270""","Beef, ribeye cap steak, boneless, separable lean only, trimmed to 0"" fat, choice, raw",113.0,"4.0 oz",0.1,1.137,27,,
"""23268""","Beef, ribeye cap steak, boneless, separable lean only, trimmed to 0"" fat, select, cooked, grilled",85.0,"3.0 oz",0.1,1.250,20,,
"""23271""","Beef, ribeye cap steak, boneless, separable lean only, trimmed to 0"" fat, select, raw",113.0,"4.0 oz",0.1,1.318,28,,
"""23272""","Beef, ribeye filet, boneless, separable lean only, trimmed to 0"" fat, all grades, cooked, grilled",85.0,"3.0 oz",0.1,1.317,24,,
"""23273""","Beef, ribeye filet, boneless, separable lean only, trimmed to 0"" fat, choice, cooked, grilled",85.0,"3.0 oz",0.1,1.246,24,,
"""23274""","Beef, ribeye filet, boneless, separable lean only, trimmed to 0"" fat, select, cooked, grilled",85.0,"3.0 oz",0.1,1.369,23,,
"""23275""","Beef, ribeye petite roast, boneless, separable lean only, trimmed to 0"" fat, all grades, cooked, roasted",85.0,"3.0 oz",0.1,1.289,24,,
"""23276""","Beef, ribeye petite roast, boneless, separable lean only, trimmed to 0"" fat, choice, cooked, roasted",85.0,"3.0 oz",0.1,1.231,22,,
"""23277""","Beef, ribeye petite roast, boneless, separable lean only, trimmed to 0"" fat, select, cooked, roasted",85.0,"3.0 oz",0.1,1.403,22,,
"""23590""","Beef, round, bottom round , roast, separable lean only, trimmed to 1/8"" fat, select, cooked, roasted",85.0,"3.0 oz",0.1,1.199,16,,
"""13398""","Beef, round, bottom round, steak, separable lean and fat, trimmed to 0"" fat, all grades, cooked, braised",85.0,"3.0 oz",0.2,1.415,19,,
"""13869""","Beef, round, bottom round, steak, separable lean and fat, trimmed to 1/8"" fat, all grades, cooked, braised",85.0,"3.0 oz",0.2,1.381,18,,
"""13407""","Beef, round, bottom round, steak, separable lean only, trimmed to 0"" fat, all grades, cooked, braised",85.0,"3.0 oz",0.1,1.434,20,,
"""23605""","Beef, round, bottom round, steak, separable lean only, trimmed to 1/8"" fat, all grades, cooked, braised",85.0,"3.0 oz",0.1,1.448,20,,
"""23622""","Beef, round, bottom round, steak, separable lean only, trimmed to 1/8"" fat, choice, cooked, braised",85.0,"3.0 oz",0.1,1.443,20,,
"""13415""","Beef, round, eye of round roast, boneless, separable lean and fat, trimmed to 0"" fat, all grades, cooked, roasted",85.0,"3.0 oz",0.0,1.289,13,,
"""23330""","Beef, round, eye of round roast, boneless, separable lean and fat, trimmed to 0"" fat, all grades, raw",113.0,"4.0 oz",0.0,1.314,14,,
"""13416""","Beef, round, eye of round roast, boneless, separable lean and fat, trimmed to 0"" fat, choice, cooked, roasted",85.0,"3.0 oz",0.0,1.297,13,,
"""23331""","Beef, round, eye of round roast, boneless, separable lean and fat, trimmed to 0"" fat, choice, raw",113.0,"4.0 oz",0.0,1.313,14,,
"""13417""","Beef, round, eye of round roast, boneless, separable lean and fat, trimmed to 0"" fat, select, cooked, roasted",85.0,"3.0 oz",0.0,1.325,12,,
"""23332""","Beef, round, eye of round roast, boneless, separable lean and fat, trimmed to 0"" fat, select, raw",113.0,"4.0 oz",0.0,1.335,12,,
"""13418""","Beef, round, eye of round roast, boneless, separable lean only, trimmed to 0"" fat, all grades, cooked, roasted",85.0,"3.0 oz",0.0,1.408,13,,
"""23360""","Beef, round, eye of round roast, boneless, separable lean only, trimmed to 0"" fat, all grades, raw",113.0,"4.0 oz",0.0,1.423,14,,
"""13419""","Beef, round, eye of round roast, boneless, separable lean only, trimmed to 0"" fat, choice, cooked, roasted",85.0,"3.0 oz",0.0,1.340,13,,
"""23361""","Beef, round, eye of round roast, boneless, separable lean only, trimmed to 0"" fat, choice, raw",113.0,"4.0 oz",0.0,1.365,14,,
"""13420""","Beef, round, eye of round roast, boneless, separable lean only, trimmed to 0"" fat, select, cooked, roasted",85.0,"3.0 oz",0.0,1.536,12,,
"""23362""","Beef, round, eye of round roast, boneless, separable lean only, trimmed to 0"" fat, select, raw",113.0,"4.0 oz",0.0,1.539,12,,
"""23334""","Beef, round, eye of round steak, boneless separable lean and fat, trimmed to 0"" fat, choice, raw",113.0,"4.0 oz",0.0,1.312,14,,
"""23351""","Beef, round, eye of round steak, boneless, separable lean and fat, trimmed to 0"" fat, all grades, cooked, grilled",85.0,"3.0 oz",0.0,1.260,13,,
"""23333""","Beef, round, eye of round steak, boneless, separable lean and fat, trimmed to 0"" fat, all grades, raw",113.0,"4.0 oz",0.0,1.314,14,,
"""23352""","Beef, round, eye of round steak, boneless, separable lean and fat, trimmed to 0"" fat, choice, cooked, grilled",85.0,"3.0 oz",0.0,1.265,14,,
"""23353""","Beef, round, eye of round steak, boneless, separable lean and fat, trimmed to 0"" fat, select, cooked, grilled",85.0,"3.0 oz",0.0,1.270,13,,
"""23335""","Beef, round, eye of round steak, boneless, separable lean and fat, trimmed to 0"" fat, select, raw",85.0,"3.0 oz",0.0,1.004,9,,
"""23381""","Beef, round, eye of round steak, boneless, separable lean only, trimmed to 0"" fat, all grades, cooked, grilled",85.0,"3.0 oz",0.0,1.367,13,,
"""23363""","Beef, round, eye of round steak, boneless, separable lean only, trimmed to 0"" fat, all grades, raw",113.0,"4.0 oz",0.0,1.423,14,,
"""23382""","Beef, round, eye of round steak, boneless, separable lean only, trimmed to 0"" fat, choice, cooked, grilled",85.0,"3.0 oz",0.0,1.316,14,,
"""23364""","Beef, round, eye of round steak, boneless, separable lean only, trimmed to 0"" fat, choice, raw",113.0,"4.0 oz",0.0,1.365,14,,
"""23383""","Beef, round, eye of round steak, boneless, separable lean only, trimmed to 0"" fat, select, cooked, grilled",85.0,"3.0 oz",0.0,1.460,13,,
"""23365""","Beef, round, eye of round steak, boneless, separable lean only, trimmed to 0"" fat, select, raw",113.0,"4.0 oz",0.0,1.539,12,,
"""13878""","Beef, round, eye of round, roast, separable lean and fat, trimmed to 1/8"" fat, all grades, cooked, roasted",85.0,"3.0 oz",0.2,1.193,15,,
"""23598""","Beef, round, eye of round, roast, separable lean only, trimmed to 1/8"" fat, all grades, cooked, roasted",85.0,"3.0 oz",0.1,1.254,17,,
"""23616""","Beef, round, eye of round, roast, separable lean only, trimmed to 1/8"" fat, choice, raw",113.0,"4.0 oz",0.0,1.283,28,,
"""13865""","Beef, round, full cut, separable lean and fat, trimmed to 1/8"" fat, choice, cooked, broiled",85.0,"3.0 oz",0.2,1.138,22,,
"""13864""","Beef, round, full cut, separable lean and fat, trimmed to 1/8"" fat, choice, raw",113.0,"4.0 oz",0.2,1.130,25,,
"""13156""","Beef, round, full cut, separable lean only, trimmed to 1/4"" fat, choice, cooked, broiled",85.0,"3.0 oz",0.1,1.232,24,,
"""13421""","Beef, round, tip round, roast, separable lean and fat, trimmed to 0"" fat, all grades, cooked, roasted",85.0,"3.0 oz",0.2,1.130,14,,
"""13884""","Beef, round, tip round, roast, separable lean and fat, trimmed to 1/8"" fat, all grades, cooked, roasted",85.0,"3.0 oz",0.2,1.135,22,,
"""13886""","Beef, round, tip round, roast, separable lean and fat, trimmed to 1/8"" fat, choice, cooked, roasted",85.0,"3.0 oz",0.2,1.127,21,,
"""13888""","Beef, round, tip round, roast, separable lean and fat, trimmed to 1/8"" fat, select, cooked, roasted",85.0,"3.0 oz",0.2,1.142,22,,
"""13424""","Beef, round, tip round, roast, separable lean only, trimmed to 0"" fat, all grades, cooked, roasted",85.0,"3.0 oz",0.1,1.161,15,,
"""23348""","Beef, round, top round roast, boneless, separable lean and fat, trimmed to 0"" fat, all grades, cooked, roasted",85.0,"3.0 oz",0.0,1.312,13,,
"""23327""","Beef, round, top round roast, boneless, separable lean and fat, trimmed to 0"" fat, all grades, raw",113.0,"4.0 oz",0.0,1.324,14,,
"""23349""","Beef, round, top round roast, boneless, separable lean and fat, trimmed to 0"" fat, choice, cooked, roasted",85.0,"3.0 oz",0.0,1.308,13,,
"""23328""","Beef, round, top round roast, boneless, separable lean and fat, trimmed to 0"" fat, choice, raw",113.0,"4.0 oz",0.0,1.324,14,,
"""23350""","Beef, round, top round roast, boneless, separable lean and fat, trimmed to 0"" fat, select, cooked, roasted",85.0,"3.0 oz",0.0,1.335,13,,
"""23329""","Beef, round, top round roast, boneless, separable lean and fat, trimmed to 0"" fat, select, raw",113.0,"4.0 oz",0.0,1.344,14,,
"""23378""","Beef, round, top round roast, boneless, separable lean only, trimmed to 0"" fat, all grades, cooked, roasted",85.0,"3.0 oz",0.0,1.422,13,,
"""23357""","Beef, round, top round roast, boneless, separable lean only, trimmed to 0"" fat, all grades, raw",113.0,"4.0 oz",0.0,1.436,14,,
"""23379""","Beef, round, top round roast, boneless, separable lean only, trimmed to 0"" fat, choice, cooked, roasted",85.0,"3.0 oz",0.0,1.353,13,,
"""23358""","Beef, round, top round roast, boneless, separable lean only, trimmed to 0"" fat, choice, raw",113.0,"4.0 oz",0.0,1.379,14,,
"""23380""","Beef, round, top round roast, boneless, separable lean only, trimmed to 0"" fat, select, cooked, roasted",85.0,"3.0 oz",0.0,1.547,13,,
"""23359""","Beef, round, top round roast, boneless, separable lean only, trimmed to 0"" fat, select, raw",113.0,"4.0 oz",0.0,1.551,14,,
"""13959""","Beef, round, top round steak, boneless, separable lean and fat, trimmed to 0"" fat, all grades, cooked, grilled",85.0,"3.0 oz",0.0,1.386,14,,
"""23324""","Beef, round, top round steak, boneless, separable lean and fat, trimmed to 0"" fat, all grades, raw",113.0,"4.0 oz",0.0,1.327,14,,
"""13968""","Beef, round, top round steak, boneless, separable lean and fat, trimmed to 0"" fat, choice, cooked, grilled",85.0,"3.0 oz",0.0,1.396,14,,
"""23325""","Beef, round, top round steak, boneless, separable lean and fat, trimmed to 0"" fat, choice, raw",113.0,"4.0 oz",0.0,1.325,14,,
"""13969""","Beef, round, top round steak, boneless, separable lean and fat, trimmed to 0"" fat, select, cooked, grilled",85.0,"3.0 oz",0.0,1.398,14,,
"""23326""","Beef, round, top round steak, boneless, separable lean and fat, trimmed to 0"" fat, select, raw",113.0,"4.0 oz",0.0,1.346,14,,
"""13491""","Beef, round, top round steak, boneless, separable lean only, trimmed to 0"" fat, all grades, cooked, grilled",85.0,"3.0 oz",0.0,1.500,14,,
"""23354""","Beef, round, top round steak, boneless, separable lean only, trimmed to 0"" fat, all grades, raw",113.0,"4.0 oz",0.0,1.436,14,,
"""13492""","Beef, round, top round steak, boneless, separable lean only, trimmed to 0"" fat, choice, cooked, grilled",85.0,"3.0 oz",0.0,1.464,14,,
"""23355""","Beef, round, top round steak, boneless, separable lean only, trimmed to 0"" fat, choice, raw",113.0,"4.0 oz",0.0,1.379,14,,
"""13493""","Beef, round, top round steak, boneless, separable lean only, trimmed to 0"" fat, select, cooked, grilled",85.0,"3.0 oz",0.0,1.365,14,,
"""23356""","Beef, round, top round steak, boneless, separable lean only, trimmed to 0"" fat, select, raw",113.0,"4.0 oz",0.0,1.551,14,,
"""13893""","Beef, round, top round steak, separable lean and fat, trimmed to 1/8"" fat, all grades, cooked, broiled",85.0,"3.0 oz",0.1,1.293,17,,
"""13428""","Beef, round, top round, separable lean and fat, trimmed to 0"" fat, all grades, cooked, braised",85.0,"3.0 oz",0.1,1.502,21,,
"""13892""","Beef, round, top round, separable lean and fat, trimmed to 1/8"" fat, all grades, cooked, braised",85.0,"3.0 oz",0.2,1.419,20,,
"""13897""","Beef, round, top round, separable lean and fat, trimmed to 1/8"" fat, choice, cooked, pan-fried",85.0,"3.0 oz",0.2,1.364,28,,
"""13890""","Beef, round, top round, separable lean only, trimmed to 1/8"" fat, choice, cooked, pan-fried",85.0,"3.0 oz",0.1,1.431,30,,
"""23608""","Beef, round, top round, steak, separable lean only, trimmed to 1/8"" fat, all grades, cooked, broiled",85.0,"3.0 oz",0.1,1.342,18,,
"""23617""","Beef, round, top round, steak, separable lean only, trimmed to 1/8"" fat, choice, raw",113.0,"4.0 oz",0.1,1.272,28,,
"""13342""","Beef, sandwich steaks, flaked, chopped, formed and thinly sliced, raw",113.0,"4.0 oz",0.5,0.918,18,,
"""23002""","Beef, short loin, porterhouse steak, separable lean and fat, trimmed to 1/8"" fat, all grades, cooked, grilled",85.0,"3.0 oz",0.1,1.079,17,,
"""23001""","Beef, short loin, porterhouse steak, separable lean and fat, trimmed to 1/8"" fat, all grades, raw",113.0,"4.0 oz",0.1,1.157,11,,
"""13906""","Beef, short loin, porterhouse steak, separable lean and fat, trimmed to 1/8"" fat, choice, cooked, grilled",85.0,"3.0 oz",0.1,1.055,17,,
"""13905""","Beef, short loin, porterhouse steak, separable lean and fat, trimmed to 1/8"" fat, choice, raw",113.0,"4.0 oz",0.1,1.149,11,,
"""23004""","Beef, short loin, porterhouse steak, separable lean and fat, trimmed to 1/8"" fat, select, cooked, grilled",85.0,"3.0 oz",0.1,1.130,17,,
"""23003""","Beef, short loin, porterhouse steak, separable lean and fat, trimmed to 1/8"" fat, select, raw",113.0,"4.0 oz",0.1,1.185,11,,
"""13465""","Beef, short loin, porterhouse steak, separable lean only,  trimmed to 1/8"" fat, all grades, cooked, grilled",85.0,"3.0 oz",0.1,1.289,20,,
"""13464""","Beef, short loin, porterhouse steak, separable lean only, trimmed to 1/8"" fat, all grades, raw",113.0,"4.0 oz",0.1,1.296,12,,
"""13232""","Beef, short loin, porterhouse steak, separable lean only, trimmed to 1/8"" fat, choice, cooked, grilled",85.0,"3.0 oz",0.1,1.144,20,,
"""13231""","Beef, short loin, porterhouse steak, separable lean only, trimmed to 1/8"" fat, choice, raw",113.0,"4.0 oz",0.1,1.184,12,,
"""13469""","Beef, short loin, porterhouse steak, separable lean only, trimmed to 1/8"" fat, select, cooked, grilled",85.0,"3.0 oz",0.1,1.346,20,,
"""13468""","Beef, short loin, porterhouse steak, separable lean only, trimmed to 1/8"" fat, select, raw",113.0,"4.0 oz",0.0,1.496,12,,
"""13479""","Beef, short loin, t-bone steak, bone-in, separable lean only, trimmed to 1/8"" fat, all grades, cooked, grilled",85.0,"3.0 oz",0.1,1.237,18,,
"""13478""","Beef, short loin, t-bone steak, bone-in, separable lean only, trimmed to 1/8"" fat, all grades, raw",113.0,"4.0 oz",0.1,1.353,12,,
"""13236""","Beef, short loin, t-bone steak, bone-in, separable lean only, trimmed to 1/8"" fat, choice, cooked, grilled",85.0,"3.0 oz",0.1,1.208,17,,
"""13235""","Beef, short loin, t-bone steak, bone-in, separable lean only, trimmed to 1/8"" fat, choice, raw",113.0,"4.0 oz",0.1,1.292,12,,
"""13483""","Beef, short loin, t-bone steak, bone-in, separable lean only, trimmed to 1/8"" fat, select, cooked, grilled",85.0,"3.0 oz",0.1,1.352,20,,
"""13482""","Beef, short loin, t-bone steak, bone-in, separable lean only, trimmed to 1/8"" fat, select, raw",113.0,"4.0 oz",0.0,1.474,14,,
"""23006""","Beef, short loin, t-bone steak, separable lean and fat, trimmed to 1/8"" fat, all grades, cooked, grilled",85.0,"3.0 oz",0.1,1.045,15,,
"""23005""","Beef, short loin, t-bone steak, separable lean and fat, trimmed to 1/8"" fat, all grades, raw",113.0,"4.0 oz",0.1,1.136,11,,
"""13908""","Beef, short loin, t-bone steak, separable lean and fat, trimmed to 1/8"" fat, choice, cooked, grilled",85.0,"3.0 oz",0.1,1.028,14,,
"""13907""","Beef, short loin, t-bone steak, separable lean and fat, trimmed to 1/8"" fat, choice, raw",113.0,"4.0 oz",0.1,1.129,11,,
"""23008""","Beef, short loin, t-bone steak, separable lean and fat, trimmed to 1/8"" fat, select, cooked, grilled",85.0,"3.0 oz",0.1,1.085,18,,
"""23007""","Beef, short loin, t-bone steak, separable lean and fat, trimmed to 1/8"" fat, select, raw",113.0,"4.0 oz",0.1,1.162,11,,
"""13912""","Beef, short loin, top loin, steak, separable lean and fat, trimmed to 1/8"" fat, choice, cooked, grilled",85.0,"3.0 oz",0.3,1.103,18,,
"""23606""","Beef, short loin, top loin, steak, separable lean only, trimmed to 1/8"" fat, all grades, cooked, broiled",85.0,"3.0 oz",0.1,1.236,21,,
"""23000""","Beef, shoulder pot roast or steak, boneless, separable lean and fat, trimmed to 0"" fat, all grades, raw",113.0,"4.0 oz",0.0,1.093,28,,
"""23111""","Beef, shoulder pot roast or steak, boneless, separable lean and fat, trimmed to 0"" fat, choice, raw",113.0,"4.0 oz",0.0,1.081,27,,
"""23112""","Beef, shoulder pot roast or steak, boneless, separable lean and fat, trimmed to 0"" fat, select, raw",113.0,"4.0 oz",0.0,1.110,29,,
"""13647""","Beef, shoulder pot roast or steak, boneless, separable lean only, trimmed to 0"" fat, all grades, raw",113.0,"4.0 oz",0.0,1.131,28,,
"""13648""","Beef, shoulder pot roast or steak, boneless, separable lean only, trimmed to 0"" fat, choice, raw",113.0,"4.0 oz",0.0,1.146,28,,
"""13649""","Beef, shoulder pot roast or steak, boneless, separable lean only, trimmed to 0"" fat, select, raw",113.0,"4.0 oz",0.0,1.146,29,,
"""23131""","Beef, shoulder pot roast, boneless, separable lean and fat, trimmed to 0"" fat, all grades, cooked, braised",85.0,"3.0 oz",0.1,1.192,21,,
"""23132""","Beef, shoulder pot roast, boneless, separable lean and fat, trimmed to 0"" fat, choice, cooked, braised",85.0,"3.0 oz",0.1,1.188,20,,
"""23133""","Beef, shoulder pot roast, boneless, separable lean and fat, trimmed to 0"" fat, select, cooked, braised",85.0,"3.0 oz",0.1,1.198,22,,
"""23083""","Beef, shoulder pot roast, boneless, separable lean only, trimmed to 0"" fat, all grades, cooked, braised",85.0,"3.0 oz",0.1,1.238,21,,
"""23081""","Beef, shoulder pot roast, boneless, separable lean only, trimmed to 0"" fat, choice, cooked, braised",85.0,"3.0 oz",0.1,1.232,21,,
"""23082""","Beef, shoulder pot roast, boneless, separable lean only, trimmed to 0"" fat, select, cooked, braised",85.0,"3.0 oz",0.1,1.247,23,,
"""23554""","Beef, shoulder steak, boneless, separable lean and fat, trimmed to 0"" fat, all grades, cooked, grilled",85.0,"3.0 oz",0.1,1.087,21,,
"""23536""","Beef, shoulder steak, boneless, separable lean and fat, trimmed to 0"" fat, select, cooked, grilled",85.0,"3.0 oz",0.1,1.091,20,,
"""23516""","Beef, shoulder steak, boneless, separable lean only, trimmed to 0"" fat, all grades, cooked, grilled",85.0,"3.0 oz",0.1,1.125,22,,
"""13943""","Beef, shoulder steak, boneless, separable lean only, trimmed to 0"" fat, choice, cooked, grilled",85.0,"3.0 oz ( 1 serving )",0.1,1.122,22,,
"""13946""","Beef, shoulder steak, boneless, separable lean only, trimmed to 0"" fat, select, cooked, grilled",85.0,"3.0 oz",0.1,1.129,21,,
"""13598""","Beef, shoulder top blade steak, boneless, separable lean and fat, trimmed to 0"" fat, all grades, cooked, grilled",85.0,"3.0 oz",0.1,1.060,20,,
"""13863""","Beef, shoulder top blade steak, boneless, separable lean and fat, trimmed to 0"" fat, all grades, raw",113.0,"4.0 oz",0.1,1.029,21,,
"""13650""","Beef, shoulder top blade steak, boneless, separable lean and fat, trimmed to 0"" fat, choice, cooked, grilled",85.0,"3.0 oz",0.1,1.057,19,,
"""13889""","Beef, shoulder top blade steak, boneless, separable lean and fat, trimmed to 0"" fat, choice, raw",113.0,"4.0 oz",0.1,1.025,21,,
"""13862""","Beef, shoulder top blade steak, boneless, separable lean and fat, trimmed to 0"" fat, select, cooked, grilled",85.0,"3.0 oz",0.1,1.064,20,,
"""13903""","Beef, shoulder top blade steak, boneless, separable lean and fat, trimmed to 0"" fat, select, raw",113.0,"4.0 oz",0.1,1.035,23,,
"""13500""","Beef, shoulder top blade steak, boneless, separable lean only, trimmed to 0"" fat, all grades, cooked, grilled",85.0,"3.0 oz",0.1,1.107,20,,
"""13519""","Beef, shoulder top blade steak, boneless, separable lean only, trimmed to 0"" fat, all grades, raw",113.0,"4.0 oz",0.1,1.064,23,,
"""13501""","Beef, shoulder top blade steak, boneless, separable lean only, trimmed to 0"" fat, choice, cooked, grilled",85.0,"3.0 oz",0.1,1.112,20,,
"""13520""","Beef, shoulder top blade steak, boneless, separable lean only, trimmed to 0"" fat, choice, raw",113.0,"4.0 oz",0.1,1.063,21,,
"""13502""","Beef, shoulder top blade steak, boneless, separable lean only, trimmed to 0"" fat, select, cooked, grilled",85.0,"3.0 oz",0.1,1.099,20,,
"""13523""","Beef, shoulder top blade steak, boneless, separable lean only, trimmed to 0"" fat, select, raw",113.0,"4.0 oz",0.1,1.066,23,,
"""13928""","Beef, tenderloin, roast, separable lean and fat, trimmed to 1/8"" fat, prime, cooked, roasted",85.0,"3.0 oz",0.3,0.994,20,,
"""13918""","Beef, tenderloin, steak, separable lean and fat, trimmed to 1/8"" fat, all grades, cooked, broiled",85.0,"3.0 oz",0.3,1.116,19,,
"""23600""","Beef, tenderloin, steak, separable lean only, trimmed to 1/8"" fat, all grades, cooked, broiled",85.0,"3.0 oz",0.1,1.225,21,,
"""23284""","Beef, top loin filet, boneless, separable lean and fat, trimmed to 1/8"" fat, all grades, cooked, grilled",85.0,"3.0 oz",0.2,1.164,23,,
"""23285""","Beef, top loin filet, boneless, separable lean and fat, trimmed to 1/8"" fat, choice, cooked, grilled",85.0,"3.0 oz",0.2,1.138,22,,
"""23286""","Beef, top loin filet, boneless, separable lean and fat, trimmed to 1/8"" fat, select, cooked, grilled",85.0,"3.0 oz",0.1,1.129,23,,
"""23247""","Beef, top loin filet, boneless, separable lean only, trimmed to 1/8"" fat, all grades, cooked, grilled",85.0,"3.0 oz",0.1,1.344,22,,
"""23248""","Beef, top loin filet, boneless, separable lean only, trimmed to 1/8"" fat, choice, cooked, grilled",85.0,"3.0 oz",0.1,1.274,21,,
"""23249""","Beef, top loin filet, boneless, separable lean only, trimmed to 1/8"" fat, select, cooked, grilled",85.0,"3.0 oz",0.1,1.476,23,,
"""23287""","Beef, top loin petite roast, boneless, separable lean and fat, trimmed to 1/8"" fat, all grades, cooked, roasted",85.0,"3.0 oz",0.2,1.148,23,,
"""23288""","Beef, top loin petite roast, boneless, separable lean and fat, trimmed to 1/8"" fat, choice, cooked, roasted",85.0,"3.0 oz",0.2,1.138,23,,
"""23289""","Beef, top loin petite roast, boneless, separable lean and fat, trimmed to 1/8"" fat, select, cooked, roasted",85.0,"3.0 oz",0.1,1.168,22,,
"""23250""","Beef, top loin petite roast, boneless, separable lean only, trimmed to 1/8"" fat, all grades, cooked, roasted",85.0,"3.0 oz",0.1,1.298,21,,
"""23251""","Beef, top loin petite roast, boneless, separable lean only, trimmed to 1/8"" fat, choice, cooked, roasted",85.0,"3.0 oz",0.1,1.241,21,,
"""23252""","Beef, top loin petite roast, boneless, separable lean only, trimmed to 1/8"" fat, select, cooked, roasted",85.0,"3.0 oz",0.1,1.408,22,,
"""23290""","Beef, top loin petite roast/filet, boneless, separable lean and fat, trimmed to 1/8"" fat, all grades, raw",113.0,"4.0 oz",0.1,1.192,27,,
"""23291""","Beef, top loin petite roast/filet, boneless, separable lean and fat, trimmed to 1/8"" fat, choice, raw",113.0,"4.0 oz",0.1,1.174,27,,
"""23292""","Beef, top loin petite roast/filet, boneless, separable lean and fat, trimmed to 1/8"" fat, select, raw",113.0,"4.0 oz",0.1,1.237,29,,
"""23253""","Beef, top loin petite roast/filet, boneless, separable lean only, trimmed to 1/8"" fat, all grades, raw",113.0,"4.0 oz",0.1,1.376,31,,
"""23254""","Beef, top loin petite roast/filet, boneless, separable lean only, trimmed to 1/8"" fat, choice, raw",113.0,"4.0 oz",0.1,1.315,29,,
"""23255""","Beef, top loin petite roast/filet, boneless, separable lean only, trimmed to 1/8"" fat, select, raw",113.0,"4.0 oz",0.1,1.497,28,,
"""13451""","Beef, top sirloin, steak, separable lean and fat, trimmed to 0"" fat, all grades, cooked, broiled",85.0,"3.0 oz",0.2,1.237,21,,
"""13930""","Beef, top sirloin, steak, separable lean and fat, trimmed to 1/8"" fat, all grades, cooked, broiled",85.0,"3.0 oz",0.2,1.137,19,,
"""13933""","Beef, top sirloin, steak, separable lean and fat, trimmed to 1/8"" fat, choice, cooked, pan-fried",85.0,"3.0 oz",0.3,1.189,24,,
"""13454""","Beef, top sirloin, steak, separable lean only, trimmed to 0"" fat, all grades, cooked, broiled",85.0,"3.0 oz",0.1,1.288,22,,
"""23610""","Beef, top sirloin, steak, separable lean only, trimmed to 1/8"" fat, all grades, cooked, broiled",85.0,"3.0 oz",0.1,1.241,21,,
"""23611""","Beef, top sirloin, steak, separable lean only, trimmed to 1/8"" fat, all grades, raw",113.0,"4.0 oz",0.1,1.238,26,,
"""23629""","Beef, top sirloin, steak, separable lean only, trimmed to 1/8"" fat, choice, cooked, broiled",85.0,"3.0 oz",0.1,1.244,21,,
"""23625""","Beef, top sirloin, steak, separable lean only, trimmed to 1/8"" fat, choice, raw",113.0,"4.0 oz",0.1,1.228,26,,
"""23588""","Beef, top sirloin, steak, separable lean only, trimmed to 1/8"" fat, select, cooked, broiled",85.0,"3.0 oz",0.1,1.237,21,,
"""23584""","Beef, top sirloin, steak, separable lean only, trimmed to 1/8"" fat, select, raw",113.0,"4.0 oz",0.0,1.249,26,,
"""13320""","Beef, variety meats and by-products, brain, cooked, simmered",85.0,"3.0 oz",0.0,--,10,,
"""13322""","Beef, variety meats and by-products, heart, cooked, simmered",85.0,"3.0 oz",0.1,--,18,,
"""13324""","Beef, variety meats and by-products, kidneys, cooked, simmered",85.0,"3.0 oz",0.9,--,10,,
"""13323""","Beef, variety meats and by-products, kidneys, raw",28.35,"1.0 oz",0.3,--,5,,
"""13326""","Beef, variety meats and by-products, liver, cooked, braised",85.0,"3.0 oz",1.0,1.497,18,,
"""13327""","Beef, variety meats and by-products, liver, cooked, pan-fried",85.0,"3.0 oz",1.0,1.365,19,,
"""13325""","Beef, variety meats and by-products, liver, raw",113.0,"4.0 oz",1.4,1.424,20,,
"""13340""","Beef, variety meats and by-products, tongue, cooked, simmered",85.0,"3.0 oz",0.3,--,13,,
"""13341""","Beef, variety meats and by-products, tripe, raw",28.35,"1.0 oz",0.0,--,4,,
