Source: USDA National Nutrient Database for Standard Reference Legacy Software v.3.9.4 2018-05-17
"Nutrients: Menaquinone-4 (µg); Tocotrienol, alpha (mg); Alanine (g)"
"Food Groups: Beef Products"
Food Subset:All Foods
Ordered by:Food Name
Measured by:Household
Report Run at: 06-02-2018T13:56
NDB_NO,Description,Weight(g),Measure,"Menaquinone-4"(µg)Per Measure,"Tocotrienol, alpha"(mg)Per Measure,"Alanine"(g)Per Measure,
"""23054""","Beef, chuck, shoulder clod, shoulder tender, medallion, separable lean and fat, trimmed to 0"" fat, all grades, cooked, grilled",85.0,"3.0 oz",1.1,0.01,1.355,,
"""23053""","Beef, chuck, shoulder clod, shoulder tender, medallion, separable lean and fat, trimmed to 0"" fat, all grades, raw",113.0,"4.0 oz",1.7,0.01,1.411,,
"""23035""","Beef, chuck, shoulder clod, shoulder tender, medallion, separable lean and fat, trimmed to 0"" fat, choice, cooked, grilled",85.0,"3.0 oz",1.1,0.01,1.347,,
"""23034""","Beef, chuck, shoulder clod, shoulder tender, medallion, separable lean and fat, trimmed to 0"" fat, choice, raw",113.0,"4.0 oz",1.7,0.01,1.409,,
"""23065""","Beef, chuck, shoulder clod, shoulder tender, medallion, separable lean and fat, trimmed to 0"" fat, select, cooked, grilled",85.0,"3.0 oz",1.1,0.01,1.367,,
"""23036""","Beef, chuck, shoulder clod, shoulder tender, medallion, separable lean and fat, trimmed to 0"" fat, select, raw",113.0,"4.0 oz",1.7,0.01,1.438,,
"""23058""","Beef, chuck, shoulder clod, shoulder top and center steaks, separable lean and fat, trimmed to 0"" fat, all grades, cooked, grilled",85.0,"3.0 oz",1.5,0.00,1.359,,
"""23057""","Beef, chuck, shoulder clod, shoulder top and center steaks, separable lean and fat, trimmed to 0"" fat, all grades, raw",113.0,"4.0 oz",1.7,0.00,1.420,,
"""23038""","Beef, chuck, shoulder clod, shoulder top and center steaks, separable lean and fat, trimmed to 0"" fat, choice, cooked, grilled",85.0,"1.0 serving (3 oz)",1.5,0.00,1.347,,
"""23037""","Beef, chuck, shoulder clod, shoulder top and center steaks, separable lean and fat, trimmed to 0"" fat, choice, raw",113.0,"4.0 oz",1.7,0.00,1.401,,
"""23040""","Beef, chuck, shoulder clod, shoulder top and center steaks, separable lean and fat, trimmed to 0"" fat, select, cooked, grilled",85.0,"3.0 oz",1.6,0.00,1.347,,
"""23039""","Beef, chuck, shoulder clod, shoulder top and center steaks, separable lean and fat, trimmed to 0"" fat, select, raw",113.0,"4.0 oz",1.7,0.00,1.452,,
"""23060""","Beef, chuck, shoulder clod, top blade, steak, separable lean and fat, trimmed to 0"" fat, all grades, cooked, grilled",85.0,"3.0 oz",2.6,0.01,1.359,,
"""23059""","Beef, chuck, shoulder clod, top blade, steak, separable lean and fat, trimmed to 0"" fat, all grades, raw",113.0,"4.0 oz",3.6,0.01,1.305,,
"""23042""","Beef, chuck, shoulder clod, top blade, steak, separable lean and fat, trimmed to 0"" fat, choice, cooked, grilled",85.0,"3.0 oz",2.6,0.01,1.276,,
"""23041""","Beef, chuck, shoulder clod, top blade, steak, separable lean and fat, trimmed to 0"" fat, choice, raw",113.0,"4.0 oz",3.6,0.01,1.288,,
"""23044""","Beef, chuck, shoulder clod, top blade, steak, separable lean and fat, trimmed to 0"" fat, select, cooked, grilled",85.0,"3.0 oz",2.6,0.01,1.307,,
"""23043""","Beef, chuck, shoulder clod, top blade, steak, separable lean and fat, trimmed to 0"" fat, select, raw",113.0,"4.0 oz",3.5,0.01,1.331,,
"""23482""","Beef, composite of trimmed retail cuts, separable lean and fat, trimmed to 0"" fat, all grades, raw",113.0,"4.0 oz",0.2,0.00,1.384,,
"""23494""","Beef, composite of trimmed retail cuts, separable lean and fat, trimmed to 0"" fat, choice, raw",113.0,"4.0 oz",0.3,0.00,1.367,,
"""23497""","Beef, composite of trimmed retail cuts, separable lean and fat, trimmed to 0"" fat, select, raw",113.0,"4.0 oz",0.2,0.00,1.459,,
"""23495""","Beef, composite of trimmed retail cuts, separable lean only, trimmed to 0"" fat, choice, raw",113.0,"4.0 oz",0.1,0.00,1.375,,
"""13366""","Beef, composite of trimmed retail cuts, separable lean only, trimmed to 0"" fat, select, cooked",85.0,"3.0 oz",0.2,0.00,1.626,,
"""23496""","Beef, composite of trimmed retail cuts, separable lean only, trimmed to 0"" fat, select, raw",113.0,"4.0 oz",0.2,0.00,1.618,,
"""23062""","Beef, round, knuckle, tip center, steak, separable lean and fat, trimmed to 0"" fat, all grades, cooked, grilled",85.0,"3.0 oz",1.4,0.01,1.401,,
"""23061""","Beef, round, knuckle, tip center, steak, separable lean and fat, trimmed to 0"" fat, all grades, raw",113.0,"4.0 oz",1.7,0.01,1.438,,
"""23046""","Beef, round, knuckle, tip center, steak, separable lean and fat, trimmed to 0"" fat, choice, cooked, grilled",85.0,"3.0 oz",1.4,0.01,1.389,,
"""23045""","Beef, round, knuckle, tip center, steak, separable lean and fat, trimmed to 0"" fat, choice, raw",113.0,"4.0 oz",1.7,0.01,1.425,,
"""23048""","Beef, round, knuckle, tip center, steak, separable lean and fat, trimmed to 0"" fat, select, cooked, grilled",85.0,"3.0 oz",1.3,0.01,1.375,,
"""23047""","Beef, round, knuckle, tip center, steak, separable lean and fat, trimmed to 0"" fat, select, raw",113.0,"4.0 oz",1.7,0.01,1.441,,
"""23032""","Beef, round, knuckle, tip side, steak, separable lean and fat , trimmed to 0"" fat, select, raw",113.0,"4.0 oz",1.4,0.02,1.509,,
"""23056""","Beef, round, knuckle, tip side, steak, separable lean and fat, trimmed to 0"" fat, all grades, cooked, grilled",85.0,"3.0 oz",1.5,0.00,1.503,,
"""23055""","Beef, round, knuckle, tip side, steak, separable lean and fat, trimmed to 0"" fat, all grades, raw",113.0,"4.0 oz",1.4,0.02,1.490,,
"""23031""","Beef, round, knuckle, tip side, steak, separable lean and fat, trimmed to 0"" fat, choice, cooked, grilled",85.0,"3.0 oz",1.5,0.00,1.488,,
"""23030""","Beef, round, knuckle, tip side, steak, separable lean and fat, trimmed to 0"" fat, choice, raw",113.0,"4.0 oz",1.4,0.02,1.471,,
"""23033""","Beef, round, knuckle, tip side, steak, separable lean and fat, trimmed to 0"" fat, select, cooked, grilled",85.0,"3.0 oz",1.4,0.00,1.511,,
"""23064""","Beef, round, outside round, bottom round, steak, separable lean and fat, trimmed to 0"" fat, all grades, cooked, grilled",85.0,"3.0 oz",1.6,0.00,1.422,,
"""23063""","Beef, round, outside round, bottom round, steak, separable lean and fat, trimmed to 0"" fat, all grades, raw",85.0,"3.0 oz",1.4,0.01,1.115,,
"""23050""","Beef, round, outside round, bottom round, steak, separable lean and fat, trimmed to 0"" fat, choice, cooked, grilled",85.0,"3.0 oz",1.6,0.00,1.407,,
"""23049""","Beef, round, outside round, bottom round, steak, separable lean and fat, trimmed to 0"" fat, choice, raw",113.0,"4.0 oz",1.9,0.01,1.459,,
"""23052""","Beef, round, outside round, bottom round, steak, separable lean and fat, trimmed to 0"" fat, select, cooked, grilled",85.0,"3.0 oz",1.7,0.02,1.448,,
"""23051""","Beef, round, outside round, bottom round, steak, separable lean and fat, trimmed to 0"" fat, select, raw",113.0,"4.0 oz",1.6,0.00,1.521,,
