Source: USDA National Nutrient Database for Standard Reference Legacy Software v.3.9.4 2018-05-17
"Nutrients: Tocotrienol, gamma (mg); Methionine (g); 8:0 (g)"
"Food Groups: Beverages"
Food Subset:All Foods
Ordered by:Food Name
Measured by:Household
Report Run at: 06-02-2018T14:06
NDB_NO,Description,Weight(g),Measure,"Tocotrienol, gamma"(mg)Per Measure,"Methionine"(g)Per Measure,"8:0"(g)Per Measure,
"""14056""","Beverages, Acai berry drink, fortified",266.0,"8.0 fl oz",0.00,--,--,,
"""14091""","Beverages, almond milk, unsweetened, shelf stable",262.0,"1.0 cup",0.00,--,--,,
"""14164""","Beverages, chocolate malt powder, prepared with 1% milk, fortified",98.0,"1.0 cup dry mix",0.00,--,0.013,,
"""14209""","Beverages, coffee, brewed, prepared with tap water",29.6,"1.0 fl oz",0.00,--,--,,
"""14183""","Beverages, coffee, ready to drink, iced, mocha, milk based",265.0,"1.0 cup",0.00,--,--,,
"""14629""","Beverages, Energy drink, ROCKSTAR",31.0,"1.0 fl oz",0.00,--,--,,
"""14638""","Beverages, Horchata, as served in restaurant",228.0,"1.0 cup",0.41,--,--,,
"""14543""","Beverages, lemonade, frozen concentrate, pink, prepared with water",30.9,"1.0 fl oz",0.00,--,--,,
"""14632""","Beverages, Meal supplement drink, canned, peanut flavor",158.0,"1.0 cup",0.06,0.158,0.000,,
"""14542""","Lemonade, frozen concentrate, pink",36.4,"1.0 fl oz",0.00,--,--,,
"""14292""","Lemonade, frozen concentrate, white",36.5,"1.0 fl oz",0.00,--,--,,
