Source: USDA National Nutrient Database for Standard Reference Legacy Software v.3.9.4 2018-05-17
"Nutrients: Fatty acids, total trans-polyenoic (g); Water (g); Cryptoxanthin, beta (µg)"
"Food Groups: Beverages"
Food Subset:All Foods
Ordered by:Food Name
Measured by:Household
Report Run at: 06-02-2018T14:05
NDB_NO,Description,Weight(g),Measure,"Fatty acids, total trans-polyenoic"(g)Per Measure,"Water"(g)Per Measure,"Cryptoxanthin, beta"(µg)Per Measure,
"""14091""","Beverages, almond milk, unsweetened, shelf stable",262.0,"1.0 cup",--,252.93,0,,
"""14632""","Beverages, Meal supplement drink, canned, peanut flavor",158.0,"1.0 cup",0.070,122.91,--,,
