Source: USDA National Nutrient Database for Standard Reference Legacy Software v.3.9.4 2018-05-17
"Nutrients: Vitamin A, IU (IU); Energy (kcal); 24:1 c (g)"
"Food Groups: Beverages"
Food Subset:All Foods
Ordered by:Food Name
Measured by:Household
Report Run at: 06-02-2018T14:06
NDB_NO,Description,Weight(g),Measure,"Vitamin A, IU"(IU)Per Measure,"Energy"(kcal)Per Measure,"24:1 c"(g)Per Measure,
"""14006""","Alcoholic beverage, beer, light",29.5,"1.0 fl oz",0,9,--,,
"""14248""","Alcoholic beverage, beer, light, higher alcohol",356.0,"12.0 fl oz",0,164,--,,
"""14013""","Alcoholic beverage, beer, light, low carb",29.5,"1.0 fl oz",0,8,--,,
"""14003""","Alcoholic beverage, beer, regular, all",29.7,"1.0 fl oz",0,13,--,,
"""14034""","Alcoholic beverage, creme de menthe, 72 proof",33.6,"1.0 fl oz",0,125,--,,
"""14009""","Alcoholic beverage, daiquiri, canned",30.5,"1.0 fl oz",1,38,--,,
"""14010""","Alcoholic beverage, daiquiri, prepared-from-recipe",30.2,"1.0 fl oz",1,56,--,,
"""14533""","Alcoholic beverage, distilled, all (gin, rum, vodka, whiskey) 100 proof",27.8,"1.0 fl oz",0,82,--,,
"""14037""","Alcoholic beverage, distilled, all (gin, rum, vodka, whiskey) 80 proof",27.8,"1.0 fl oz",0,64,--,,
"""14550""","Alcoholic beverage, distilled, all (gin, rum, vodka, whiskey) 86 proof",27.8,"1.0 fl oz",0,70,--,,
"""14551""","Alcoholic beverage, distilled, all (gin, rum, vodka, whiskey) 90 proof",27.8,"1.0 fl oz",0,73,--,,
"""14532""","Alcoholic beverage, distilled, all (gin, rum, vodka, whiskey) 94 proof",27.8,"1.0 fl oz",0,76,--,,
"""14050""","Alcoholic beverage, distilled, rum, 80 proof",27.8,"1.0 fl oz",0,64,--,,
"""14051""","Alcoholic beverage, distilled, vodka, 80 proof",27.8,"1.0 fl oz",0,64,--,,
"""14052""","Alcoholic beverage, distilled, whiskey, 86 proof",27.8,"1.0 fl oz",0,70,--,,
"""14415""","Alcoholic beverage, liqueur, coffee with cream, 34 proof",31.1,"1.0 fl oz",193,102,--,,
"""14414""","Alcoholic beverage, liqueur, coffee, 53 proof",34.8,"1.0 fl oz",0,117,--,,
"""14534""","Alcoholic beverage, liqueur, coffee, 63 proof",34.8,"1.0 fl oz",0,107,--,,
"""14239""","Alcoholic beverage, malt beer, hard lemonade",335.0,"11.0 fl oz",0,228,--,,
"""14015""","Alcoholic beverage, pina colada, canned",32.6,"1.0 fl oz",8,77,--,,
"""14017""","Alcoholic beverage, pina colada, prepared-from-recipe",31.4,"1.0 fl oz",1,55,--,,
"""43479""","Alcoholic beverage, rice (sake)",29.1,"1.0 fl oz",0,39,--,,
"""14019""","Alcoholic beverage, tequila sunrise, canned",31.1,"1.0 fl oz",30,34,--,,
"""14531""","Alcoholic beverage, whiskey sour",30.4,"1.0 fl oz",4,45,--,,
"""14027""","Alcoholic beverage, whiskey sour, canned",30.8,"1.0 fl oz",4,37,--,,
"""14029""","Alcoholic beverage, whiskey sour, prepared from item 14028",30.4,"1.0 fl oz",0,47,--,,
"""14025""","Alcoholic beverage, whiskey sour, prepared with water, whiskey and powder mix",29.4,"1.0 fl oz",1,48,--,,
"""43154""","Alcoholic beverage, wine, cooking",4.9,"1.0 tsp",0,2,--,,
"""14536""","Alcoholic beverage, wine, dessert, dry",29.5,"1.0 fl oz",0,45,--,,
"""14057""","Alcoholic beverage, wine, dessert, sweet",29.5,"1.0 fl oz",0,47,--,,
"""43155""","Alcoholic beverage, wine, light",29.5,"1.0 fl oz",0,14,--,,
"""14084""","Alcoholic beverage, wine, table, all",148.0,"1.0 serving (5 fl oz)",0,123,--,,
"""14096""","Alcoholic beverage, wine, table, red",29.4,"1.0 fl oz",1,25,--,,
"""14106""","Alcoholic beverage, wine, table, white",29.4,"1.0 fl oz",0,24,--,,
"""14251""","Alcoholic beverages, beer, higher alcohol",30.6,"1.0 fl oz",0,18,--,,
"""14253""","Alcoholic beverages, wine, rose",30.3,"1.0 fl oz",0,25,--,,
"""14021""","Beverages,  Energy drink, Citrus",240.0,"8.0 fl oz",0,108,--,,
"""14035""","Beverages, ABBOTT, EAS soy protein powder",44.0,"1.0 scoop",0,178,--,,
"""14033""","Beverages, ABBOTT, EAS whey protein powder",39.0,"2.0 scoop",21,150,--,,
"""43528""","Beverages, ABBOTT, ENSURE PLUS, ready-to-drink",252.0,"1.0 cup",1252,355,--,,
"""14062""","Beverages, ABBOTT, ENSURE, Nutritional Shake, Ready-to-Drink",254.0,"8.0 fl oz",1339,267,--,,
"""14056""","Beverages, Acai berry drink, fortified",266.0,"8.0 fl oz",25797,165,--,,
"""14054""","Beverages, almond milk, chocolate, ready-to-drink",240.0,"8.0 fl oz",499,120,0.000,,
"""14016""","Beverages, almond milk, sweetened, vanilla flavor, ready-to-drink",240.0,"8.0 fl oz",499,91,0.000,,
"""14091""","Beverages, almond milk, unsweetened, shelf stable",262.0,"1.0 cup",0,39,--,,
"""14216""","Beverages, aloe vera juice drink, fortified with Vitamin C",240.0,"8.0 fl oz",0,36,--,,
"""14250""","Beverages, AMBER, hard cider",355.0,"12.0 fl oz",96,199,--,,
"""14162""","Beverages, Apple juice drink, light, fortified with vitamin C",240.0,"8.0 fl oz",0,53,--,,
"""14475""","Beverages, ARIZONA, tea, ready-to-drink, lemon",30.6,"1.0 fl oz",0,12,--,,
"""14121""","Beverages, carbonated, club soda",29.6,"1.0 fl oz",--,0,--,,
"""14400""","Beverages, carbonated, cola, fast-food cola",258.0,"1.0 serving child 12 fl oz, without ice",0,95,--,,
"""14148""","Beverages, carbonated, cola, regular",30.7,"1.0 fl oz",0,13,--,,
"""14147""","Beverages, carbonated, cola, without caffeine",30.7,"1.0 fl oz",0,13,--,,
"""14136""","Beverages, carbonated, ginger ale",30.5,"1.0 fl oz",0,10,--,,
"""14142""","Beverages, carbonated, grape soda",31.0,"1.0 fl oz",0,13,--,,
"""14144""","Beverages, carbonated, lemon-lime soda, no caffeine",30.8,"1.0 fl oz",0,13,--,,
"""14165""","Beverages, carbonated, limeade, high caffeine",253.0,"1.0 cup",0,43,--,,
"""14416""","Beverages, carbonated, low calorie, cola or pepper-type, with aspartame, contains caffeine",29.6,"1.0 fl oz",0,1,--,,
"""14146""","Beverages, carbonated, low calorie, cola or pepper-type, with aspartame, without caffeine",29.6,"1.0 fl oz",0,0,--,,
"""14166""","Beverages, carbonated, low calorie, cola or pepper-types, with sodium saccharin, contains caffeine",29.6,"1.0 fl oz",--,0,--,,
"""14143""","Beverages, carbonated, low calorie, other than cola or pepper,  without caffeine",29.6,"1.0 fl oz",--,0,--,,
"""14151""","Beverages, carbonated, low calorie, other than cola or pepper, with aspartame, contains caffeine",29.6,"1.0 fl oz",--,0,--,,
"""14150""","Beverages, carbonated, orange",31.0,"1.0 fl oz",0,15,--,,
"""14153""","Beverages, carbonated, pepper-type, contains caffeine",30.7,"1.0 fl oz",0,13,--,,
"""14149""","Beverages, carbonated, reduced sugar, cola, contains caffeine and sweeteners",29.6,"1.0 fl oz",0,6,--,,
"""14157""","Beverages, carbonated, root beer",30.8,"1.0 fl oz",0,13,--,,
"""14145""","Beverages, carbonated, SPRITE, lemon-lime, without caffeine",30.8,"1.0 fl oz",0,12,--,,
"""14155""","Beverages, carbonated, tonic water",30.5,"1.0 fl oz",0,10,--,,
"""14168""","Beverages, Carob-flavor beverage mix, powder",12.0,"1.0 tbsp",0,45,--,,
"""14169""","Beverages, Carob-flavor beverage mix, powder, prepared with whole milk",256.0,"1.0 cup (8 fl oz)",248,192,--,,
"""14092""","Beverages, chocolate almond milk, unsweetened, shelf-stable, fortified with vitamin D2 and E",240.0,"1.0 cup",499,50,--,,
"""14163""","Beverages, chocolate drink, milk and soy based, ready to drink, fortified",237.0,"8.0 fl oz",1249,239,--,,
"""14164""","Beverages, chocolate malt powder, prepared with 1% milk, fortified",98.0,"1.0 cup dry mix",559,56,--,,
"""14083""","Beverages, chocolate malt, powder, prepared with fat free milk",256.0,"1.0 serving",1172,125,--,,
"""14063""","Beverages, chocolate powder, no sugar added",11.0,"2.0 tbsp",0,38,--,,
"""14181""","Beverages, chocolate syrup",39.0,"1.0 serving 2 tbsp",0,109,--,,
"""14182""","Beverages, chocolate syrup, prepared with whole milk",282.0,"1.0 cup (8 fl oz)",248,254,--,,
"""14557""","Beverages, chocolate-flavor beverage mix for milk, powder, with added nutrients",22.0,"1.0 serving",0,88,--,,
"""14558""","Beverages, chocolate-flavor beverage mix for milk, powder, with added nutrients, prepared with whole milk",266.0,"1.0 serving",394,237,--,,
"""14177""","Beverages, chocolate-flavor beverage mix, powder, prepared with whole milk",266.0,"1.0 cup (8 fl oz)",247,226,--,,
"""43369""","Beverages, Chocolate-flavored drink, whey and milk based",244.0,"1.0 cup",488,120,--,,
"""14262""","Beverages, citrus fruit juice drink, frozen concentrate",35.2,"1.0 fl oz",46,57,--,,
"""14263""","Beverages, citrus fruit juice drink, frozen concentrate, prepared with water",31.0,"1.0 fl oz",11,14,--,,
"""14187""","Beverages, Clam and tomato juice, canned",30.2,"1.0 fl oz",45,14,--,,
"""14461""","Beverages, COCA-COLA, POWERADE, lemon-lime flavored, ready-to-drink",30.5,"1.0 fl oz",0,10,--,,
"""44203""","Beverages, Cocktail mix, non-alcoholic, concentrated, frozen",36.0,"1.0 fl oz",4,103,--,,
"""14538""","Beverages, Cocoa mix, low calorie, powder, with added calcium, phosphorus, aspartame, without added sodium or vitamin A",15.0,"1.0 envelope  Swiss Miss (.53 oz)",240,54,--,,
"""14195""","Beverages, Cocoa mix, NESTLE, Hot Cocoa Mix Rich Chocolate With Marshmallows",20.0,"1.0 serving 1 envelope",2,80,--,,
"""14196""","Beverages, Cocoa mix, no sugar added, powder",19.0,"1.0 envelope Alba (.675 oz)",3,72,--,,
"""14192""","Beverages, Cocoa mix, powder",28.0,"1.0 serving (3 heaping tsp or 1 envelope)",1,111,--,,
"""14194""","Beverages, Cocoa mix, powder, prepared with water",34.3,"1.0 fl oz",0,19,--,,
"""14390""","Beverages, cocoa mix, with aspartame, powder, prepared with water",32.1,"1.0 fl oz",0,9,--,,
"""14171""","Beverages, coconut milk, sweetened, fortified with calcium, vitamins A, B12, D2",240.0,"1.0 cup",499,74,--,,
"""14090""","Beverages, Coconut water, ready-to-drink, unsweetened",245.0,"1.0 cup",0,44,--,,
"""14204""","Beverages, coffee and cocoa, instant, decaffeinated, with whitener and low calorie sweetener",6.4,"1.0 tsp dry",0,28,--,,
"""14236""","Beverages, coffee substitute, cereal grain beverage, powder",3.0,"1.0 tsp (1 serving)",0,11,--,,
"""14421""","Beverages, coffee substitute, cereal grain beverage, powder, prepared with whole milk",185.0,"6.0 fl oz",229,120,--,,
"""14237""","Beverages, coffee substitute, cereal grain beverage, prepared with water",30.1,"1.0 fl oz",0,2,--,,
"""14180""","Beverages, coffee, brewed, breakfast blend",248.0,"1.0 cup",0,5,--,,
"""14210""","Beverages, coffee, brewed, espresso, restaurant-prepared",29.6,"1.0 fl oz",0,3,--,,
"""14202""","Beverages, coffee, brewed, espresso, restaurant-prepared, decaffeinated",29.6,"1.0 fl oz",0,3,--,,
"""14209""","Beverages, coffee, brewed, prepared with tap water",29.6,"1.0 fl oz",0,0,--,,
"""14201""","Beverages, coffee, brewed, prepared with tap water, decaffeinated",29.6,"1.0 fl oz",--,0,--,,
"""14223""","Beverages, coffee, instant, chicory",29.9,"1.0 fl oz",0,1,--,,
"""14218""","Beverages, coffee, instant, decaffeinated, powder",1.8,"1.0 tsp rounded",0,6,--,,
"""14219""","Beverages, coffee, instant, decaffeinated, prepared with water",29.9,"1.0 fl oz",0,1,--,,
"""14224""","Beverages, coffee, instant, mocha, sweetened",13.0,"1.0 serving 2 tbsp",1,60,--,,
"""14203""","Beverages, coffee, instant, regular, half the caffeine",1.0,"1.0 tsp",0,4,--,,
"""14214""","Beverages, coffee, instant, regular, powder",1.0,"1.0 tsp",0,4,--,,
"""14215""","Beverages, coffee, instant, regular, prepared with water",29.8,"1.0 fl oz",0,1,--,,
"""14270""","Beverages, coffee, instant, vanilla, sweetened, decaffeinated, with non dairy creamer",15.0,"1.0 serving",0,70,--,,
"""14222""","Beverages, coffee, instant, with chicory",1.8,"1.0 tsp, rounded",0,6,--,,
"""43401""","Beverages, coffee, instant, with whitener, reduced calorie",1.7,"1.0 tsp dry",0,9,--,,
"""14183""","Beverages, coffee, ready to drink, iced, mocha, milk based",265.0,"1.0 cup",0,159,--,,
"""14179""","Beverages, coffee, ready to drink, milk based, sweetened",262.0,"1.0 cup",0,186,--,,
"""14173""","Beverages, coffee, ready to drink, vanilla, light, milk based, sweetened",281.0,"9.0 fl oz",0,101,--,,
"""14238""","Beverages, cranberry-apple juice drink, bottled",30.6,"1.0 fl oz",1,19,--,,
"""43404""","Beverages, cranberry-apple juice drink, low calorie, with vitamin C added",240.0,"1.0 cup (8 fl oz)",24,46,--,,
"""14240""","Beverages, cranberry-apricot juice drink, bottled",30.6,"1.0 fl oz",142,20,--,,
"""14241""","Beverages, cranberry-grape juice drink, bottled",30.6,"1.0 fl oz",2,17,--,,
"""14036""","Beverages, CYTOSPORT, Muscle Milk, ready-to-drink",414.0,"14.0 fl oz",1217,215,--,,
"""14423""","Beverages, dairy drink mix, chocolate, reduced calorie, with aspartame, powder, prepared with water and ice",243.0,"1.0 serving",148,70,--,,
"""14422""","Beverages, Dairy drink mix, chocolate, reduced calorie, with low-calorie sweeteners, powder",21.0,"1.0 packet (.75 oz)",147,69,--,,
"""14245""","Beverages, Eggnog-flavor mix, powder, prepared with whole milk",272.0,"1.0 cup (8 fl oz)",256,258,--,,
"""14060""","Beverages, Energy Drink with carbonated water and high fructose corn syrup",240.0,"8.0 fl oz",0,149,--,,
"""14625""","Beverages, Energy drink, AMP",240.0,"1.0 serving",0,110,--,,
"""14628""","Beverages, Energy drink, AMP, sugar free",240.0,"8.0 fl oz",0,5,--,,
"""14626""","Beverages, Energy drink, FULL THROTTLE",240.0,"1.0 serving 8 fluid oz",0,110,--,,
"""14627""","Beverages, Energy Drink, Monster, fortified with vitamins C, B2, B3, B6, B12",240.0,"1.0 serving",0,113,--,,
"""14154""","Beverages, Energy drink, RED BULL",258.0,"1.0 can 8.4 fl oz",0,111,--,,
"""14156""","Beverages, Energy drink, RED BULL, sugar free, with added caffeine, niacin, pantothenic acid, vitamins B6 and B12",250.0,"1.0 serving 8.3 fl oz can",0,12,--,,
"""14629""","Beverages, Energy drink, ROCKSTAR",31.0,"1.0 fl oz",0,18,--,,
"""14630""","Beverages, Energy drink, ROCKSTAR, sugar free",240.0,"8.0 fl oz",0,10,--,,
"""14061""","Beverages, Energy Drink, sugar free",240.0,"8.0 fl oz",0,10,--,,
"""14641""","Beverages, Energy drink, VAULT Zero, sugar-free, citrus flavor",246.0,"1.0 serving (8 fl oz)",0,2,--,,
"""14640""","Beverages, Energy drink, VAULT, citrus flavor",31.0,"1.0 oz",0,15,--,,
"""14646""","Beverages, Fruit flavored drink containing less than 3% fruit juice, with high vitamin C",238.0,"1.0 cup (8 fl oz)",0,64,--,,
"""14645""","Beverages, Fruit flavored drink, less than 3% juice, not fortified with vitamin C",238.0,"1.0 cup (8 fl oz)",0,152,--,,
"""14647""","Beverages, Fruit flavored drink, reduced sugar, greater than 3% fruit juice, high vitamin C, added calcium",240.0,"8.0 fl oz",7,70,--,,
"""14648""","Beverages, fruit juice drink, greater than 3% fruit juice, high vitamin C and added thiamin",237.0,"8.0 fl oz",40,128,--,,
"""14651""","Beverages, fruit juice drink, greater than 3% juice, high vitamin C",238.0,"1.0 cup (8 fl oz)",40,109,--,,
"""14636""","Beverages, fruit juice drink, reduced sugar, with vitamin E added",209.0,"1.0 container",0,82,--,,
"""14268""","Beverages, Fruit punch drink, frozen concentrate",34.8,"1.0 fl oz",14,56,--,,
"""14269""","Beverages, Fruit punch drink, frozen concentrate, prepared with water",30.9,"1.0 fl oz",3,14,--,,
"""14267""","Beverages, Fruit punch drink, with added nutrients, canned",31.0,"1.0 fl oz",9,15,--,,
"""14264""","Beverages, fruit punch drink, without added nutrients, canned",210.0,"6.0 fl oz",0,101,--,,
"""14405""","Beverages, fruit punch juice drink, frozen concentrate",35.2,"1.0 fl oz",7,62,--,,
"""14406""","Beverages, fruit punch juice drink, frozen concentrate, prepared with water",29.3,"1.0 fl oz",1,12,--,,
"""14541""","Beverages, fruit punch-flavor drink, powder, without added sodium, prepared with water",32.7,"1.0 fl oz",0,12,--,,
"""42055""","Beverages, fruit-flavored drink, dry powdered mix, low calorie, with aspartame",8.0,"1.0 tsp",0,17,--,,
"""43345""","Beverages, fruit-flavored drink, powder, with high vitamin C with other added vitamins, low calorie",2.0,"1.0 tsp",400,5,--,,
"""14048""","Beverages, FUZE, orange mango, fortified with vitamins A, C, E, B6",500.0,"1.0 bottle",2000,190,--,,
"""14075""","Beverages, GEROLSTEINER BRUNNEN GmbH  &  Co. KG,Gerolsteiner naturally sparkling mineral water,",240.0,"8.0 fl oz",--,0,--,,
"""14277""","Beverages, grape drink, canned",31.3,"1.0 fl oz",0,19,--,,
"""14282""","Beverages, grape juice drink, canned",31.3,"1.0 fl oz",1,18,--,,
"""14161""","Beverages, Kiwi Strawberry Juice Drink",473.0,"16.0 fl oz",95,222,--,,
"""14231""","Beverages, KRAFT, coffee, instant, French Vanilla Cafe",14.0,"1.0 NLEA Serving",0,67,--,,
"""14174""","Beverages, Lemonade fruit juice drink light, fortified with vitamin E and C",240.0,"8.0 fl oz",0,50,--,,
"""14543""","Beverages, lemonade, frozen concentrate, pink, prepared with water",30.9,"1.0 fl oz",0,13,--,,
"""14287""","Beverages, Lemonade, powder",18.0,"1.0 serving",0,68,--,,
"""14296""","Beverages, lemonade-flavor drink, powder",18.0,"1.0 serving",0,68,--,,
"""14297""","Beverages, lemonade-flavor drink, powder, prepared with water",31.8,"1.0 fl oz",0,9,--,,
"""14252""","Beverages, Malt liquor beverage",1184.0,"1.0 bottle",0,474,--,,
"""14317""","Beverages, malted drink mix, chocolate, powder",21.0,"1.0 serving (3 heaping tsp or 1 envelope)",25,86,--,,
"""14318""","Beverages, Malted drink mix, chocolate, powder, prepared with whole milk",265.0,"1.0 cup (8 fl oz)",252,225,--,,
"""14316""","Beverages, Malted drink mix, chocolate, with added nutrients, powder, prepared with whole milk",265.0,"1.0 cup (8 fl oz)",3177,231,--,,
"""14311""","Beverages, Malted drink mix, natural, powder, dairy based.",21.0,"1.0 serving (3 heaping tsp or 1 envelope)",47,90,--,,
"""14312""","Beverages, Malted drink mix, natural, powder, prepared with whole milk",265.0,"1.0 cup (8 fl oz)",310,233,--,,
"""14310""","Beverages, Malted drink mix, natural, with added nutrients, powder, prepared with whole milk",265.0,"1.0 cup (8 fl oz)",2496,228,--,,
"""14634""","Beverages, milk beverage, reduced fat, flavored and sweetened, Ready-to-drink,  added calcium, vitamin A and vitamin D",244.0,"1.0 cup",427,188,--,,
"""14095""","Beverages, MINUTE MAID, Lemonada, Limeade",240.0,"8.0 fl oz",0,120,--,,
"""14119""","Beverages, Mixed vegetable and fruit juice drink, with added nutrients",247.0,"8.0 fl oz",5145,72,--,,
"""14022""","Beverages, MONSTER energy drink, low carb",240.0,"8.0 fl oz",0,12,--,,
"""14041""","Beverages, NESTLE, Boost plus, nutritional drink, ready-to-drink",237.0,"1.0 bottle",1138,327,--,,
"""14654""","Beverages, nutritional shake mix, high protein, powder",10.0,"1.0 tbsp",625,39,--,,
"""14256""","Beverages, OCEAN SPRAY, Cran Cherry",248.0,"8.0 fl oz",82,114,--,,
"""14217""","Beverages, OCEAN SPRAY, Cran Grape",240.0,"8.0 fl oz",60,130,--,,
"""14234""","Beverages, OCEAN SPRAY, Cran Lemonade",247.0,"8.0 fl oz",62,111,--,,
"""14255""","Beverages, OCEAN SPRAY, Cran Pomegranate",248.0,"8.0 fl oz",60,117,--,,
"""14233""","Beverages, OCEAN SPRAY, Cran Raspberry Juice Drink",248.0,"8.0 fl oz",62,122,--,,
"""14038""","Beverages, OCEAN SPRAY, Cran-Energy, Cranberry Energy Juice Drink",250.0,"1.0 can",0,38,--,,
"""14220""","Beverages, OCEAN SPRAY, Cranberry-Apple Juice Drink, bottled",249.0,"8.0 fl oz",60,139,--,,
"""14235""","Beverages, OCEAN SPRAY, Diet Cran Cherry",237.0,"8.0 fl oz",59,9,--,,
"""14221""","Beverages, OCEAN SPRAY, Diet Cranberry Juice",237.0,"8.0 fl oz",59,9,--,,
"""14257""","Beverages, OCEAN SPRAY, Light Cranberry",248.0,"8.0 fl oz",62,47,--,,
"""14226""","Beverages, OCEAN SPRAY, Light Cranberry and Raspberry Flavored Juice",242.0,"8.0 fl oz",--,63,--,,
"""14259""","Beverages, OCEAN SPRAY, Light Cranberry, Concord Grape",248.0,"8.0 fl oz",62,57,--,,
"""14285""","Beverages, OCEAN SPRAY, Ruby Red cranberry",227.0,"8.0 fl oz",1096,102,--,,
"""14258""","Beverages, OCEAN SPRAY, White Cranberry Peach",247.0,"8.0 fl oz",82,111,--,,
"""14227""","Beverages, OCEAN SPRAY, White Cranberry Strawberry Flavored Juice Drink",247.0,"8.0 fl oz",62,121,--,,
"""14327""","Beverages, orange and apricot juice drink, canned",31.2,"1.0 fl oz",57,16,--,,
"""14436""","Beverages, orange breakfast drink, ready-to-drink, with added nutrients",31.6,"1.0 fl oz",132,17,--,,
"""14426""","Beverages, Orange drink, breakfast type, with juice and pulp, frozen concentrate",36.3,"1.0 fl oz",8,56,--,,
"""14427""","Beverages, Orange drink, breakfast type, with juice and pulp, frozen concentrate, prepared with water",31.3,"1.0 fl oz",2,14,--,,
"""14323""","Beverages, orange drink, canned, with added vitamin C",31.0,"1.0 fl oz",2,15,--,,
"""42270""","Beverages, Orange juice drink",249.0,"1.0 cup",110,134,--,,
"""14064""","Beverages, Orange juice, light, No pulp",240.0,"8.0 fl oz",499,50,--,,
"""14409""","Beverages, Orange-flavor drink, breakfast type, low calorie, powder",2.5,"1.0 portion, amount of dry mix to make 8 fl oz prepared",500,5,--,,
"""14407""","Beverages, orange-flavor drink, breakfast type, powder",26.0,"1.0 serving 2 tbsp",520,100,--,,
"""14408""","Beverages, orange-flavor drink, breakfast type, powder, prepared with water",33.9,"1.0 fl oz",87,17,--,,
"""14425""","Beverages, Orange-flavor drink, breakfast type, with pulp, frozen concentrate, prepared with water",31.0,"1.0 fl oz",0,15,--,,
"""14424""","Beverages, Orange-flavor drink, breakfast type, with pulp, frozen concentrate.",35.3,"1.0 fl oz",0,61,--,,
"""14315""","Beverages, OVALTINE, chocolate malt powder",78.0,"1.0 cup",3549,290,--,,
"""14309""","Beverages, OVALTINE, Classic Malt powder",21.0,"1.0 serving (4 tbsp or 1 envelope)",954,78,--,,
"""14644""","Beverages, PEPSICO QUAKER, Gatorade G2, low calorie",237.0,"8.0 fl oz",0,19,--,,
"""14460""","Beverages, PEPSICO QUAKER, Gatorade, G performance O 2, ready-to-drink.",30.5,"1.0 fl oz",0,8,--,,
"""14334""","Beverages, pineapple and grapefruit juice drink, canned",31.3,"1.0 fl oz",1,15,--,,
"""14341""","Beverages, pineapple and orange juice drink, canned",31.3,"1.0 fl oz",6,16,--,,
"""14599""","Beverages, Powerade Zero Ion4, calorie-free, assorted flavors",237.0,"8.0 fl oz",--,0,--,,
"""14167""","Beverages, POWERADE, Zero, Mixed Berry",360.0,"12.0 fl oz",--,0,--,,
"""14462""","Beverages, Propel Zero, fruit-flavored, non-carbonated",29.6,"1.0 fl oz",0,1,--,,
"""14067""","Beverages, Protein powder soy based",45.0,"1.0 scoop",0,175,--,,
"""14066""","Beverages, Protein powder whey based",32.0,"0.33 cup",0,113,--,,
"""14639""","Beverages, rice milk, unsweetened",240.0,"8.0 fl oz (approximate weight, 1 serving)",499,113,--,,
"""14080""","Beverages, rich chocolate, powder",11.0,"2.0 tbsp",500,41,--,,
"""14428""","Beverages, shake, fast food, strawberry",23.5,"1.0 fl oz",28,27,--,,
"""14044""","Beverages, SLIMFAST, Meal replacement,  High Protein Shake, Ready-To-Drink, 3-2-1 plan",295.0,"1.0 bottle",1684,180,--,,
"""14351""","Beverages, Strawberry-flavor beverage mix, powder, prepared with whole milk",266.0,"1.0 cup (8 fl oz)",309,234,--,,
"""14544""","Beverages, tea, black, brewed, prepared with distilled water",29.6,"1.0 fl oz",0,0,--,,
"""14355""","Beverages, tea, black, brewed, prepared with tap water",29.6,"1.0 fl oz",0,0,--,,
"""14352""","Beverages, tea, black, brewed, prepared with tap water, decaffeinated",29.6,"1.0 fl oz",0,0,--,,
"""14247""","Beverages, tea, black, ready to drink",473.0,"16.0 fl oz",--,0,--,,
"""14281""","Beverages, tea, black, ready to drink, decaffeinated",240.0,"1.0 cup",0,91,--,,
"""14280""","Beverages, tea, black, ready to drink, decaffeinated, diet",240.0,"1.0 cup",--,0,--,,
"""14211""","Beverages, tea, black, ready-to-drink, lemon, diet",265.0,"1.0 cup",0,3,--,,
"""14199""","Beverages, tea, black, ready-to-drink, lemon, sweetened",271.0,"1.0 cup",0,122,--,,
"""14279""","Beverages, tea, black, ready-to-drink, peach, diet",268.0,"1.0 cup",0,3,--,,
"""14260""","Beverages, tea, green, brewed, decaffeinated",240.0,"240.0 ml",--,0,--,,
"""14278""","Beverages, tea, green, brewed, regular",245.0,"1.0 cup",0,2,--,,
"""14246""","Beverages, tea, green, instant, decaffeinated, lemon, unsweetened, fortified with vitamin C",4.5,"2.0 tbsp",0,17,--,,
"""14188""","Beverages, tea, green, ready to drink, ginseng and honey, sweetened",260.0,"1.0 cup",0,78,--,,
"""14261""","Beverages, tea, green, ready to drink, unsweetened",473.0,"16.0 fl oz",--,0,--,,
"""14191""","Beverages, tea, green, ready-to-drink, citrus, diet, fortified with vitamin C",265.0,"1.0 cup",0,3,--,,
"""14190""","Beverages, tea, green, ready-to-drink, diet",269.0,"1.0 cup",0,11,--,,
"""14206""","Beverages, tea, green, ready-to-drink, sweetened",270.0,"1.0 cup",0,73,--,,
"""14545""","Beverages, tea, herb, brewed, chamomile",29.6,"1.0 fl oz",6,0,--,,
"""14381""","Beverages, tea, herb, other than chamomile, brewed",29.6,"1.0 fl oz",0,0,--,,
"""14649""","Beverages, tea, hibiscus, brewed",237.0,"8.0 fl oz",--,0,--,,
"""14356""","Beverages, tea, instant, decaffeinated, lemon, diet",1.6,"2.0 tsp",0,5,--,,
"""14357""","Beverages, tea, instant, decaffeinated, lemon, sweetened",23.0,"1.0 serving (3 heaping tsp)",0,92,--,,
"""14353""","Beverages, tea, instant, decaffeinated, unsweetened",0.7,"1.0 serving 2 tsp",0,2,--,,
"""14376""","Beverages, tea, instant, lemon, diet",29.8,"1.0 fl oz",0,1,--,,
"""14370""","Beverages, tea, instant, lemon, sweetened, powder",23.0,"1.0 serving (3 heaping tsp)",0,92,--,,
"""14371""","Beverages, tea, instant, lemon, sweetened, prepared with water",259.0,"1.0 cup (8 fl oz)",0,91,--,,
"""14368""","Beverages, tea, instant, lemon, unsweetened",1.4,"1.0 tsp, rounded",0,5,--,,
"""14548""","Beverages, tea, instant, lemon, with added ascorbic acid",23.0,"1.0 serving (3 heaping tsp)",0,89,--,,
"""14375""","Beverages, tea, instant, sweetened with sodium saccharin, lemon-flavored, powder",1.6,"2.0 tsp",0,5,--,,
"""14366""","Beverages, tea, instant, unsweetened, powder",0.7,"1.0 serving 1 tsp",0,2,--,,
"""14367""","Beverages, tea, instant, unsweetened, prepared with water",29.7,"1.0 fl oz",0,0,--,,
"""14207""","Beverages, tea, ready-to-drink, lemon, diet",266.0,"1.0 cup",0,5,--,,
"""14093""","Beverages, The COCA-COLA company, Glaceau Vitamin Water, Revive Fruit Punch, fortified",591.0,"20.0 fl oz",--,0,--,,
"""14065""","Beverages, The COCA-COLA company, Hi-C Flashin' Fruit Punch",200.0,"6.0 fl oz",0,90,--,,
"""14189""","Beverages, The COCA-COLA company, Minute Maid, Lemonade",240.0,"8.0 fl oz",0,110,--,,
"""14030""","Beverages, THE COCA-COLA COMPANY, NOS energy drink, Original, grape, loaded cherry, charged citrus, fortified with vitamins B6 and B12",480.0,"16.0 fl oz",0,211,--,,
"""14026""","Beverages, THE COCA-COLA COMPANY, NOS Zero, energy drink, sugar-free with guarana, fortified with vitamins B6 and B12",480.0,"16.0 fl oz",0,19,--,,
"""14276""","Beverages, Tropical Punch, ready-to-drink",210.0,"1.0 NLEA Serving",0,21,--,,
"""14055""","Beverages, UNILEVER, SLIMFAST Shake Mix, high protein, whey powder, 3-2-1 Plan,",26.0,"1.0 scoop",750,113,--,,
"""14047""","Beverages, UNILEVER, SLIMFAST Shake Mix, powder, 3-2-1 Plan",26.0,"1.0 scoop",896,116,--,,
"""14045""","Beverages, UNILEVER, SLIMFAST, meal replacement, regular, ready-to-drink,  3-2-1 Plan",295.0,"1.0 bottle",1667,168,--,,
"""14611""","Beverages, V8 SPLASH Juice Drinks, Berry Blend",243.0,"1.0 serving 8 oz",5001,70,--,,
"""14607""","Beverages, V8 SPLASH Juice Drinks, Diet Berry Blend",243.0,"8.0 fl oz",5001,10,--,,
"""14608""","Beverages, V8 SPLASH Juice Drinks, Diet Fruit Medley",238.0,"1.0 serving 8 oz",5000,10,--,,
"""14609""","Beverages, V8 SPLASH Juice Drinks, Diet Strawberry Kiwi",238.0,"1.0 serving",5000,10,--,,
"""14610""","Beverages, V8 SPLASH Juice Drinks, Diet Tropical Blend",238.0,"1.0 serving 8 oz",5000,10,--,,
"""14612""","Beverages, V8 SPLASH Juice Drinks, Fruit Medley",243.0,"1.0 serving 8 oz",5001,80,--,,
"""14613""","Beverages, V8 SPLASH Juice Drinks, Guava Passion Fruit",243.0,"1.0 serving 8 oz",5001,80,--,,
"""14614""","Beverages, V8 SPLASH Juice Drinks, Mango Peach",243.0,"1.0 serving 8 oz",5001,80,--,,
"""14615""","Beverages, V8 SPLASH Juice Drinks, Orange Pineapple",243.0,"1.0 serving 8 oz",5001,70,--,,
"""14616""","Beverages, V8 SPLASH Juice Drinks, Orchard Blend",243.0,"1.0 serving 8 oz",5001,80,--,,
"""14617""","Beverages, V8 SPLASH Juice Drinks, Strawberry Banana",243.0,"1.0 serving 8 oz",5001,70,--,,
"""14618""","Beverages, V8 SPLASH Juice Drinks, Strawberry Kiwi",243.0,"1.0 serving 8 oz",5001,70,--,,
"""14619""","Beverages, V8 SPLASH Juice Drinks, Tropical Blend",243.0,"1.0 serving 8 oz",5001,70,--,,
"""14086""","Beverages, V8 SPLASH Smoothies, Peach Mango",245.0,"1.0 serving 8 oz",3501,91,--,,
"""14087""","Beverages, V8 SPLASH Smoothies, Strawberry Banana",245.0,"1.0 serving 8 oz",1000,91,--,,
"""14088""","Beverages, V8 SPLASH Smoothies, Tropical Colada",246.0,"1.0 serving 8 oz",0,101,--,,
"""14623""","Beverages, V8 V- FUSION Juices, Acai Berry",246.0,"1.0 serving 8 oz",15,111,--,,
"""14620""","Beverages, V8 V-FUSION Juices, Peach Mango",246.0,"1.0 serving 8 oz",1001,121,--,,
"""14621""","Beverages, V8 V-FUSION Juices, Strawberry Banana",246.0,"1.0 serving 8 oz",2000,121,--,,
"""14622""","Beverages, V8 V-FUSION Juices, Tropical",246.0,"1.0 serving 8 oz",4000,121,--,,
"""14635""","Beverages, vegetable and fruit juice blend, 100% juice, with added vitamins A, C, E",246.0,"1.0 serving 8 oz",1754,113,--,,
"""14633""","Beverages, Vegetable and fruit juice drink, reduced calorie, with low-calorie sweetener, added vitamin C",238.0,"1.0 serving",4974,10,--,,
"""14605""","Beverages, Water with added vitamins and minerals, bottles, sweetened, assorted fruit flavors",237.0,"8.0 fl oz (1 NLEA serving)",249,52,--,,
"""14384""","Beverages, water, bottled, PERRIER",29.6,"1.0 fl oz",--,0,--,,
"""14385""","Beverages, water, bottled, POLAND SPRING",29.6,"1.0 fl oz",--,0,--,,
"""14031""","Beverages, water, bottled, yumberry, pomegranate with anti-oxidants, zero calories",240.0,"8.0 fl oz",0,12,--,,
"""14411""","Beverages, water, tap, drinking",29.6,"1.0 fl oz",--,0,--,,
"""14429""","Beverages, water, tap, municipal",29.6,"1.0 fl oz",--,0,--,,
"""14058""","Beverages, Whey protein powder isolate",86.0,"3.0 scoop",2500,309,--,,
"""14028""","Beverages, Whiskey sour mix, bottled",32.3,"1.0 fl oz",0,28,--,,
"""14024""","Beverages, Whiskey sour mix, powder",17.0,"1.0 packet",5,65,--,,
"""14553""","Beverages, Wine, non-alcoholic",29.0,"1.0 fl oz",0,2,--,,
"""14079""","Beverages, yellow green colored citrus soft drink with caffeine",473.0,"16.0 fl oz",0,232,--,,
"""14073""","Beverages, ZEVIA, cola",355.0,"1.0 can",--,0,--,,
"""14074""","Beverages, ZEVIA, cola, caffeine free",355.0,"1.0 can",--,0,--,,
"""14552""","Carbonated beverage, chocolate-flavored soda",31.0,"1.0 fl oz",0,13,--,,
"""14130""","Carbonated beverage, cream soda",30.9,"1.0 fl oz",0,16,--,,
"""14537""","Carbonated beverage, low calorie, other than cola or pepper, with sodium saccharin, without caffeine",29.6,"1.0 fl oz",--,0,--,,
"""14197""","Cocoa mix, NESTLE, Rich Chocolate Hot Cocoa Mix",20.0,"1.0 serving 1 envelope",2,80,--,,
"""14242""","Cranberry juice cocktail, bottled",31.6,"1.0 fl oz",3,17,--,,
"""14243""","Cranberry juice cocktail, bottled, low calorie, with calcium, saccharin and corn sweetener",29.6,"1.0 fl oz",1,6,--,,
"""14430""","Cranberry juice cocktail, frozen concentrate",36.2,"1.0 fl oz",12,73,--,,
"""14431""","Cranberry juice cocktail, frozen concentrate, prepared with water",29.6,"1.0 fl oz",2,14,--,,
"""14542""","Lemonade, frozen concentrate, pink",36.4,"1.0 fl oz",0,70,--,,
"""14292""","Lemonade, frozen concentrate, white",36.5,"1.0 fl oz",0,72,--,,
"""14293""","Lemonade, frozen concentrate, white, prepared with water",30.9,"1.0 fl oz",0,12,--,,
"""14288""","Lemonade, powder, prepared with water",33.0,"1.0 fl oz",0,5,--,,
"""14303""","Limeade, frozen concentrate, prepared with water",30.9,"1.0 fl oz",0,16,--,,
"""14305""","Malt beverage, includes non-alcoholic beer",29.6,"1.0 fl oz",1,11,--,,
"""14347""","Shake, fast food, vanilla",20.8,"1.0 fl oz",63,31,--,,
"""14350""","Strawberry-flavor beverage mix, powder",22.0,"1.0 serving (2-3 heaping tsp)",0,86,--,,
"""14555""","Water, bottled, generic",29.6,"1.0 fl oz",--,0,--,,
"""14604""","Water, non-carbonated, bottles, natural fruit flavors, sweetened with low calorie sweetener",29.6,"1.0 fl oz",0,0,--,,
"""14637""","Water, with corn syrup and/or sugar and low calorie sweetener, fruit flavored",200.0,"1.0 pouch",212,36,--,,
"""14530""","Whiskey sour mix, bottled, with added potassium and sodium",32.3,"1.0 fl oz",7,27,--,,
