Source: USDA National Nutrient Database for Standard Reference Legacy Software v.3.9.4 2018-05-17
"Nutrients: Energy (kJ); Fatty acids, total trans-monoenoic (g); 14:0 (g)"
"Food Groups: Beverages"
Food Subset:All Foods
Ordered by:Food Name
Measured by:Household
Report Run at: 06-02-2018T14:05
NDB_NO,Description,Weight(g),Measure,"Energy"(kJ)Per Measure,"Fatty acids, total trans-monoenoic"(g)Per Measure,"14:0"(g)Per Measure,
"""14006""","Alcoholic beverage, beer, light",29.5,"1.0 fl oz",36,--,0.000,,
"""14007""","Alcoholic beverage, beer, light, BUD LIGHT",29.5,"1.0 fl oz",36,--,--,,
"""14005""","Alcoholic beverage, beer, light, BUDWEISER SELECT",29.5,"1.0 fl oz",35,--,--,,
"""14248""","Alcoholic beverage, beer, light, higher alcohol",356.0,"12.0 fl oz",680,--,0.000,,
"""14013""","Alcoholic beverage, beer, light, low carb",29.5,"1.0 fl oz",33,--,0.000,,
"""14003""","Alcoholic beverage, beer, regular, all",29.7,"1.0 fl oz",54,--,0.000,,
"""14004""","Alcoholic beverage, beer, regular, BUDWEISER",29.8,"1.0 fl oz",51,--,--,,
"""14034""","Alcoholic beverage, creme de menthe, 72 proof",33.6,"1.0 fl oz",521,--,0.000,,
"""14009""","Alcoholic beverage, daiquiri, canned",30.5,"1.0 fl oz",160,--,--,,
"""14010""","Alcoholic beverage, daiquiri, prepared-from-recipe",30.2,"1.0 fl oz",235,--,0.000,,
"""14533""","Alcoholic beverage, distilled, all (gin, rum, vodka, whiskey) 100 proof",27.8,"1.0 fl oz",343,--,0.000,,
"""14037""","Alcoholic beverage, distilled, all (gin, rum, vodka, whiskey) 80 proof",27.8,"1.0 fl oz",269,--,0.000,,
"""14550""","Alcoholic beverage, distilled, all (gin, rum, vodka, whiskey) 86 proof",27.8,"1.0 fl oz",291,--,0.000,,
"""14551""","Alcoholic beverage, distilled, all (gin, rum, vodka, whiskey) 90 proof",27.8,"1.0 fl oz",306,--,0.000,,
"""14532""","Alcoholic beverage, distilled, all (gin, rum, vodka, whiskey) 94 proof",27.8,"1.0 fl oz",320,--,0.000,,
"""14050""","Alcoholic beverage, distilled, rum, 80 proof",27.8,"1.0 fl oz",269,--,0.000,,
"""14051""","Alcoholic beverage, distilled, vodka, 80 proof",27.8,"1.0 fl oz",269,--,0.000,,
"""14052""","Alcoholic beverage, distilled, whiskey, 86 proof",27.8,"1.0 fl oz",291,--,0.000,,
"""14415""","Alcoholic beverage, liqueur, coffee with cream, 34 proof",31.1,"1.0 fl oz",425,--,0.481,,
"""14414""","Alcoholic beverage, liqueur, coffee, 53 proof",34.8,"1.0 fl oz",489,--,0.000,,
"""14534""","Alcoholic beverage, liqueur, coffee, 63 proof",34.8,"1.0 fl oz",449,--,--,,
"""14239""","Alcoholic beverage, malt beer, hard lemonade",335.0,"11.0 fl oz",951,--,0.000,,
"""14015""","Alcoholic beverage, pina colada, canned",32.6,"1.0 fl oz",323,--,0.416,,
"""14017""","Alcoholic beverage, pina colada, prepared-from-recipe",31.4,"1.0 fl oz",229,--,0.101,,
"""43479""","Alcoholic beverage, rice (sake)",29.1,"1.0 fl oz",163,--,0.000,,
"""14019""","Alcoholic beverage, tequila sunrise, canned",31.1,"1.0 fl oz",143,--,--,,
"""14531""","Alcoholic beverage, whiskey sour",30.4,"1.0 fl oz",189,--,0.000,,
"""14027""","Alcoholic beverage, whiskey sour, canned",30.8,"1.0 fl oz",153,--,--,,
"""14029""","Alcoholic beverage, whiskey sour, prepared from item 14028",30.4,"1.0 fl oz",194,--,0.000,,
"""14025""","Alcoholic beverage, whiskey sour, prepared with water, whiskey and powder mix",29.4,"1.0 fl oz",201,--,0.000,,
"""43154""","Alcoholic beverage, wine, cooking",4.9,"1.0 tsp",10,--,0.000,,
"""14536""","Alcoholic beverage, wine, dessert, dry",29.5,"1.0 fl oz",188,--,0.000,,
"""14057""","Alcoholic beverage, wine, dessert, sweet",29.5,"1.0 fl oz",198,--,0.000,,
"""43155""","Alcoholic beverage, wine, light",29.5,"1.0 fl oz",61,--,0.000,,
"""14084""","Alcoholic beverage, wine, table, all",148.0,"1.0 serving (5 fl oz)",514,--,0.000,,
"""14096""","Alcoholic beverage, wine, table, red",29.4,"1.0 fl oz",105,--,0.000,,
"""14101""","Alcoholic Beverage, wine, table, red, Barbera",29.4,"1.0 fl oz",104,--,--,,
"""14152""","Alcoholic Beverage, wine, table, red, Burgundy",29.5,"1.0 fl oz",106,--,--,,
"""14098""","Alcoholic Beverage, wine, table, red, Cabernet Franc",29.4,"1.0 fl oz",103,--,--,,
"""14097""","Alcoholic Beverage, wine, table, red, Cabernet Sauvignon",29.4,"1.0 fl oz",102,--,--,,
"""14109""","Alcoholic Beverage, wine, table, red, Carignane",29.4,"1.0 fl oz",91,--,--,,
"""14105""","Alcoholic Beverage, wine, table, red, Claret",29.4,"1.0 fl oz",102,--,--,,
"""14158""","Alcoholic Beverage, wine, table, red, Gamay",29.4,"1.0 fl oz",96,--,--,,
"""14107""","Alcoholic Beverage, wine, table, red, Lemberger",29.4,"1.0 fl oz",99,--,--,,
"""14602""","Alcoholic Beverage, wine, table, red, Merlot",29.4,"1.0 fl oz",102,--,--,,
"""14159""","Alcoholic Beverage, wine, table, red, Mouvedre",29.4,"1.0 fl oz",108,--,--,,
"""14103""","Alcoholic Beverage, wine, table, red, Petite Sirah",29.5,"1.0 fl oz",105,--,--,,
"""14099""","Alcoholic Beverage, wine, table, red, Pinot Noir",29.4,"1.0 fl oz",100,--,--,,
"""14108""","Alcoholic Beverage, wine, table, red, Sangiovese",29.4,"1.0 fl oz",106,--,--,,
"""14100""","Alcoholic Beverage, wine, table, red, Syrah",29.4,"1.0 fl oz",102,--,--,,
"""14102""","Alcoholic Beverage, wine, table, red, Zinfandel",29.4,"1.0 fl oz",108,--,--,,
"""14106""","Alcoholic beverage, wine, table, white",29.4,"1.0 fl oz",101,--,0.000,,
"""14160""","Alcoholic beverage, wine, table, white, Chardonnay",29.3,"1.0 fl oz",103,--,--,,
"""14116""","Alcoholic beverage, wine, table, white, Chenin Blanc",29.5,"1.0 fl oz",99,--,--,,
"""14117""","Alcoholic beverage, wine, table, white, Fume Blanc",29.3,"1.0 fl oz",100,--,--,,
"""14124""","Alcoholic beverage, wine, table, white, Gewurztraminer",29.5,"1.0 fl oz",99,--,--,,
"""14135""","Alcoholic beverage, wine, table, white, late harvest",30.8,"1.0 fl oz",144,--,--,,
"""14125""","Alcoholic beverage, wine, table, white, late harvest, Gewurztraminer",30.5,"1.0 fl oz",138,--,--,,
"""14120""","Alcoholic beverage, wine, table, white, Muller Thurgau",29.5,"1.0 fl oz",94,--,--,,
"""14140""","Alcoholic beverage, wine, table, white, Muscat",30.0,"1.0 fl oz",103,--,--,,
"""14138""","Alcoholic beverage, wine, table, white, Pinot Blanc",29.3,"1.0 fl oz",100,--,--,,
"""14113""","Alcoholic beverage, wine, table, white, Pinot Gris (Grigio)",29.3,"1.0 fl oz",101,--,--,,
"""14132""","Alcoholic beverage, wine, table, white, Riesling",29.6,"1.0 fl oz",100,--,--,,
"""14134""","Alcoholic beverage, wine, table, white, Sauvignon Blanc",29.3,"1.0 fl oz",100,--,--,,
"""14126""","Alcoholic beverage, wine, table, white, Semillon",29.5,"1.0 fl oz",101,--,--,,
"""14251""","Alcoholic beverages, beer, higher alcohol",30.6,"1.0 fl oz",74,--,0.000,,
"""14253""","Alcoholic beverages, wine, rose",30.3,"1.0 fl oz",105,--,0.000,,
"""14021""","Beverages,  Energy drink, Citrus",240.0,"8.0 fl oz",454,--,0.000,,
"""14035""","Beverages, ABBOTT, EAS soy protein powder",44.0,"1.0 scoop",745,--,0.000,,
"""14033""","Beverages, ABBOTT, EAS whey protein powder",39.0,"2.0 scoop",628,--,0.048,,
"""43528""","Beverages, ABBOTT, ENSURE PLUS, ready-to-drink",252.0,"1.0 cup",1484,--,0.000,,
"""14062""","Beverages, ABBOTT, ENSURE, Nutritional Shake, Ready-to-Drink",254.0,"8.0 fl oz",1120,--,0.013,,
"""14056""","Beverages, Acai berry drink, fortified",266.0,"8.0 fl oz",692,--,0.000,,
"""14054""","Beverages, almond milk, chocolate, ready-to-drink",240.0,"8.0 fl oz",502,--,0.000,,
"""14016""","Beverages, almond milk, sweetened, vanilla flavor, ready-to-drink",240.0,"8.0 fl oz",377,--,0.000,,
"""14091""","Beverages, almond milk, unsweetened, shelf stable",262.0,"1.0 cup",170,0.000,0.008,,
"""14216""","Beverages, aloe vera juice drink, fortified with Vitamin C",240.0,"8.0 fl oz",146,--,0.000,,
"""14250""","Beverages, AMBER, hard cider",355.0,"12.0 fl oz",838,--,0.000,,
"""14162""","Beverages, Apple juice drink, light, fortified with vitamin C",240.0,"8.0 fl oz",221,--,0.000,,
"""14475""","Beverages, ARIZONA, tea, ready-to-drink, lemon",30.6,"1.0 fl oz",50,--,--,,
"""14121""","Beverages, carbonated, club soda",29.6,"1.0 fl oz",0,--,--,,
"""14400""","Beverages, carbonated, cola, fast-food cola",258.0,"1.0 serving child 12 fl oz, without ice",405,--,0.000,,
"""14148""","Beverages, carbonated, cola, regular",30.7,"1.0 fl oz",54,--,0.000,,
"""14147""","Beverages, carbonated, cola, without caffeine",30.7,"1.0 fl oz",52,--,0.000,,
"""14136""","Beverages, carbonated, ginger ale",30.5,"1.0 fl oz",43,--,0.000,,
"""14142""","Beverages, carbonated, grape soda",31.0,"1.0 fl oz",56,--,0.000,,
"""14144""","Beverages, carbonated, lemon-lime soda, no caffeine",30.8,"1.0 fl oz",52,--,0.000,,
"""14165""","Beverages, carbonated, limeade, high caffeine",253.0,"1.0 cup",185,--,0.000,,
"""14416""","Beverages, carbonated, low calorie, cola or pepper-type, with aspartame, contains caffeine",29.6,"1.0 fl oz",2,--,0.000,,
"""14146""","Beverages, carbonated, low calorie, cola or pepper-type, with aspartame, without caffeine",29.6,"1.0 fl oz",1,--,0.000,,
"""14166""","Beverages, carbonated, low calorie, cola or pepper-types, with sodium saccharin, contains caffeine",29.6,"1.0 fl oz",0,--,--,,
"""14143""","Beverages, carbonated, low calorie, other than cola or pepper,  without caffeine",29.6,"1.0 fl oz",0,--,--,,
"""14151""","Beverages, carbonated, low calorie, other than cola or pepper, with aspartame, contains caffeine",29.6,"1.0 fl oz",0,--,--,,
"""14150""","Beverages, carbonated, orange",31.0,"1.0 fl oz",62,--,0.000,,
"""14153""","Beverages, carbonated, pepper-type, contains caffeine",30.7,"1.0 fl oz",53,--,--,,
"""14149""","Beverages, carbonated, reduced sugar, cola, contains caffeine and sweeteners",29.6,"1.0 fl oz",25,--,0.000,,
"""14157""","Beverages, carbonated, root beer",30.8,"1.0 fl oz",53,--,0.000,,
"""14145""","Beverages, carbonated, SPRITE, lemon-lime, without caffeine",30.8,"1.0 fl oz",51,--,0.000,,
"""14155""","Beverages, carbonated, tonic water",30.5,"1.0 fl oz",43,--,0.000,,
"""14168""","Beverages, Carob-flavor beverage mix, powder",12.0,"1.0 tbsp",187,--,0.000,,
"""14169""","Beverages, Carob-flavor beverage mix, powder, prepared with whole milk",256.0,"1.0 cup (8 fl oz)",801,--,0.724,,
"""14092""","Beverages, chocolate almond milk, unsweetened, shelf-stable, fortified with vitamin D2 and E",240.0,"1.0 cup",216,--,0.000,,
"""14163""","Beverages, chocolate drink, milk and soy based, ready to drink, fortified",237.0,"8.0 fl oz",1005,--,0.097,,
"""14164""","Beverages, chocolate malt powder, prepared with 1% milk, fortified",98.0,"1.0 cup dry mix",234,--,0.089,,
"""14083""","Beverages, chocolate malt, powder, prepared with fat free milk",256.0,"1.0 serving",525,--,0.041,,
"""14063""","Beverages, chocolate powder, no sugar added",11.0,"2.0 tbsp",161,--,0.000,,
"""14181""","Beverages, chocolate syrup",39.0,"1.0 serving 2 tbsp",455,--,0.000,,
"""14182""","Beverages, chocolate syrup, prepared with whole milk",282.0,"1.0 cup (8 fl oz)",1063,--,0.725,,
"""14557""","Beverages, chocolate-flavor beverage mix for milk, powder, with added nutrients",22.0,"1.0 serving",368,--,0.001,,
"""14558""","Beverages, chocolate-flavor beverage mix for milk, powder, with added nutrients, prepared with whole milk",266.0,"1.0 serving",992,--,0.726,,
"""14177""","Beverages, chocolate-flavor beverage mix, powder, prepared with whole milk",266.0,"1.0 cup (8 fl oz)",947,--,0.724,,
"""43369""","Beverages, Chocolate-flavored drink, whey and milk based",244.0,"1.0 cup",500,--,0.024,,
"""14262""","Beverages, citrus fruit juice drink, frozen concentrate",35.2,"1.0 fl oz",238,--,0.000,,
"""14263""","Beverages, citrus fruit juice drink, frozen concentrate, prepared with water",31.0,"1.0 fl oz",60,--,0.000,,
"""14187""","Beverages, Clam and tomato juice, canned",30.2,"1.0 fl oz",60,--,0.000,,
"""14461""","Beverages, COCA-COLA, POWERADE, lemon-lime flavored, ready-to-drink",30.5,"1.0 fl oz",41,--,0.000,,
"""44203""","Beverages, Cocktail mix, non-alcoholic, concentrated, frozen",36.0,"1.0 fl oz",432,--,0.000,,
"""14538""","Beverages, Cocoa mix, low calorie, powder, with added calcium, phosphorus, aspartame, without added sodium or vitamin A",15.0,"1.0 envelope  Swiss Miss (.53 oz)",226,--,0.025,,
"""14195""","Beverages, Cocoa mix, NESTLE, Hot Cocoa Mix Rich Chocolate With Marshmallows",20.0,"1.0 serving 1 envelope",335,--,--,,
"""14196""","Beverages, Cocoa mix, no sugar added, powder",19.0,"1.0 envelope Alba (.675 oz)",299,--,0.008,,
"""14192""","Beverages, Cocoa mix, powder",28.0,"1.0 serving (3 heaping tsp or 1 envelope)",466,--,0.008,,
"""14194""","Beverages, Cocoa mix, powder, prepared with water",34.3,"1.0 fl oz",79,--,0.001,,
"""14390""","Beverages, cocoa mix, with aspartame, powder, prepared with water",32.1,"1.0 fl oz",39,--,0.001,,
"""14171""","Beverages, coconut milk, sweetened, fortified with calcium, vitamins A, B12, D2",240.0,"1.0 cup",314,--,0.986,,
"""14090""","Beverages, Coconut water, ready-to-drink, unsweetened",245.0,"1.0 cup",184,--,0.000,,
"""14204""","Beverages, coffee and cocoa, instant, decaffeinated, with whitener and low calorie sweetener",6.4,"1.0 tsp dry",118,--,0.137,,
"""14236""","Beverages, coffee substitute, cereal grain beverage, powder",3.0,"1.0 tsp (1 serving)",45,--,0.000,,
"""14421""","Beverages, coffee substitute, cereal grain beverage, powder, prepared with whole milk",185.0,"6.0 fl oz",503,--,0.614,,
"""14237""","Beverages, coffee substitute, cereal grain beverage, prepared with water",30.1,"1.0 fl oz",8,--,0.000,,
"""14180""","Beverages, coffee, brewed, breakfast blend",248.0,"1.0 cup",20,--,0.000,,
"""14210""","Beverages, coffee, brewed, espresso, restaurant-prepared",29.6,"1.0 fl oz",11,--,0.000,,
"""14202""","Beverages, coffee, brewed, espresso, restaurant-prepared, decaffeinated",29.6,"1.0 fl oz",11,--,0.000,,
"""14209""","Beverages, coffee, brewed, prepared with tap water",29.6,"1.0 fl oz",1,--,0.000,,
"""14201""","Beverages, coffee, brewed, prepared with tap water, decaffeinated",29.6,"1.0 fl oz",0,--,0.000,,
"""14223""","Beverages, coffee, instant, chicory",29.9,"1.0 fl oz",4,--,0.000,,
"""14218""","Beverages, coffee, instant, decaffeinated, powder",1.8,"1.0 tsp rounded",26,--,0.000,,
"""14219""","Beverages, coffee, instant, decaffeinated, prepared with water",29.9,"1.0 fl oz",3,--,0.000,,
"""14224""","Beverages, coffee, instant, mocha, sweetened",13.0,"1.0 serving 2 tbsp",250,--,0.096,,
"""14203""","Beverages, coffee, instant, regular, half the caffeine",1.0,"1.0 tsp",15,--,0.000,,
"""14214""","Beverages, coffee, instant, regular, powder",1.0,"1.0 tsp",15,--,0.000,,
"""14215""","Beverages, coffee, instant, regular, prepared with water",29.8,"1.0 fl oz",2,--,0.000,,
"""14270""","Beverages, coffee, instant, vanilla, sweetened, decaffeinated, with non dairy creamer",15.0,"1.0 serving",292,--,0.000,,
"""14222""","Beverages, coffee, instant, with chicory",1.8,"1.0 tsp, rounded",27,--,--,,
"""43401""","Beverages, coffee, instant, with whitener, reduced calorie",1.7,"1.0 tsp dry",36,--,0.000,,
"""14183""","Beverages, coffee, ready to drink, iced, mocha, milk based",265.0,"1.0 cup",670,--,0.000,,
"""14179""","Beverages, coffee, ready to drink, milk based, sweetened",262.0,"1.0 cup",776,--,0.000,,
"""14173""","Beverages, coffee, ready to drink, vanilla, light, milk based, sweetened",281.0,"9.0 fl oz",419,--,0.000,,
"""14284""","Beverages, Cranberry juice cocktail",271.0,"1.0 cup",591,--,--,,
"""14238""","Beverages, cranberry-apple juice drink, bottled",30.6,"1.0 fl oz",80,--,0.000,,
"""43404""","Beverages, cranberry-apple juice drink, low calorie, with vitamin C added",240.0,"1.0 cup (8 fl oz)",190,--,0.000,,
"""14240""","Beverages, cranberry-apricot juice drink, bottled",30.6,"1.0 fl oz",82,--,--,,
"""14241""","Beverages, cranberry-grape juice drink, bottled",30.6,"1.0 fl oz",72,--,--,,
"""14036""","Beverages, CYTOSPORT, Muscle Milk, ready-to-drink",414.0,"14.0 fl oz",903,--,0.000,,
"""14423""","Beverages, dairy drink mix, chocolate, reduced calorie, with aspartame, powder, prepared with water and ice",243.0,"1.0 serving",294,--,0.046,,
"""14422""","Beverages, Dairy drink mix, chocolate, reduced calorie, with low-calorie sweeteners, powder",21.0,"1.0 packet (.75 oz)",289,--,0.045,,
"""14440""","Beverages, DANNON, water, bottled, non-carbonated, with Fluoride",29.6,"1.0 fl oz",0,--,--,,
"""14450""","Beverages, drink mix, QUAKER OATS, GATORADE, orange flavor, powder",23.0,"1.0 scoop powder",373,--,--,,
"""14245""","Beverages, Eggnog-flavor mix, powder, prepared with whole milk",272.0,"1.0 cup (8 fl oz)",1077,--,0.772,,
"""14060""","Beverages, Energy Drink with carbonated water and high fructose corn syrup",240.0,"8.0 fl oz",619,--,0.000,,
"""14625""","Beverages, Energy drink, AMP",240.0,"1.0 serving",461,--,0.000,,
"""14628""","Beverages, Energy drink, AMP, sugar free",240.0,"8.0 fl oz",22,--,0.000,,
"""14626""","Beverages, Energy drink, FULL THROTTLE",240.0,"1.0 serving 8 fluid oz",461,--,0.000,,
"""14627""","Beverages, Energy Drink, Monster, fortified with vitamins C, B2, B3, B6, B12",240.0,"1.0 serving",473,--,0.000,,
"""14154""","Beverages, Energy drink, RED BULL",258.0,"1.0 can 8.4 fl oz",462,--,0.000,,
"""14156""","Beverages, Energy drink, RED BULL, sugar free, with added caffeine, niacin, pantothenic acid, vitamins B6 and B12",250.0,"1.0 serving 8.3 fl oz can",48,--,0.000,,
"""14629""","Beverages, Energy drink, ROCKSTAR",31.0,"1.0 fl oz",76,--,0.000,,
"""14630""","Beverages, Energy drink, ROCKSTAR, sugar free",240.0,"8.0 fl oz",41,--,0.000,,
"""14061""","Beverages, Energy Drink, sugar free",240.0,"8.0 fl oz",41,--,0.000,,
"""14641""","Beverages, Energy drink, VAULT Zero, sugar-free, citrus flavor",246.0,"1.0 serving (8 fl oz)",15,--,0.000,,
"""14640""","Beverages, Energy drink, VAULT, citrus flavor",31.0,"1.0 oz",63,--,0.000,,
"""14646""","Beverages, Fruit flavored drink containing less than 3% fruit juice, with high vitamin C",238.0,"1.0 cup (8 fl oz)",267,--,0.000,,
"""14645""","Beverages, Fruit flavored drink, less than 3% juice, not fortified with vitamin C",238.0,"1.0 cup (8 fl oz)",638,--,0.000,,
"""14647""","Beverages, Fruit flavored drink, reduced sugar, greater than 3% fruit juice, high vitamin C, added calcium",240.0,"8.0 fl oz",293,--,0.000,,
"""14648""","Beverages, fruit juice drink, greater than 3% fruit juice, high vitamin C and added thiamin",237.0,"8.0 fl oz",533,--,0.000,,
"""14651""","Beverages, fruit juice drink, greater than 3% juice, high vitamin C",238.0,"1.0 cup (8 fl oz)",457,--,0.000,,
"""14636""","Beverages, fruit juice drink, reduced sugar, with vitamin E added",209.0,"1.0 container",336,--,0.000,,
"""14268""","Beverages, Fruit punch drink, frozen concentrate",34.8,"1.0 fl oz",236,--,0.000,,
"""14269""","Beverages, Fruit punch drink, frozen concentrate, prepared with water",30.9,"1.0 fl oz",59,--,0.000,,
"""14267""","Beverages, Fruit punch drink, with added nutrients, canned",31.0,"1.0 fl oz",60,--,0.000,,
"""14264""","Beverages, fruit punch drink, without added nutrients, canned",210.0,"6.0 fl oz",420,--,0.000,,
"""14405""","Beverages, fruit punch juice drink, frozen concentrate",35.2,"1.0 fl oz",258,--,0.001,,
"""14406""","Beverages, fruit punch juice drink, frozen concentrate, prepared with water",29.3,"1.0 fl oz",52,--,0.000,,
"""14541""","Beverages, fruit punch-flavor drink, powder, without added sodium, prepared with water",32.7,"1.0 fl oz",51,--,0.000,,
"""42055""","Beverages, fruit-flavored drink, dry powdered mix, low calorie, with aspartame",8.0,"1.0 tsp",73,--,0.000,,
"""43345""","Beverages, fruit-flavored drink, powder, with high vitamin C with other added vitamins, low calorie",2.0,"1.0 tsp",19,--,0.000,,
"""14048""","Beverages, FUZE, orange mango, fortified with vitamins A, C, E, B6",500.0,"1.0 bottle",795,--,0.000,,
"""14075""","Beverages, GEROLSTEINER BRUNNEN GmbH  &  Co. KG,Gerolsteiner naturally sparkling mineral water,",240.0,"8.0 fl oz",0,--,--,,
"""14277""","Beverages, grape drink, canned",31.3,"1.0 fl oz",80,--,0.000,,
"""14282""","Beverages, grape juice drink, canned",31.3,"1.0 fl oz",74,--,0.000,,
"""14638""","Beverages, Horchata, as served in restaurant",228.0,"1.0 cup",520,--,--,,
"""14161""","Beverages, Kiwi Strawberry Juice Drink",473.0,"16.0 fl oz",922,--,0.000,,
"""14231""","Beverages, KRAFT, coffee, instant, French Vanilla Cafe",14.0,"1.0 NLEA Serving",282,--,--,,
"""14174""","Beverages, Lemonade fruit juice drink light, fortified with vitamin E and C",240.0,"8.0 fl oz",209,--,0.000,,
"""14543""","Beverages, lemonade, frozen concentrate, pink, prepared with water",30.9,"1.0 fl oz",55,--,0.000,,
"""14287""","Beverages, Lemonade, powder",18.0,"1.0 serving",283,--,0.000,,
"""14296""","Beverages, lemonade-flavor drink, powder",18.0,"1.0 serving",287,--,0.003,,
"""14297""","Beverages, lemonade-flavor drink, powder, prepared with water",31.8,"1.0 fl oz",36,--,0.000,,
"""14476""","Beverages, LIPTON BRISK, tea, black, ready-to-drink, lemon",30.6,"1.0 fl oz",45,--,--,,
"""14252""","Beverages, Malt liquor beverage",1184.0,"1.0 bottle",1954,--,0.000,,
"""14317""","Beverages, malted drink mix, chocolate, powder",21.0,"1.0 serving (3 heaping tsp or 1 envelope)",361,--,0.076,,
"""14318""","Beverages, Malted drink mix, chocolate, powder, prepared with whole milk",265.0,"1.0 cup (8 fl oz)",946,--,0.787,,
"""14316""","Beverages, Malted drink mix, chocolate, with added nutrients, powder, prepared with whole milk",265.0,"1.0 cup (8 fl oz)",967,--,0.782,,
"""14311""","Beverages, Malted drink mix, natural, powder, dairy based.",21.0,"1.0 serving (3 heaping tsp or 1 envelope)",376,--,0.151,,
"""14312""","Beverages, Malted drink mix, natural, powder, prepared with whole milk",265.0,"1.0 cup (8 fl oz)",978,--,0.859,,
"""14310""","Beverages, Malted drink mix, natural, with added nutrients, powder, prepared with whole milk",265.0,"1.0 cup (8 fl oz)",951,--,0.771,,
"""14632""","Beverages, Meal supplement drink, canned, peanut flavor",158.0,"1.0 cup",665,0.580,0.009,,
"""14634""","Beverages, milk beverage, reduced fat, flavored and sweetened, Ready-to-drink,  added calcium, vitamin A and vitamin D",244.0,"1.0 cup",786,--,0.395,,
"""14095""","Beverages, MINUTE MAID, Lemonada, Limeade",240.0,"8.0 fl oz",502,--,0.000,,
"""14119""","Beverages, Mixed vegetable and fruit juice drink, with added nutrients",247.0,"8.0 fl oz",301,--,0.000,,
"""14022""","Beverages, MONSTER energy drink, low carb",240.0,"8.0 fl oz",55,--,0.000,,
"""14137""","Beverages, NESTEA, tea, black, ready-to-drink, lemon",30.6,"1.0 fl oz",47,--,--,,
"""14041""","Beverages, NESTLE, Boost plus, nutritional drink, ready-to-drink",237.0,"1.0 bottle",1372,--,0.009,,
"""14654""","Beverages, nutritional shake mix, high protein, powder",10.0,"1.0 tbsp",164,--,0.000,,
"""14256""","Beverages, OCEAN SPRAY, Cran Cherry",248.0,"8.0 fl oz",481,--,--,,
"""14217""","Beverages, OCEAN SPRAY, Cran Grape",240.0,"8.0 fl oz",538,--,0.000,,
"""14234""","Beverages, OCEAN SPRAY, Cran Lemonade",247.0,"8.0 fl oz",464,--,--,,
"""14255""","Beverages, OCEAN SPRAY, Cran Pomegranate",248.0,"8.0 fl oz",489,--,--,,
"""14233""","Beverages, OCEAN SPRAY, Cran Raspberry Juice Drink",248.0,"8.0 fl oz",508,--,--,,
"""14038""","Beverages, OCEAN SPRAY, Cran-Energy, Cranberry Energy Juice Drink",250.0,"1.0 can",152,--,0.000,,
"""14220""","Beverages, OCEAN SPRAY, Cranberry-Apple Juice Drink, bottled",249.0,"8.0 fl oz",583,--,--,,
"""14235""","Beverages, OCEAN SPRAY, Diet Cran Cherry",237.0,"8.0 fl oz",36,--,--,,
"""14221""","Beverages, OCEAN SPRAY, Diet Cranberry Juice",237.0,"8.0 fl oz",36,--,--,,
"""14257""","Beverages, OCEAN SPRAY, Light Cranberry",248.0,"8.0 fl oz",193,--,--,,
"""14226""","Beverages, OCEAN SPRAY, Light Cranberry and Raspberry Flavored Juice",242.0,"8.0 fl oz",264,--,--,,
"""14259""","Beverages, OCEAN SPRAY, Light Cranberry, Concord Grape",248.0,"8.0 fl oz",233,--,--,,
"""14285""","Beverages, OCEAN SPRAY, Ruby Red cranberry",227.0,"8.0 fl oz",424,--,0.000,,
"""14258""","Beverages, OCEAN SPRAY, White Cranberry Peach",247.0,"8.0 fl oz",462,--,--,,
"""14227""","Beverages, OCEAN SPRAY, White Cranberry Strawberry Flavored Juice Drink",247.0,"8.0 fl oz",504,--,--,,
"""14327""","Beverages, orange and apricot juice drink, canned",31.2,"1.0 fl oz",66,--,0.000,,
"""14436""","Beverages, orange breakfast drink, ready-to-drink, with added nutrients",31.6,"1.0 fl oz",70,--,0.000,,
"""14426""","Beverages, Orange drink, breakfast type, with juice and pulp, frozen concentrate",36.3,"1.0 fl oz",232,--,0.000,,
"""14427""","Beverages, Orange drink, breakfast type, with juice and pulp, frozen concentrate, prepared with water",31.3,"1.0 fl oz",58,--,0.000,,
"""14323""","Beverages, orange drink, canned, with added vitamin C",31.0,"1.0 fl oz",63,--,0.000,,
"""42270""","Beverages, Orange juice drink",249.0,"1.0 cup",568,--,0.000,,
"""14064""","Beverages, Orange juice, light, No pulp",240.0,"8.0 fl oz",209,--,0.000,,
"""14409""","Beverages, Orange-flavor drink, breakfast type, low calorie, powder",2.5,"1.0 portion, amount of dry mix to make 8 fl oz prepared",23,--,0.000,,
"""14407""","Beverages, orange-flavor drink, breakfast type, powder",26.0,"1.0 serving 2 tbsp",420,--,0.000,,
"""14408""","Beverages, orange-flavor drink, breakfast type, powder, prepared with water",33.9,"1.0 fl oz",70,--,0.000,,
"""14425""","Beverages, Orange-flavor drink, breakfast type, with pulp, frozen concentrate, prepared with water",31.0,"1.0 fl oz",64,--,0.000,,
"""14424""","Beverages, Orange-flavor drink, breakfast type, with pulp, frozen concentrate.",35.3,"1.0 fl oz",254,--,0.000,,
"""14315""","Beverages, OVALTINE, chocolate malt powder",78.0,"1.0 cup",1214,--,0.000,,
"""14309""","Beverages, OVALTINE, Classic Malt powder",21.0,"1.0 serving (4 tbsp or 1 envelope)",327,--,0.000,,
"""14644""","Beverages, PEPSICO QUAKER, Gatorade G2, low calorie",237.0,"8.0 fl oz",78,--,0.000,,
"""14460""","Beverages, PEPSICO QUAKER, Gatorade, G performance O 2, ready-to-drink.",30.5,"1.0 fl oz",34,--,0.000,,
"""14334""","Beverages, pineapple and grapefruit juice drink, canned",31.3,"1.0 fl oz",62,--,0.000,,
"""14341""","Beverages, pineapple and orange juice drink, canned",31.3,"1.0 fl oz",65,--,0.000,,
"""14599""","Beverages, Powerade Zero Ion4, calorie-free, assorted flavors",237.0,"8.0 fl oz",0,--,--,,
"""14167""","Beverages, POWERADE, Zero, Mixed Berry",360.0,"12.0 fl oz",0,--,--,,
"""14462""","Beverages, Propel Zero, fruit-flavored, non-carbonated",29.6,"1.0 fl oz",6,--,0.000,,
"""14067""","Beverages, Protein powder soy based",45.0,"1.0 scoop",730,--,0.006,,
"""14066""","Beverages, Protein powder whey based",32.0,"0.33 cup",471,--,0.023,,
"""14639""","Beverages, rice milk, unsweetened",240.0,"8.0 fl oz (approximate weight, 1 serving)",468,--,0.000,,
"""14080""","Beverages, rich chocolate, powder",11.0,"2.0 tbsp",171,--,0.000,,
"""14428""","Beverages, shake, fast food, strawberry",23.5,"1.0 fl oz",111,--,--,,
"""14044""","Beverages, SLIMFAST, Meal replacement,  High Protein Shake, Ready-To-Drink, 3-2-1 plan",295.0,"1.0 bottle",752,--,0.044,,
"""14351""","Beverages, Strawberry-flavor beverage mix, powder, prepared with whole milk",266.0,"1.0 cup (8 fl oz)",979,--,0.822,,
"""14544""","Beverages, tea, black, brewed, prepared with distilled water",29.6,"1.0 fl oz",1,--,--,,
"""14355""","Beverages, tea, black, brewed, prepared with tap water",29.6,"1.0 fl oz",1,--,0.000,,
"""14352""","Beverages, tea, black, brewed, prepared with tap water, decaffeinated",29.6,"1.0 fl oz",1,--,0.000,,
"""14247""","Beverages, tea, black, ready to drink",473.0,"16.0 fl oz",0,--,--,,
"""14281""","Beverages, tea, black, ready to drink, decaffeinated",240.0,"1.0 cup",377,--,0.000,,
"""14280""","Beverages, tea, black, ready to drink, decaffeinated, diet",240.0,"1.0 cup",0,--,--,,
"""14211""","Beverages, tea, black, ready-to-drink, lemon, diet",265.0,"1.0 cup",11,--,0.000,,
"""14199""","Beverages, tea, black, ready-to-drink, lemon, sweetened",271.0,"1.0 cup",512,--,0.000,,
"""14279""","Beverages, tea, black, ready-to-drink, peach, diet",268.0,"1.0 cup",11,--,0.000,,
"""14260""","Beverages, tea, green, brewed, decaffeinated",240.0,"240.0 ml",0,--,--,,
"""14278""","Beverages, tea, green, brewed, regular",245.0,"1.0 cup",10,--,0.000,,
"""14246""","Beverages, tea, green, instant, decaffeinated, lemon, unsweetened, fortified with vitamin C",4.5,"2.0 tbsp",71,--,0.000,,
"""14188""","Beverages, tea, green, ready to drink, ginseng and honey, sweetened",260.0,"1.0 cup",330,--,0.000,,
"""14261""","Beverages, tea, green, ready to drink, unsweetened",473.0,"16.0 fl oz",0,--,--,,
"""14191""","Beverages, tea, green, ready-to-drink, citrus, diet, fortified with vitamin C",265.0,"1.0 cup",13,--,0.000,,
"""14190""","Beverages, tea, green, ready-to-drink, diet",269.0,"1.0 cup",43,--,0.000,,
"""14206""","Beverages, tea, green, ready-to-drink, sweetened",270.0,"1.0 cup",302,--,0.000,,
"""14545""","Beverages, tea, herb, brewed, chamomile",29.6,"1.0 fl oz",1,--,0.000,,
"""14381""","Beverages, tea, herb, other than chamomile, brewed",29.6,"1.0 fl oz",1,--,0.000,,
"""14649""","Beverages, tea, hibiscus, brewed",237.0,"8.0 fl oz",0,--,--,,
"""14356""","Beverages, tea, instant, decaffeinated, lemon, diet",1.6,"2.0 tsp",23,--,0.000,,
"""14357""","Beverages, tea, instant, decaffeinated, lemon, sweetened",23.0,"1.0 serving (3 heaping tsp)",386,--,0.000,,
"""14353""","Beverages, tea, instant, decaffeinated, unsweetened",0.7,"1.0 serving 2 tsp",9,--,0.000,,
"""14376""","Beverages, tea, instant, lemon, diet",29.8,"1.0 fl oz",2,--,0.000,,
"""14370""","Beverages, tea, instant, lemon, sweetened, powder",23.0,"1.0 serving (3 heaping tsp)",386,--,0.000,,
"""14371""","Beverages, tea, instant, lemon, sweetened, prepared with water",259.0,"1.0 cup (8 fl oz)",381,--,0.000,,
"""14368""","Beverages, tea, instant, lemon, unsweetened",1.4,"1.0 tsp, rounded",20,--,0.000,,
"""14548""","Beverages, tea, instant, lemon, with added ascorbic acid",23.0,"1.0 serving (3 heaping tsp)",371,--,--,,
"""14375""","Beverages, tea, instant, sweetened with sodium saccharin, lemon-flavored, powder",1.6,"2.0 tsp",23,--,0.000,,
"""14366""","Beverages, tea, instant, unsweetened, powder",0.7,"1.0 serving 1 tsp",9,--,0.000,,
"""14367""","Beverages, tea, instant, unsweetened, prepared with water",29.7,"1.0 fl oz",1,--,0.000,,
"""14207""","Beverages, tea, ready-to-drink, lemon, diet",266.0,"1.0 cup",24,--,0.000,,
"""14434""","Beverages, The COCA-COLA company, DASANI, water, bottled, non-carbonated",29.6,"1.0 fl oz",0,--,--,,
"""14093""","Beverages, The COCA-COLA company, Glaceau Vitamin Water, Revive Fruit Punch, fortified",591.0,"20.0 fl oz",0,--,--,,
"""14065""","Beverages, The COCA-COLA company, Hi-C Flashin' Fruit Punch",200.0,"6.0 fl oz",376,--,0.000,,
"""14189""","Beverages, The COCA-COLA company, Minute Maid, Lemonade",240.0,"8.0 fl oz",461,--,0.000,,
"""14030""","Beverages, THE COCA-COLA COMPANY, NOS energy drink, Original, grape, loaded cherry, charged citrus, fortified with vitamins B6 and B12",480.0,"16.0 fl oz",878,--,0.000,,
"""14026""","Beverages, THE COCA-COLA COMPANY, NOS Zero, energy drink, sugar-free with guarana, fortified with vitamins B6 and B12",480.0,"16.0 fl oz",82,--,0.000,,
"""14276""","Beverages, Tropical Punch, ready-to-drink",210.0,"1.0 NLEA Serving",88,--,0.000,,
"""14055""","Beverages, UNILEVER, SLIMFAST Shake Mix, high protein, whey powder, 3-2-1 Plan,",26.0,"1.0 scoop",471,--,0.010,,
"""14047""","Beverages, UNILEVER, SLIMFAST Shake Mix, powder, 3-2-1 Plan",26.0,"1.0 scoop",488,--,0.012,,
"""14045""","Beverages, UNILEVER, SLIMFAST, meal replacement, regular, ready-to-drink,  3-2-1 Plan",295.0,"1.0 bottle",702,--,0.044,,
"""14611""","Beverages, V8 SPLASH Juice Drinks, Berry Blend",243.0,"1.0 serving 8 oz",294,--,--,,
"""14607""","Beverages, V8 SPLASH Juice Drinks, Diet Berry Blend",243.0,"8.0 fl oz",41,--,--,,
"""14608""","Beverages, V8 SPLASH Juice Drinks, Diet Fruit Medley",238.0,"1.0 serving 8 oz",43,--,--,,
"""14609""","Beverages, V8 SPLASH Juice Drinks, Diet Strawberry Kiwi",238.0,"1.0 serving",43,--,--,,
"""14610""","Beverages, V8 SPLASH Juice Drinks, Diet Tropical Blend",238.0,"1.0 serving 8 oz",43,--,--,,
"""14612""","Beverages, V8 SPLASH Juice Drinks, Fruit Medley",243.0,"1.0 serving 8 oz",335,--,--,,
"""14613""","Beverages, V8 SPLASH Juice Drinks, Guava Passion Fruit",243.0,"1.0 serving 8 oz",335,--,--,,
"""14614""","Beverages, V8 SPLASH Juice Drinks, Mango Peach",243.0,"1.0 serving 8 oz",335,--,--,,
"""14615""","Beverages, V8 SPLASH Juice Drinks, Orange Pineapple",243.0,"1.0 serving 8 oz",294,--,--,,
"""14616""","Beverages, V8 SPLASH Juice Drinks, Orchard Blend",243.0,"1.0 serving 8 oz",335,--,--,,
"""14617""","Beverages, V8 SPLASH Juice Drinks, Strawberry Banana",243.0,"1.0 serving 8 oz",294,--,--,,
"""14618""","Beverages, V8 SPLASH Juice Drinks, Strawberry Kiwi",243.0,"1.0 serving 8 oz",294,--,--,,
"""14619""","Beverages, V8 SPLASH Juice Drinks, Tropical Blend",243.0,"1.0 serving 8 oz",294,--,--,,
"""14086""","Beverages, V8 SPLASH Smoothies, Peach Mango",245.0,"1.0 serving 8 oz",377,--,--,,
"""14087""","Beverages, V8 SPLASH Smoothies, Strawberry Banana",245.0,"1.0 serving 8 oz",377,--,--,,
"""14088""","Beverages, V8 SPLASH Smoothies, Tropical Colada",246.0,"1.0 serving 8 oz",418,--,--,,
"""14623""","Beverages, V8 V- FUSION Juices, Acai Berry",246.0,"1.0 serving 8 oz",460,--,--,,
"""14620""","Beverages, V8 V-FUSION Juices, Peach Mango",246.0,"1.0 serving 8 oz",502,--,--,,
"""14621""","Beverages, V8 V-FUSION Juices, Strawberry Banana",246.0,"1.0 serving 8 oz",502,--,--,,
"""14622""","Beverages, V8 V-FUSION Juices, Tropical",246.0,"1.0 serving 8 oz",502,--,--,,
"""14635""","Beverages, vegetable and fruit juice blend, 100% juice, with added vitamins A, C, E",246.0,"1.0 serving 8 oz",472,--,0.000,,
"""14633""","Beverages, Vegetable and fruit juice drink, reduced calorie, with low-calorie sweetener, added vitamin C",238.0,"1.0 serving",40,--,0.000,,
"""14605""","Beverages, Water with added vitamins and minerals, bottles, sweetened, assorted fruit flavors",237.0,"8.0 fl oz (1 NLEA serving)",218,--,0.000,,
"""14437""","Beverages, water, bottled, non-carbonated, CALISTOGA",29.6,"1.0 fl oz",0,--,--,,
"""14438""","Beverages, water, bottled, non-carbonated, CRYSTAL GEYSER",29.6,"1.0 fl oz",0,--,--,,
"""14432""","Beverages, water, bottled, non-carbonated, DANNON",29.6,"1.0 fl oz",0,--,--,,
"""14559""","Beverages, water, bottled, non-carbonated, EVIAN",29.6,"1.0 fl oz",0,--,--,,
"""14433""","Beverages, water, bottled, non-carbonated, PEPSI, AQUAFINA",29.6,"1.0 fl oz",0,--,--,,
"""14384""","Beverages, water, bottled, PERRIER",29.6,"1.0 fl oz",0,--,--,,
"""14385""","Beverages, water, bottled, POLAND SPRING",29.6,"1.0 fl oz",0,--,--,,
"""14031""","Beverages, water, bottled, yumberry, pomegranate with anti-oxidants, zero calories",240.0,"8.0 fl oz",50,--,0.000,,
"""14411""","Beverages, water, tap, drinking",29.6,"1.0 fl oz",0,--,--,,
"""14429""","Beverages, water, tap, municipal",29.6,"1.0 fl oz",0,--,--,,
"""14412""","Beverages, water, tap, well",29.6,"1.0 fl oz",0,--,--,,
"""14601""","Beverages, WENDY'S, tea, ready-to-drink, unsweetened",29.6,"1.0 fl oz",1,--,0.000,,
"""14058""","Beverages, Whey protein powder isolate",86.0,"3.0 scoop",1293,--,0.040,,
"""14028""","Beverages, Whiskey sour mix, bottled",32.3,"1.0 fl oz",118,--,0.000,,
"""14024""","Beverages, Whiskey sour mix, powder",17.0,"1.0 packet",272,--,0.000,,
"""14553""","Beverages, Wine, non-alcoholic",29.0,"1.0 fl oz",7,--,0.000,,
"""14079""","Beverages, yellow green colored citrus soft drink with caffeine",473.0,"16.0 fl oz",960,--,0.000,,
"""14073""","Beverages, ZEVIA, cola",355.0,"1.0 can",0,--,--,,
"""14074""","Beverages, ZEVIA, cola, caffeine free",355.0,"1.0 can",0,--,--,,
"""14552""","Carbonated beverage, chocolate-flavored soda",31.0,"1.0 fl oz",55,--,0.000,,
"""14130""","Carbonated beverage, cream soda",30.9,"1.0 fl oz",66,--,0.000,,
"""14537""","Carbonated beverage, low calorie, other than cola or pepper, with sodium saccharin, without caffeine",29.6,"1.0 fl oz",0,--,--,,
"""14197""","Cocoa mix, NESTLE, Rich Chocolate Hot Cocoa Mix",20.0,"1.0 serving 1 envelope",335,--,--,,
"""14242""","Cranberry juice cocktail, bottled",31.6,"1.0 fl oz",71,--,0.000,,
"""14243""","Cranberry juice cocktail, bottled, low calorie, with calcium, saccharin and corn sweetener",29.6,"1.0 fl oz",23,--,0.000,,
"""14430""","Cranberry juice cocktail, frozen concentrate",36.2,"1.0 fl oz",304,--,--,,
"""14431""","Cranberry juice cocktail, frozen concentrate, prepared with water",29.6,"1.0 fl oz",59,--,0.000,,
"""14542""","Lemonade, frozen concentrate, pink",36.4,"1.0 fl oz",293,--,0.000,,
"""14292""","Lemonade, frozen concentrate, white",36.5,"1.0 fl oz",300,--,0.000,,
"""14293""","Lemonade, frozen concentrate, white, prepared with water",30.9,"1.0 fl oz",52,--,0.000,,
"""14288""","Lemonade, powder, prepared with water",33.0,"1.0 fl oz",19,--,0.000,,
"""14303""","Limeade, frozen concentrate, prepared with water",30.9,"1.0 fl oz",68,--,0.000,,
"""14305""","Malt beverage, includes non-alcoholic beer",29.6,"1.0 fl oz",46,--,0.000,,
"""14347""","Shake, fast food, vanilla",20.8,"1.0 fl oz",129,--,0.123,,
"""14350""","Strawberry-flavor beverage mix, powder",22.0,"1.0 serving (2-3 heaping tsp)",358,--,0.000,,
"""14555""","Water, bottled, generic",29.6,"1.0 fl oz",0,--,--,,
"""14439""","Water, bottled, non-carbonated, NAYA",29.6,"1.0 fl oz",0,--,--,,
"""14604""","Water, non-carbonated, bottles, natural fruit flavors, sweetened with low calorie sweetener",29.6,"1.0 fl oz",1,--,0.000,,
"""14637""","Water, with corn syrup and/or sugar and low calorie sweetener, fruit flavored",200.0,"1.0 pouch",150,--,0.000,,
"""14530""","Whiskey sour mix, bottled, with added potassium and sodium",32.3,"1.0 fl oz",113,--,0.000,,
