Source: USDA National Nutrient Database for Standard Reference Legacy Software v.3.9.4 2018-05-17
"Nutrients: Galactose (g); 22:5 n-3 (DPA) (g); Alcohol, ethyl (g)"
"Food Groups: Beverages"
Food Subset:All Foods
Ordered by:Food Name
Measured by:Household
Report Run at: 06-02-2018T14:06
NDB_NO,Description,Weight(g),Measure,"Galactose"(g)Per Measure,"22:5 n-3 (DPA)"(g)Per Measure,"Alcohol, ethyl"(g)Per Measure,
"""14006""","Alcoholic beverage, beer, light",29.5,"1.0 fl oz",0.00,--,0.9,,
"""14003""","Alcoholic beverage, beer, regular, all",29.7,"1.0 fl oz",0.00,--,1.2,,
"""14239""","Alcoholic beverage, malt beer, hard lemonade",335.0,"11.0 fl oz",0.00,--,13.4,,
"""14251""","Alcoholic beverages, beer, higher alcohol",30.6,"1.0 fl oz",0.00,--,2.4,,
"""14253""","Alcoholic beverages, wine, rose",30.3,"1.0 fl oz",0.00,--,2.9,,
"""14056""","Beverages, Acai berry drink, fortified",266.0,"8.0 fl oz",--,--,0.0,,
"""14091""","Beverages, almond milk, unsweetened, shelf stable",262.0,"1.0 cup",--,--,0.0,,
"""14148""","Beverages, carbonated, cola, regular",30.7,"1.0 fl oz",--,--,0.0,,
"""14165""","Beverages, carbonated, limeade, high caffeine",253.0,"1.0 cup",--,--,0.0,,
"""14164""","Beverages, chocolate malt powder, prepared with 1% milk, fortified",98.0,"1.0 cup dry mix",--,--,0.0,,
"""14090""","Beverages, Coconut water, ready-to-drink, unsweetened",245.0,"1.0 cup",--,--,0.0,,
"""14209""","Beverages, coffee, brewed, prepared with tap water",29.6,"1.0 fl oz",--,--,0.0,,
"""14201""","Beverages, coffee, brewed, prepared with tap water, decaffeinated",29.6,"1.0 fl oz",--,--,0.0,,
"""14183""","Beverages, coffee, ready to drink, iced, mocha, milk based",265.0,"1.0 cup",--,--,0.0,,
"""14179""","Beverages, coffee, ready to drink, milk based, sweetened",262.0,"1.0 cup",--,--,0.0,,
"""14284""","Beverages, Cranberry juice cocktail",271.0,"1.0 cup",0.00,--,--,,
"""14627""","Beverages, Energy Drink, Monster, fortified with vitamins C, B2, B3, B6, B12",240.0,"1.0 serving",--,--,0.0,,
"""14154""","Beverages, Energy drink, RED BULL",258.0,"1.0 can 8.4 fl oz",--,--,0.0,,
"""14629""","Beverages, Energy drink, ROCKSTAR",31.0,"1.0 fl oz",--,--,0.0,,
"""14638""","Beverages, Horchata, as served in restaurant",228.0,"1.0 cup",0.00,--,--,,
"""14543""","Beverages, lemonade, frozen concentrate, pink, prepared with water",30.9,"1.0 fl oz",--,--,0.0,,
"""14287""","Beverages, Lemonade, powder",18.0,"1.0 serving",--,--,0.0,,
"""14296""","Beverages, lemonade-flavor drink, powder",18.0,"1.0 serving",--,--,0.0,,
"""14297""","Beverages, lemonade-flavor drink, powder, prepared with water",31.8,"1.0 fl oz",--,--,0.0,,
"""14252""","Beverages, Malt liquor beverage",1184.0,"1.0 bottle",0.00,--,65.1,,
"""14256""","Beverages, OCEAN SPRAY, Cran Cherry",248.0,"8.0 fl oz",--,--,0.0,,
"""14217""","Beverages, OCEAN SPRAY, Cran Grape",240.0,"8.0 fl oz",--,--,0.0,,
"""14234""","Beverages, OCEAN SPRAY, Cran Lemonade",247.0,"8.0 fl oz",--,--,0.0,,
"""14255""","Beverages, OCEAN SPRAY, Cran Pomegranate",248.0,"8.0 fl oz",--,--,0.0,,
"""14233""","Beverages, OCEAN SPRAY, Cran Raspberry Juice Drink",248.0,"8.0 fl oz",0.00,--,--,,
"""14220""","Beverages, OCEAN SPRAY, Cranberry-Apple Juice Drink, bottled",249.0,"8.0 fl oz",0.00,--,--,,
"""14235""","Beverages, OCEAN SPRAY, Diet Cran Cherry",237.0,"8.0 fl oz",0.00,--,--,,
"""14221""","Beverages, OCEAN SPRAY, Diet Cranberry Juice",237.0,"8.0 fl oz",--,--,0.0,,
"""14257""","Beverages, OCEAN SPRAY, Light Cranberry",248.0,"8.0 fl oz",0.17,--,0.0,,
"""14226""","Beverages, OCEAN SPRAY, Light Cranberry and Raspberry Flavored Juice",242.0,"8.0 fl oz",--,--,0.0,,
"""14259""","Beverages, OCEAN SPRAY, Light Cranberry, Concord Grape",248.0,"8.0 fl oz",--,--,0.0,,
"""14285""","Beverages, OCEAN SPRAY, Ruby Red cranberry",227.0,"8.0 fl oz",--,--,0.0,,
"""14258""","Beverages, OCEAN SPRAY, White Cranberry Peach",247.0,"8.0 fl oz",--,--,0.0,,
"""14227""","Beverages, OCEAN SPRAY, White Cranberry Strawberry Flavored Juice Drink",247.0,"8.0 fl oz",--,--,0.0,,
"""14211""","Beverages, tea, black, ready-to-drink, lemon, diet",265.0,"1.0 cup",--,--,0.0,,
"""14199""","Beverages, tea, black, ready-to-drink, lemon, sweetened",271.0,"1.0 cup",--,--,0.0,,
"""14279""","Beverages, tea, black, ready-to-drink, peach, diet",268.0,"1.0 cup",--,--,0.0,,
"""14278""","Beverages, tea, green, brewed, regular",245.0,"1.0 cup",--,--,0.0,,
"""14188""","Beverages, tea, green, ready to drink, ginseng and honey, sweetened",260.0,"1.0 cup",--,--,0.0,,
"""14191""","Beverages, tea, green, ready-to-drink, citrus, diet, fortified with vitamin C",265.0,"1.0 cup",--,--,0.0,,
"""14190""","Beverages, tea, green, ready-to-drink, diet",269.0,"1.0 cup",--,--,0.0,,
"""14206""","Beverages, tea, green, ready-to-drink, sweetened",270.0,"1.0 cup",--,--,0.0,,
"""14649""","Beverages, tea, hibiscus, brewed",237.0,"8.0 fl oz",--,--,0.0,,
"""14207""","Beverages, tea, ready-to-drink, lemon, diet",266.0,"1.0 cup",--,--,0.0,,
"""14242""","Cranberry juice cocktail, bottled",31.6,"1.0 fl oz",--,--,0.0,,
"""14542""","Lemonade, frozen concentrate, pink",36.4,"1.0 fl oz",--,--,0.0,,
"""14292""","Lemonade, frozen concentrate, white",36.5,"1.0 fl oz",--,--,0.0,,
"""14288""","Lemonade, powder, prepared with water",33.0,"1.0 fl oz",--,--,0.0,,
