Source: USDA National Nutrient Database for Standard Reference Legacy Software v.3.9.4 2018-05-17
"Nutrients: 13:0 (g); Beta-sitosterol (mg); 18:4 (g)"
"Food Groups: Beverages"
Food Subset:All Foods
Ordered by:Food Name
Measured by:Household
Report Run at: 06-02-2018T14:05
NDB_NO,Description,Weight(g),Measure,"13:0"(g)Per Measure,"Beta-sitosterol"(mg)Per Measure,"18:4"(g)Per Measure,
"""14054""","Beverages, almond milk, chocolate, ready-to-drink",240.0,"8.0 fl oz",--,7,0.000,,
"""14016""","Beverages, almond milk, sweetened, vanilla flavor, ready-to-drink",240.0,"8.0 fl oz",--,--,0.000,,
"""14182""","Beverages, chocolate syrup, prepared with whole milk",282.0,"1.0 cup (8 fl oz)",--,--,0.000,,
"""14177""","Beverages, chocolate-flavor beverage mix, powder, prepared with whole milk",266.0,"1.0 cup (8 fl oz)",--,--,0.000,,
"""14236""","Beverages, coffee substitute, cereal grain beverage, powder",3.0,"1.0 tsp (1 serving)",--,--,0.000,,
"""14237""","Beverages, coffee substitute, cereal grain beverage, prepared with water",30.1,"1.0 fl oz",--,--,0.000,,
"""14210""","Beverages, coffee, brewed, espresso, restaurant-prepared",29.6,"1.0 fl oz",--,--,0.000,,
"""14202""","Beverages, coffee, brewed, espresso, restaurant-prepared, decaffeinated",29.6,"1.0 fl oz",--,--,0.000,,
"""14209""","Beverages, coffee, brewed, prepared with tap water",29.6,"1.0 fl oz",--,--,0.000,,
"""14201""","Beverages, coffee, brewed, prepared with tap water, decaffeinated",29.6,"1.0 fl oz",--,--,0.000,,
"""14318""","Beverages, Malted drink mix, chocolate, powder, prepared with whole milk",265.0,"1.0 cup (8 fl oz)",--,--,0.000,,
"""14312""","Beverages, Malted drink mix, natural, powder, prepared with whole milk",265.0,"1.0 cup (8 fl oz)",--,--,0.000,,
"""14310""","Beverages, Malted drink mix, natural, with added nutrients, powder, prepared with whole milk",265.0,"1.0 cup (8 fl oz)",--,--,0.000,,
"""14347""","Shake, fast food, vanilla",20.8,"1.0 fl oz",0.000,--,0.002,,
