Source: USDA National Nutrient Database for Standard Reference Legacy Software v.3.9.4 2018-05-17
"Nutrients: Retinol (µg); 18:1-11 t (18:1t n-7) (g); Caffeine (mg)"
"Food Groups: Beverages"
Food Subset:All Foods
Ordered by:Food Name
Measured by:Household
Report Run at: 06-02-2018T14:05
NDB_NO,Description,Weight(g),Measure,"Retinol"(µg)Per Measure,"18:1-11 t (18:1t n-7)"(g)Per Measure,"Caffeine"(mg)Per Measure,
"""14006""","Alcoholic beverage, beer, light",29.5,"1.0 fl oz",--,--,0,,
"""14248""","Alcoholic beverage, beer, light, higher alcohol",356.0,"12.0 fl oz",--,--,0,,
"""14013""","Alcoholic beverage, beer, light, low carb",29.5,"1.0 fl oz",--,--,0,,
"""14003""","Alcoholic beverage, beer, regular, all",29.7,"1.0 fl oz",--,--,0,,
"""14034""","Alcoholic beverage, creme de menthe, 72 proof",33.6,"1.0 fl oz",--,--,0,,
"""14009""","Alcoholic beverage, daiquiri, canned",30.5,"1.0 fl oz",0,--,--,,
"""14010""","Alcoholic beverage, daiquiri, prepared-from-recipe",30.2,"1.0 fl oz",--,--,0,,
"""14533""","Alcoholic beverage, distilled, all (gin, rum, vodka, whiskey) 100 proof",27.8,"1.0 fl oz",0,--,--,,
"""14037""","Alcoholic beverage, distilled, all (gin, rum, vodka, whiskey) 80 proof",27.8,"1.0 fl oz",--,--,0,,
"""14550""","Alcoholic beverage, distilled, all (gin, rum, vodka, whiskey) 86 proof",27.8,"1.0 fl oz",--,--,0,,
"""14551""","Alcoholic beverage, distilled, all (gin, rum, vodka, whiskey) 90 proof",27.8,"1.0 fl oz",--,--,0,,
"""14532""","Alcoholic beverage, distilled, all (gin, rum, vodka, whiskey) 94 proof",27.8,"1.0 fl oz",0,--,--,,
"""14050""","Alcoholic beverage, distilled, rum, 80 proof",27.8,"1.0 fl oz",--,--,0,,
"""14051""","Alcoholic beverage, distilled, vodka, 80 proof",27.8,"1.0 fl oz",0,--,--,,
"""14052""","Alcoholic beverage, distilled, whiskey, 86 proof",27.8,"1.0 fl oz",0,--,--,,
"""14415""","Alcoholic beverage, liqueur, coffee with cream, 34 proof",31.1,"1.0 fl oz",53,--,2,,
"""14414""","Alcoholic beverage, liqueur, coffee, 53 proof",34.8,"1.0 fl oz",0,--,9,,
"""14534""","Alcoholic beverage, liqueur, coffee, 63 proof",34.8,"1.0 fl oz",0,--,9,,
"""14239""","Alcoholic beverage, malt beer, hard lemonade",335.0,"11.0 fl oz",--,--,0,,
"""14015""","Alcoholic beverage, pina colada, canned",32.6,"1.0 fl oz",0,--,--,,
"""14017""","Alcoholic beverage, pina colada, prepared-from-recipe",31.4,"1.0 fl oz",--,--,0,,
"""43479""","Alcoholic beverage, rice (sake)",29.1,"1.0 fl oz",--,--,0,,
"""14019""","Alcoholic beverage, tequila sunrise, canned",31.1,"1.0 fl oz",0,--,--,,
"""14531""","Alcoholic beverage, whiskey sour",30.4,"1.0 fl oz",0,--,--,,
"""14027""","Alcoholic beverage, whiskey sour, canned",30.8,"1.0 fl oz",0,--,--,,
"""14029""","Alcoholic beverage, whiskey sour, prepared from item 14028",30.4,"1.0 fl oz",--,--,0,,
"""14025""","Alcoholic beverage, whiskey sour, prepared with water, whiskey and powder mix",29.4,"1.0 fl oz",--,--,0,,
"""43154""","Alcoholic beverage, wine, cooking",4.9,"1.0 tsp",--,--,0,,
"""14536""","Alcoholic beverage, wine, dessert, dry",29.5,"1.0 fl oz",--,--,0,,
"""14057""","Alcoholic beverage, wine, dessert, sweet",29.5,"1.0 fl oz",--,--,0,,
"""43155""","Alcoholic beverage, wine, light",29.5,"1.0 fl oz",--,--,0,,
"""14084""","Alcoholic beverage, wine, table, all",148.0,"1.0 serving (5 fl oz)",--,--,0,,
"""14096""","Alcoholic beverage, wine, table, red",29.4,"1.0 fl oz",--,--,0,,
"""14106""","Alcoholic beverage, wine, table, white",29.4,"1.0 fl oz",--,--,0,,
"""14251""","Alcoholic beverages, beer, higher alcohol",30.6,"1.0 fl oz",--,--,0,,
"""14253""","Alcoholic beverages, wine, rose",30.3,"1.0 fl oz",--,--,0,,
"""14021""","Beverages,  Energy drink, Citrus",240.0,"8.0 fl oz",0,--,31,,
"""14035""","Beverages, ABBOTT, EAS soy protein powder",44.0,"1.0 scoop",--,--,0,,
"""14033""","Beverages, ABBOTT, EAS whey protein powder",39.0,"2.0 scoop",6,--,0,,
"""43528""","Beverages, ABBOTT, ENSURE PLUS, ready-to-drink",252.0,"1.0 cup",375,--,0,,
"""14062""","Beverages, ABBOTT, ENSURE, Nutritional Shake, Ready-to-Drink",254.0,"8.0 fl oz",401,--,0,,
"""14056""","Beverages, Acai berry drink, fortified",266.0,"8.0 fl oz",--,--,0,,
"""14054""","Beverages, almond milk, chocolate, ready-to-drink",240.0,"8.0 fl oz",149,--,0,,
"""14016""","Beverages, almond milk, sweetened, vanilla flavor, ready-to-drink",240.0,"8.0 fl oz",151,--,0,,
"""14091""","Beverages, almond milk, unsweetened, shelf stable",262.0,"1.0 cup",--,--,0,,
"""14216""","Beverages, aloe vera juice drink, fortified with Vitamin C",240.0,"8.0 fl oz",--,--,0,,
"""14250""","Beverages, AMBER, hard cider",355.0,"12.0 fl oz",--,--,0,,
"""14162""","Beverages, Apple juice drink, light, fortified with vitamin C",240.0,"8.0 fl oz",--,--,0,,
"""14121""","Beverages, carbonated, club soda",29.6,"1.0 fl oz",--,--,0,,
"""14400""","Beverages, carbonated, cola, fast-food cola",258.0,"1.0 serving child 12 fl oz, without ice",0,--,21,,
"""14148""","Beverages, carbonated, cola, regular",30.7,"1.0 fl oz",0,--,3,,
"""14147""","Beverages, carbonated, cola, without caffeine",30.7,"1.0 fl oz",--,--,0,,
"""14136""","Beverages, carbonated, ginger ale",30.5,"1.0 fl oz",--,--,0,,
"""14142""","Beverages, carbonated, grape soda",31.0,"1.0 fl oz",0,--,--,,
"""14144""","Beverages, carbonated, lemon-lime soda, no caffeine",30.8,"1.0 fl oz",--,--,0,,
"""14165""","Beverages, carbonated, limeade, high caffeine",253.0,"1.0 cup",0,--,46,,
"""14416""","Beverages, carbonated, low calorie, cola or pepper-type, with aspartame, contains caffeine",29.6,"1.0 fl oz",0,--,4,,
"""14146""","Beverages, carbonated, low calorie, cola or pepper-type, with aspartame, without caffeine",29.6,"1.0 fl oz",--,--,0,,
"""14166""","Beverages, carbonated, low calorie, cola or pepper-types, with sodium saccharin, contains caffeine",29.6,"1.0 fl oz",0,--,3,,
"""14143""","Beverages, carbonated, low calorie, other than cola or pepper,  without caffeine",29.6,"1.0 fl oz",--,--,0,,
"""14151""","Beverages, carbonated, low calorie, other than cola or pepper, with aspartame, contains caffeine",29.6,"1.0 fl oz",0,--,4,,
"""14150""","Beverages, carbonated, orange",31.0,"1.0 fl oz",0,--,--,,
"""14153""","Beverages, carbonated, pepper-type, contains caffeine",30.7,"1.0 fl oz",0,--,3,,
"""14149""","Beverages, carbonated, reduced sugar, cola, contains caffeine and sweeteners",29.6,"1.0 fl oz",0,--,3,,
"""14157""","Beverages, carbonated, root beer",30.8,"1.0 fl oz",--,--,0,,
"""14145""","Beverages, carbonated, SPRITE, lemon-lime, without caffeine",30.8,"1.0 fl oz",--,--,0,,
"""14155""","Beverages, carbonated, tonic water",30.5,"1.0 fl oz",--,--,0,,
"""14168""","Beverages, Carob-flavor beverage mix, powder",12.0,"1.0 tbsp",0,--,--,,
"""14169""","Beverages, Carob-flavor beverage mix, powder, prepared with whole milk",256.0,"1.0 cup (8 fl oz)",69,--,--,,
"""14092""","Beverages, chocolate almond milk, unsweetened, shelf-stable, fortified with vitamin D2 and E",240.0,"1.0 cup",149,--,0,,
"""14163""","Beverages, chocolate drink, milk and soy based, ready to drink, fortified",237.0,"8.0 fl oz",374,--,0,,
"""14164""","Beverages, chocolate malt powder, prepared with 1% milk, fortified",98.0,"1.0 cup dry mix",168,--,1,,
"""14083""","Beverages, chocolate malt, powder, prepared with fat free milk",256.0,"1.0 serving",351,--,0,,
"""14063""","Beverages, chocolate powder, no sugar added",11.0,"2.0 tbsp",0,--,0,,
"""14181""","Beverages, chocolate syrup",39.0,"1.0 serving 2 tbsp",0,--,2,,
"""14182""","Beverages, chocolate syrup, prepared with whole milk",282.0,"1.0 cup (8 fl oz)",68,--,6,,
"""14557""","Beverages, chocolate-flavor beverage mix for milk, powder, with added nutrients",22.0,"1.0 serving",0,--,2,,
"""14558""","Beverages, chocolate-flavor beverage mix for milk, powder, with added nutrients, prepared with whole milk",266.0,"1.0 serving",109,--,3,,
"""14177""","Beverages, chocolate-flavor beverage mix, powder, prepared with whole milk",266.0,"1.0 cup (8 fl oz)",69,--,8,,
"""43369""","Beverages, Chocolate-flavored drink, whey and milk based",244.0,"1.0 cup",146,--,2,,
"""14262""","Beverages, citrus fruit juice drink, frozen concentrate",35.2,"1.0 fl oz",--,--,0,,
"""14263""","Beverages, citrus fruit juice drink, frozen concentrate, prepared with water",31.0,"1.0 fl oz",--,--,0,,
"""14187""","Beverages, Clam and tomato juice, canned",30.2,"1.0 fl oz",--,--,0,,
"""14461""","Beverages, COCA-COLA, POWERADE, lemon-lime flavored, ready-to-drink",30.5,"1.0 fl oz",--,--,0,,
"""44203""","Beverages, Cocktail mix, non-alcoholic, concentrated, frozen",36.0,"1.0 fl oz",--,--,0,,
"""14538""","Beverages, Cocoa mix, low calorie, powder, with added calcium, phosphorus, aspartame, without added sodium or vitamin A",15.0,"1.0 envelope  Swiss Miss (.53 oz)",72,--,5,,
"""14196""","Beverages, Cocoa mix, no sugar added, powder",19.0,"1.0 envelope Alba (.675 oz)",1,--,4,,
"""14192""","Beverages, Cocoa mix, powder",28.0,"1.0 serving (3 heaping tsp or 1 envelope)",0,--,5,,
"""14194""","Beverages, Cocoa mix, powder, prepared with water",34.3,"1.0 fl oz",0,--,1,,
"""14390""","Beverages, cocoa mix, with aspartame, powder, prepared with water",32.1,"1.0 fl oz",0,--,1,,
"""14171""","Beverages, coconut milk, sweetened, fortified with calcium, vitamins A, B12, D2",240.0,"1.0 cup",151,--,0,,
"""14090""","Beverages, Coconut water, ready-to-drink, unsweetened",245.0,"1.0 cup",--,--,0,,
"""14204""","Beverages, coffee and cocoa, instant, decaffeinated, with whitener and low calorie sweetener",6.4,"1.0 tsp dry",0,--,2,,
"""14236""","Beverages, coffee substitute, cereal grain beverage, powder",3.0,"1.0 tsp (1 serving)",0,--,1,,
"""14421""","Beverages, coffee substitute, cereal grain beverage, powder, prepared with whole milk",185.0,"6.0 fl oz",52,--,0,,
"""14237""","Beverages, coffee substitute, cereal grain beverage, prepared with water",30.1,"1.0 fl oz",--,--,0,,
"""14180""","Beverages, coffee, brewed, breakfast blend",248.0,"1.0 cup",0,--,92,,
"""14210""","Beverages, coffee, brewed, espresso, restaurant-prepared",29.6,"1.0 fl oz",0,--,63,,
"""14202""","Beverages, coffee, brewed, espresso, restaurant-prepared, decaffeinated",29.6,"1.0 fl oz",0,--,0,,
"""14209""","Beverages, coffee, brewed, prepared with tap water",29.6,"1.0 fl oz",0,--,12,,
"""14201""","Beverages, coffee, brewed, prepared with tap water, decaffeinated",29.6,"1.0 fl oz",0,--,0,,
"""14223""","Beverages, coffee, instant, chicory",29.9,"1.0 fl oz",0,--,6,,
"""14218""","Beverages, coffee, instant, decaffeinated, powder",1.8,"1.0 tsp rounded",0,--,2,,
"""14219""","Beverages, coffee, instant, decaffeinated, prepared with water",29.9,"1.0 fl oz",0,--,0,,
"""14224""","Beverages, coffee, instant, mocha, sweetened",13.0,"1.0 serving 2 tbsp",0,--,47,,
"""14203""","Beverages, coffee, instant, regular, half the caffeine",1.0,"1.0 tsp",0,--,16,,
"""14214""","Beverages, coffee, instant, regular, powder",1.0,"1.0 tsp",0,--,31,,
"""14215""","Beverages, coffee, instant, regular, prepared with water",29.8,"1.0 fl oz",0,--,8,,
"""14270""","Beverages, coffee, instant, vanilla, sweetened, decaffeinated, with non dairy creamer",15.0,"1.0 serving",--,--,0,,
"""14222""","Beverages, coffee, instant, with chicory",1.8,"1.0 tsp, rounded",0,--,37,,
"""43401""","Beverages, coffee, instant, with whitener, reduced calorie",1.7,"1.0 tsp dry",0,--,0,,
"""14183""","Beverages, coffee, ready to drink, iced, mocha, milk based",265.0,"1.0 cup",0,--,53,,
"""14179""","Beverages, coffee, ready to drink, milk based, sweetened",262.0,"1.0 cup",0,--,73,,
"""14173""","Beverages, coffee, ready to drink, vanilla, light, milk based, sweetened",281.0,"9.0 fl oz",0,--,51,,
"""14238""","Beverages, cranberry-apple juice drink, bottled",30.6,"1.0 fl oz",--,--,0,,
"""43404""","Beverages, cranberry-apple juice drink, low calorie, with vitamin C added",240.0,"1.0 cup (8 fl oz)",--,--,0,,
"""14240""","Beverages, cranberry-apricot juice drink, bottled",30.6,"1.0 fl oz",0,--,--,,
"""14241""","Beverages, cranberry-grape juice drink, bottled",30.6,"1.0 fl oz",0,--,--,,
"""14036""","Beverages, CYTOSPORT, Muscle Milk, ready-to-drink",414.0,"14.0 fl oz",364,--,0,,
"""14423""","Beverages, dairy drink mix, chocolate, reduced calorie, with aspartame, powder, prepared with water and ice",243.0,"1.0 serving",44,--,5,,
"""14422""","Beverages, Dairy drink mix, chocolate, reduced calorie, with low-calorie sweeteners, powder",21.0,"1.0 packet (.75 oz)",44,--,5,,
"""14245""","Beverages, Eggnog-flavor mix, powder, prepared with whole milk",272.0,"1.0 cup (8 fl oz)",71,--,0,,
"""14060""","Beverages, Energy Drink with carbonated water and high fructose corn syrup",240.0,"8.0 fl oz",0,--,91,,
"""14625""","Beverages, Energy drink, AMP",240.0,"1.0 serving",0,--,74,,
"""14628""","Beverages, Energy drink, AMP, sugar free",240.0,"8.0 fl oz",0,--,72,,
"""14626""","Beverages, Energy drink, FULL THROTTLE",240.0,"1.0 serving 8 fluid oz",0,--,79,,
"""14627""","Beverages, Energy Drink, Monster, fortified with vitamins C, B2, B3, B6, B12",240.0,"1.0 serving",0,--,79,,
"""14154""","Beverages, Energy drink, RED BULL",258.0,"1.0 can 8.4 fl oz",0,--,75,,
"""14156""","Beverages, Energy drink, RED BULL, sugar free, with added caffeine, niacin, pantothenic acid, vitamins B6 and B12",250.0,"1.0 serving 8.3 fl oz can",0,--,75,,
"""14629""","Beverages, Energy drink, ROCKSTAR",31.0,"1.0 fl oz",0,--,10,,
"""14630""","Beverages, Energy drink, ROCKSTAR, sugar free",240.0,"8.0 fl oz",0,--,79,,
"""14061""","Beverages, Energy Drink, sugar free",240.0,"8.0 fl oz",0,--,77,,
"""14641""","Beverages, Energy drink, VAULT Zero, sugar-free, citrus flavor",246.0,"1.0 serving (8 fl oz)",0,--,47,,
"""14640""","Beverages, Energy drink, VAULT, citrus flavor",31.0,"1.0 oz",0,--,6,,
"""14646""","Beverages, Fruit flavored drink containing less than 3% fruit juice, with high vitamin C",238.0,"1.0 cup (8 fl oz)",--,--,0,,
"""14645""","Beverages, Fruit flavored drink, less than 3% juice, not fortified with vitamin C",238.0,"1.0 cup (8 fl oz)",--,--,0,,
"""14647""","Beverages, Fruit flavored drink, reduced sugar, greater than 3% fruit juice, high vitamin C, added calcium",240.0,"8.0 fl oz",--,--,0,,
"""14648""","Beverages, fruit juice drink, greater than 3% fruit juice, high vitamin C and added thiamin",237.0,"8.0 fl oz",12,--,0,,
"""14651""","Beverages, fruit juice drink, greater than 3% juice, high vitamin C",238.0,"1.0 cup (8 fl oz)",12,--,0,,
"""14636""","Beverages, fruit juice drink, reduced sugar, with vitamin E added",209.0,"1.0 container",--,--,0,,
"""14268""","Beverages, Fruit punch drink, frozen concentrate",34.8,"1.0 fl oz",0,--,--,,
"""14269""","Beverages, Fruit punch drink, frozen concentrate, prepared with water",30.9,"1.0 fl oz",--,--,0,,
"""14267""","Beverages, Fruit punch drink, with added nutrients, canned",31.0,"1.0 fl oz",--,--,0,,
"""14264""","Beverages, fruit punch drink, without added nutrients, canned",210.0,"6.0 fl oz",--,--,0,,
"""14405""","Beverages, fruit punch juice drink, frozen concentrate",35.2,"1.0 fl oz",0,--,--,,
"""14406""","Beverages, fruit punch juice drink, frozen concentrate, prepared with water",29.3,"1.0 fl oz",--,--,0,,
"""14541""","Beverages, fruit punch-flavor drink, powder, without added sodium, prepared with water",32.7,"1.0 fl oz",--,--,0,,
"""42055""","Beverages, fruit-flavored drink, dry powdered mix, low calorie, with aspartame",8.0,"1.0 tsp",--,--,0,,
"""43345""","Beverages, fruit-flavored drink, powder, with high vitamin C with other added vitamins, low calorie",2.0,"1.0 tsp",120,--,0,,
"""14048""","Beverages, FUZE, orange mango, fortified with vitamins A, C, E, B6",500.0,"1.0 bottle",--,--,0,,
"""14075""","Beverages, GEROLSTEINER BRUNNEN GmbH  &  Co. KG,Gerolsteiner naturally sparkling mineral water,",240.0,"8.0 fl oz",--,--,0,,
"""14277""","Beverages, grape drink, canned",31.3,"1.0 fl oz",--,--,0,,
"""14282""","Beverages, grape juice drink, canned",31.3,"1.0 fl oz",--,--,0,,
"""14161""","Beverages, Kiwi Strawberry Juice Drink",473.0,"16.0 fl oz",--,--,0,,
"""14174""","Beverages, Lemonade fruit juice drink light, fortified with vitamin E and C",240.0,"8.0 fl oz",--,--,0,,
"""14543""","Beverages, lemonade, frozen concentrate, pink, prepared with water",30.9,"1.0 fl oz",--,--,0,,
"""14287""","Beverages, Lemonade, powder",18.0,"1.0 serving",--,--,0,,
"""14296""","Beverages, lemonade-flavor drink, powder",18.0,"1.0 serving",--,--,0,,
"""14297""","Beverages, lemonade-flavor drink, powder, prepared with water",31.8,"1.0 fl oz",--,--,0,,
"""14252""","Beverages, Malt liquor beverage",1184.0,"1.0 bottle",--,--,0,,
"""14317""","Beverages, malted drink mix, chocolate, powder",21.0,"1.0 serving (3 heaping tsp or 1 envelope)",7,--,8,,
"""14318""","Beverages, Malted drink mix, chocolate, powder, prepared with whole milk",265.0,"1.0 cup (8 fl oz)",69,--,8,,
"""14316""","Beverages, Malted drink mix, chocolate, with added nutrients, powder, prepared with whole milk",265.0,"1.0 cup (8 fl oz)",946,--,5,,
"""14311""","Beverages, Malted drink mix, natural, powder, dairy based.",21.0,"1.0 serving (3 heaping tsp or 1 envelope)",13,--,0,,
"""14312""","Beverages, Malted drink mix, natural, powder, prepared with whole milk",265.0,"1.0 cup (8 fl oz)",85,--,0,,
"""14310""","Beverages, Malted drink mix, natural, with added nutrients, powder, prepared with whole milk",265.0,"1.0 cup (8 fl oz)",742,--,0,,
"""14634""","Beverages, milk beverage, reduced fat, flavored and sweetened, Ready-to-drink,  added calcium, vitamin A and vitamin D",244.0,"1.0 cup",124,--,0,,
"""14095""","Beverages, MINUTE MAID, Lemonada, Limeade",240.0,"8.0 fl oz",--,--,0,,
"""14119""","Beverages, Mixed vegetable and fruit juice drink, with added nutrients",247.0,"8.0 fl oz",--,--,0,,
"""14022""","Beverages, MONSTER energy drink, low carb",240.0,"8.0 fl oz",0,--,72,,
"""14041""","Beverages, NESTLE, Boost plus, nutritional drink, ready-to-drink",237.0,"1.0 bottle",171,--,0,,
"""14654""","Beverages, nutritional shake mix, high protein, powder",10.0,"1.0 tbsp",188,--,0,,
"""14256""","Beverages, OCEAN SPRAY, Cran Cherry",248.0,"8.0 fl oz",--,--,0,,
"""14217""","Beverages, OCEAN SPRAY, Cran Grape",240.0,"8.0 fl oz",--,--,0,,
"""14234""","Beverages, OCEAN SPRAY, Cran Lemonade",247.0,"8.0 fl oz",--,--,0,,
"""14255""","Beverages, OCEAN SPRAY, Cran Pomegranate",248.0,"8.0 fl oz",--,--,0,,
"""14233""","Beverages, OCEAN SPRAY, Cran Raspberry Juice Drink",248.0,"8.0 fl oz",0,--,--,,
"""14038""","Beverages, OCEAN SPRAY, Cran-Energy, Cranberry Energy Juice Drink",250.0,"1.0 can",0,--,58,,
"""14220""","Beverages, OCEAN SPRAY, Cranberry-Apple Juice Drink, bottled",249.0,"8.0 fl oz",0,--,--,,
"""14235""","Beverages, OCEAN SPRAY, Diet Cran Cherry",237.0,"8.0 fl oz",0,--,--,,
"""14221""","Beverages, OCEAN SPRAY, Diet Cranberry Juice",237.0,"8.0 fl oz",--,--,0,,
"""14257""","Beverages, OCEAN SPRAY, Light Cranberry",248.0,"8.0 fl oz",--,--,0,,
"""14226""","Beverages, OCEAN SPRAY, Light Cranberry and Raspberry Flavored Juice",242.0,"8.0 fl oz",--,--,0,,
"""14259""","Beverages, OCEAN SPRAY, Light Cranberry, Concord Grape",248.0,"8.0 fl oz",--,--,0,,
"""14285""","Beverages, OCEAN SPRAY, Ruby Red cranberry",227.0,"8.0 fl oz",--,--,0,,
"""14258""","Beverages, OCEAN SPRAY, White Cranberry Peach",247.0,"8.0 fl oz",--,--,0,,
"""14227""","Beverages, OCEAN SPRAY, White Cranberry Strawberry Flavored Juice Drink",247.0,"8.0 fl oz",--,--,0,,
"""14327""","Beverages, orange and apricot juice drink, canned",31.2,"1.0 fl oz",--,--,0,,
"""14436""","Beverages, orange breakfast drink, ready-to-drink, with added nutrients",31.6,"1.0 fl oz",--,--,0,,
"""14426""","Beverages, Orange drink, breakfast type, with juice and pulp, frozen concentrate",36.3,"1.0 fl oz",--,--,0,,
"""14427""","Beverages, Orange drink, breakfast type, with juice and pulp, frozen concentrate, prepared with water",31.3,"1.0 fl oz",--,--,0,,
"""14323""","Beverages, orange drink, canned, with added vitamin C",31.0,"1.0 fl oz",--,--,0,,
"""42270""","Beverages, Orange juice drink",249.0,"1.0 cup",--,--,0,,
"""14064""","Beverages, Orange juice, light, No pulp",240.0,"8.0 fl oz",--,--,0,,
"""14409""","Beverages, Orange-flavor drink, breakfast type, low calorie, powder",2.5,"1.0 portion, amount of dry mix to make 8 fl oz prepared",150,--,0,,
"""14407""","Beverages, orange-flavor drink, breakfast type, powder",26.0,"1.0 serving 2 tbsp",156,--,0,,
"""14408""","Beverages, orange-flavor drink, breakfast type, powder, prepared with water",33.9,"1.0 fl oz",26,--,0,,
"""14425""","Beverages, Orange-flavor drink, breakfast type, with pulp, frozen concentrate, prepared with water",31.0,"1.0 fl oz",--,--,0,,
"""14424""","Beverages, Orange-flavor drink, breakfast type, with pulp, frozen concentrate.",35.3,"1.0 fl oz",--,--,0,,
"""14315""","Beverages, OVALTINE, chocolate malt powder",78.0,"1.0 cup",1065,--,0,,
"""14309""","Beverages, OVALTINE, Classic Malt powder",21.0,"1.0 serving (4 tbsp or 1 envelope)",287,--,0,,
"""14644""","Beverages, PEPSICO QUAKER, Gatorade G2, low calorie",237.0,"8.0 fl oz",--,--,0,,
"""14460""","Beverages, PEPSICO QUAKER, Gatorade, G performance O 2, ready-to-drink.",30.5,"1.0 fl oz",--,--,0,,
"""14334""","Beverages, pineapple and grapefruit juice drink, canned",31.3,"1.0 fl oz",--,--,0,,
"""14341""","Beverages, pineapple and orange juice drink, canned",31.3,"1.0 fl oz",--,--,0,,
"""14599""","Beverages, Powerade Zero Ion4, calorie-free, assorted flavors",237.0,"8.0 fl oz",--,--,0,,
"""14167""","Beverages, POWERADE, Zero, Mixed Berry",360.0,"12.0 fl oz",--,--,0,,
"""14462""","Beverages, Propel Zero, fruit-flavored, non-carbonated",29.6,"1.0 fl oz",--,--,0,,
"""14067""","Beverages, Protein powder soy based",45.0,"1.0 scoop",--,--,0,,
"""14066""","Beverages, Protein powder whey based",32.0,"0.33 cup",--,--,0,,
"""14639""","Beverages, rice milk, unsweetened",240.0,"8.0 fl oz (approximate weight, 1 serving)",151,--,0,,
"""14080""","Beverages, rich chocolate, powder",11.0,"2.0 tbsp",150,--,0,,
"""14428""","Beverages, shake, fast food, strawberry",23.5,"1.0 fl oz",6,--,--,,
"""14044""","Beverages, SLIMFAST, Meal replacement,  High Protein Shake, Ready-To-Drink, 3-2-1 plan",295.0,"1.0 bottle",504,--,0,,
"""14351""","Beverages, Strawberry-flavor beverage mix, powder, prepared with whole milk",266.0,"1.0 cup (8 fl oz)",69,--,--,,
"""14544""","Beverages, tea, black, brewed, prepared with distilled water",29.6,"1.0 fl oz",0,--,6,,
"""14355""","Beverages, tea, black, brewed, prepared with tap water",29.6,"1.0 fl oz",0,--,6,,
"""14352""","Beverages, tea, black, brewed, prepared with tap water, decaffeinated",29.6,"1.0 fl oz",0,--,0,,
"""14247""","Beverages, tea, black, ready to drink",473.0,"16.0 fl oz",0,--,52,,
"""14281""","Beverages, tea, black, ready to drink, decaffeinated",240.0,"1.0 cup",0,--,2,,
"""14280""","Beverages, tea, black, ready to drink, decaffeinated, diet",240.0,"1.0 cup",0,--,2,,
"""14211""","Beverages, tea, black, ready-to-drink, lemon, diet",265.0,"1.0 cup",0,--,5,,
"""14199""","Beverages, tea, black, ready-to-drink, lemon, sweetened",271.0,"1.0 cup",0,--,24,,
"""14279""","Beverages, tea, black, ready-to-drink, peach, diet",268.0,"1.0 cup",0,--,11,,
"""14260""","Beverages, tea, green, brewed, decaffeinated",240.0,"240.0 ml",--,--,0,,
"""14278""","Beverages, tea, green, brewed, regular",245.0,"1.0 cup",0,--,29,,
"""14246""","Beverages, tea, green, instant, decaffeinated, lemon, unsweetened, fortified with vitamin C",4.5,"2.0 tbsp",--,--,0,,
"""14188""","Beverages, tea, green, ready to drink, ginseng and honey, sweetened",260.0,"1.0 cup",0,--,10,,
"""14261""","Beverages, tea, green, ready to drink, unsweetened",473.0,"16.0 fl oz",0,--,57,,
"""14191""","Beverages, tea, green, ready-to-drink, citrus, diet, fortified with vitamin C",265.0,"1.0 cup",0,--,13,,
"""14190""","Beverages, tea, green, ready-to-drink, diet",269.0,"1.0 cup",0,--,11,,
"""14206""","Beverages, tea, green, ready-to-drink, sweetened",270.0,"1.0 cup",0,--,14,,
"""14545""","Beverages, tea, herb, brewed, chamomile",29.6,"1.0 fl oz",--,--,0,,
"""14381""","Beverages, tea, herb, other than chamomile, brewed",29.6,"1.0 fl oz",--,--,0,,
"""14649""","Beverages, tea, hibiscus, brewed",237.0,"8.0 fl oz",--,--,0,,
"""14356""","Beverages, tea, instant, decaffeinated, lemon, diet",1.6,"2.0 tsp",0,--,1,,
"""14357""","Beverages, tea, instant, decaffeinated, lemon, sweetened",23.0,"1.0 serving (3 heaping tsp)",0,--,1,,
"""14353""","Beverages, tea, instant, decaffeinated, unsweetened",0.7,"1.0 serving 2 tsp",0,--,1,,
"""14376""","Beverages, tea, instant, lemon, diet",29.8,"1.0 fl oz",0,--,3,,
"""14370""","Beverages, tea, instant, lemon, sweetened, powder",23.0,"1.0 serving (3 heaping tsp)",0,--,8,,
"""14371""","Beverages, tea, instant, lemon, sweetened, prepared with water",259.0,"1.0 cup (8 fl oz)",0,--,8,,
"""14368""","Beverages, tea, instant, lemon, unsweetened",1.4,"1.0 tsp, rounded",0,--,25,,
"""14548""","Beverages, tea, instant, lemon, with added ascorbic acid",23.0,"1.0 serving (3 heaping tsp)",0,--,29,,
"""14375""","Beverages, tea, instant, sweetened with sodium saccharin, lemon-flavored, powder",1.6,"2.0 tsp",0,--,36,,
"""14366""","Beverages, tea, instant, unsweetened, powder",0.7,"1.0 serving 1 tsp",0,--,40,,
"""14367""","Beverages, tea, instant, unsweetened, prepared with water",29.7,"1.0 fl oz",0,--,3,,
"""14207""","Beverages, tea, ready-to-drink, lemon, diet",266.0,"1.0 cup",0,--,21,,
"""14093""","Beverages, The COCA-COLA company, Glaceau Vitamin Water, Revive Fruit Punch, fortified",591.0,"20.0 fl oz",--,--,0,,
"""14065""","Beverages, The COCA-COLA company, Hi-C Flashin' Fruit Punch",200.0,"6.0 fl oz",--,--,0,,
"""14189""","Beverages, The COCA-COLA company, Minute Maid, Lemonade",240.0,"8.0 fl oz",--,--,0,,
"""14030""","Beverages, THE COCA-COLA COMPANY, NOS energy drink, Original, grape, loaded cherry, charged citrus, fortified with vitamins B6 and B12",480.0,"16.0 fl oz",0,--,163,,
"""14026""","Beverages, THE COCA-COLA COMPANY, NOS Zero, energy drink, sugar-free with guarana, fortified with vitamins B6 and B12",480.0,"16.0 fl oz",0,--,163,,
"""14276""","Beverages, Tropical Punch, ready-to-drink",210.0,"1.0 NLEA Serving",--,--,0,,
"""14055""","Beverages, UNILEVER, SLIMFAST Shake Mix, high protein, whey powder, 3-2-1 Plan,",26.0,"1.0 scoop",225,--,0,,
"""14047""","Beverages, UNILEVER, SLIMFAST Shake Mix, powder, 3-2-1 Plan",26.0,"1.0 scoop",269,--,0,,
"""14045""","Beverages, UNILEVER, SLIMFAST, meal replacement, regular, ready-to-drink,  3-2-1 Plan",295.0,"1.0 bottle",502,--,0,,
"""14635""","Beverages, vegetable and fruit juice blend, 100% juice, with added vitamins A, C, E",246.0,"1.0 serving 8 oz",--,--,0,,
"""14633""","Beverages, Vegetable and fruit juice drink, reduced calorie, with low-calorie sweetener, added vitamin C",238.0,"1.0 serving",--,--,0,,
"""14605""","Beverages, Water with added vitamins and minerals, bottles, sweetened, assorted fruit flavors",237.0,"8.0 fl oz (1 NLEA serving)",76,--,0,,
"""14384""","Beverages, water, bottled, PERRIER",29.6,"1.0 fl oz",0,--,--,,
"""14385""","Beverages, water, bottled, POLAND SPRING",29.6,"1.0 fl oz",0,--,--,,
"""14031""","Beverages, water, bottled, yumberry, pomegranate with anti-oxidants, zero calories",240.0,"8.0 fl oz",--,--,0,,
"""14411""","Beverages, water, tap, drinking",29.6,"1.0 fl oz",--,--,0,,
"""14429""","Beverages, water, tap, municipal",29.6,"1.0 fl oz",--,--,0,,
"""14058""","Beverages, Whey protein powder isolate",86.0,"3.0 scoop",750,--,0,,
"""14028""","Beverages, Whiskey sour mix, bottled",32.3,"1.0 fl oz",--,--,0,,
"""14024""","Beverages, Whiskey sour mix, powder",17.0,"1.0 packet",--,--,0,,
"""14553""","Beverages, Wine, non-alcoholic",29.0,"1.0 fl oz",--,--,0,,
"""14079""","Beverages, yellow green colored citrus soft drink with caffeine",473.0,"16.0 fl oz",0,--,71,,
"""14073""","Beverages, ZEVIA, cola",355.0,"1.0 can",0,--,46,,
"""14074""","Beverages, ZEVIA, cola, caffeine free",355.0,"1.0 can",--,--,0,,
"""14552""","Carbonated beverage, chocolate-flavored soda",31.0,"1.0 fl oz",0,--,1,,
"""14130""","Carbonated beverage, cream soda",30.9,"1.0 fl oz",--,--,0,,
"""14537""","Carbonated beverage, low calorie, other than cola or pepper, with sodium saccharin, without caffeine",29.6,"1.0 fl oz",0,--,--,,
"""14242""","Cranberry juice cocktail, bottled",31.6,"1.0 fl oz",--,--,0,,
"""14243""","Cranberry juice cocktail, bottled, low calorie, with calcium, saccharin and corn sweetener",29.6,"1.0 fl oz",--,--,0,,
"""14430""","Cranberry juice cocktail, frozen concentrate",36.2,"1.0 fl oz",0,--,--,,
"""14431""","Cranberry juice cocktail, frozen concentrate, prepared with water",29.6,"1.0 fl oz",--,--,0,,
"""14542""","Lemonade, frozen concentrate, pink",36.4,"1.0 fl oz",--,--,0,,
"""14292""","Lemonade, frozen concentrate, white",36.5,"1.0 fl oz",--,--,0,,
"""14293""","Lemonade, frozen concentrate, white, prepared with water",30.9,"1.0 fl oz",--,--,0,,
"""14288""","Lemonade, powder, prepared with water",33.0,"1.0 fl oz",--,--,0,,
"""14303""","Limeade, frozen concentrate, prepared with water",30.9,"1.0 fl oz",--,--,0,,
"""14305""","Malt beverage, includes non-alcoholic beer",29.6,"1.0 fl oz",--,--,0,,
"""14347""","Shake, fast food, vanilla",20.8,"1.0 fl oz",19,--,0,,
"""14350""","Strawberry-flavor beverage mix, powder",22.0,"1.0 serving (2-3 heaping tsp)",--,--,0,,
"""14555""","Water, bottled, generic",29.6,"1.0 fl oz",--,--,0,,
"""14604""","Water, non-carbonated, bottles, natural fruit flavors, sweetened with low calorie sweetener",29.6,"1.0 fl oz",--,--,0,,
"""14637""","Water, with corn syrup and/or sugar and low calorie sweetener, fruit flavored",200.0,"1.0 pouch",64,--,0,,
"""14530""","Whiskey sour mix, bottled, with added potassium and sodium",32.3,"1.0 fl oz",0,--,--,,
