Source: USDA National Nutrient Database for Standard Reference Legacy Software v.3.9.4 2018-05-17
"Nutrients: Sugars, total (g); Thiamin (mg); Leucine (g)"
"Food Groups: Beverages"
Food Subset:All Foods
Ordered by:Food Name
Measured by:Household
Report Run at: 06-02-2018T14:05
NDB_NO,Description,Weight(g),Measure,"Sugars, total"(g)Per Measure,"Thiamin"(mg)Per Measure,"Leucine"(g)Per Measure,
"""14006""","Alcoholic beverage, beer, light",29.5,"1.0 fl oz",0.03,0.001,0.000,,
"""14248""","Alcoholic beverage, beer, light, higher alcohol",356.0,"12.0 fl oz",0.32,0.018,--,,
"""14013""","Alcoholic beverage, beer, light, low carb",29.5,"1.0 fl oz",0.00,--,--,,
"""14003""","Alcoholic beverage, beer, regular, all",29.7,"1.0 fl oz",0.00,0.001,--,,
"""14034""","Alcoholic beverage, creme de menthe, 72 proof",33.6,"1.0 fl oz",13.98,0.000,--,,
"""14010""","Alcoholic beverage, daiquiri, prepared-from-recipe",30.2,"1.0 fl oz",1.69,0.004,--,,
"""14037""","Alcoholic beverage, distilled, all (gin, rum, vodka, whiskey) 80 proof",27.8,"1.0 fl oz",0.00,0.002,--,,
"""14550""","Alcoholic beverage, distilled, all (gin, rum, vodka, whiskey) 86 proof",27.8,"1.0 fl oz",0.00,0.002,--,,
"""14551""","Alcoholic beverage, distilled, all (gin, rum, vodka, whiskey) 90 proof",27.8,"1.0 fl oz",0.00,0.002,--,,
"""14050""","Alcoholic beverage, distilled, rum, 80 proof",27.8,"1.0 fl oz",0.00,0.002,--,,
"""14051""","Alcoholic beverage, distilled, vodka, 80 proof",27.8,"1.0 fl oz",0.00,0.001,--,,
"""14052""","Alcoholic beverage, distilled, whiskey, 86 proof",27.8,"1.0 fl oz",0.03,0.002,--,,
"""14415""","Alcoholic beverage, liqueur, coffee with cream, 34 proof",31.1,"1.0 fl oz",6.15,0.003,0.086,,
"""14414""","Alcoholic beverage, liqueur, coffee, 53 proof",34.8,"1.0 fl oz",13.33,0.001,--,,
"""14534""","Alcoholic beverage, liqueur, coffee, 63 proof",34.8,"1.0 fl oz",11.21,0.001,--,,
"""14239""","Alcoholic beverage, malt beer, hard lemonade",335.0,"11.0 fl oz",32.73,0.020,--,,
"""14017""","Alcoholic beverage, pina colada, prepared-from-recipe",31.4,"1.0 fl oz",7.01,0.009,--,,
"""43479""","Alcoholic beverage, rice (sake)",29.1,"1.0 fl oz",0.00,--,--,,
"""14029""","Alcoholic beverage, whiskey sour, prepared from item 14028",30.4,"1.0 fl oz",3.89,0.003,--,,
"""14025""","Alcoholic beverage, whiskey sour, prepared with water, whiskey and powder mix",29.4,"1.0 fl oz",4.65,0.001,--,,
"""43154""","Alcoholic beverage, wine, cooking",4.9,"1.0 tsp",0.08,0.000,--,,
"""14536""","Alcoholic beverage, wine, dessert, dry",29.5,"1.0 fl oz",0.32,0.005,--,,
"""14057""","Alcoholic beverage, wine, dessert, sweet",29.5,"1.0 fl oz",2.30,0.005,--,,
"""43155""","Alcoholic beverage, wine, light",29.5,"1.0 fl oz",0.34,0.000,--,,
"""14084""","Alcoholic beverage, wine, table, all",148.0,"1.0 serving (5 fl oz)",1.17,0.007,--,,
"""14096""","Alcoholic beverage, wine, table, red",29.4,"1.0 fl oz",0.18,0.001,--,,
"""14602""","Alcoholic Beverage, wine, table, red, Merlot",29.4,"1.0 fl oz",0.18,0.001,--,,
"""14106""","Alcoholic beverage, wine, table, white",29.4,"1.0 fl oz",0.28,0.001,--,,
"""14160""","Alcoholic beverage, wine, table, white, Chardonnay",29.3,"1.0 fl oz",0.28,0.001,--,,
"""14251""","Alcoholic beverages, beer, higher alcohol",30.6,"1.0 fl oz",0.00,0.009,--,,
"""14253""","Alcoholic beverages, wine, rose",30.3,"1.0 fl oz",1.15,0.006,--,,
"""14021""","Beverages,  Energy drink, Citrus",240.0,"8.0 fl oz",25.01,0.000,--,,
"""14035""","Beverages, ABBOTT, EAS soy protein powder",44.0,"1.0 scoop",17.81,0.044,--,,
"""14033""","Beverages, ABBOTT, EAS whey protein powder",39.0,"2.0 scoop",2.00,0.278,--,,
"""43528""","Beverages, ABBOTT, ENSURE PLUS, ready-to-drink",252.0,"1.0 cup",20.99,0.381,--,,
"""14062""","Beverages, ABBOTT, ENSURE, Nutritional Shake, Ready-to-Drink",254.0,"8.0 fl oz",24.64,0.401,--,,
"""14056""","Beverages, Acai berry drink, fortified",266.0,"8.0 fl oz",29.53,0.080,--,,
"""14054""","Beverages, almond milk, chocolate, ready-to-drink",240.0,"8.0 fl oz",21.00,0.053,0.089,,
"""14016""","Beverages, almond milk, sweetened, vanilla flavor, ready-to-drink",240.0,"8.0 fl oz",15.00,0.036,--,,
"""14091""","Beverages, almond milk, unsweetened, shelf stable",262.0,"1.0 cup",2.12,0.000,--,,
"""14216""","Beverages, aloe vera juice drink, fortified with Vitamin C",240.0,"8.0 fl oz",9.00,0.000,--,,
"""14250""","Beverages, AMBER, hard cider",355.0,"12.0 fl oz",21.02,0.032,--,,
"""14162""","Beverages, Apple juice drink, light, fortified with vitamin C",240.0,"8.0 fl oz",11.52,0.010,--,,
"""14475""","Beverages, ARIZONA, tea, ready-to-drink, lemon",30.6,"1.0 fl oz",2.95,--,--,,
"""14121""","Beverages, carbonated, club soda",29.6,"1.0 fl oz",0.00,--,--,,
"""14400""","Beverages, carbonated, cola, fast-food cola",258.0,"1.0 serving child 12 fl oz, without ice",23.14,0.000,--,,
"""14148""","Beverages, carbonated, cola, regular",30.7,"1.0 fl oz",3.05,0.000,--,,
"""14147""","Beverages, carbonated, cola, without caffeine",30.7,"1.0 fl oz",3.25,0.000,--,,
"""14136""","Beverages, carbonated, ginger ale",30.5,"1.0 fl oz",2.71,0.000,--,,
"""14144""","Beverages, carbonated, lemon-lime soda, no caffeine",30.8,"1.0 fl oz",3.20,0.000,--,,
"""14165""","Beverages, carbonated, limeade, high caffeine",253.0,"1.0 cup",10.04,0.000,--,,
"""14416""","Beverages, carbonated, low calorie, cola or pepper-type, with aspartame, contains caffeine",29.6,"1.0 fl oz",0.00,0.001,--,,
"""14146""","Beverages, carbonated, low calorie, cola or pepper-type, with aspartame, without caffeine",29.6,"1.0 fl oz",0.00,0.001,--,,
"""14166""","Beverages, carbonated, low calorie, cola or pepper-types, with sodium saccharin, contains caffeine",29.6,"1.0 fl oz",0.00,--,--,,
"""14143""","Beverages, carbonated, low calorie, other than cola or pepper,  without caffeine",29.6,"1.0 fl oz",0.00,--,--,,
"""14151""","Beverages, carbonated, low calorie, other than cola or pepper, with aspartame, contains caffeine",29.6,"1.0 fl oz",0.00,--,--,,
"""14149""","Beverages, carbonated, reduced sugar, cola, contains caffeine and sweeteners",29.6,"1.0 fl oz",1.53,0.000,--,,
"""14157""","Beverages, carbonated, root beer",30.8,"1.0 fl oz",3.26,0.000,--,,
"""14145""","Beverages, carbonated, SPRITE, lemon-lime, without caffeine",30.8,"1.0 fl oz",2.77,0.000,--,,
"""14155""","Beverages, carbonated, tonic water",30.5,"1.0 fl oz",2.68,0.000,--,,
"""14092""","Beverages, chocolate almond milk, unsweetened, shelf-stable, fortified with vitamin D2 and E",240.0,"1.0 cup",0.00,0.144,--,,
"""14163""","Beverages, chocolate drink, milk and soy based, ready to drink, fortified",237.0,"8.0 fl oz",20.00,0.374,--,,
"""14164""","Beverages, chocolate malt powder, prepared with 1% milk, fortified",98.0,"1.0 cup dry mix",7.65,0.164,--,,
"""14083""","Beverages, chocolate malt, powder, prepared with fat free milk",256.0,"1.0 serving",19.89,0.238,--,,
"""14063""","Beverages, chocolate powder, no sugar added",11.0,"2.0 tbsp",3.00,0.165,--,,
"""14181""","Beverages, chocolate syrup",39.0,"1.0 serving 2 tbsp",19.36,0.004,--,,
"""14182""","Beverages, chocolate syrup, prepared with whole milk",282.0,"1.0 cup (8 fl oz)",31.89,0.110,0.685,,
"""14557""","Beverages, chocolate-flavor beverage mix for milk, powder, with added nutrients",22.0,"1.0 serving",18.00,0.002,--,,
"""14558""","Beverages, chocolate-flavor beverage mix for milk, powder, with added nutrients, prepared with whole milk",266.0,"1.0 serving",30.83,0.114,--,,
"""43369""","Beverages, Chocolate-flavored drink, whey and milk based",244.0,"1.0 cup",21.18,0.024,--,,
"""14262""","Beverages, citrus fruit juice drink, frozen concentrate",35.2,"1.0 fl oz",10.08,0.018,--,,
"""14263""","Beverages, citrus fruit juice drink, frozen concentrate, prepared with water",31.0,"1.0 fl oz",2.52,0.004,--,,
"""14187""","Beverages, Clam and tomato juice, canned",30.2,"1.0 fl oz",1.00,0.006,0.005,,
"""14461""","Beverages, COCA-COLA, POWERADE, lemon-lime flavored, ready-to-drink",30.5,"1.0 fl oz",1.86,0.003,--,,
"""44203""","Beverages, Cocktail mix, non-alcoholic, concentrated, frozen",36.0,"1.0 fl oz",8.83,0.003,--,,
"""14538""","Beverages, Cocoa mix, low calorie, powder, with added calcium, phosphorus, aspartame, without added sodium or vitamin A",15.0,"1.0 envelope  Swiss Miss (.53 oz)",8.34,0.040,--,,
"""14195""","Beverages, Cocoa mix, NESTLE, Hot Cocoa Mix Rich Chocolate With Marshmallows",20.0,"1.0 serving 1 envelope",13.00,--,--,,
"""14196""","Beverages, Cocoa mix, no sugar added, powder",19.0,"1.0 envelope Alba (.675 oz)",7.15,0.051,--,,
"""14192""","Beverages, Cocoa mix, powder",28.0,"1.0 serving (3 heaping tsp or 1 envelope)",18.35,0.027,--,,
"""14194""","Beverages, Cocoa mix, powder, prepared with water",34.3,"1.0 fl oz",3.10,0.004,--,,
"""14390""","Beverages, cocoa mix, with aspartame, powder, prepared with water",32.1,"1.0 fl oz",0.94,0.007,--,,
"""14171""","Beverages, coconut milk, sweetened, fortified with calcium, vitamins A, B12, D2",240.0,"1.0 cup",6.00,0.000,--,,
"""14090""","Beverages, Coconut water, ready-to-drink, unsweetened",245.0,"1.0 cup",9.60,0.073,--,,
"""14204""","Beverages, coffee and cocoa, instant, decaffeinated, with whitener and low calorie sweetener",6.4,"1.0 tsp dry",2.24,0.001,--,,
"""14236""","Beverages, coffee substitute, cereal grain beverage, powder",3.0,"1.0 tsp (1 serving)",0.14,0.012,--,,
"""14237""","Beverages, coffee substitute, cereal grain beverage, prepared with water",30.1,"1.0 fl oz",0.02,0.002,--,,
"""14180""","Beverages, coffee, brewed, breakfast blend",248.0,"1.0 cup",0.00,0.050,--,,
"""14210""","Beverages, coffee, brewed, espresso, restaurant-prepared",29.6,"1.0 fl oz",0.00,0.000,--,,
"""14202""","Beverages, coffee, brewed, espresso, restaurant-prepared, decaffeinated",29.6,"1.0 fl oz",0.00,0.000,--,,
"""14209""","Beverages, coffee, brewed, prepared with tap water",29.6,"1.0 fl oz",0.00,0.004,0.001,,
"""14201""","Beverages, coffee, brewed, prepared with tap water, decaffeinated",29.6,"1.0 fl oz",0.00,--,0.001,,
"""14223""","Beverages, coffee, instant, chicory",29.9,"1.0 fl oz",0.00,--,--,,
"""14218""","Beverages, coffee, instant, decaffeinated, powder",1.8,"1.0 tsp rounded",0.00,--,0.008,,
"""14219""","Beverages, coffee, instant, decaffeinated, prepared with water",29.9,"1.0 fl oz",0.00,--,--,,
"""14224""","Beverages, coffee, instant, mocha, sweetened",13.0,"1.0 serving 2 tbsp",7.57,0.004,--,,
"""14203""","Beverages, coffee, instant, regular, half the caffeine",1.0,"1.0 tsp",0.00,0.000,--,,
"""14214""","Beverages, coffee, instant, regular, powder",1.0,"1.0 tsp",0.00,0.000,0.005,,
"""14215""","Beverages, coffee, instant, regular, prepared with water",29.8,"1.0 fl oz",0.00,--,--,,
"""14270""","Beverages, coffee, instant, vanilla, sweetened, decaffeinated, with non dairy creamer",15.0,"1.0 serving",10.00,0.000,--,,
"""43401""","Beverages, coffee, instant, with whitener, reduced calorie",1.7,"1.0 tsp dry",1.00,0.000,--,,
"""14183""","Beverages, coffee, ready to drink, iced, mocha, milk based",265.0,"1.0 cup",24.46,0.140,--,,
"""14179""","Beverages, coffee, ready to drink, milk based, sweetened",262.0,"1.0 cup",27.96,0.113,--,,
"""14173""","Beverages, coffee, ready to drink, vanilla, light, milk based, sweetened",281.0,"9.0 fl oz",10.99,0.121,--,,
"""14284""","Beverages, Cranberry juice cocktail",271.0,"1.0 cup",30.92,0.000,--,,
"""14238""","Beverages, cranberry-apple juice drink, bottled",30.6,"1.0 fl oz",4.44,0.000,--,,
"""43404""","Beverages, cranberry-apple juice drink, low calorie, with vitamin C added",240.0,"1.0 cup (8 fl oz)",11.04,0.007,--,,
"""14036""","Beverages, CYTOSPORT, Muscle Milk, ready-to-drink",414.0,"14.0 fl oz",3.23,0.551,--,,
"""14423""","Beverages, dairy drink mix, chocolate, reduced calorie, with aspartame, powder, prepared with water and ice",243.0,"1.0 serving",7.02,0.024,--,,
"""14422""","Beverages, Dairy drink mix, chocolate, reduced calorie, with low-calorie sweeteners, powder",21.0,"1.0 packet (.75 oz)",6.92,0.024,--,,
"""14450""","Beverages, drink mix, QUAKER OATS, GATORADE, orange flavor, powder",23.0,"1.0 scoop powder",18.52,0.003,--,,
"""14245""","Beverages, Eggnog-flavor mix, powder, prepared with whole milk",272.0,"1.0 cup (8 fl oz)",34.44,0.109,0.653,,
"""14060""","Beverages, Energy Drink with carbonated water and high fructose corn syrup",240.0,"8.0 fl oz",33.00,0.000,--,,
"""14625""","Beverages, Energy drink, AMP",240.0,"1.0 serving",28.99,0.060,--,,
"""14628""","Beverages, Energy drink, AMP, sugar free",240.0,"8.0 fl oz",0.00,--,--,,
"""14626""","Beverages, Energy drink, FULL THROTTLE",240.0,"1.0 serving 8 fluid oz",28.99,0.060,--,,
"""14627""","Beverages, Energy Drink, Monster, fortified with vitamins C, B2, B3, B6, B12",240.0,"1.0 serving",26.23,0.096,--,,
"""14154""","Beverages, Energy drink, RED BULL",258.0,"1.0 can 8.4 fl oz",26.37,0.103,--,,
"""14156""","Beverages, Energy drink, RED BULL, sugar free, with added caffeine, niacin, pantothenic acid, vitamins B6 and B12",250.0,"1.0 serving 8.3 fl oz can",0.00,0.062,--,,
"""14629""","Beverages, Energy drink, ROCKSTAR",31.0,"1.0 fl oz",3.80,0.000,--,,
"""14630""","Beverages, Energy drink, ROCKSTAR, sugar free",240.0,"8.0 fl oz",0.00,0.060,--,,
"""14061""","Beverages, Energy Drink, sugar free",240.0,"8.0 fl oz",0.00,--,--,,
"""14641""","Beverages, Energy drink, VAULT Zero, sugar-free, citrus flavor",246.0,"1.0 serving (8 fl oz)",0.00,0.062,--,,
"""14640""","Beverages, Energy drink, VAULT, citrus flavor",31.0,"1.0 oz",4.03,0.008,--,,
"""14646""","Beverages, Fruit flavored drink containing less than 3% fruit juice, with high vitamin C",238.0,"1.0 cup (8 fl oz)",11.90,0.000,--,,
"""14645""","Beverages, Fruit flavored drink, less than 3% juice, not fortified with vitamin C",238.0,"1.0 cup (8 fl oz)",37.72,0.000,--,,
"""14647""","Beverages, Fruit flavored drink, reduced sugar, greater than 3% fruit juice, high vitamin C, added calcium",240.0,"8.0 fl oz",12.00,0.000,--,,
"""14648""","Beverages, fruit juice drink, greater than 3% fruit juice, high vitamin C and added thiamin",237.0,"8.0 fl oz",28.70,0.225,--,,
"""14651""","Beverages, fruit juice drink, greater than 3% juice, high vitamin C",238.0,"1.0 cup (8 fl oz)",25.44,0.007,--,,
"""14636""","Beverages, fruit juice drink, reduced sugar, with vitamin E added",209.0,"1.0 container",18.81,0.000,--,,
"""14269""","Beverages, Fruit punch drink, frozen concentrate, prepared with water",30.9,"1.0 fl oz",0.00,0.003,--,,
"""14267""","Beverages, Fruit punch drink, with added nutrients, canned",31.0,"1.0 fl oz",3.50,0.002,--,,
"""14264""","Beverages, fruit punch drink, without added nutrients, canned",210.0,"6.0 fl oz",23.71,0.046,--,,
"""14406""","Beverages, fruit punch juice drink, frozen concentrate, prepared with water",29.3,"1.0 fl oz",3.34,0.000,--,,
"""14541""","Beverages, fruit punch-flavor drink, powder, without added sodium, prepared with water",32.7,"1.0 fl oz",3.02,0.000,--,,
"""42055""","Beverages, fruit-flavored drink, dry powdered mix, low calorie, with aspartame",8.0,"1.0 tsp",0.00,--,--,,
"""43345""","Beverages, fruit-flavored drink, powder, with high vitamin C with other added vitamins, low calorie",2.0,"1.0 tsp",0.00,0.000,--,,
"""14048""","Beverages, FUZE, orange mango, fortified with vitamins A, C, E, B6",500.0,"1.0 bottle",45.00,0.400,--,,
"""14075""","Beverages, GEROLSTEINER BRUNNEN GmbH  &  Co. KG,Gerolsteiner naturally sparkling mineral water,",240.0,"8.0 fl oz",0.00,--,--,,
"""14277""","Beverages, grape drink, canned",31.3,"1.0 fl oz",4.09,0.000,--,,
"""14282""","Beverages, grape juice drink, canned",31.3,"1.0 fl oz",4.42,0.070,--,,
"""14638""","Beverages, Horchata, as served in restaurant",228.0,"1.0 cup",21.34,0.000,--,,
"""14161""","Beverages, Kiwi Strawberry Juice Drink",473.0,"16.0 fl oz",55.01,0.000,--,,
"""14231""","Beverages, KRAFT, coffee, instant, French Vanilla Cafe",14.0,"1.0 NLEA Serving",7.60,--,--,,
"""14174""","Beverages, Lemonade fruit juice drink light, fortified with vitamin E and C",240.0,"8.0 fl oz",12.00,0.005,--,,
"""14543""","Beverages, lemonade, frozen concentrate, pink, prepared with water",30.9,"1.0 fl oz",3.18,0.001,--,,
"""14287""","Beverages, Lemonade, powder",18.0,"1.0 serving",17.05,0.003,--,,
"""14296""","Beverages, lemonade-flavor drink, powder",18.0,"1.0 serving",17.49,0.000,--,,
"""14297""","Beverages, lemonade-flavor drink, powder, prepared with water",31.8,"1.0 fl oz",2.18,0.000,--,,
"""14476""","Beverages, LIPTON BRISK, tea, black, ready-to-drink, lemon",30.6,"1.0 fl oz",2.66,--,--,,
"""14252""","Beverages, Malt liquor beverage",1184.0,"1.0 bottle",0.00,0.355,--,,
"""14317""","Beverages, malted drink mix, chocolate, powder",21.0,"1.0 serving (3 heaping tsp or 1 envelope)",14.00,0.036,--,,
"""14318""","Beverages, Malted drink mix, chocolate, powder, prepared with whole milk",265.0,"1.0 cup (8 fl oz)",17.70,0.143,0.710,,
"""14316""","Beverages, Malted drink mix, chocolate, with added nutrients, powder, prepared with whole milk",265.0,"1.0 cup (8 fl oz)",27.80,0.761,--,,
"""14311""","Beverages, Malted drink mix, natural, powder, dairy based.",21.0,"1.0 serving (3 heaping tsp or 1 envelope)",10.00,0.106,--,,
"""14312""","Beverages, Malted drink mix, natural, powder, prepared with whole milk",265.0,"1.0 cup (8 fl oz)",25.33,0.215,0.790,,
"""14310""","Beverages, Malted drink mix, natural, with added nutrients, powder, prepared with whole milk",265.0,"1.0 cup (8 fl oz)",22.18,0.734,--,,
"""14634""","Beverages, milk beverage, reduced fat, flavored and sweetened, Ready-to-drink,  added calcium, vitamin A and vitamin D",244.0,"1.0 cup",27.82,0.088,--,,
"""14095""","Beverages, MINUTE MAID, Lemonada, Limeade",240.0,"8.0 fl oz",31.01,0.005,--,,
"""14119""","Beverages, Mixed vegetable and fruit juice drink, with added nutrients",247.0,"8.0 fl oz",5.19,0.007,--,,
"""14022""","Beverages, MONSTER energy drink, low carb",240.0,"8.0 fl oz",3.31,0.000,--,,
"""14137""","Beverages, NESTEA, tea, black, ready-to-drink, lemon",30.6,"1.0 fl oz",2.78,--,--,,
"""14041""","Beverages, NESTLE, Boost plus, nutritional drink, ready-to-drink",237.0,"1.0 bottle",20.05,0.341,--,,
"""14654""","Beverages, nutritional shake mix, high protein, powder",10.0,"1.0 tbsp",0.36,0.214,--,,
"""14256""","Beverages, OCEAN SPRAY, Cran Cherry",248.0,"8.0 fl oz",30.26,0.000,--,,
"""14217""","Beverages, OCEAN SPRAY, Cran Grape",240.0,"8.0 fl oz",30.24,0.000,--,,
"""14234""","Beverages, OCEAN SPRAY, Cran Lemonade",247.0,"8.0 fl oz",25.69,0.000,--,,
"""14255""","Beverages, OCEAN SPRAY, Cran Pomegranate",248.0,"8.0 fl oz",29.76,0.000,--,,
"""14233""","Beverages, OCEAN SPRAY, Cran Raspberry Juice Drink",248.0,"8.0 fl oz",28.27,0.000,--,,
"""14038""","Beverages, OCEAN SPRAY, Cran-Energy, Cranberry Energy Juice Drink",250.0,"1.0 can",9.38,0.007,--,,
"""14220""","Beverages, OCEAN SPRAY, Cranberry-Apple Juice Drink, bottled",249.0,"8.0 fl oz",32.67,0.007,--,,
"""14235""","Beverages, OCEAN SPRAY, Diet Cran Cherry",237.0,"8.0 fl oz",0.52,0.000,--,,
"""14221""","Beverages, OCEAN SPRAY, Diet Cranberry Juice",237.0,"8.0 fl oz",0.59,0.000,--,,
"""14257""","Beverages, OCEAN SPRAY, Light Cranberry",248.0,"8.0 fl oz",9.85,0.000,--,,
"""14226""","Beverages, OCEAN SPRAY, Light Cranberry and Raspberry Flavored Juice",242.0,"8.0 fl oz",12.15,0.000,--,,
"""14259""","Beverages, OCEAN SPRAY, Light Cranberry, Concord Grape",248.0,"8.0 fl oz",12.45,0.000,--,,
"""14285""","Beverages, OCEAN SPRAY, Ruby Red cranberry",227.0,"8.0 fl oz",25.02,0.000,--,,
"""14258""","Beverages, OCEAN SPRAY, White Cranberry Peach",247.0,"8.0 fl oz",27.96,0.000,--,,
"""14227""","Beverages, OCEAN SPRAY, White Cranberry Strawberry Flavored Juice Drink",247.0,"8.0 fl oz",28.21,0.049,--,,
"""14327""","Beverages, orange and apricot juice drink, canned",31.2,"1.0 fl oz",3.76,0.006,--,,
"""14436""","Beverages, orange breakfast drink, ready-to-drink, with added nutrients",31.6,"1.0 fl oz",2.53,0.038,--,,
"""14426""","Beverages, Orange drink, breakfast type, with juice and pulp, frozen concentrate",36.3,"1.0 fl oz",13.81,0.132,0.003,,
"""14427""","Beverages, Orange drink, breakfast type, with juice and pulp, frozen concentrate, prepared with water",31.3,"1.0 fl oz",3.46,0.033,--,,
"""14323""","Beverages, orange drink, canned, with added vitamin C",31.0,"1.0 fl oz",3.42,0.000,--,,
"""42270""","Beverages, Orange juice drink",249.0,"1.0 cup",23.31,0.946,--,,
"""14064""","Beverages, Orange juice, light, No pulp",240.0,"8.0 fl oz",10.01,0.151,--,,
"""14409""","Beverages, Orange-flavor drink, breakfast type, low calorie, powder",2.5,"1.0 portion, amount of dry mix to make 8 fl oz prepared",0.07,0.000,--,,
"""14407""","Beverages, orange-flavor drink, breakfast type, powder",26.0,"1.0 serving 2 tbsp",24.00,0.000,--,,
"""14408""","Beverages, orange-flavor drink, breakfast type, powder, prepared with water",33.9,"1.0 fl oz",4.00,0.000,--,,
"""14425""","Beverages, Orange-flavor drink, breakfast type, with pulp, frozen concentrate, prepared with water",31.0,"1.0 fl oz",3.69,0.037,--,,
"""14424""","Beverages, Orange-flavor drink, breakfast type, with pulp, frozen concentrate.",35.3,"1.0 fl oz",4.13,0.149,--,,
"""14315""","Beverages, OVALTINE, chocolate malt powder",78.0,"1.0 cup",56.73,1.064,--,,
"""14309""","Beverages, OVALTINE, Classic Malt powder",21.0,"1.0 serving (4 tbsp or 1 envelope)",13.36,0.286,--,,
"""14644""","Beverages, PEPSICO QUAKER, Gatorade G2, low calorie",237.0,"8.0 fl oz",3.08,0.000,--,,
"""14460""","Beverages, PEPSICO QUAKER, Gatorade, G performance O 2, ready-to-drink.",30.5,"1.0 fl oz",1.60,0.003,--,,
"""14334""","Beverages, pineapple and grapefruit juice drink, canned",31.3,"1.0 fl oz",3.61,0.009,--,,
"""14341""","Beverages, pineapple and orange juice drink, canned",31.3,"1.0 fl oz",3.63,0.009,--,,
"""14599""","Beverages, Powerade Zero Ion4, calorie-free, assorted flavors",237.0,"8.0 fl oz",0.00,0.026,--,,
"""14167""","Beverages, POWERADE, Zero, Mixed Berry",360.0,"12.0 fl oz",0.00,--,--,,
"""14462""","Beverages, Propel Zero, fruit-flavored, non-carbonated",29.6,"1.0 fl oz",0.00,--,--,,
"""14067""","Beverages, Protein powder soy based",45.0,"1.0 scoop",10.00,0.130,2.071,,
"""14066""","Beverages, Protein powder whey based",32.0,"0.33 cup",0.00,0.195,--,,
"""14639""","Beverages, rice milk, unsweetened",240.0,"8.0 fl oz (approximate weight, 1 serving)",12.67,0.065,--,,
"""14080""","Beverages, rich chocolate, powder",11.0,"2.0 tbsp",9.00,0.150,--,,
"""14044""","Beverages, SLIMFAST, Meal replacement,  High Protein Shake, Ready-To-Drink, 3-2-1 plan",295.0,"1.0 bottle",1.77,0.502,--,,
"""14355""","Beverages, tea, black, brewed, prepared with tap water",29.6,"1.0 fl oz",0.00,--,--,,
"""14352""","Beverages, tea, black, brewed, prepared with tap water, decaffeinated",29.6,"1.0 fl oz",0.00,--,--,,
"""14247""","Beverages, tea, black, ready to drink",473.0,"16.0 fl oz",0.00,--,--,,
"""14281""","Beverages, tea, black, ready to drink, decaffeinated",240.0,"1.0 cup",19.01,0.000,--,,
"""14280""","Beverages, tea, black, ready to drink, decaffeinated, diet",240.0,"1.0 cup",0.00,--,--,,
"""14211""","Beverages, tea, black, ready-to-drink, lemon, diet",265.0,"1.0 cup",0.00,--,--,,
"""14199""","Beverages, tea, black, ready-to-drink, lemon, sweetened",271.0,"1.0 cup",25.72,0.000,--,,
"""14279""","Beverages, tea, black, ready-to-drink, peach, diet",268.0,"1.0 cup",0.00,--,--,,
"""14260""","Beverages, tea, green, brewed, decaffeinated",240.0,"240.0 ml",0.00,0.017,--,,
"""14278""","Beverages, tea, green, brewed, regular",245.0,"1.0 cup",0.00,0.017,--,,
"""14246""","Beverages, tea, green, instant, decaffeinated, lemon, unsweetened, fortified with vitamin C",4.5,"2.0 tbsp",0.00,0.000,--,,
"""14188""","Beverages, tea, green, ready to drink, ginseng and honey, sweetened",260.0,"1.0 cup",17.86,0.104,--,,
"""14261""","Beverages, tea, green, ready to drink, unsweetened",473.0,"16.0 fl oz",0.00,--,--,,
"""14191""","Beverages, tea, green, ready-to-drink, citrus, diet, fortified with vitamin C",265.0,"1.0 cup",0.00,--,--,,
"""14190""","Beverages, tea, green, ready-to-drink, diet",269.0,"1.0 cup",2.50,0.000,--,,
"""14206""","Beverages, tea, green, ready-to-drink, sweetened",270.0,"1.0 cup",14.36,0.000,--,,
"""14545""","Beverages, tea, herb, brewed, chamomile",29.6,"1.0 fl oz",0.00,0.003,--,,
"""14381""","Beverages, tea, herb, other than chamomile, brewed",29.6,"1.0 fl oz",0.00,0.003,--,,
"""14649""","Beverages, tea, hibiscus, brewed",237.0,"8.0 fl oz",0.00,--,--,,
"""14356""","Beverages, tea, instant, decaffeinated, lemon, diet",1.6,"2.0 tsp",0.03,0.000,--,,
"""14357""","Beverages, tea, instant, decaffeinated, lemon, sweetened",23.0,"1.0 serving (3 heaping tsp)",21.92,0.003,--,,
"""14353""","Beverages, tea, instant, decaffeinated, unsweetened",0.7,"1.0 serving 2 tsp",0.04,0.000,--,,
"""14376""","Beverages, tea, instant, lemon, diet",29.8,"1.0 fl oz",0.00,0.000,--,,
"""14370""","Beverages, tea, instant, lemon, sweetened, powder",23.0,"1.0 serving (3 heaping tsp)",21.92,0.003,--,,
"""14371""","Beverages, tea, instant, lemon, sweetened, prepared with water",259.0,"1.0 cup (8 fl oz)",21.57,0.003,--,,
"""14368""","Beverages, tea, instant, lemon, unsweetened",1.4,"1.0 tsp, rounded",0.06,0.000,--,,
"""14375""","Beverages, tea, instant, sweetened with sodium saccharin, lemon-flavored, powder",1.6,"2.0 tsp",0.03,0.000,--,,
"""14366""","Beverages, tea, instant, unsweetened, powder",0.7,"1.0 serving 1 tsp",0.04,0.000,--,,
"""14367""","Beverages, tea, instant, unsweetened, prepared with water",29.7,"1.0 fl oz",0.01,0.000,--,,
"""14207""","Beverages, tea, ready-to-drink, lemon, diet",266.0,"1.0 cup",0.00,--,--,,
"""14093""","Beverages, The COCA-COLA company, Glaceau Vitamin Water, Revive Fruit Punch, fortified",591.0,"20.0 fl oz",0.00,--,--,,
"""14065""","Beverages, The COCA-COLA company, Hi-C Flashin' Fruit Punch",200.0,"6.0 fl oz",25.00,0.000,--,,
"""14189""","Beverages, The COCA-COLA company, Minute Maid, Lemonade",240.0,"8.0 fl oz",28.01,0.005,--,,
"""14030""","Beverages, THE COCA-COLA COMPANY, NOS energy drink, Original, grape, loaded cherry, charged citrus, fortified with vitamins B6 and B12",480.0,"16.0 fl oz",54.00,0.000,--,,
"""14026""","Beverages, THE COCA-COLA COMPANY, NOS Zero, energy drink, sugar-free with guarana, fortified with vitamins B6 and B12",480.0,"16.0 fl oz",0.00,--,--,,
"""14276""","Beverages, Tropical Punch, ready-to-drink",210.0,"1.0 NLEA Serving",5.25,0.000,--,,
"""14055""","Beverages, UNILEVER, SLIMFAST Shake Mix, high protein, whey powder, 3-2-1 Plan,",26.0,"1.0 scoop",5.35,0.390,--,,
"""14047""","Beverages, UNILEVER, SLIMFAST Shake Mix, powder, 3-2-1 Plan",26.0,"1.0 scoop",9.89,0.375,--,,
"""14045""","Beverages, UNILEVER, SLIMFAST, meal replacement, regular, ready-to-drink,  3-2-1 Plan",295.0,"1.0 bottle",17.55,0.502,--,,
"""14611""","Beverages, V8 SPLASH Juice Drinks, Berry Blend",243.0,"1.0 serving 8 oz",18.01,--,--,,
"""14607""","Beverages, V8 SPLASH Juice Drinks, Diet Berry Blend",243.0,"8.0 fl oz",1.00,--,--,,
"""14608""","Beverages, V8 SPLASH Juice Drinks, Diet Fruit Medley",238.0,"1.0 serving 8 oz",2.00,--,--,,
"""14609""","Beverages, V8 SPLASH Juice Drinks, Diet Strawberry Kiwi",238.0,"1.0 serving",2.00,--,--,,
"""14610""","Beverages, V8 SPLASH Juice Drinks, Diet Tropical Blend",238.0,"1.0 serving 8 oz",1.00,--,--,,
"""14612""","Beverages, V8 SPLASH Juice Drinks, Fruit Medley",243.0,"1.0 serving 8 oz",19.00,--,--,,
"""14613""","Beverages, V8 SPLASH Juice Drinks, Guava Passion Fruit",243.0,"1.0 serving 8 oz",19.00,--,--,,
"""14614""","Beverages, V8 SPLASH Juice Drinks, Mango Peach",243.0,"1.0 serving 8 oz",20.00,--,--,,
"""14615""","Beverages, V8 SPLASH Juice Drinks, Orange Pineapple",243.0,"1.0 serving 8 oz",18.01,--,--,,
"""14616""","Beverages, V8 SPLASH Juice Drinks, Orchard Blend",243.0,"1.0 serving 8 oz",19.00,--,--,,
"""14617""","Beverages, V8 SPLASH Juice Drinks, Strawberry Banana",243.0,"1.0 serving 8 oz",18.01,--,--,,
"""14618""","Beverages, V8 SPLASH Juice Drinks, Strawberry Kiwi",243.0,"1.0 serving 8 oz",18.01,--,--,,
"""14619""","Beverages, V8 SPLASH Juice Drinks, Tropical Blend",243.0,"1.0 serving 8 oz",18.01,--,--,,
"""14086""","Beverages, V8 SPLASH Smoothies, Peach Mango",245.0,"1.0 serving 8 oz",18.01,--,--,,
"""14087""","Beverages, V8 SPLASH Smoothies, Strawberry Banana",245.0,"1.0 serving 8 oz",18.01,--,--,,
"""14088""","Beverages, V8 SPLASH Smoothies, Tropical Colada",246.0,"1.0 serving 8 oz",18.01,--,--,,
"""14623""","Beverages, V8 V- FUSION Juices, Acai Berry",246.0,"1.0 serving 8 oz",26.00,--,--,,
"""14620""","Beverages, V8 V-FUSION Juices, Peach Mango",246.0,"1.0 serving 8 oz",26.00,--,--,,
"""14621""","Beverages, V8 V-FUSION Juices, Strawberry Banana",246.0,"1.0 serving 8 oz",24.99,--,--,,
"""14622""","Beverages, V8 V-FUSION Juices, Tropical",246.0,"1.0 serving 8 oz",24.99,--,--,,
"""14635""","Beverages, vegetable and fruit juice blend, 100% juice, with added vitamins A, C, E",246.0,"1.0 serving 8 oz",25.51,0.002,--,,
"""14633""","Beverages, Vegetable and fruit juice drink, reduced calorie, with low-calorie sweetener, added vitamin C",238.0,"1.0 serving",1.50,0.002,--,,
"""14605""","Beverages, Water with added vitamins and minerals, bottles, sweetened, assorted fruit flavors",237.0,"8.0 fl oz (1 NLEA serving)",13.01,0.000,--,,
"""14031""","Beverages, water, bottled, yumberry, pomegranate with anti-oxidants, zero calories",240.0,"8.0 fl oz",0.00,--,--,,
"""14411""","Beverages, water, tap, drinking",29.6,"1.0 fl oz",0.00,--,--,,
"""14429""","Beverages, water, tap, municipal",29.6,"1.0 fl oz",0.00,--,--,,
"""14058""","Beverages, Whey protein powder isolate",86.0,"3.0 scoop",1.00,0.750,--,,
"""14028""","Beverages, Whiskey sour mix, bottled",32.3,"1.0 fl oz",6.91,0.004,--,,
"""14024""","Beverages, Whiskey sour mix, powder",17.0,"1.0 packet",16.54,0.001,--,,
"""14553""","Beverages, Wine, non-alcoholic",29.0,"1.0 fl oz",0.32,0.000,--,,
"""14079""","Beverages, yellow green colored citrus soft drink with caffeine",473.0,"16.0 fl oz",61.02,0.118,--,,
"""14073""","Beverages, ZEVIA, cola",355.0,"1.0 can",0.00,--,--,,
"""14074""","Beverages, ZEVIA, cola, caffeine free",355.0,"1.0 can",0.00,--,--,,
"""14552""","Carbonated beverage, chocolate-flavored soda",31.0,"1.0 fl oz",3.32,0.000,--,,
"""14130""","Carbonated beverage, cream soda",30.9,"1.0 fl oz",4.11,0.000,--,,
"""14197""","Cocoa mix, NESTLE, Rich Chocolate Hot Cocoa Mix",20.0,"1.0 serving 1 envelope",12.00,--,--,,
"""14242""","Cranberry juice cocktail, bottled",31.6,"1.0 fl oz",3.75,0.000,--,,
"""14243""","Cranberry juice cocktail, bottled, low calorie, with calcium, saccharin and corn sweetener",29.6,"1.0 fl oz",1.36,0.000,--,,
"""14430""","Cranberry juice cocktail, frozen concentrate",36.2,"1.0 fl oz",15.39,0.008,--,,
"""14431""","Cranberry juice cocktail, frozen concentrate, prepared with water",29.6,"1.0 fl oz",2.89,0.001,--,,
"""14542""","Lemonade, frozen concentrate, pink",36.4,"1.0 fl oz",16.91,0.006,--,,
"""14292""","Lemonade, frozen concentrate, white",36.5,"1.0 fl oz",16.23,0.007,--,,
"""14293""","Lemonade, frozen concentrate, white, prepared with water",30.9,"1.0 fl oz",3.08,0.002,--,,
"""14288""","Lemonade, powder, prepared with water",33.0,"1.0 fl oz",1.16,0.000,--,,
"""14303""","Limeade, frozen concentrate, prepared with water",30.9,"1.0 fl oz",4.10,0.001,--,,
"""14305""","Malt beverage, includes non-alcoholic beer",29.6,"1.0 fl oz",2.38,0.005,--,,
"""14347""","Shake, fast food, vanilla",20.8,"1.0 fl oz",2.84,0.005,0.074,,
"""14350""","Strawberry-flavor beverage mix, powder",22.0,"1.0 serving (2-3 heaping tsp)",21.00,0.001,--,,
"""14555""","Water, bottled, generic",29.6,"1.0 fl oz",0.00,--,--,,
"""14604""","Water, non-carbonated, bottles, natural fruit flavors, sweetened with low calorie sweetener",29.6,"1.0 fl oz",0.00,--,--,,
"""14637""","Water, with corn syrup and/or sugar and low calorie sweetener, fruit flavored",200.0,"1.0 pouch",9.00,0.000,--,,
