Source: USDA National Nutrient Database for Standard Reference Legacy Software v.3.9.4 2018-05-17
"Nutrients: Arginine (g); Vitamin D2 (ergocalciferol) (µg); 10:0 (g)"
"Food Groups: Beverages"
Food Subset:All Foods
Ordered by:Food Name
Measured by:Household
Report Run at: 06-02-2018T14:06
NDB_NO,Description,Weight(g),Measure,"Arginine"(g)Per Measure,"Vitamin D2 (ergocalciferol)"(µg)Per Measure,"10:0"(g)Per Measure,
"""14006""","Alcoholic beverage, beer, light",29.5,"1.0 fl oz",0.000,--,--,,
"""14003""","Alcoholic beverage, beer, regular, all",29.7,"1.0 fl oz",0.000,--,--,,
"""14034""","Alcoholic beverage, creme de menthe, 72 proof",33.6,"1.0 fl oz",0.000,--,--,,
"""14533""","Alcoholic beverage, distilled, all (gin, rum, vodka, whiskey) 100 proof",27.8,"1.0 fl oz",0.000,--,--,,
"""14037""","Alcoholic beverage, distilled, all (gin, rum, vodka, whiskey) 80 proof",27.8,"1.0 fl oz",0.000,--,--,,
"""14550""","Alcoholic beverage, distilled, all (gin, rum, vodka, whiskey) 86 proof",27.8,"1.0 fl oz",0.000,--,--,,
"""14551""","Alcoholic beverage, distilled, all (gin, rum, vodka, whiskey) 90 proof",27.8,"1.0 fl oz",0.000,--,--,,
"""14532""","Alcoholic beverage, distilled, all (gin, rum, vodka, whiskey) 94 proof",27.8,"1.0 fl oz",0.000,--,--,,
"""14050""","Alcoholic beverage, distilled, rum, 80 proof",27.8,"1.0 fl oz",0.000,--,--,,
"""14051""","Alcoholic beverage, distilled, vodka, 80 proof",27.8,"1.0 fl oz",0.000,--,--,,
"""14415""","Alcoholic beverage, liqueur, coffee with cream, 34 proof",31.1,"1.0 fl oz",0.032,--,0.120,,
"""14054""","Beverages, almond milk, chocolate, ready-to-drink",240.0,"8.0 fl oz",0.146,--,0.000,,
"""14121""","Beverages, carbonated, club soda",29.6,"1.0 fl oz",0.000,--,--,,
"""14142""","Beverages, carbonated, grape soda",31.0,"1.0 fl oz",0.000,--,--,,
"""14150""","Beverages, carbonated, orange",31.0,"1.0 fl oz",0.000,--,--,,
"""14153""","Beverages, carbonated, pepper-type, contains caffeine",30.7,"1.0 fl oz",0.000,--,--,,
"""14155""","Beverages, carbonated, tonic water",30.5,"1.0 fl oz",0.000,--,--,,
"""14169""","Beverages, Carob-flavor beverage mix, powder, prepared with whole milk",256.0,"1.0 cup (8 fl oz)",0.182,--,--,,
"""14182""","Beverages, chocolate syrup, prepared with whole milk",282.0,"1.0 cup (8 fl oz)",0.217,--,0.180,,
"""14177""","Beverages, chocolate-flavor beverage mix, powder, prepared with whole milk",266.0,"1.0 cup (8 fl oz)",0.218,--,0.181,,
"""14187""","Beverages, Clam and tomato juice, canned",30.2,"1.0 fl oz",0.007,--,0.000,,
"""14421""","Beverages, coffee substitute, cereal grain beverage, powder, prepared with whole milk",185.0,"6.0 fl oz",0.224,--,0.154,,
"""14209""","Beverages, coffee, brewed, prepared with tap water",29.6,"1.0 fl oz",0.000,--,0.000,,
"""14201""","Beverages, coffee, brewed, prepared with tap water, decaffeinated",29.6,"1.0 fl oz",0.000,--,0.000,,
"""14218""","Beverages, coffee, instant, decaffeinated, powder",1.8,"1.0 tsp rounded",0.001,--,0.000,,
"""14214""","Beverages, coffee, instant, regular, powder",1.0,"1.0 tsp",0.001,--,0.000,,
"""14222""","Beverages, coffee, instant, with chicory",1.8,"1.0 tsp, rounded",0.001,--,--,,
"""14245""","Beverages, Eggnog-flavor mix, powder, prepared with whole milk",272.0,"1.0 cup (8 fl oz)",0.188,--,0.182,,
"""14318""","Beverages, Malted drink mix, chocolate, powder, prepared with whole milk",265.0,"1.0 cup (8 fl oz)",0.225,--,0.199,,
"""14312""","Beverages, Malted drink mix, natural, powder, prepared with whole milk",265.0,"1.0 cup (8 fl oz)",0.273,--,0.215,,
"""14632""","Beverages, Meal supplement drink, canned, peanut flavor",158.0,"1.0 cup",0.190,--,0.017,,
"""14426""","Beverages, Orange drink, breakfast type, with juice and pulp, frozen concentrate",36.3,"1.0 fl oz",0.009,--,0.000,,
"""14067""","Beverages, Protein powder soy based",45.0,"1.0 scoop",1.923,--,0.000,,
"""14428""","Beverages, shake, fast food, strawberry",23.5,"1.0 fl oz",0.028,--,--,,
"""14351""","Beverages, Strawberry-flavor beverage mix, powder, prepared with whole milk",266.0,"1.0 cup (8 fl oz)",0.290,--,0.205,,
"""14544""","Beverages, tea, black, brewed, prepared with distilled water",29.6,"1.0 fl oz",0.000,--,--,,
"""14355""","Beverages, tea, black, brewed, prepared with tap water",29.6,"1.0 fl oz",0.000,--,--,,
"""14352""","Beverages, tea, black, brewed, prepared with tap water, decaffeinated",29.6,"1.0 fl oz",0.000,--,--,,
"""14548""","Beverages, tea, instant, lemon, with added ascorbic acid",23.0,"1.0 serving (3 heaping tsp)",0.001,--,--,,
"""14384""","Beverages, water, bottled, PERRIER",29.6,"1.0 fl oz",0.000,--,--,,
"""14385""","Beverages, water, bottled, POLAND SPRING",29.6,"1.0 fl oz",0.000,--,--,,
"""14130""","Carbonated beverage, cream soda",30.9,"1.0 fl oz",0.000,--,--,,
"""14243""","Cranberry juice cocktail, bottled, low calorie, with calcium, saccharin and corn sweetener",29.6,"1.0 fl oz",0.000,--,--,,
"""14347""","Shake, fast food, vanilla",20.8,"1.0 fl oz",0.022,--,0.032,,
