Source: USDA National Nutrient Database for Standard Reference Legacy Software v.3.9.4 2018-05-17
"Nutrients: 16:1 c (g); Sodium, Na (mg); 4:0 (g)"
"Food Groups: Beverages"
Food Subset:All Foods
Ordered by:Food Name
Measured by:Household
Report Run at: 06-02-2018T14:06
NDB_NO,Description,Weight(g),Measure,"16:1 c"(g)Per Measure,"Sodium, Na"(mg)Per Measure,"4:0"(g)Per Measure,
"""14091""","Beverages, almond milk, unsweetened, shelf stable",262.0,"1.0 cup",0.013,189,0.000,,
"""14632""","Beverages, Meal supplement drink, canned, peanut flavor",158.0,"1.0 cup",0.005,85,0.000,,
