Source: USDA National Nutrient Database for Standard Reference Legacy Software v.3.9.4 2018-05-17
"Nutrients: Phytosterols (mg); Iron, Fe (mg); Cystine (g)"
"Food Groups: Beverages"
Food Subset:All Foods
Ordered by:Food Name
Measured by:Household
Report Run at: 06-02-2018T14:05
NDB_NO,Description,Weight(g),Measure,"Phytosterols"(mg)Per Measure,"Iron, Fe"(mg)Per Measure,"Cystine"(g)Per Measure,
"""14351""","Beverages, Strawberry-flavor beverage mix, powder, prepared with whole milk",266.0,"1.0 cup (8 fl oz)",0,0.21,0.074,,
