Source: USDA National Nutrient Database for Standard Reference Legacy Software v.3.9.4 2018-05-17
"Nutrients: Menaquinone-4 (µg); Tocotrienol, alpha (mg); Alanine (g)"
"Food Groups: Beverages"
Food Subset:All Foods
Ordered by:Food Name
Measured by:Household
Report Run at: 06-02-2018T14:05
NDB_NO,Description,Weight(g),Measure,"Menaquinone-4"(µg)Per Measure,"Tocotrienol, alpha"(mg)Per Measure,"Alanine"(g)Per Measure,
"""14091""","Beverages, almond milk, unsweetened, shelf stable",262.0,"1.0 cup",0.0,--,--,,
"""14164""","Beverages, chocolate malt powder, prepared with 1% milk, fortified",98.0,"1.0 cup dry mix",0.0,--,--,,
"""14180""","Beverages, coffee, brewed, breakfast blend",248.0,"1.0 cup",0.0,--,--,,
"""14183""","Beverages, coffee, ready to drink, iced, mocha, milk based",265.0,"1.0 cup",0.0,--,--,,
"""14638""","Beverages, Horchata, as served in restaurant",228.0,"1.0 cup",0.0,0.02,--,,
"""14542""","Lemonade, frozen concentrate, pink",36.4,"1.0 fl oz",0.0,0.01,--,,
"""14292""","Lemonade, frozen concentrate, white",36.5,"1.0 fl oz",0.0,0.00,--,,
