Source: USDA National Nutrient Database for Standard Reference Legacy Software v.3.9.4 2018-05-17
"Nutrients: Vitamin A, IU (IU); Energy (kcal); 24:1 c (g)"
"Food Groups: Breakfast Cereals"
Food Subset:All Foods
Ordered by:Food Name
Measured by:Household
Report Run at: 06-02-2018T14:16
NDB_NO,Description,Weight(g),Measure,"Vitamin A, IU"(IU)Per Measure,"Energy"(kcal)Per Measure,"24:1 c"(g)Per Measure,
"""43218""","Cereals ready-to-eat, ALPEN",55.0,"0.67 cup (1 NLEA serving)",0,194,--,,
"""08657""","Cereals ready-to-eat, BARBARA'S PUFFINS, original",27.0,"0.75 cup (1 NLEA serving)",0,90,--,,
"""08204""","Cereals ready-to-eat, chocolate-flavored frosted puffed corn",30.0,"1.0 cup",1323,122,--,,
"""43241""","Cereals ready-to-eat, FAMILIA",122.0,"1.0 cup",7,473,--,,
"""42236""","Cereals ready-to-eat, frosted oat cereal with marshmallows",30.0,"0.75 cup (1 NLEA serving)",500,120,--,,
"""08013""","Cereals ready-to-eat, GENERAL MILLS, CHEERIOS",28.0,"1.0 cup (1 NLEA serving)",924,104,--,,
"""08037""","Cereals ready-to-eat, granola, homemade",122.0,"1.0 cup",23,597,--,,
"""08290""","Cereals ready-to-eat, HEALTH VALLEY, FIBER 7 Flakes",31.0,"0.75 cup (1 NLEA serving)",--,109,--,,
"""08493""","Cereals ready-to-eat, MALT-O-MEAL, Apple ZINGS",33.0,"1.0 cup (1 NLEA serving)",500,129,--,,
"""08347""","Cereals ready-to-eat, MALT-O-MEAL, BERRY COLOSSAL CRUNCH",30.0,"0.75 cup (1 NLEA serving)",500,119,--,,
"""08487""","Cereals ready-to-eat, MALT-O-MEAL, Blueberry MUFFIN TOPS Cereal",30.0,"0.75 cup (1 NLEA serving)",500,133,--,,
"""08672""","Cereals ready-to-eat, MALT-O-MEAL, CHOCOLATE MARSHMALLOW MATEYS",30.0,"0.75 cup (1 NLEA serving)",400,118,--,,
"""08494""","Cereals ready-to-eat, MALT-O-MEAL, CINNAMON TOASTERS",30.0,"0.75 cup (1 NLEA serving)",500,128,--,,
"""08206""","Cereals ready-to-eat, MALT-O-MEAL, COCO-ROOS",30.0,"0.75 cup (1 NLEA serving)",500,117,--,,
"""08495""","Cereals ready-to-eat, MALT-O-MEAL, Cocoa DYNO-BITES",29.0,"0.75 cup (1 NLEA serving)",750,115,--,,
"""08346""","Cereals ready-to-eat, MALT-O-MEAL, COLOSSAL CRUNCH",30.0,"0.75 cup (1 NLEA serving)",500,120,--,,
"""08083""","Cereals ready-to-eat, MALT-O-MEAL, CORN BURSTS",31.0,"1.0 cup (1 NLEA serving)",750,119,--,,
"""08348""","Cereals ready-to-eat, MALT-O-MEAL, Crispy Rice",33.0,"1.0 cup (1 NLEA serving)",500,114,--,,
"""08409""","Cereals ready-to-eat, MALT-O-MEAL, Frosted Flakes",31.0,"0.75 cup (1 NLEA serving)",500,121,--,,
"""08500""","Cereals ready-to-eat, MALT-O-MEAL, Frosted Mini SPOONERS",55.0,"1.0 cup (1 NLEA serving)",0,195,--,,
"""08501""","Cereals ready-to-eat, MALT-O-MEAL, Fruity DYNO-BITES",27.0,"0.75 cup",980,109,--,,
"""08478""","Cereals ready-to-eat, MALT-O-MEAL, GOLDEN PUFFS",27.0,"0.75 cup (1 NLEA serving)",500,100,0.000,,
"""08476""","Cereals ready-to-eat, MALT-O-MEAL, Honey BUZZERS",29.0,"1.0 cup",500,110,--,,
"""08481""","Cereals ready-to-eat, MALT-O-MEAL, HONEY GRAHAM SQUARES",30.0,"0.75 cup (1 NLEA serving)",588,119,--,,
"""08676""","Cereals ready-to-eat, MALT-O-MEAL, Honey Nut SCOOTERS",30.0,"1.0 cup (1 NLEA serving)",500,116,--,,
"""08138""","Cereals ready-to-eat, MALT-O-MEAL, MARSHMALLOW MATEYS",30.0,"1.0 cup",500,116,--,,
"""08674""","Cereals ready-to-eat, MALT-O-MEAL, OAT BLENDERS with honey",30.0,"0.75 cup (1 NLEA serving)",500,119,--,,
"""08675""","Cereals ready-to-eat, MALT-O-MEAL, OAT BLENDERS with honey  &  almonds",30.0,"0.75 cup (1 NLEA serving)",563,114,--,,
"""08484""","Cereals ready-to-eat, MALT-O-MEAL, Raisin Bran Cereal",59.0,"1.0 cup (1 NLEA serving)",500,202,--,,
"""08349""","Cereals ready-to-eat, MALT-O-MEAL, TOOTIE FRUITIES",32.0,"1.0 cup (1 NLEA serving)",500,125,--,,
"""08491""","Cereals ready-to-eat, MOM'S BEST, Honey Nut TOASTY O'S",30.0,"1.0 cup (1 NLEA serving)",0,116,--,,
"""08709""","Cereals ready-to-eat, MOM'S BEST, Sweetened WHEAT-FULS",55.0,"1.0 cup (1 NLEA serving)",0,205,--,,
"""08656""","Cereals ready-to-eat, NATURE'S PATH, Organic FLAX PLUS flakes",30.0,"0.75 cup (1 NLEA serving)",0,105,0.001,,
"""08571""","Cereals ready-to-eat, NATURE'S PATH, Organic FLAX PLUS, Pumpkin Granola",55.0,"0.75 cup (1 NLEA serving)",0,257,--,,
"""43495""","Cereals ready-to-eat, OAT BRAN FLAKES, HEALTH VALLEY",50.0,"1.0 cup (1 NLEA serving)",0,190,--,,
"""08029""","Cereals ready-to-eat, POST Bran Flakes",30.0,"0.75 cup (1 NLEA serving)",750,98,--,,
"""42297""","Cereals ready-to-eat, POST GREAT GRAINS Banana Nut Crunch",59.0,"1.0 cup (1 NLEA serving)",750,230,--,,
"""08544""","Cereals ready-to-eat, POST GREAT GRAINS Cranberry Almond Crunch",48.0,"0.75 cup (1 NLEA serving)",750,184,--,,
"""08665""","Cereals ready-to-eat, POST HONEY BUNCHES OF OATS with cinnamon bunches",30.0,"0.75 cup (1 NLEA serving)",750,120,--,,
"""08061""","Cereals ready-to-eat, POST Raisin Bran Cereal",59.0,"1.0 cup (1 NLEA serving)",750,191,--,,
"""08192""","Cereals ready-to-eat, POST SELECTS Blueberry Morning",55.0,"1.0 cup (1 NLEA serving)",750,217,--,,
"""08554""","Cereals ready-to-eat, POST SELECTS Maple Pecan Crunch",52.0,"0.75 cup (1 NLEA serving)",750,215,--,,
"""08002""","Cereals ready-to-eat, POST, ALPHA-BITS",30.0,"1.0 cup (1 NLEA serving for adults)",750,117,--,,
"""08015""","Cereals ready-to-eat, POST, COCOA PEBBLES",29.0,"0.75 cup (1 NLEA serving)",750,115,--,,
"""08034""","Cereals ready-to-eat, POST, FRUITY PEBBLES",27.0,"0.75 cup (1 NLEA serving)",750,109,--,,
"""08073""","Cereals ready-to-eat, POST, GOLDEN CRISP",27.0,"0.75 cup (1 NLEA serving)",750,103,--,,
"""08038""","Cereals ready-to-eat, POST, GRAPE-NUTS Cereal",58.0,"0.5 cup (1 NLEA serving)",2,209,0.000,,
"""08039""","Cereals ready-to-eat, POST, GRAPE-NUTS Flakes",29.0,"0.75 cup (1 NLEA serving)",750,109,--,,
"""42261""","Cereals ready-to-eat, POST, GREAT GRAINS Crunchy Pecan Cereal",52.0,"0.75 cup (1 NLEA serving)",750,210,--,,
"""42265""","Cereals ready-to-eat, POST, GREAT GRAINS, Raisin, Date  &  Pecan",55.0,"0.75 cup (1 NLEA serving)",750,208,--,,
"""08633""","Cereals ready-to-eat, POST, HONEY BUNCHES OF OATS with vanilla bunches",56.0,"1.0 cup (1 NLEA serving)",1000,221,--,,
"""43570""","Cereals ready-to-eat, POST, HONEY BUNCHES OF OATS, honey roasted",30.0,"0.75 cup (1 NLEA serving)",819,120,0.000,,
"""08655""","Cereals ready-to-eat, POST, HONEY BUNCHES OF OATS, pecan bunches",29.0,"0.75 cup (1 NLEA serving)",750,116,--,,
"""42240""","Cereals ready-to-eat, POST, HONEY BUNCHES OF OATS, with almonds",32.0,"0.75 cup (1 NLEA serving)",750,131,0.000,,
"""08662""","Cereals ready-to-eat, POST, HONEY BUNCHES OF OATS, with real strawberries",31.0,"0.75 cup (1 NLEA serving)",750,124,--,,
"""08081""","Cereals ready-to-eat, POST, Honey Nut Shredded Wheat",59.0,"1.0 cup (1 NLEA serving)",4,220,--,,
"""08046""","Cereals ready-to-eat, POST, Honeycomb Cereal",32.0,"1.0 cup (1 NLEA serving)",750,126,--,,
"""43393""","Cereals ready-to-eat, POST, Shredded Wheat n' Bran, spoon-size",59.0,"1.0 cup (1 NLEA serving)",0,200,--,,
"""08191""","Cereals ready-to-eat, POST, Shredded Wheat, lightly frosted, spoon-size",52.0,"1.0 cup (1 NLEA serving)",0,183,--,,
"""08147""","Cereals ready-to-eat, POST, Shredded Wheat, original big biscuit",47.0,"2.0 biscuits (1 NLEA serving)",0,158,--,,
"""08148""","Cereals ready-to-eat, POST, Shredded Wheat, original spoon-size",49.0,"1.0 cup (1 NLEA serving)",0,172,--,,
"""08305""","Cereals ready-to-eat, Post, Waffle Crisp",30.0,"1.0 cup (1 NLEA serving)",750,117,--,,
"""08632""","Cereals ready-to-eat, QUAKER Oatmeal Squares, Golden Maple",56.0,"1.0 cup (1 NLEA serving)",666,213,--,,
"""08685""","Cereals ready-to-eat, QUAKER WHOLE HEARTS oat cereal",28.0,"0.75 cup (1 NLEA serving)",1110,105,--,,
"""08054""","Cereals ready-to-eat, QUAKER, 100% Natural Granola, Oats, Wheat and Honey",48.0,"0.5 cup (1 NLEA serving)",4,202,--,,
"""08010""","Cereals ready-to-eat, QUAKER, CAP'N CRUNCH",27.0,"0.75 cup (1 NLEA serving)",40,107,0.000,,
"""08011""","Cereals ready-to-eat, QUAKER, CAP'N CRUNCH with CRUNCHBERRIES",26.0,"0.75 cup (1 NLEA serving)",39,103,--,,
"""08625""","Cereals ready-to-eat, QUAKER, CAP'N CRUNCH'S Halloween Crunch",26.0,"0.75 cup (1 NLEA serving)",38,105,--,,
"""08629""","Cereals ready-to-eat, QUAKER, Cap'n Crunch's OOPS! All Berries Cereal",32.0,"1.0 cup (1 NLEA serving)",48,126,--,,
"""08012""","Cereals ready-to-eat, QUAKER, CAP'N CRUNCH'S PEANUT BUTTER CRUNCH",27.0,"0.75 cup (1 NLEA serving)",40,113,--,,
"""08550""","Cereals ready-to-eat, QUAKER, Christmas Crunch",26.0,"0.75 cup (1 NLEA serving)",38,103,0.000,,
"""08211""","Cereals ready-to-eat, QUAKER, HONEY GRAHAM OH!S",27.0,"0.75 cup (1 NLEA serving)",404,111,--,,
"""08047""","Cereals ready-to-eat, QUAKER, KING VITAMAN",31.0,"1.0 cup (1 NLEA serving)",1039,118,--,,
"""08220""","Cereals ready-to-eat, QUAKER, Low Fat 100% Natural Granola with Raisins",55.0,"0.66 cup (1 NLEA serving)",12,213,--,,
"""08628""","Cereals ready-to-eat, QUAKER, Maple Brown Sugar LIFE Cereal",32.0,"0.75 cup (1 NLEA serving)",12,119,--,,
"""08353""","Cereals ready-to-eat, QUAKER, MOTHER'S Cinnamon Oat Crunch",60.0,"1.0 cup (1 NLEA serving)",10,229,--,,
"""08355""","Cereals ready-to-eat, QUAKER, MOTHER'S COCOA BUMPERS",33.0,"1.0 cup (1 NLEA serving)",61,126,--,,
"""08354""","Cereals ready-to-eat, QUAKER, MOTHER'S GRAHAM BUMPERS",28.0,"0.75 cup (1 NLEA serving)",45,106,--,,
"""08351""","Cereals ready-to-eat, QUAKER, MOTHER'S PEANUT BUTTER BUMPERS Cereal",33.0,"1.0 cup (1 NLEA serving)",52,134,--,,
"""08352""","Cereals ready-to-eat, QUAKER, MOTHER'S Toasted Oat Bran cereal",32.0,"0.75 cup (1 NLEA serving)",20,119,--,,
"""08627""","Cereals ready-to-eat, QUAKER, Natural Granola Apple Cranberry Almond",49.0,"0.5 cup (1 NLEA serving)",9,205,--,,
"""08214""","Cereals ready-to-eat, QUAKER, Oatmeal Squares",56.0,"1.0 cup (1 NLEA serving)",665,212,--,,
"""08215""","Cereals ready-to-eat, QUAKER, Oatmeal Squares, cinnamon",56.0,"1.0 cup (1 NLEA serving)",662,212,--,,
"""08218""","Cereals ready-to-eat, QUAKER, QUAKER 100% Natural Granola with Oats, Wheat, Honey, and Raisins",51.0,"0.5 cup (1 NLEA serving)",4,210,--,,
"""08018""","Cereals ready-to-eat, QUAKER, QUAKER CRUNCHY BRAN",27.0,"0.75 cup (1 NLEA serving)",42,89,--,,
"""08549""","Cereals ready-to-eat, QUAKER, QUAKER Honey Graham LIFE Cereal",32.0,"0.75 cup (1 NLEA serving)",12,119,--,,
"""08210""","Cereals ready-to-eat, QUAKER, QUAKER OAT CINNAMON LIFE",32.0,"0.75 cup (1 NLEA serving)",11,120,--,,
"""08049""","Cereals ready-to-eat, QUAKER, QUAKER OAT LIFE, plain",32.0,"0.75 cup (1 NLEA serving)",13,120,--,,
"""08066""","Cereals ready-to-eat, QUAKER, QUAKER Puffed Rice",14.0,"0.75 cup (1 NLEA serving)",0,54,--,,
"""08146""","Cereals ready-to-eat, QUAKER, QUAKER Puffed Wheat",15.0,"1.0 cup (1 NLEA serving)",2,55,--,,
"""08365""","Cereals ready-to-eat, QUAKER, Shredded Wheat, bagged cereal",63.0,"3.0 biscuits (1 NLEA serving)",0,219,--,,
"""08059""","Cereals ready-to-eat, QUAKER, SWEET CRUNCH/QUISP",27.0,"1.0 cup (1 NLEA serving)",40,110,--,,
"""08216""","Cereals ready-to-eat, QUAKER, Toasted Multigrain Crisps",57.0,"1.0 cup (1 NLEA serving)",698,212,--,,
"""08505""","Cereals ready-to-eat, RALSTON Corn Biscuits",30.0,"1.0 cup (NLEA serving)",1250,113,0.000,,
"""08506""","Cereals ready-to-eat, RALSTON Corn Flakes",28.0,"1.0 cup (1 NLEA serving)",1000,108,0.000,,
"""08025""","Cereals ready-to-eat, RALSTON CRISP RICE",33.0,"1.0 cup (1 NLEA serving)",1250,126,0.000,,
"""08507""","Cereals ready-to-eat, RALSTON Crispy Hexagons",29.0,"1.0 cup (1 NLEA serving)",1250,110,0.000,,
"""08504""","Cereals ready-to-eat, RALSTON Enriched Wheat Bran flakes",29.0,"1.0 serving (NLEA serving size = 0.75 cup)",514,113,0.000,,
"""08074""","Cereals ready-to-eat, RALSTON TASTEEOS",28.0,"1.0 cup (1 NLEA serving)",1000,111,0.000,,
"""08156""","Cereals ready-to-eat, rice, puffed, fortified",14.0,"1.0 cup",0,56,--,,
"""08085""","Cereals ready-to-eat, SUN COUNTRY, KRETSCHMER Honey Crunch Wheat Germ",14.0,"2.0 tbsp (1 NLEA serving)",13,52,--,,
"""08363""","Cereals ready-to-eat, SUN COUNTRY, KRETSCHMER Toasted Wheat Bran",16.0,"0.25 cup (1 NLEA serving)",0,32,--,,
"""08366""","Cereals ready-to-eat, SUN COUNTRY, KRETSCHMER Wheat Germ, Regular",14.0,"2.0 tbsp (1 NLEA serving)",18,51,--,,
"""08435""","Cereals ready-to-eat, UNCLE SAM CEREAL",55.0,"0.75 cup (1 NLEA serving)",0,190,--,,
"""42237""","Cereals ready-to-eat, WEETABIX whole grain cereal",35.0,"2.0 biscuits (1 NLEA serving)",3,130,--,,
"""43245""","Cereals ready-to-eat, wheat and bran, presweetened with nuts and fruits",55.0,"1.0 cup (1 NLEA serving)",750,212,--,,
"""08084""","Cereals ready-to-eat, wheat germ, toasted, plain",28.35,"1.0 oz",29,108,--,,
"""08157""","Cereals ready-to-eat, wheat, puffed, fortified",12.0,"1.0 cup",0,44,--,,
"""08161""","Cereals, corn grits, white, regular and quick, enriched, cooked with water, with salt",257.0,"1.0 cup",0,182,--,,
"""08091""","Cereals, corn grits, white, regular and quick, enriched, cooked with water, without salt",257.0,"1.0 cup",0,182,--,,
"""08090""","Cereals, corn grits, white, regular and quick, enriched, dry",9.7,"1.0 tbsp",0,36,0.000,,
"""08164""","Cereals, corn grits, yellow, regular and quick, enriched, cooked with water, without salt",233.0,"1.0 cup",0,151,--,,
"""08160""","Cereals, corn grits, yellow, regular and quick, unenriched, dry",9.7,"1.0 tbsp",21,36,--,,
"""08165""","Cereals, corn grits, yellow, regular, quick, enriched, cooked with water, with salt",233.0,"1.0 cup",0,151,--,,
"""08168""","Cereals, CREAM OF RICE, cooked with water, with salt",244.0,"1.0 cup",0,127,--,,
"""08100""","Cereals, CREAM OF RICE, dry",45.0,"0.25 cup (1 NLEA serving)",0,166,--,,
"""08106""","Cereals, CREAM OF WHEAT, instant, dry",11.5,"1.0 tbsp",513,42,--,,
"""08107""","Cereals, CREAM OF WHEAT, instant, prepared with water, without salt",241.0,"1.0 cup",1863,149,--,,
"""08169""","Cereals, CREAM OF WHEAT, regular (10 minute), cooked with water, with salt",251.0,"1.0 cup (1 serving)",0,126,--,,
"""08103""","Cereals, CREAM OF WHEAT, regular (10 minute), cooked with water, without salt",251.0,"1.0 cup (1 serving)",0,126,--,,
"""08102""","Cereals, CREAM OF WHEAT, regular, 10 minute cooking, dry",10.6,"1.0 tbsp",0,39,--,,
"""08105""","Cereals, farina, enriched, assorted brands including CREAM OF WHEAT, quick (1-3 minutes), cooked with water, without salt",240.0,"1.0 cup",0,132,--,,
"""08104""","Cereals, farina, enriched, assorted brands including CREAM OF WHEAT, quick (1-3 minutes), dry",11.0,"1.0 tbsp",0,40,--,,
"""08173""","Cereals, farina, enriched, cooked with water, with salt",233.0,"1.0 cup",0,123,--,,
"""08172""","Cereals, farina, unenriched, dry",10.9,"1.0 tbsp",0,40,--,,
"""08177""","Cereals, MALT-O-MEAL, chocolate, dry",35.0,"3.0 tbsp (1 NLEA serving)",1,127,--,,
"""08512""","Cereals, MALT-O-MEAL, chocolate, prepared with water, without salt",268.0,"1.0 serving (3 T dry cereal plus 1 cup water)",0,126,--,,
"""08488""","Cereals, MALT-O-MEAL, Farina Hot Wheat Cereal, dry",35.0,"3.0 tbsp (1 NLEA serving)",0,128,--,,
"""08489""","Cereals, MALT-O-MEAL, Maple  &  Brown Sugar Hot Wheat Cereal, dry",45.0,"0.25 cup (1 NLEA serving)",0,166,--,,
"""08116""","Cereals, MALT-O-MEAL, original, plain, dry",35.0,"3.0 tbsp (1 NLEA serving)",0,128,--,,
"""08511""","Cereals, MALT-O-MEAL, original, plain, prepared with water, without salt",268.0,"1.0 serving (3 T dry cereal plus 1 cup water)",0,129,--,,
"""08680""","Cereals, oats, instant, fortified, maple and brown sugar, dry",43.0,"1.0 packet",993,166,0.003,,
"""08122""","Cereals, oats, instant, fortified, plain, dry",28.0,"1.0 packet",721,101,0.000,,
"""08123""","Cereals, oats, instant, fortified, plain, prepared with water (boiling water added or microwaved)",234.0,"1.0 cup, cooked",1013,159,--,,
"""08128""","Cereals, oats, instant, fortified, with cinnamon and spice, dry",45.0,"1.0 packet",660,166,0.000,,
"""08129""","Cereals, oats, instant, fortified, with cinnamon and spice, prepared with water",240.0,"1.0 cup",878,230,--,,
"""08133""","Cereals, oats, instant, fortified, with raisins and spice, prepared with water",240.0,"1.0 cup",1104,211,--,,
"""08180""","Cereals, oats, regular and quick and instant, unenriched, cooked with water (includes boiling and microwaving), with salt",234.0,"1.0 cup",0,166,--,,
"""08120""","Cereals, oats, regular and quick, not fortified, dry",81.0,"1.0 cup",0,307,--,,
"""08121""","Cereals, oats, regular and quick, unenriched, cooked with water (includes boiling and microwaving), without salt",234.0,"1.0 cup",0,166,--,,
"""08094""","Cereals, QUAKER, corn grits, instant, cheddar cheese flavor, dry",28.0,"1.0 packet (1 NLEA serving)",4,102,--,,
"""08092""","Cereals, QUAKER, corn grits, instant, plain, dry",29.0,"1.0 packet",1,99,0.000,,
"""08314""","Cereals, QUAKER, hominy grits, white, quick, dry",37.0,"0.25 cup",0,129,--,,
"""08316""","Cereals, QUAKER, hominy grits, white, regular, dry",41.0,"0.25 cup (1 NLEA serving)",1,148,--,,
"""08449""","Cereals, QUAKER, Instant Grits Product with American Cheese Flavor, dry",28.0,"1.0 packet (1 NLEA serving)",3,101,--,,
"""08221""","Cereals, QUAKER, Instant Grits, Butter flavor, dry",28.0,"1.0 packet (1 NLEA serving)",188,103,--,,
"""08096""","Cereals, QUAKER, Instant Grits, Country Bacon flavor, dry",28.0,"1.0 packet (1 NLEA serving)",0,95,--,,
"""08450""","Cereals, QUAKER, Instant Grits, Ham 'n' Cheese flavor, dry",28.0,"1.0 packet (1 NLEA serving)",4,99,--,,
"""08444""","Cereals, QUAKER, Instant Grits, Redeye Gravy  &  Country Ham flavor, dry",28.0,"1.0 packet (1 NLEA serving)",0,96,--,,
"""08640""","Cereals, QUAKER, Instant Oatmeal Organic, Regular",41.0,"1.0 packet",0,150,--,,
"""08642""","Cereals, QUAKER, Instant Oatmeal, Apple and Cinnamon, reduced sugar",31.0,"1.0 packet (1 NLEA serving)",1100,111,--,,
"""08124""","Cereals, QUAKER, Instant Oatmeal, apples and cinnamon, dry",43.0,"1.0 packet (1 NLEA serving)",1055,157,--,,
"""08417""","Cereals, QUAKER, Instant Oatmeal, Banana Bread, dry",41.0,"1.0 packet (1 NLEA serving)",1100,151,--,,
"""08639""","Cereals, QUAKER, Instant Oatmeal, Cinnamon Spice, reduced sugar",34.0,"1.0 packet (1 NLEA serving)",1159,122,--,,
"""08688""","Cereals, QUAKER, Instant Oatmeal, Cinnamon Swirl, high fiber",45.0,"1.0 packet (1 NLEA serving)",1400,165,--,,
"""08410""","Cereals, QUAKER, Instant Oatmeal, Cinnamon-Spice, dry",43.0,"1.0 packet (1 NLEA serving)",631,159,0.000,,
"""08411""","Cereals, QUAKER, Instant Oatmeal, DINOSAUR EGGS, Brown Sugar, dry",50.0,"1.0 packet (1 NLEA serving)",1098,192,--,,
"""08225""","Cereals, QUAKER, Instant Oatmeal, fruit and cream variety, dry",35.0,"1.0 packet",1100,133,--,,
"""08641""","Cereals, QUAKER, Instant Oatmeal, fruit and cream, variety of flavors, reduced sugar",33.0,"1.0 packet",550,124,--,,
"""08130""","Cereals, QUAKER, Instant Oatmeal, maple and brown sugar, dry",43.0,"1.0 packet",746,158,0.003,,
"""08436""","Cereals, QUAKER, Instant Oatmeal, Raisin and Spice, dry",43.0,"1.0 packet (1 NLEA serving)",708,155,0.000,,
"""08228""","Cereals, QUAKER, Instant Oatmeal, raisins, dates and walnuts, dry",37.0,"1.0 packet",1107,137,--,,
"""08694""","Cereals, QUAKER, Instant Oatmeal, weight control, cinnamon",45.0,"1.0 packet (1 NLEA serving)",1151,162,--,,
"""08231""","Cereals, QUAKER, Oat Bran, QUAKER/MOTHER'S Oat Bran, dry",40.0,"0.5 cup (1 NLEA serving)",40,146,--,,
"""08690""","Cereals, QUAKER, oatmeal, REAL MEDLEYS, apple walnut, dry",75.0,"1.0 package (1 NLEA serving)",15,292,--,,
"""08689""","Cereals, QUAKER, oatmeal, REAL MEDLEYS, blueberry hazelnut, dry",70.0,"1.0 package (1 NLEA serving)",14,270,--,,
"""08693""","Cereals, QUAKER, oatmeal, REAL MEDLEYS, cherry pistachio, dry",73.0,"1.0 package (1 NLEA serving)",33,288,--,,
"""08692""","Cereals, QUAKER, oatmeal, REAL MEDLEYS, peach almond, dry",75.0,"1.0 package (1 NLEA serving)",81,290,--,,
"""08691""","Cereals, QUAKER, oatmeal, REAL MEDLEYS, summer berry, dry",70.0,"1.0 package (1 NLEA serving)",13,247,--,,
"""08200""","Cereals, QUAKER, QUAKER MultiGrain Oatmeal, dry",40.0,"0.5 cup (1 NLEA serving)",3,134,--,,
"""08451""","Cereals, QUAKER, Quick Oats with Iron, Dry",40.0,"0.5 cup",0,148,--,,
"""08402""","Cereals, QUAKER, Quick Oats, Dry",40.0,"0.5 cup",0,148,--,,
"""08687""","Cereals, QUAKER, Weight Control Instant Oatmeal, banana bread",45.0,"1.0 packet (1 NLEA serving)",1145,162,--,,
"""08686""","Cereals, QUAKER, Weight Control Instant Oatmeal, maple and brown sugar",45.0,"1.0 packet (1 NLEA serving)",1093,162,--,,
"""08452""","Cereals, QUAKER, Whole Wheat Natural Cereal, dry",40.0,"0.5 cup",4,133,--,,
"""08673""","Cereals, ready-to-eat, MALT-O-MEAL, Blueberry Mini SPOONERS",55.0,"1.0 cup (1 NLEA serving)",0,192,--,,
"""08143""","Cereals, WHEATENA, cooked with water",243.0,"1.0 cup",0,136,--,,
"""08182""","Cereals, WHEATENA, cooked with water, with salt",243.0,"1.0 cup",7,143,--,,
"""08142""","Cereals, WHEATENA, dry",40.0,"0.33 cup (1 NLEA serving)",9,143,--,,
"""08183""","Cereals, whole wheat hot natural cereal, cooked with water, with salt",242.0,"1.0 cup",0,150,--,,
"""08145""","Cereals, whole wheat hot natural cereal, cooked with water, without salt",242.0,"1.0 cup",0,150,--,,
"""08144""","Cereals, whole wheat hot natural cereal, dry",94.0,"1.0 cup",0,321,--,,
"""08580""","Incaparina, dry mix (corn and soy flours), unprepared",8.9,"1.0 tbsp",525,34,--,,
"""43483""","Millet, puffed",21.0,"1.0 cup",0,74,--,,
