Source: USDA National Nutrient Database for Standard Reference Legacy Software v.3.9.4 2018-05-17
"Nutrients: Vitamin D (D2 + D3) (µg); Valine (g); Magnesium, Mg (mg)"
"Food Groups: Breakfast Cereals"
Food Subset:All Foods
Ordered by:Food Name
Measured by:Household
Report Run at: 06-02-2018T14:17
NDB_NO,Description,Weight(g),Measure,"Vitamin D (D2 + D3)"(µg)Per Measure,"Valine"(g)Per Measure,"Magnesium, Mg"(mg)Per Measure,
"""43218""","Cereals ready-to-eat, ALPEN",55.0,"0.67 cup (1 NLEA serving)",0.0,--,52,,
"""08657""","Cereals ready-to-eat, BARBARA'S PUFFINS, original",27.0,"0.75 cup (1 NLEA serving)",0.0,--,29,,
"""08204""","Cereals ready-to-eat, chocolate-flavored frosted puffed corn",30.0,"1.0 cup",0.0,--,11,,
"""43241""","Cereals ready-to-eat, FAMILIA",122.0,"1.0 cup",0.0,--,387,,
"""42236""","Cereals ready-to-eat, frosted oat cereal with marshmallows",30.0,"0.75 cup (1 NLEA serving)",1.1,--,8,,
"""08013""","Cereals ready-to-eat, GENERAL MILLS, CHEERIOS",28.0,"1.0 cup (1 NLEA serving)",1.0,--,32,,
"""08037""","Cereals ready-to-eat, granola, homemade",122.0,"1.0 cup",0.0,0.852,205,,
"""08290""","Cereals ready-to-eat, HEALTH VALLEY, FIBER 7 Flakes",31.0,"0.75 cup (1 NLEA serving)",0.0,--,45,,
"""08493""","Cereals ready-to-eat, MALT-O-MEAL, Apple ZINGS",33.0,"1.0 cup (1 NLEA serving)",1.0,--,8,,
"""08347""","Cereals ready-to-eat, MALT-O-MEAL, BERRY COLOSSAL CRUNCH",30.0,"0.75 cup (1 NLEA serving)",1.0,--,3,,
"""08487""","Cereals ready-to-eat, MALT-O-MEAL, Blueberry MUFFIN TOPS Cereal",30.0,"0.75 cup (1 NLEA serving)",1.0,--,11,,
"""08672""","Cereals ready-to-eat, MALT-O-MEAL, CHOCOLATE MARSHMALLOW MATEYS",30.0,"0.75 cup (1 NLEA serving)",1.0,--,9,,
"""08494""","Cereals ready-to-eat, MALT-O-MEAL, CINNAMON TOASTERS",30.0,"0.75 cup (1 NLEA serving)",1.0,--,8,,
"""08206""","Cereals ready-to-eat, MALT-O-MEAL, COCO-ROOS",30.0,"0.75 cup (1 NLEA serving)",1.0,--,8,,
"""08495""","Cereals ready-to-eat, MALT-O-MEAL, Cocoa DYNO-BITES",29.0,"0.75 cup (1 NLEA serving)",1.0,--,8,,
"""08346""","Cereals ready-to-eat, MALT-O-MEAL, COLOSSAL CRUNCH",30.0,"0.75 cup (1 NLEA serving)",1.0,--,2,,
"""08083""","Cereals ready-to-eat, MALT-O-MEAL, CORN BURSTS",31.0,"1.0 cup (1 NLEA serving)",1.0,--,1,,
"""08348""","Cereals ready-to-eat, MALT-O-MEAL, Crispy Rice",33.0,"1.0 cup (1 NLEA serving)",1.0,--,8,,
"""08409""","Cereals ready-to-eat, MALT-O-MEAL, Frosted Flakes",31.0,"0.75 cup (1 NLEA serving)",1.0,--,4,,
"""08500""","Cereals ready-to-eat, MALT-O-MEAL, Frosted Mini SPOONERS",55.0,"1.0 cup (1 NLEA serving)",0.0,--,55,,
"""08501""","Cereals ready-to-eat, MALT-O-MEAL, Fruity DYNO-BITES",27.0,"0.75 cup",1.3,--,4,,
"""08478""","Cereals ready-to-eat, MALT-O-MEAL, GOLDEN PUFFS",27.0,"0.75 cup (1 NLEA serving)",1.0,0.066,12,,
"""08476""","Cereals ready-to-eat, MALT-O-MEAL, Honey BUZZERS",29.0,"1.0 cup",1.0,--,8,,
"""08481""","Cereals ready-to-eat, MALT-O-MEAL, HONEY GRAHAM SQUARES",30.0,"0.75 cup (1 NLEA serving)",1.1,--,9,,
"""08676""","Cereals ready-to-eat, MALT-O-MEAL, Honey Nut SCOOTERS",30.0,"1.0 cup (1 NLEA serving)",1.0,--,28,,
"""08138""","Cereals ready-to-eat, MALT-O-MEAL, MARSHMALLOW MATEYS",30.0,"1.0 cup",1.0,--,21,,
"""08674""","Cereals ready-to-eat, MALT-O-MEAL, OAT BLENDERS with honey",30.0,"0.75 cup (1 NLEA serving)",1.0,--,8,,
"""08675""","Cereals ready-to-eat, MALT-O-MEAL, OAT BLENDERS with honey  &  almonds",30.0,"0.75 cup (1 NLEA serving)",1.1,--,18,,
"""08484""","Cereals ready-to-eat, MALT-O-MEAL, Raisin Bran Cereal",59.0,"1.0 cup (1 NLEA serving)",1.5,--,80,,
"""08349""","Cereals ready-to-eat, MALT-O-MEAL, TOOTIE FRUITIES",32.0,"1.0 cup (1 NLEA serving)",1.0,--,8,,
"""08491""","Cereals ready-to-eat, MOM'S BEST, Honey Nut TOASTY O'S",30.0,"1.0 cup (1 NLEA serving)",0.0,--,28,,
"""08709""","Cereals ready-to-eat, MOM'S BEST, Sweetened WHEAT-FULS",55.0,"1.0 cup (1 NLEA serving)",0.0,--,40,,
"""08656""","Cereals ready-to-eat, NATURE'S PATH, Organic FLAX PLUS flakes",30.0,"0.75 cup (1 NLEA serving)",0.0,--,8,,
"""08571""","Cereals ready-to-eat, NATURE'S PATH, Organic FLAX PLUS, Pumpkin Granola",55.0,"0.75 cup (1 NLEA serving)",0.0,--,22,,
"""43495""","Cereals ready-to-eat, OAT BRAN FLAKES, HEALTH VALLEY",50.0,"1.0 cup (1 NLEA serving)",0.0,--,72,,
"""08029""","Cereals ready-to-eat, POST Bran Flakes",30.0,"0.75 cup (1 NLEA serving)",1.0,--,69,,
"""42297""","Cereals ready-to-eat, POST GREAT GRAINS Banana Nut Crunch",59.0,"1.0 cup (1 NLEA serving)",1.0,--,58,,
"""08544""","Cereals ready-to-eat, POST GREAT GRAINS Cranberry Almond Crunch",48.0,"0.75 cup (1 NLEA serving)",1.0,--,43,,
"""08665""","Cereals ready-to-eat, POST HONEY BUNCHES OF OATS with cinnamon bunches",30.0,"0.75 cup (1 NLEA serving)",1.0,--,14,,
"""08061""","Cereals ready-to-eat, POST Raisin Bran Cereal",59.0,"1.0 cup (1 NLEA serving)",1.0,0.171,99,,
"""08192""","Cereals ready-to-eat, POST SELECTS Blueberry Morning",55.0,"1.0 cup (1 NLEA serving)",1.0,--,31,,
"""08554""","Cereals ready-to-eat, POST SELECTS Maple Pecan Crunch",52.0,"0.75 cup (1 NLEA serving)",1.0,--,44,,
"""08002""","Cereals ready-to-eat, POST, ALPHA-BITS",30.0,"1.0 cup (1 NLEA serving for adults)",2.0,--,30,,
"""08015""","Cereals ready-to-eat, POST, COCOA PEBBLES",29.0,"0.75 cup (1 NLEA serving)",2.0,--,9,,
"""08034""","Cereals ready-to-eat, POST, FRUITY PEBBLES",27.0,"0.75 cup (1 NLEA serving)",2.0,--,4,,
"""08073""","Cereals ready-to-eat, POST, GOLDEN CRISP",27.0,"0.75 cup (1 NLEA serving)",2.0,--,16,,
"""08038""","Cereals ready-to-eat, POST, GRAPE-NUTS Cereal",58.0,"0.5 cup (1 NLEA serving)",0.0,--,72,,
"""08039""","Cereals ready-to-eat, POST, GRAPE-NUTS Flakes",29.0,"0.75 cup (1 NLEA serving)",1.0,--,29,,
"""42261""","Cereals ready-to-eat, POST, GREAT GRAINS Crunchy Pecan Cereal",52.0,"0.75 cup (1 NLEA serving)",1.0,--,51,,
"""42265""","Cereals ready-to-eat, POST, GREAT GRAINS, Raisin, Date  &  Pecan",55.0,"0.75 cup (1 NLEA serving)",1.0,--,48,,
"""08633""","Cereals ready-to-eat, POST, HONEY BUNCHES OF OATS with vanilla bunches",56.0,"1.0 cup (1 NLEA serving)",1.5,--,42,,
"""43570""","Cereals ready-to-eat, POST, HONEY BUNCHES OF OATS, honey roasted",30.0,"0.75 cup (1 NLEA serving)",1.4,0.102,15,,
"""08655""","Cereals ready-to-eat, POST, HONEY BUNCHES OF OATS, pecan bunches",29.0,"0.75 cup (1 NLEA serving)",1.0,--,10,,
"""42240""","Cereals ready-to-eat, POST, HONEY BUNCHES OF OATS, with almonds",32.0,"0.75 cup (1 NLEA serving)",1.0,--,20,,
"""08662""","Cereals ready-to-eat, POST, HONEY BUNCHES OF OATS, with real strawberries",31.0,"0.75 cup (1 NLEA serving)",1.0,--,14,,
"""08081""","Cereals ready-to-eat, POST, Honey Nut Shredded Wheat",59.0,"1.0 cup (1 NLEA serving)",0.0,--,55,,
"""08046""","Cereals ready-to-eat, POST, Honeycomb Cereal",32.0,"1.0 cup (1 NLEA serving)",2.5,--,14,,
"""43393""","Cereals ready-to-eat, POST, Shredded Wheat n' Bran, spoon-size",59.0,"1.0 cup (1 NLEA serving)",0.0,--,103,,
"""08191""","Cereals ready-to-eat, POST, Shredded Wheat, lightly frosted, spoon-size",52.0,"1.0 cup (1 NLEA serving)",0.0,--,48,,
"""08147""","Cereals ready-to-eat, POST, Shredded Wheat, original big biscuit",47.0,"2.0 biscuits (1 NLEA serving)",0.0,0.212,61,,
"""08148""","Cereals ready-to-eat, POST, Shredded Wheat, original spoon-size",49.0,"1.0 cup (1 NLEA serving)",0.0,--,65,,
"""08305""","Cereals ready-to-eat, Post, Waffle Crisp",30.0,"1.0 cup (1 NLEA serving)",1.0,--,22,,
"""08054""","Cereals ready-to-eat, QUAKER, 100% Natural Granola, Oats, Wheat and Honey",48.0,"0.5 cup (1 NLEA serving)",0.0,--,58,,
"""08010""","Cereals ready-to-eat, QUAKER, CAP'N CRUNCH",27.0,"0.75 cup (1 NLEA serving)",0.0,--,15,,
"""08011""","Cereals ready-to-eat, QUAKER, CAP'N CRUNCH with CRUNCHBERRIES",26.0,"0.75 cup (1 NLEA serving)",0.0,--,14,,
"""08012""","Cereals ready-to-eat, QUAKER, CAP'N CRUNCH'S PEANUT BUTTER CRUNCH",27.0,"0.75 cup (1 NLEA serving)",0.0,--,19,,
"""08550""","Cereals ready-to-eat, QUAKER, Christmas Crunch",26.0,"0.75 cup (1 NLEA serving)",0.0,--,14,,
"""08211""","Cereals ready-to-eat, QUAKER, HONEY GRAHAM OH!S",27.0,"0.75 cup (1 NLEA serving)",0.0,--,12,,
"""08047""","Cereals ready-to-eat, QUAKER, KING VITAMAN",31.0,"1.0 cup (1 NLEA serving)",0.0,--,25,,
"""08220""","Cereals ready-to-eat, QUAKER, Low Fat 100% Natural Granola with Raisins",55.0,"0.66 cup (1 NLEA serving)",0.0,--,55,,
"""08353""","Cereals ready-to-eat, QUAKER, MOTHER'S Cinnamon Oat Crunch",60.0,"1.0 cup (1 NLEA serving)",0.0,--,64,,
"""08355""","Cereals ready-to-eat, QUAKER, MOTHER'S COCOA BUMPERS",33.0,"1.0 cup (1 NLEA serving)",0.0,--,20,,
"""08351""","Cereals ready-to-eat, QUAKER, MOTHER'S PEANUT BUTTER BUMPERS Cereal",33.0,"1.0 cup (1 NLEA serving)",0.0,--,24,,
"""08352""","Cereals ready-to-eat, QUAKER, MOTHER'S Toasted Oat Bran cereal",32.0,"0.75 cup (1 NLEA serving)",0.0,--,44,,
"""08214""","Cereals ready-to-eat, QUAKER, Oatmeal Squares",56.0,"1.0 cup (1 NLEA serving)",0.0,--,64,,
"""08215""","Cereals ready-to-eat, QUAKER, Oatmeal Squares, cinnamon",56.0,"1.0 cup (1 NLEA serving)",0.0,--,64,,
"""08218""","Cereals ready-to-eat, QUAKER, QUAKER 100% Natural Granola with Oats, Wheat, Honey, and Raisins",51.0,"0.5 cup (1 NLEA serving)",0.0,--,56,,
"""08018""","Cereals ready-to-eat, QUAKER, QUAKER CRUNCHY BRAN",27.0,"0.75 cup (1 NLEA serving)",0.0,--,16,,
"""08210""","Cereals ready-to-eat, QUAKER, QUAKER OAT CINNAMON LIFE",32.0,"0.75 cup (1 NLEA serving)",0.0,--,29,,
"""08049""","Cereals ready-to-eat, QUAKER, QUAKER OAT LIFE, plain",32.0,"0.75 cup (1 NLEA serving)",0.0,--,31,,
"""08066""","Cereals ready-to-eat, QUAKER, QUAKER Puffed Rice",14.0,"0.75 cup (1 NLEA serving)",0.0,--,4,,
"""08146""","Cereals ready-to-eat, QUAKER, QUAKER Puffed Wheat",15.0,"1.0 cup (1 NLEA serving)",0.0,--,20,,
"""08365""","Cereals ready-to-eat, QUAKER, Shredded Wheat, bagged cereal",63.0,"3.0 biscuits (1 NLEA serving)",0.0,--,108,,
"""08059""","Cereals ready-to-eat, QUAKER, SWEET CRUNCH/QUISP",27.0,"1.0 cup (1 NLEA serving)",0.0,--,15,,
"""08216""","Cereals ready-to-eat, QUAKER, Toasted Multigrain Crisps",57.0,"1.0 cup (1 NLEA serving)",0.0,--,96,,
"""08505""","Cereals ready-to-eat, RALSTON Corn Biscuits",30.0,"1.0 cup (NLEA serving)",2.5,0.089,4,,
"""08506""","Cereals ready-to-eat, RALSTON Corn Flakes",28.0,"1.0 cup (1 NLEA serving)",2.0,0.085,2,,
"""08025""","Cereals ready-to-eat, RALSTON CRISP RICE",33.0,"1.0 cup (1 NLEA serving)",2.5,0.144,8,,
"""08507""","Cereals ready-to-eat, RALSTON Crispy Hexagons",29.0,"1.0 cup (1 NLEA serving)",2.5,0.099,5,,
"""08504""","Cereals ready-to-eat, RALSTON Enriched Wheat Bran flakes",29.0,"1.0 serving (NLEA serving size = 0.75 cup)",2.5,0.135,55,,
"""08074""","Cereals ready-to-eat, RALSTON TASTEEOS",28.0,"1.0 cup (1 NLEA serving)",2.0,0.169,40,,
"""08085""","Cereals ready-to-eat, SUN COUNTRY, KRETSCHMER Honey Crunch Wheat Germ",14.0,"2.0 tbsp (1 NLEA serving)",0.0,--,38,,
"""08363""","Cereals ready-to-eat, SUN COUNTRY, KRETSCHMER Toasted Wheat Bran",16.0,"0.25 cup (1 NLEA serving)",0.0,--,97,,
"""08366""","Cereals ready-to-eat, SUN COUNTRY, KRETSCHMER Wheat Germ, Regular",14.0,"2.0 tbsp (1 NLEA serving)",0.0,--,44,,
"""08435""","Cereals ready-to-eat, UNCLE SAM CEREAL",55.0,"0.75 cup (1 NLEA serving)",0.0,--,113,,
"""42237""","Cereals ready-to-eat, WEETABIX whole grain cereal",35.0,"2.0 biscuits (1 NLEA serving)",0.0,--,32,,
"""43245""","Cereals ready-to-eat, wheat and bran, presweetened with nuts and fruits",55.0,"1.0 cup (1 NLEA serving)",1.0,--,66,,
"""08084""","Cereals ready-to-eat, wheat germ, toasted, plain",28.35,"1.0 oz",0.0,0.427,91,,
"""08161""","Cereals, corn grits, white, regular and quick, enriched, cooked with water, with salt",257.0,"1.0 cup",0.0,0.203,18,,
"""08091""","Cereals, corn grits, white, regular and quick, enriched, cooked with water, without salt",257.0,"1.0 cup",0.0,0.203,18,,
"""08090""","Cereals, corn grits, white, regular and quick, enriched, dry",9.7,"1.0 tbsp",0.0,0.037,3,,
"""08165""","Cereals, corn grits, yellow, regular, quick, enriched, cooked with water, with salt",233.0,"1.0 cup",0.0,0.168,12,,
"""08100""","Cereals, CREAM OF RICE, dry",45.0,"0.25 cup (1 NLEA serving)",0.0,0.183,10,,
"""08106""","Cereals, CREAM OF WHEAT, instant, dry",11.5,"1.0 tbsp",0.0,0.059,4,,
"""08169""","Cereals, CREAM OF WHEAT, regular (10 minute), cooked with water, with salt",251.0,"1.0 cup (1 serving)",0.0,0.178,13,,
"""08103""","Cereals, CREAM OF WHEAT, regular (10 minute), cooked with water, without salt",251.0,"1.0 cup (1 serving)",0.0,0.176,13,,
"""08102""","Cereals, CREAM OF WHEAT, regular, 10 minute cooking, dry",10.6,"1.0 tbsp",0.0,0.054,3,,
"""08104""","Cereals, farina, enriched, assorted brands including CREAM OF WHEAT, quick (1-3 minutes), dry",11.0,"1.0 tbsp",0.0,0.057,5,,
"""08177""","Cereals, MALT-O-MEAL, chocolate, dry",35.0,"3.0 tbsp (1 NLEA serving)",0.0,--,12,,
"""08512""","Cereals, MALT-O-MEAL, chocolate, prepared with water, without salt",268.0,"1.0 serving (3 T dry cereal plus 1 cup water)",0.0,--,11,,
"""08488""","Cereals, MALT-O-MEAL, Farina Hot Wheat Cereal, dry",35.0,"3.0 tbsp (1 NLEA serving)",0.0,--,5,,
"""08489""","Cereals, MALT-O-MEAL, Maple  &  Brown Sugar Hot Wheat Cereal, dry",45.0,"0.25 cup (1 NLEA serving)",0.0,--,7,,
"""08116""","Cereals, MALT-O-MEAL, original, plain, dry",35.0,"3.0 tbsp (1 NLEA serving)",0.0,--,6,,
"""08511""","Cereals, MALT-O-MEAL, original, plain, prepared with water, without salt",268.0,"1.0 serving (3 T dry cereal plus 1 cup water)",0.0,--,5,,
"""08680""","Cereals, oats, instant, fortified, maple and brown sugar, dry",43.0,"1.0 packet",0.0,--,39,,
"""08122""","Cereals, oats, instant, fortified, plain, dry",28.0,"1.0 packet",0.0,0.197,36,,
"""08123""","Cereals, oats, instant, fortified, plain, prepared with water (boiling water added or microwaved)",234.0,"1.0 cup, cooked",0.0,0.353,61,,
"""08128""","Cereals, oats, instant, fortified, with cinnamon and spice, dry",45.0,"1.0 packet",0.0,--,41,,
"""08129""","Cereals, oats, instant, fortified, with cinnamon and spice, prepared with water",240.0,"1.0 cup",0.0,--,58,,
"""08133""","Cereals, oats, instant, fortified, with raisins and spice, prepared with water",240.0,"1.0 cup",0.0,--,46,,
"""08120""","Cereals, oats, regular and quick, not fortified, dry",81.0,"1.0 cup",0.0,0.557,112,,
"""08121""","Cereals, oats, regular and quick, unenriched, cooked with water (includes boiling and microwaving), without salt",234.0,"1.0 cup",0.0,0.374,63,,
"""08094""","Cereals, QUAKER, corn grits, instant, cheddar cheese flavor, dry",28.0,"1.0 packet (1 NLEA serving)",0.0,--,7,,
"""08092""","Cereals, QUAKER, corn grits, instant, plain, dry",29.0,"1.0 packet",0.0,--,8,,
"""08417""","Cereals, QUAKER, Instant Oatmeal, Banana Bread, dry",41.0,"1.0 packet (1 NLEA serving)",0.0,--,38,,
"""08410""","Cereals, QUAKER, Instant Oatmeal, Cinnamon-Spice, dry",43.0,"1.0 packet (1 NLEA serving)",0.0,--,43,,
"""08411""","Cereals, QUAKER, Instant Oatmeal, DINOSAUR EGGS, Brown Sugar, dry",50.0,"1.0 packet (1 NLEA serving)",0.0,--,44,,
"""08225""","Cereals, QUAKER, Instant Oatmeal, fruit and cream variety, dry",35.0,"1.0 packet",0.0,--,29,,
"""08436""","Cereals, QUAKER, Instant Oatmeal, Raisin and Spice, dry",43.0,"1.0 packet (1 NLEA serving)",0.0,--,35,,
"""08228""","Cereals, QUAKER, Instant Oatmeal, raisins, dates and walnuts, dry",37.0,"1.0 packet",0.0,--,34,,
"""08231""","Cereals, QUAKER, Oat Bran, QUAKER/MOTHER'S Oat Bran, dry",40.0,"0.5 cup (1 NLEA serving)",0.0,--,96,,
"""08200""","Cereals, QUAKER, QUAKER MultiGrain Oatmeal, dry",40.0,"0.5 cup (1 NLEA serving)",0.0,--,46,,
"""08402""","Cereals, QUAKER, Quick Oats, Dry",40.0,"0.5 cup",0.0,--,108,,
"""08673""","Cereals, ready-to-eat, MALT-O-MEAL, Blueberry Mini SPOONERS",55.0,"1.0 cup (1 NLEA serving)",0.0,--,40,,
"""08144""","Cereals, whole wheat hot natural cereal, dry",94.0,"1.0 cup",0.0,--,115,,
"""43483""","Millet, puffed",21.0,"1.0 cup",0.0,--,22,,
