Source: USDA National Nutrient Database for Standard Reference Legacy Software v.3.9.4 2018-05-17
"Nutrients: Proline (g); Total lipid (fat) (g); 16:1 undifferentiated (g)"
"Food Groups: Breakfast Cereals"
Food Subset:All Foods
Ordered by:Food Name
Measured by:Household
Report Run at: 06-02-2018T14:16
NDB_NO,Description,Weight(g),Measure,"Proline"(g)Per Measure,"Total lipid (fat)"(g)Per Measure,"16:1 undifferentiated"(g)Per Measure,
"""08037""","Cereals ready-to-eat, granola, homemade",122.0,"1.0 cup",0.803,29.66,0.072,,
"""08478""","Cereals ready-to-eat, MALT-O-MEAL, GOLDEN PUFFS",27.0,"0.75 cup (1 NLEA serving)",0.119,0.24,0.000,,
"""08061""","Cereals ready-to-eat, POST Raisin Bran Cereal",59.0,"1.0 cup (1 NLEA serving)",0.331,0.94,0.000,,
"""43570""","Cereals ready-to-eat, POST, HONEY BUNCHES OF OATS, honey roasted",30.0,"0.75 cup (1 NLEA serving)",0.147,1.64,0.003,,
"""08147""","Cereals ready-to-eat, POST, Shredded Wheat, original big biscuit",47.0,"2.0 biscuits (1 NLEA serving)",0.456,0.94,0.000,,
"""08505""","Cereals ready-to-eat, RALSTON Corn Biscuits",30.0,"1.0 cup (NLEA serving)",0.280,0.32,0.000,,
"""08506""","Cereals ready-to-eat, RALSTON Corn Flakes",28.0,"1.0 cup (1 NLEA serving)",0.262,0.25,0.000,,
"""08025""","Cereals ready-to-eat, RALSTON CRISP RICE",33.0,"1.0 cup (1 NLEA serving)",0.136,0.42,0.000,,
"""08507""","Cereals ready-to-eat, RALSTON Crispy Hexagons",29.0,"1.0 cup (1 NLEA serving)",0.165,0.28,0.000,,
"""08504""","Cereals ready-to-eat, RALSTON Enriched Wheat Bran flakes",29.0,"1.0 serving (NLEA serving size = 0.75 cup)",0.302,0.97,0.000,,
"""08074""","Cereals ready-to-eat, RALSTON TASTEEOS",28.0,"1.0 cup (1 NLEA serving)",0.214,1.50,0.000,,
"""08156""","Cereals ready-to-eat, rice, puffed, fortified",14.0,"1.0 cup",0.037,0.07,--,,
"""08084""","Cereals ready-to-eat, wheat germ, toasted, plain",28.35,"1.0 oz",0.439,3.03,0.011,,
"""08157""","Cereals ready-to-eat, wheat, puffed, fortified",12.0,"1.0 cup",0.184,0.14,--,,
"""08161""","Cereals, corn grits, white, regular and quick, enriched, cooked with water, with salt",257.0,"1.0 cup",0.396,1.18,0.000,,
"""08091""","Cereals, corn grits, white, regular and quick, enriched, cooked with water, without salt",257.0,"1.0 cup",0.396,1.18,0.000,,
"""08090""","Cereals, corn grits, white, regular and quick, enriched, dry",9.7,"1.0 tbsp",0.086,0.17,0.000,,
"""08164""","Cereals, corn grits, yellow, regular and quick, enriched, cooked with water, without salt",233.0,"1.0 cup",0.291,0.91,0.000,,
"""08160""","Cereals, corn grits, yellow, regular and quick, unenriched, dry",9.7,"1.0 tbsp",0.074,0.12,0.000,,
"""08165""","Cereals, corn grits, yellow, regular, quick, enriched, cooked with water, with salt",233.0,"1.0 cup",0.291,0.91,0.000,,
"""08168""","Cereals, CREAM OF RICE, cooked with water, with salt",244.0,"1.0 cup",0.090,0.24,0.000,,
"""08100""","Cereals, CREAM OF RICE, dry",45.0,"0.25 cup (1 NLEA serving)",0.118,0.23,0.001,,
"""08578""","Cereals, CREAM OF WHEAT, 1 minute cook time, cooked with water, microwaved, without salt",237.0,"1.0 cup",1.040,0.88,0.000,,
"""08577""","Cereals, CREAM OF WHEAT, 1 minute cook time, cooked with water, stove-top, without salt",245.0,"1.0 cup",0.902,1.03,0.002,,
"""08576""","Cereals, CREAM OF WHEAT, 1 minute cook time, dry",33.0,"3.0 tablespoon (1 serving)",0.516,0.49,0.000,,
"""08575""","Cereals, CREAM OF WHEAT, 2 1/2 minute cook time, cooked with water, microwaved, without salt",231.0,"1.0 cup",1.056,0.85,0.002,,
"""08574""","Cereals, CREAM OF WHEAT, 2 1/2 minute cook time, cooked with water, stove-top, without salt",244.0,"1.0 cup",0.856,0.49,0.002,,
"""08573""","Cereals, CREAM OF WHEAT, 2 1/2 minute cook time, dry",33.0,"3.0 tablespoon (1 NLEA serving)",0.624,0.47,0.001,,
"""08106""","Cereals, CREAM OF WHEAT, instant, dry",11.5,"1.0 tbsp",0.148,0.16,0.000,,
"""08107""","Cereals, CREAM OF WHEAT, instant, prepared with water, without salt",241.0,"1.0 cup",0.540,0.58,0.002,,
"""08169""","Cereals, CREAM OF WHEAT, regular (10 minute), cooked with water, with salt",251.0,"1.0 cup (1 serving)",0.449,0.53,0.003,,
"""08103""","Cereals, CREAM OF WHEAT, regular (10 minute), cooked with water, without salt",251.0,"1.0 cup (1 serving)",0.444,0.53,0.003,,
"""08102""","Cereals, CREAM OF WHEAT, regular, 10 minute cooking, dry",10.6,"1.0 tbsp",0.136,0.16,0.001,,
"""08105""","Cereals, farina, enriched, assorted brands including CREAM OF WHEAT, quick (1-3 minutes), cooked with water, without salt",240.0,"1.0 cup",0.840,0.82,0.002,,
"""08104""","Cereals, farina, enriched, assorted brands including CREAM OF WHEAT, quick (1-3 minutes), dry",11.0,"1.0 tbsp",0.199,0.16,0.000,,
"""08173""","Cereals, farina, enriched, cooked with water, with salt",233.0,"1.0 cup",0.802,0.79,0.002,,
"""08172""","Cereals, farina, unenriched, dry",10.9,"1.0 tbsp",0.127,0.05,0.000,,
"""08122""","Cereals, oats, instant, fortified, plain, dry",28.0,"1.0 packet",0.109,1.93,0.003,,
"""08123""","Cereals, oats, instant, fortified, plain, prepared with water (boiling water added or microwaved)",234.0,"1.0 cup, cooked",0.236,3.18,0.005,,
"""08120""","Cereals, oats, regular and quick, not fortified, dry",81.0,"1.0 cup",0.365,5.28,0.008,,
"""08121""","Cereals, oats, regular and quick, unenriched, cooked with water (includes boiling and microwaving), without salt",234.0,"1.0 cup",0.225,3.56,0.007,,
"""08093""","Cereals, QUAKER, corn grits, instant, plain, prepared (microwaved or boiling water added), without salt",219.0,"1.0 cup",0.392,1.07,0.000,,
"""08580""","Incaparina, dry mix (corn and soy flours), unprepared",8.9,"1.0 tbsp",0.093,0.50,--,,
