Source: USDA National Nutrient Database for Standard Reference Legacy Software v.3.9.4 2018-05-17
"Nutrients: Energy (kJ); Fatty acids, total trans-monoenoic (g); 14:0 (g)"
"Food Groups: Breakfast Cereals"
Food Subset:All Foods
Ordered by:Food Name
Measured by:Household
Report Run at: 06-02-2018T14:16
NDB_NO,Description,Weight(g),Measure,"Energy"(kJ)Per Measure,"Fatty acids, total trans-monoenoic"(g)Per Measure,"14:0"(g)Per Measure,
"""43218""","Cereals ready-to-eat, ALPEN",55.0,"0.67 cup (1 NLEA serving)",810,--,0.003,,
"""08657""","Cereals ready-to-eat, BARBARA'S PUFFINS, original",27.0,"0.75 cup (1 NLEA serving)",377,--,0.000,,
"""08204""","Cereals ready-to-eat, chocolate-flavored frosted puffed corn",30.0,"1.0 cup",508,--,0.000,,
"""43241""","Cereals ready-to-eat, FAMILIA",122.0,"1.0 cup",1980,--,0.017,,
"""42236""","Cereals ready-to-eat, frosted oat cereal with marshmallows",30.0,"0.75 cup (1 NLEA serving)",502,--,0.002,,
"""08013""","Cereals ready-to-eat, GENERAL MILLS, CHEERIOS",28.0,"1.0 cup (1 NLEA serving)",436,--,0.004,,
"""08037""","Cereals ready-to-eat, granola, homemade",122.0,"1.0 cup",2496,--,0.456,,
"""08290""","Cereals ready-to-eat, HEALTH VALLEY, FIBER 7 Flakes",31.0,"0.75 cup (1 NLEA serving)",458,--,0.001,,
"""08493""","Cereals ready-to-eat, MALT-O-MEAL, Apple ZINGS",33.0,"1.0 cup (1 NLEA serving)",539,--,--,,
"""08347""","Cereals ready-to-eat, MALT-O-MEAL, BERRY COLOSSAL CRUNCH",30.0,"0.75 cup (1 NLEA serving)",497,--,0.003,,
"""08487""","Cereals ready-to-eat, MALT-O-MEAL, Blueberry MUFFIN TOPS Cereal",30.0,"0.75 cup (1 NLEA serving)",556,--,--,,
"""08672""","Cereals ready-to-eat, MALT-O-MEAL, CHOCOLATE MARSHMALLOW MATEYS",30.0,"0.75 cup (1 NLEA serving)",493,--,--,,
"""08494""","Cereals ready-to-eat, MALT-O-MEAL, CINNAMON TOASTERS",30.0,"0.75 cup (1 NLEA serving)",533,--,0.002,,
"""08206""","Cereals ready-to-eat, MALT-O-MEAL, COCO-ROOS",30.0,"0.75 cup (1 NLEA serving)",488,--,0.118,,
"""08495""","Cereals ready-to-eat, MALT-O-MEAL, Cocoa DYNO-BITES",29.0,"0.75 cup (1 NLEA serving)",481,--,0.134,,
"""08346""","Cereals ready-to-eat, MALT-O-MEAL, COLOSSAL CRUNCH",30.0,"0.75 cup (1 NLEA serving)",503,--,0.119,,
"""08083""","Cereals ready-to-eat, MALT-O-MEAL, CORN BURSTS",31.0,"1.0 cup (1 NLEA serving)",499,--,0.000,,
"""08348""","Cereals ready-to-eat, MALT-O-MEAL, Crispy Rice",33.0,"1.0 cup (1 NLEA serving)",478,--,--,,
"""08409""","Cereals ready-to-eat, MALT-O-MEAL, Frosted Flakes",31.0,"0.75 cup (1 NLEA serving)",504,--,0.000,,
"""08500""","Cereals ready-to-eat, MALT-O-MEAL, Frosted Mini SPOONERS",55.0,"1.0 cup (1 NLEA serving)",814,--,0.000,,
"""08501""","Cereals ready-to-eat, MALT-O-MEAL, Fruity DYNO-BITES",27.0,"0.75 cup",456,--,0.002,,
"""08478""","Cereals ready-to-eat, MALT-O-MEAL, GOLDEN PUFFS",27.0,"0.75 cup (1 NLEA serving)",418,0.006,0.000,,
"""08476""","Cereals ready-to-eat, MALT-O-MEAL, Honey BUZZERS",29.0,"1.0 cup",460,--,--,,
"""08481""","Cereals ready-to-eat, MALT-O-MEAL, HONEY GRAHAM SQUARES",30.0,"0.75 cup (1 NLEA serving)",499,--,--,,
"""08676""","Cereals ready-to-eat, MALT-O-MEAL, Honey Nut SCOOTERS",30.0,"1.0 cup (1 NLEA serving)",486,--,--,,
"""08138""","Cereals ready-to-eat, MALT-O-MEAL, MARSHMALLOW MATEYS",30.0,"1.0 cup",486,--,0.002,,
"""08674""","Cereals ready-to-eat, MALT-O-MEAL, OAT BLENDERS with honey",30.0,"0.75 cup (1 NLEA serving)",497,--,--,,
"""08675""","Cereals ready-to-eat, MALT-O-MEAL, OAT BLENDERS with honey  &  almonds",30.0,"0.75 cup (1 NLEA serving)",476,--,--,,
"""08484""","Cereals ready-to-eat, MALT-O-MEAL, Raisin Bran Cereal",59.0,"1.0 cup (1 NLEA serving)",845,--,0.001,,
"""08349""","Cereals ready-to-eat, MALT-O-MEAL, TOOTIE FRUITIES",32.0,"1.0 cup (1 NLEA serving)",523,--,0.001,,
"""08491""","Cereals ready-to-eat, MOM'S BEST, Honey Nut TOASTY O'S",30.0,"1.0 cup (1 NLEA serving)",487,--,--,,
"""08709""","Cereals ready-to-eat, MOM'S BEST, Sweetened WHEAT-FULS",55.0,"1.0 cup (1 NLEA serving)",858,--,--,,
"""08656""","Cereals ready-to-eat, NATURE'S PATH, Organic FLAX PLUS flakes",30.0,"0.75 cup (1 NLEA serving)",439,--,0.001,,
"""08571""","Cereals ready-to-eat, NATURE'S PATH, Organic FLAX PLUS, Pumpkin Granola",55.0,"0.75 cup (1 NLEA serving)",1075,--,0.007,,
"""43495""","Cereals ready-to-eat, OAT BRAN FLAKES, HEALTH VALLEY",50.0,"1.0 cup (1 NLEA serving)",795,--,0.007,,
"""08029""","Cereals ready-to-eat, POST Bran Flakes",30.0,"0.75 cup (1 NLEA serving)",411,--,0.001,,
"""42297""","Cereals ready-to-eat, POST GREAT GRAINS Banana Nut Crunch",59.0,"1.0 cup (1 NLEA serving)",962,--,0.004,,
"""08544""","Cereals ready-to-eat, POST GREAT GRAINS Cranberry Almond Crunch",48.0,"0.75 cup (1 NLEA serving)",771,--,0.013,,
"""08665""","Cereals ready-to-eat, POST HONEY BUNCHES OF OATS with cinnamon bunches",30.0,"0.75 cup (1 NLEA serving)",502,--,--,,
"""08061""","Cereals ready-to-eat, POST Raisin Bran Cereal",59.0,"1.0 cup (1 NLEA serving)",799,--,0.000,,
"""08192""","Cereals ready-to-eat, POST SELECTS Blueberry Morning",55.0,"1.0 cup (1 NLEA serving)",909,--,0.002,,
"""08554""","Cereals ready-to-eat, POST SELECTS Maple Pecan Crunch",52.0,"0.75 cup (1 NLEA serving)",899,--,0.002,,
"""08002""","Cereals ready-to-eat, POST, ALPHA-BITS",30.0,"1.0 cup (1 NLEA serving for adults)",488,--,0.003,,
"""08015""","Cereals ready-to-eat, POST, COCOA PEBBLES",29.0,"0.75 cup (1 NLEA serving)",482,--,0.142,,
"""08034""","Cereals ready-to-eat, POST, FRUITY PEBBLES",27.0,"0.75 cup (1 NLEA serving)",454,--,0.142,,
"""08073""","Cereals ready-to-eat, POST, GOLDEN CRISP",27.0,"0.75 cup (1 NLEA serving)",430,--,0.000,,
"""08038""","Cereals ready-to-eat, POST, GRAPE-NUTS Cereal",58.0,"0.5 cup (1 NLEA serving)",876,--,0.002,,
"""08039""","Cereals ready-to-eat, POST, GRAPE-NUTS Flakes",29.0,"0.75 cup (1 NLEA serving)",456,--,0.000,,
"""42261""","Cereals ready-to-eat, POST, GREAT GRAINS Crunchy Pecan Cereal",52.0,"0.75 cup (1 NLEA serving)",876,--,0.001,,
"""42265""","Cereals ready-to-eat, POST, GREAT GRAINS, Raisin, Date  &  Pecan",55.0,"0.75 cup (1 NLEA serving)",870,--,0.001,,
"""08633""","Cereals ready-to-eat, POST, HONEY BUNCHES OF OATS with vanilla bunches",56.0,"1.0 cup (1 NLEA serving)",924,--,0.001,,
"""43570""","Cereals ready-to-eat, POST, HONEY BUNCHES OF OATS, honey roasted",30.0,"0.75 cup (1 NLEA serving)",503,0.002,0.003,,
"""08655""","Cereals ready-to-eat, POST, HONEY BUNCHES OF OATS, pecan bunches",29.0,"0.75 cup (1 NLEA serving)",484,--,0.001,,
"""42240""","Cereals ready-to-eat, POST, HONEY BUNCHES OF OATS, with almonds",32.0,"0.75 cup (1 NLEA serving)",548,--,0.001,,
"""08662""","Cereals ready-to-eat, POST, HONEY BUNCHES OF OATS, with real strawberries",31.0,"0.75 cup (1 NLEA serving)",517,--,--,,
"""08081""","Cereals ready-to-eat, POST, Honey Nut Shredded Wheat",59.0,"1.0 cup (1 NLEA serving)",921,--,0.002,,
"""08046""","Cereals ready-to-eat, POST, Honeycomb Cereal",32.0,"1.0 cup (1 NLEA serving)",528,--,0.003,,
"""43393""","Cereals ready-to-eat, POST, Shredded Wheat n' Bran, spoon-size",59.0,"1.0 cup (1 NLEA serving)",835,--,0.002,,
"""08191""","Cereals ready-to-eat, POST, Shredded Wheat, lightly frosted, spoon-size",52.0,"1.0 cup (1 NLEA serving)",766,--,0.002,,
"""08147""","Cereals ready-to-eat, POST, Shredded Wheat, original big biscuit",47.0,"2.0 biscuits (1 NLEA serving)",663,--,0.000,,
"""08148""","Cereals ready-to-eat, POST, Shredded Wheat, original spoon-size",49.0,"1.0 cup (1 NLEA serving)",720,--,0.002,,
"""08305""","Cereals ready-to-eat, Post, Waffle Crisp",30.0,"1.0 cup (1 NLEA serving)",489,--,0.002,,
"""08632""","Cereals ready-to-eat, QUAKER Oatmeal Squares, Golden Maple",56.0,"1.0 cup (1 NLEA serving)",890,--,--,,
"""08685""","Cereals ready-to-eat, QUAKER WHOLE HEARTS oat cereal",28.0,"0.75 cup (1 NLEA serving)",441,--,--,,
"""08054""","Cereals ready-to-eat, QUAKER, 100% Natural Granola, Oats, Wheat and Honey",48.0,"0.5 cup (1 NLEA serving)",845,--,0.004,,
"""08010""","Cereals ready-to-eat, QUAKER, CAP'N CRUNCH",27.0,"0.75 cup (1 NLEA serving)",450,--,0.156,,
"""08011""","Cereals ready-to-eat, QUAKER, CAP'N CRUNCH with CRUNCHBERRIES",26.0,"0.75 cup (1 NLEA serving)",432,--,0.133,,
"""08625""","Cereals ready-to-eat, QUAKER, CAP'N CRUNCH'S Halloween Crunch",26.0,"0.75 cup (1 NLEA serving)",437,--,--,,
"""08629""","Cereals ready-to-eat, QUAKER, Cap'n Crunch's OOPS! All Berries Cereal",32.0,"1.0 cup (1 NLEA serving)",529,--,--,,
"""08012""","Cereals ready-to-eat, QUAKER, CAP'N CRUNCH'S PEANUT BUTTER CRUNCH",27.0,"0.75 cup (1 NLEA serving)",471,--,0.129,,
"""08550""","Cereals ready-to-eat, QUAKER, Christmas Crunch",26.0,"0.75 cup (1 NLEA serving)",432,--,0.125,,
"""08211""","Cereals ready-to-eat, QUAKER, HONEY GRAHAM OH!S",27.0,"0.75 cup (1 NLEA serving)",466,--,0.277,,
"""08047""","Cereals ready-to-eat, QUAKER, KING VITAMAN",31.0,"1.0 cup (1 NLEA serving)",494,--,0.081,,
"""08220""","Cereals ready-to-eat, QUAKER, Low Fat 100% Natural Granola with Raisins",55.0,"0.66 cup (1 NLEA serving)",893,--,0.059,,
"""08628""","Cereals ready-to-eat, QUAKER, Maple Brown Sugar LIFE Cereal",32.0,"0.75 cup (1 NLEA serving)",500,--,--,,
"""08353""","Cereals ready-to-eat, QUAKER, MOTHER'S Cinnamon Oat Crunch",60.0,"1.0 cup (1 NLEA serving)",958,--,--,,
"""08355""","Cereals ready-to-eat, QUAKER, MOTHER'S COCOA BUMPERS",33.0,"1.0 cup (1 NLEA serving)",528,--,--,,
"""08354""","Cereals ready-to-eat, QUAKER, MOTHER'S GRAHAM BUMPERS",28.0,"0.75 cup (1 NLEA serving)",444,--,--,,
"""08351""","Cereals ready-to-eat, QUAKER, MOTHER'S PEANUT BUTTER BUMPERS Cereal",33.0,"1.0 cup (1 NLEA serving)",562,--,--,,
"""08352""","Cereals ready-to-eat, QUAKER, MOTHER'S Toasted Oat Bran cereal",32.0,"0.75 cup (1 NLEA serving)",499,--,--,,
"""08627""","Cereals ready-to-eat, QUAKER, Natural Granola Apple Cranberry Almond",49.0,"0.5 cup (1 NLEA serving)",857,--,--,,
"""08214""","Cereals ready-to-eat, QUAKER, Oatmeal Squares",56.0,"1.0 cup (1 NLEA serving)",888,--,0.004,,
"""08215""","Cereals ready-to-eat, QUAKER, Oatmeal Squares, cinnamon",56.0,"1.0 cup (1 NLEA serving)",888,--,0.004,,
"""08218""","Cereals ready-to-eat, QUAKER, QUAKER 100% Natural Granola with Oats, Wheat, Honey, and Raisins",51.0,"0.5 cup (1 NLEA serving)",879,--,0.004,,
"""08018""","Cereals ready-to-eat, QUAKER, QUAKER CRUNCHY BRAN",27.0,"0.75 cup (1 NLEA serving)",374,--,0.097,,
"""08549""","Cereals ready-to-eat, QUAKER, QUAKER Honey Graham LIFE Cereal",32.0,"0.75 cup (1 NLEA serving)",500,--,--,,
"""08210""","Cereals ready-to-eat, QUAKER, QUAKER OAT CINNAMON LIFE",32.0,"0.75 cup (1 NLEA serving)",500,--,--,,
"""08049""","Cereals ready-to-eat, QUAKER, QUAKER OAT LIFE, plain",32.0,"0.75 cup (1 NLEA serving)",501,--,0.002,,
"""08066""","Cereals ready-to-eat, QUAKER, QUAKER Puffed Rice",14.0,"0.75 cup (1 NLEA serving)",224,--,0.001,,
"""08146""","Cereals ready-to-eat, QUAKER, QUAKER Puffed Wheat",15.0,"1.0 cup (1 NLEA serving)",230,--,0.001,,
"""08365""","Cereals ready-to-eat, QUAKER, Shredded Wheat, bagged cereal",63.0,"3.0 biscuits (1 NLEA serving)",917,--,--,,
"""08059""","Cereals ready-to-eat, QUAKER, SWEET CRUNCH/QUISP",27.0,"1.0 cup (1 NLEA serving)",459,--,0.224,,
"""08216""","Cereals ready-to-eat, QUAKER, Toasted Multigrain Crisps",57.0,"1.0 cup (1 NLEA serving)",886,--,0.006,,
"""08505""","Cereals ready-to-eat, RALSTON Corn Biscuits",30.0,"1.0 cup (NLEA serving)",472,--,0.000,,
"""08506""","Cereals ready-to-eat, RALSTON Corn Flakes",28.0,"1.0 cup (1 NLEA serving)",450,--,0.000,,
"""08025""","Cereals ready-to-eat, RALSTON CRISP RICE",33.0,"1.0 cup (1 NLEA serving)",529,--,0.004,,
"""08507""","Cereals ready-to-eat, RALSTON Crispy Hexagons",29.0,"1.0 cup (1 NLEA serving)",460,--,0.000,,
"""08504""","Cereals ready-to-eat, RALSTON Enriched Wheat Bran flakes",29.0,"1.0 serving (NLEA serving size = 0.75 cup)",474,--,0.000,,
"""08074""","Cereals ready-to-eat, RALSTON TASTEEOS",28.0,"1.0 cup (1 NLEA serving)",463,--,0.004,,
"""08156""","Cereals ready-to-eat, rice, puffed, fortified",14.0,"1.0 cup",235,--,--,,
"""08085""","Cereals ready-to-eat, SUN COUNTRY, KRETSCHMER Honey Crunch Wheat Germ",14.0,"2.0 tbsp (1 NLEA serving)",218,--,0.001,,
"""08363""","Cereals ready-to-eat, SUN COUNTRY, KRETSCHMER Toasted Wheat Bran",16.0,"0.25 cup (1 NLEA serving)",134,--,--,,
"""08366""","Cereals ready-to-eat, SUN COUNTRY, KRETSCHMER Wheat Germ, Regular",14.0,"2.0 tbsp (1 NLEA serving)",214,--,--,,
"""08435""","Cereals ready-to-eat, UNCLE SAM CEREAL",55.0,"0.75 cup (1 NLEA serving)",797,--,0.000,,
"""42237""","Cereals ready-to-eat, WEETABIX whole grain cereal",35.0,"2.0 biscuits (1 NLEA serving)",544,--,0.001,,
"""43245""","Cereals ready-to-eat, wheat and bran, presweetened with nuts and fruits",55.0,"1.0 cup (1 NLEA serving)",886,--,0.003,,
"""08084""","Cereals ready-to-eat, wheat germ, toasted, plain",28.35,"1.0 oz",453,--,0.003,,
"""08157""","Cereals ready-to-eat, wheat, puffed, fortified",12.0,"1.0 cup",183,--,--,,
"""08161""","Cereals, corn grits, white, regular and quick, enriched, cooked with water, with salt",257.0,"1.0 cup",766,--,0.000,,
"""08091""","Cereals, corn grits, white, regular and quick, enriched, cooked with water, without salt",257.0,"1.0 cup",766,--,0.000,,
"""08090""","Cereals, corn grits, white, regular and quick, enriched, dry",9.7,"1.0 tbsp",150,--,0.000,,
"""08164""","Cereals, corn grits, yellow, regular and quick, enriched, cooked with water, without salt",233.0,"1.0 cup",636,--,0.000,,
"""08160""","Cereals, corn grits, yellow, regular and quick, unenriched, dry",9.7,"1.0 tbsp",151,--,0.000,,
"""08165""","Cereals, corn grits, yellow, regular, quick, enriched, cooked with water, with salt",233.0,"1.0 cup",636,--,0.000,,
"""08168""","Cereals, CREAM OF RICE, cooked with water, with salt",244.0,"1.0 cup",532,--,0.002,,
"""08100""","Cereals, CREAM OF RICE, dry",45.0,"0.25 cup (1 NLEA serving)",697,--,0.001,,
"""08578""","Cereals, CREAM OF WHEAT, 1 minute cook time, cooked with water, microwaved, without salt",237.0,"1.0 cup",545,0.000,0.005,,
"""08577""","Cereals, CREAM OF WHEAT, 1 minute cook time, cooked with water, stove-top, without salt",245.0,"1.0 cup",576,0.000,0.005,,
"""08576""","Cereals, CREAM OF WHEAT, 1 minute cook time, dry",33.0,"3.0 tablespoon (1 serving)",496,0.000,0.001,,
"""08575""","Cereals, CREAM OF WHEAT, 2 1/2 minute cook time, cooked with water, microwaved, without salt",231.0,"1.0 cup",506,0.000,0.005,,
"""08574""","Cereals, CREAM OF WHEAT, 2 1/2 minute cook time, cooked with water, stove-top, without salt",244.0,"1.0 cup",571,--,0.000,,
"""08573""","Cereals, CREAM OF WHEAT, 2 1/2 minute cook time, dry",33.0,"3.0 tablespoon (1 NLEA serving)",490,0.002,0.001,,
"""08106""","Cereals, CREAM OF WHEAT, instant, dry",11.5,"1.0 tbsp",176,--,0.000,,
"""08107""","Cereals, CREAM OF WHEAT, instant, prepared with water, without salt",241.0,"1.0 cup",624,--,0.000,,
"""08169""","Cereals, CREAM OF WHEAT, regular (10 minute), cooked with water, with salt",251.0,"1.0 cup (1 serving)",530,--,0.000,,
"""08103""","Cereals, CREAM OF WHEAT, regular (10 minute), cooked with water, without salt",251.0,"1.0 cup (1 serving)",522,--,0.000,,
"""08102""","Cereals, CREAM OF WHEAT, regular, 10 minute cooking, dry",10.6,"1.0 tbsp",164,--,0.000,,
"""08105""","Cereals, farina, enriched, assorted brands including CREAM OF WHEAT, quick (1-3 minutes), cooked with water, without salt",240.0,"1.0 cup",554,0.000,0.002,,
"""08104""","Cereals, farina, enriched, assorted brands including CREAM OF WHEAT, quick (1-3 minutes), dry",11.0,"1.0 tbsp",166,0.000,0.000,,
"""08173""","Cereals, farina, enriched, cooked with water, with salt",233.0,"1.0 cup",513,0.000,0.002,,
"""08172""","Cereals, farina, unenriched, dry",10.9,"1.0 tbsp",168,--,0.000,,
"""08177""","Cereals, MALT-O-MEAL, chocolate, dry",35.0,"3.0 tbsp (1 NLEA serving)",532,--,--,,
"""08512""","Cereals, MALT-O-MEAL, chocolate, prepared with water, without salt",268.0,"1.0 serving (3 T dry cereal plus 1 cup water)",533,--,--,,
"""08488""","Cereals, MALT-O-MEAL, Farina Hot Wheat Cereal, dry",35.0,"3.0 tbsp (1 NLEA serving)",535,--,--,,
"""08489""","Cereals, MALT-O-MEAL, Maple  &  Brown Sugar Hot Wheat Cereal, dry",45.0,"0.25 cup (1 NLEA serving)",692,--,--,,
"""08116""","Cereals, MALT-O-MEAL, original, plain, dry",35.0,"3.0 tbsp (1 NLEA serving)",534,--,0.000,,
"""08511""","Cereals, MALT-O-MEAL, original, plain, prepared with water, without salt",268.0,"1.0 serving (3 T dry cereal plus 1 cup water)",533,--,--,,
"""08680""","Cereals, oats, instant, fortified, maple and brown sugar, dry",43.0,"1.0 packet",695,0.000,0.005,,
"""08122""","Cereals, oats, instant, fortified, plain, dry",28.0,"1.0 packet",424,0.002,0.003,,
"""08123""","Cereals, oats, instant, fortified, plain, prepared with water (boiling water added or microwaved)",234.0,"1.0 cup, cooked",662,--,0.005,,
"""08128""","Cereals, oats, instant, fortified, with cinnamon and spice, dry",45.0,"1.0 packet",694,0.000,0.005,,
"""08129""","Cereals, oats, instant, fortified, with cinnamon and spice, prepared with water",240.0,"1.0 cup",965,--,0.007,,
"""08133""","Cereals, oats, instant, fortified, with raisins and spice, prepared with water",240.0,"1.0 cup",886,--,0.007,,
"""08180""","Cereals, oats, regular and quick and instant, unenriched, cooked with water (includes boiling and microwaving), with salt",234.0,"1.0 cup",695,0.000,0.012,,
"""08120""","Cereals, oats, regular and quick, not fortified, dry",81.0,"1.0 cup",1285,--,0.008,,
"""08121""","Cereals, oats, regular and quick, unenriched, cooked with water (includes boiling and microwaving), without salt",234.0,"1.0 cup",695,0.000,0.012,,
"""08094""","Cereals, QUAKER, corn grits, instant, cheddar cheese flavor, dry",28.0,"1.0 packet (1 NLEA serving)",425,--,0.045,,
"""08092""","Cereals, QUAKER, corn grits, instant, plain, dry",29.0,"1.0 packet",416,--,0.000,,
"""08093""","Cereals, QUAKER, corn grits, instant, plain, prepared (microwaved or boiling water added), without salt",219.0,"1.0 cup",677,--,0.000,,
"""08314""","Cereals, QUAKER, hominy grits, white, quick, dry",37.0,"0.25 cup",539,--,--,,
"""08316""","Cereals, QUAKER, hominy grits, white, regular, dry",41.0,"0.25 cup (1 NLEA serving)",619,--,--,,
"""08449""","Cereals, QUAKER, Instant Grits Product with American Cheese Flavor, dry",28.0,"1.0 packet (1 NLEA serving)",421,--,--,,
"""08221""","Cereals, QUAKER, Instant Grits, Butter flavor, dry",28.0,"1.0 packet (1 NLEA serving)",432,--,--,,
"""08096""","Cereals, QUAKER, Instant Grits, Country Bacon flavor, dry",28.0,"1.0 packet (1 NLEA serving)",398,--,--,,
"""08450""","Cereals, QUAKER, Instant Grits, Ham 'n' Cheese flavor, dry",28.0,"1.0 packet (1 NLEA serving)",416,--,--,,
"""08444""","Cereals, QUAKER, Instant Grits, Redeye Gravy  &  Country Ham flavor, dry",28.0,"1.0 packet (1 NLEA serving)",400,--,--,,
"""08640""","Cereals, QUAKER, Instant Oatmeal Organic, Regular",41.0,"1.0 packet",630,--,--,,
"""08642""","Cereals, QUAKER, Instant Oatmeal, Apple and Cinnamon, reduced sugar",31.0,"1.0 packet (1 NLEA serving)",464,--,--,,
"""08124""","Cereals, QUAKER, Instant Oatmeal, apples and cinnamon, dry",43.0,"1.0 packet (1 NLEA serving)",659,--,--,,
"""08417""","Cereals, QUAKER, Instant Oatmeal, Banana Bread, dry",41.0,"1.0 packet (1 NLEA serving)",632,--,--,,
"""08639""","Cereals, QUAKER, Instant Oatmeal, Cinnamon Spice, reduced sugar",34.0,"1.0 packet (1 NLEA serving)",509,--,--,,
"""08688""","Cereals, QUAKER, Instant Oatmeal, Cinnamon Swirl, high fiber",45.0,"1.0 packet (1 NLEA serving)",689,--,--,,
"""08410""","Cereals, QUAKER, Instant Oatmeal, Cinnamon-Spice, dry",43.0,"1.0 packet (1 NLEA serving)",663,0.000,0.004,,
"""08411""","Cereals, QUAKER, Instant Oatmeal, DINOSAUR EGGS, Brown Sugar, dry",50.0,"1.0 packet (1 NLEA serving)",804,--,--,,
"""08225""","Cereals, QUAKER, Instant Oatmeal, fruit and cream variety, dry",35.0,"1.0 packet",555,--,0.062,,
"""08641""","Cereals, QUAKER, Instant Oatmeal, fruit and cream, variety of flavors, reduced sugar",33.0,"1.0 packet",519,--,--,,
"""08130""","Cereals, QUAKER, Instant Oatmeal, maple and brown sugar, dry",43.0,"1.0 packet",662,0.000,0.006,,
"""08436""","Cereals, QUAKER, Instant Oatmeal, Raisin and Spice, dry",43.0,"1.0 packet (1 NLEA serving)",648,0.013,0.004,,
"""08228""","Cereals, QUAKER, Instant Oatmeal, raisins, dates and walnuts, dry",37.0,"1.0 packet",574,--,0.002,,
"""08694""","Cereals, QUAKER, Instant Oatmeal, weight control, cinnamon",45.0,"1.0 packet (1 NLEA serving)",680,--,--,,
"""08231""","Cereals, QUAKER, Oat Bran, QUAKER/MOTHER'S Oat Bran, dry",40.0,"0.5 cup (1 NLEA serving)",610,--,--,,
"""08690""","Cereals, QUAKER, oatmeal, REAL MEDLEYS, apple walnut, dry",75.0,"1.0 package (1 NLEA serving)",1222,--,--,,
"""08689""","Cereals, QUAKER, oatmeal, REAL MEDLEYS, blueberry hazelnut, dry",70.0,"1.0 package (1 NLEA serving)",1132,--,--,,
"""08693""","Cereals, QUAKER, oatmeal, REAL MEDLEYS, cherry pistachio, dry",73.0,"1.0 package (1 NLEA serving)",1204,--,--,,
"""08692""","Cereals, QUAKER, oatmeal, REAL MEDLEYS, peach almond, dry",75.0,"1.0 package (1 NLEA serving)",1213,--,--,,
"""08691""","Cereals, QUAKER, oatmeal, REAL MEDLEYS, summer berry, dry",70.0,"1.0 package (1 NLEA serving)",1033,--,--,,
"""08200""","Cereals, QUAKER, QUAKER MultiGrain Oatmeal, dry",40.0,"0.5 cup (1 NLEA serving)",558,--,0.002,,
"""08451""","Cereals, QUAKER, Quick Oats with Iron, Dry",40.0,"0.5 cup",621,--,--,,
"""08402""","Cereals, QUAKER, Quick Oats, Dry",40.0,"0.5 cup",621,--,0.004,,
"""08687""","Cereals, QUAKER, Weight Control Instant Oatmeal, banana bread",45.0,"1.0 packet (1 NLEA serving)",680,--,--,,
"""08686""","Cereals, QUAKER, Weight Control Instant Oatmeal, maple and brown sugar",45.0,"1.0 packet (1 NLEA serving)",679,--,--,,
"""08452""","Cereals, QUAKER, Whole Wheat Natural Cereal, dry",40.0,"0.5 cup",557,--,--,,
"""08673""","Cereals, ready-to-eat, MALT-O-MEAL, Blueberry Mini SPOONERS",55.0,"1.0 cup (1 NLEA serving)",805,--,--,,
"""08143""","Cereals, WHEATENA, cooked with water",243.0,"1.0 cup",569,--,0.000,,
"""08182""","Cereals, WHEATENA, cooked with water, with salt",243.0,"1.0 cup",600,--,0.000,,
"""08142""","Cereals, WHEATENA, dry",40.0,"0.33 cup (1 NLEA serving)",598,--,0.000,,
"""08183""","Cereals, whole wheat hot natural cereal, cooked with water, with salt",242.0,"1.0 cup",627,--,0.000,,
"""08145""","Cereals, whole wheat hot natural cereal, cooked with water, without salt",242.0,"1.0 cup",627,--,0.000,,
"""08144""","Cereals, whole wheat hot natural cereal, dry",94.0,"1.0 cup",1345,--,0.000,,
"""08580""","Incaparina, dry mix (corn and soy flours), unprepared",8.9,"1.0 tbsp",141,--,--,,
"""43483""","Millet, puffed",21.0,"1.0 cup",311,--,0.000,,
