Source: USDA National Nutrient Database for Standard Reference Legacy Software v.3.9.4 2018-05-17
"Nutrients: Fiber, total dietary (g); 20:3 n-3 (g); Lutein + zeaxanthin (µg)"
"Food Groups: Breakfast Cereals"
Food Subset:All Foods
Ordered by:Food Name
Measured by:Household
Report Run at: 06-02-2018T14:16
NDB_NO,Description,Weight(g),Measure,"Fiber, total dietary"(g)Per Measure,"20:3 n-3"(g)Per Measure,"Lutein + zeaxanthin"(µg)Per Measure,
"""43218""","Cereals ready-to-eat, ALPEN",55.0,"0.67 cup (1 NLEA serving)",5.0,--,0,,
"""08657""","Cereals ready-to-eat, BARBARA'S PUFFINS, original",27.0,"0.75 cup (1 NLEA serving)",5.0,--,209,,
"""08204""","Cereals ready-to-eat, chocolate-flavored frosted puffed corn",30.0,"1.0 cup",1.1,--,0,,
"""43241""","Cereals ready-to-eat, FAMILIA",122.0,"1.0 cup",10.4,--,159,,
"""42236""","Cereals ready-to-eat, frosted oat cereal with marshmallows",30.0,"0.75 cup (1 NLEA serving)",1.3,--,28,,
"""08013""","Cereals ready-to-eat, GENERAL MILLS, CHEERIOS",28.0,"1.0 cup (1 NLEA serving)",2.8,--,45,,
"""08037""","Cereals ready-to-eat, granola, homemade",122.0,"1.0 cup",10.9,--,167,,
"""08290""","Cereals ready-to-eat, HEALTH VALLEY, FIBER 7 Flakes",31.0,"0.75 cup (1 NLEA serving)",4.4,--,0,,
"""08493""","Cereals ready-to-eat, MALT-O-MEAL, Apple ZINGS",33.0,"1.0 cup (1 NLEA serving)",0.8,--,--,,
"""08347""","Cereals ready-to-eat, MALT-O-MEAL, BERRY COLOSSAL CRUNCH",30.0,"0.75 cup (1 NLEA serving)",0.5,--,--,,
"""08487""","Cereals ready-to-eat, MALT-O-MEAL, Blueberry MUFFIN TOPS Cereal",30.0,"0.75 cup (1 NLEA serving)",1.4,--,0,,
"""08672""","Cereals ready-to-eat, MALT-O-MEAL, CHOCOLATE MARSHMALLOW MATEYS",30.0,"0.75 cup (1 NLEA serving)",0.8,--,--,,
"""08494""","Cereals ready-to-eat, MALT-O-MEAL, CINNAMON TOASTERS",30.0,"0.75 cup (1 NLEA serving)",1.5,--,22,,
"""08206""","Cereals ready-to-eat, MALT-O-MEAL, COCO-ROOS",30.0,"0.75 cup (1 NLEA serving)",1.0,--,163,,
"""08495""","Cereals ready-to-eat, MALT-O-MEAL, Cocoa DYNO-BITES",29.0,"0.75 cup (1 NLEA serving)",0.3,--,0,,
"""08346""","Cereals ready-to-eat, MALT-O-MEAL, COLOSSAL CRUNCH",30.0,"0.75 cup (1 NLEA serving)",0.5,--,190,,
"""08083""","Cereals ready-to-eat, MALT-O-MEAL, CORN BURSTS",31.0,"1.0 cup (1 NLEA serving)",0.6,--,242,,
"""08348""","Cereals ready-to-eat, MALT-O-MEAL, Crispy Rice",33.0,"1.0 cup (1 NLEA serving)",0.1,--,--,,
"""08409""","Cereals ready-to-eat, MALT-O-MEAL, Frosted Flakes",31.0,"0.75 cup (1 NLEA serving)",0.4,--,237,,
"""08500""","Cereals ready-to-eat, MALT-O-MEAL, Frosted Mini SPOONERS",55.0,"1.0 cup (1 NLEA serving)",6.0,--,101,,
"""08501""","Cereals ready-to-eat, MALT-O-MEAL, Fruity DYNO-BITES",27.0,"0.75 cup",0.3,--,0,,
"""08478""","Cereals ready-to-eat, MALT-O-MEAL, GOLDEN PUFFS",27.0,"0.75 cup (1 NLEA serving)",0.7,0.000,25,,
"""08476""","Cereals ready-to-eat, MALT-O-MEAL, Honey BUZZERS",29.0,"1.0 cup",1.0,--,--,,
"""08481""","Cereals ready-to-eat, MALT-O-MEAL, HONEY GRAHAM SQUARES",30.0,"0.75 cup (1 NLEA serving)",1.3,--,--,,
"""08676""","Cereals ready-to-eat, MALT-O-MEAL, Honey Nut SCOOTERS",30.0,"1.0 cup (1 NLEA serving)",1.9,--,--,,
"""08138""","Cereals ready-to-eat, MALT-O-MEAL, MARSHMALLOW MATEYS",30.0,"1.0 cup",1.5,--,23,,
"""08674""","Cereals ready-to-eat, MALT-O-MEAL, OAT BLENDERS with honey",30.0,"0.75 cup (1 NLEA serving)",1.5,--,--,,
"""08675""","Cereals ready-to-eat, MALT-O-MEAL, OAT BLENDERS with honey  &  almonds",30.0,"0.75 cup (1 NLEA serving)",1.8,--,--,,
"""08484""","Cereals ready-to-eat, MALT-O-MEAL, Raisin Bran Cereal",59.0,"1.0 cup (1 NLEA serving)",6.0,--,70,,
"""08349""","Cereals ready-to-eat, MALT-O-MEAL, TOOTIE FRUITIES",32.0,"1.0 cup (1 NLEA serving)",0.7,--,200,,
"""08491""","Cereals ready-to-eat, MOM'S BEST, Honey Nut TOASTY O'S",30.0,"1.0 cup (1 NLEA serving)",1.9,--,--,,
"""08709""","Cereals ready-to-eat, MOM'S BEST, Sweetened WHEAT-FULS",55.0,"1.0 cup (1 NLEA serving)",5.5,--,--,,
"""08656""","Cereals ready-to-eat, NATURE'S PATH, Organic FLAX PLUS flakes",30.0,"0.75 cup (1 NLEA serving)",5.0,--,63,,
"""08571""","Cereals ready-to-eat, NATURE'S PATH, Organic FLAX PLUS, Pumpkin Granola",55.0,"0.75 cup (1 NLEA serving)",4.6,--,79,,
"""43495""","Cereals ready-to-eat, OAT BRAN FLAKES, HEALTH VALLEY",50.0,"1.0 cup (1 NLEA serving)",4.0,--,102,,
"""08029""","Cereals ready-to-eat, POST Bran Flakes",30.0,"0.75 cup (1 NLEA serving)",5.5,--,45,,
"""42297""","Cereals ready-to-eat, POST GREAT GRAINS Banana Nut Crunch",59.0,"1.0 cup (1 NLEA serving)",6.6,--,73,,
"""08544""","Cereals ready-to-eat, POST GREAT GRAINS Cranberry Almond Crunch",48.0,"0.75 cup (1 NLEA serving)",5.3,--,61,,
"""08665""","Cereals ready-to-eat, POST HONEY BUNCHES OF OATS with cinnamon bunches",30.0,"0.75 cup (1 NLEA serving)",1.7,--,--,,
"""08061""","Cereals ready-to-eat, POST Raisin Bran Cereal",59.0,"1.0 cup (1 NLEA serving)",8.1,--,60,,
"""08192""","Cereals ready-to-eat, POST SELECTS Blueberry Morning",55.0,"1.0 cup (1 NLEA serving)",2.6,--,113,,
"""08554""","Cereals ready-to-eat, POST SELECTS Maple Pecan Crunch",52.0,"0.75 cup (1 NLEA serving)",3.8,--,62,,
"""08002""","Cereals ready-to-eat, POST, ALPHA-BITS",30.0,"1.0 cup (1 NLEA serving for adults)",2.1,--,100,,
"""08015""","Cereals ready-to-eat, POST, COCOA PEBBLES",29.0,"0.75 cup (1 NLEA serving)",0.5,--,0,,
"""08034""","Cereals ready-to-eat, POST, FRUITY PEBBLES",27.0,"0.75 cup (1 NLEA serving)",0.2,--,0,,
"""08073""","Cereals ready-to-eat, POST, GOLDEN CRISP",27.0,"0.75 cup (1 NLEA serving)",1.4,--,25,,
"""08038""","Cereals ready-to-eat, POST, GRAPE-NUTS Cereal",58.0,"0.5 cup (1 NLEA serving)",7.5,--,96,,
"""08039""","Cereals ready-to-eat, POST, GRAPE-NUTS Flakes",29.0,"0.75 cup (1 NLEA serving)",3.0,--,39,,
"""42261""","Cereals ready-to-eat, POST, GREAT GRAINS Crunchy Pecan Cereal",52.0,"0.75 cup (1 NLEA serving)",5.0,--,71,,
"""42265""","Cereals ready-to-eat, POST, GREAT GRAINS, Raisin, Date  &  Pecan",55.0,"0.75 cup (1 NLEA serving)",5.1,--,63,,
"""08633""","Cereals ready-to-eat, POST, HONEY BUNCHES OF OATS with vanilla bunches",56.0,"1.0 cup (1 NLEA serving)",4.4,--,79,,
"""43570""","Cereals ready-to-eat, POST, HONEY BUNCHES OF OATS, honey roasted",30.0,"0.75 cup (1 NLEA serving)",1.3,0.000,134,,
"""08655""","Cereals ready-to-eat, POST, HONEY BUNCHES OF OATS, pecan bunches",29.0,"0.75 cup (1 NLEA serving)",1.5,--,228,,
"""42240""","Cereals ready-to-eat, POST, HONEY BUNCHES OF OATS, with almonds",32.0,"0.75 cup (1 NLEA serving)",1.8,--,202,,
"""08662""","Cereals ready-to-eat, POST, HONEY BUNCHES OF OATS, with real strawberries",31.0,"0.75 cup (1 NLEA serving)",1.7,--,--,,
"""08081""","Cereals ready-to-eat, POST, Honey Nut Shredded Wheat",59.0,"1.0 cup (1 NLEA serving)",6.3,--,98,,
"""08046""","Cereals ready-to-eat, POST, Honeycomb Cereal",32.0,"1.0 cup (1 NLEA serving)",1.0,--,218,,
"""43393""","Cereals ready-to-eat, POST, Shredded Wheat n' Bran, spoon-size",59.0,"1.0 cup (1 NLEA serving)",8.7,--,139,,
"""08191""","Cereals ready-to-eat, POST, Shredded Wheat, lightly frosted, spoon-size",52.0,"1.0 cup (1 NLEA serving)",5.0,--,0,,
"""08147""","Cereals ready-to-eat, POST, Shredded Wheat, original big biscuit",47.0,"2.0 biscuits (1 NLEA serving)",5.8,--,0,,
"""08148""","Cereals ready-to-eat, POST, Shredded Wheat, original spoon-size",49.0,"1.0 cup (1 NLEA serving)",6.1,--,86,,
"""08305""","Cereals ready-to-eat, Post, Waffle Crisp",30.0,"1.0 cup (1 NLEA serving)",1.3,--,86,,
"""08632""","Cereals ready-to-eat, QUAKER Oatmeal Squares, Golden Maple",56.0,"1.0 cup (1 NLEA serving)",4.6,--,--,,
"""08685""","Cereals ready-to-eat, QUAKER WHOLE HEARTS oat cereal",28.0,"0.75 cup (1 NLEA serving)",2.5,--,--,,
"""08054""","Cereals ready-to-eat, QUAKER, 100% Natural Granola, Oats, Wheat and Honey",48.0,"0.5 cup (1 NLEA serving)",4.9,--,62,,
"""08010""","Cereals ready-to-eat, QUAKER, CAP'N CRUNCH",27.0,"0.75 cup (1 NLEA serving)",0.7,--,174,,
"""08011""","Cereals ready-to-eat, QUAKER, CAP'N CRUNCH with CRUNCHBERRIES",26.0,"0.75 cup (1 NLEA serving)",0.7,--,140,,
"""08625""","Cereals ready-to-eat, QUAKER, CAP'N CRUNCH'S Halloween Crunch",26.0,"0.75 cup (1 NLEA serving)",0.7,--,--,,
"""08629""","Cereals ready-to-eat, QUAKER, Cap'n Crunch's OOPS! All Berries Cereal",32.0,"1.0 cup (1 NLEA serving)",0.8,--,--,,
"""08012""","Cereals ready-to-eat, QUAKER, CAP'N CRUNCH'S PEANUT BUTTER CRUNCH",27.0,"0.75 cup (1 NLEA serving)",0.7,--,230,,
"""08550""","Cereals ready-to-eat, QUAKER, Christmas Crunch",26.0,"0.75 cup (1 NLEA serving)",0.7,--,135,,
"""08211""","Cereals ready-to-eat, QUAKER, HONEY GRAHAM OH!S",27.0,"0.75 cup (1 NLEA serving)",0.6,--,107,,
"""08047""","Cereals ready-to-eat, QUAKER, KING VITAMAN",31.0,"1.0 cup (1 NLEA serving)",1.1,--,351,,
"""08220""","Cereals ready-to-eat, QUAKER, Low Fat 100% Natural Granola with Raisins",55.0,"0.66 cup (1 NLEA serving)",5.3,--,123,,
"""08628""","Cereals ready-to-eat, QUAKER, Maple Brown Sugar LIFE Cereal",32.0,"0.75 cup (1 NLEA serving)",2.0,--,--,,
"""08353""","Cereals ready-to-eat, QUAKER, MOTHER'S Cinnamon Oat Crunch",60.0,"1.0 cup (1 NLEA serving)",4.9,--,--,,
"""08355""","Cereals ready-to-eat, QUAKER, MOTHER'S COCOA BUMPERS",33.0,"1.0 cup (1 NLEA serving)",0.9,--,--,,
"""08354""","Cereals ready-to-eat, QUAKER, MOTHER'S GRAHAM BUMPERS",28.0,"0.75 cup (1 NLEA serving)",0.7,--,--,,
"""08351""","Cereals ready-to-eat, QUAKER, MOTHER'S PEANUT BUTTER BUMPERS Cereal",33.0,"1.0 cup (1 NLEA serving)",0.8,--,--,,
"""08352""","Cereals ready-to-eat, QUAKER, MOTHER'S Toasted Oat Bran cereal",32.0,"0.75 cup (1 NLEA serving)",2.8,--,--,,
"""08627""","Cereals ready-to-eat, QUAKER, Natural Granola Apple Cranberry Almond",49.0,"0.5 cup (1 NLEA serving)",4.9,--,--,,
"""08214""","Cereals ready-to-eat, QUAKER, Oatmeal Squares",56.0,"1.0 cup (1 NLEA serving)",4.6,--,76,,
"""08215""","Cereals ready-to-eat, QUAKER, Oatmeal Squares, cinnamon",56.0,"1.0 cup (1 NLEA serving)",4.9,--,76,,
"""08218""","Cereals ready-to-eat, QUAKER, QUAKER 100% Natural Granola with Oats, Wheat, Honey, and Raisins",51.0,"0.5 cup (1 NLEA serving)",4.8,--,58,,
"""08018""","Cereals ready-to-eat, QUAKER, QUAKER CRUNCHY BRAN",27.0,"0.75 cup (1 NLEA serving)",4.1,--,286,,
"""08549""","Cereals ready-to-eat, QUAKER, QUAKER Honey Graham LIFE Cereal",32.0,"0.75 cup (1 NLEA serving)",2.0,--,--,,
"""08210""","Cereals ready-to-eat, QUAKER, QUAKER OAT CINNAMON LIFE",32.0,"0.75 cup (1 NLEA serving)",2.0,--,--,,
"""08049""","Cereals ready-to-eat, QUAKER, QUAKER OAT LIFE, plain",32.0,"0.75 cup (1 NLEA serving)",2.1,--,32,,
"""08066""","Cereals ready-to-eat, QUAKER, QUAKER Puffed Rice",14.0,"0.75 cup (1 NLEA serving)",0.2,--,0,,
"""08146""","Cereals ready-to-eat, QUAKER, QUAKER Puffed Wheat",15.0,"1.0 cup (1 NLEA serving)",1.4,--,0,,
"""08365""","Cereals ready-to-eat, QUAKER, Shredded Wheat, bagged cereal",63.0,"3.0 biscuits (1 NLEA serving)",7.4,--,--,,
"""08059""","Cereals ready-to-eat, QUAKER, SWEET CRUNCH/QUISP",27.0,"1.0 cup (1 NLEA serving)",0.6,--,196,,
"""08216""","Cereals ready-to-eat, QUAKER, Toasted Multigrain Crisps",57.0,"1.0 cup (1 NLEA serving)",5.8,--,177,,
"""08505""","Cereals ready-to-eat, RALSTON Corn Biscuits",30.0,"1.0 cup (NLEA serving)",0.8,--,--,,
"""08506""","Cereals ready-to-eat, RALSTON Corn Flakes",28.0,"1.0 cup (1 NLEA serving)",0.8,--,--,,
"""08025""","Cereals ready-to-eat, RALSTON CRISP RICE",33.0,"1.0 cup (1 NLEA serving)",0.2,--,0,,
"""08507""","Cereals ready-to-eat, RALSTON Crispy Hexagons",29.0,"1.0 cup (1 NLEA serving)",0.4,--,--,,
"""08504""","Cereals ready-to-eat, RALSTON Enriched Wheat Bran flakes",29.0,"1.0 serving (NLEA serving size = 0.75 cup)",4.9,--,--,,
"""08074""","Cereals ready-to-eat, RALSTON TASTEEOS",28.0,"1.0 cup (1 NLEA serving)",3.0,--,37,,
"""08156""","Cereals ready-to-eat, rice, puffed, fortified",14.0,"1.0 cup",0.2,--,--,,
"""08085""","Cereals ready-to-eat, SUN COUNTRY, KRETSCHMER Honey Crunch Wheat Germ",14.0,"2.0 tbsp (1 NLEA serving)",1.4,--,101,,
"""08363""","Cereals ready-to-eat, SUN COUNTRY, KRETSCHMER Toasted Wheat Bran",16.0,"0.25 cup (1 NLEA serving)",6.6,--,--,,
"""08366""","Cereals ready-to-eat, SUN COUNTRY, KRETSCHMER Wheat Germ, Regular",14.0,"2.0 tbsp (1 NLEA serving)",1.7,--,--,,
"""08435""","Cereals ready-to-eat, UNCLE SAM CEREAL",55.0,"0.75 cup (1 NLEA serving)",11.2,--,182,,
"""42237""","Cereals ready-to-eat, WEETABIX whole grain cereal",35.0,"2.0 biscuits (1 NLEA serving)",4.0,--,75,,
"""43245""","Cereals ready-to-eat, wheat and bran, presweetened with nuts and fruits",55.0,"1.0 cup (1 NLEA serving)",5.3,--,0,,
"""08084""","Cereals ready-to-eat, wheat germ, toasted, plain",28.35,"1.0 oz",4.3,--,224,,
"""08157""","Cereals ready-to-eat, wheat, puffed, fortified",12.0,"1.0 cup",0.5,--,--,,
"""08161""","Cereals, corn grits, white, regular and quick, enriched, cooked with water, with salt",257.0,"1.0 cup",2.1,--,3,,
"""08091""","Cereals, corn grits, white, regular and quick, enriched, cooked with water, without salt",257.0,"1.0 cup",2.1,--,3,,
"""08090""","Cereals, corn grits, white, regular and quick, enriched, dry",9.7,"1.0 tbsp",0.4,--,0,,
"""08164""","Cereals, corn grits, yellow, regular and quick, enriched, cooked with water, without salt",233.0,"1.0 cup",1.6,--,459,,
"""08160""","Cereals, corn grits, yellow, regular and quick, unenriched, dry",9.7,"1.0 tbsp",0.2,--,131,,
"""08165""","Cereals, corn grits, yellow, regular, quick, enriched, cooked with water, with salt",233.0,"1.0 cup",1.6,--,459,,
"""08168""","Cereals, CREAM OF RICE, cooked with water, with salt",244.0,"1.0 cup",0.2,--,0,,
"""08100""","Cereals, CREAM OF RICE, dry",45.0,"0.25 cup (1 NLEA serving)",0.3,--,0,,
"""08578""","Cereals, CREAM OF WHEAT, 1 minute cook time, cooked with water, microwaved, without salt",237.0,"1.0 cup",3.6,0.000,--,,
"""08577""","Cereals, CREAM OF WHEAT, 1 minute cook time, cooked with water, stove-top, without salt",245.0,"1.0 cup",1.0,0.000,--,,
"""08576""","Cereals, CREAM OF WHEAT, 1 minute cook time, dry",33.0,"3.0 tablespoon (1 serving)",1.5,0.000,--,,
"""08575""","Cereals, CREAM OF WHEAT, 2 1/2 minute cook time, cooked with water, microwaved, without salt",231.0,"1.0 cup",1.6,0.000,--,,
"""08574""","Cereals, CREAM OF WHEAT, 2 1/2 minute cook time, cooked with water, stove-top, without salt",244.0,"1.0 cup",1.7,0.000,--,,
"""08573""","Cereals, CREAM OF WHEAT, 2 1/2 minute cook time, dry",33.0,"3.0 tablespoon (1 NLEA serving)",1.5,0.000,--,,
"""08106""","Cereals, CREAM OF WHEAT, instant, dry",11.5,"1.0 tbsp",0.4,--,2,,
"""08107""","Cereals, CREAM OF WHEAT, instant, prepared with water, without salt",241.0,"1.0 cup",1.4,--,7,,
"""08169""","Cereals, CREAM OF WHEAT, regular (10 minute), cooked with water, with salt",251.0,"1.0 cup (1 serving)",1.3,--,5,,
"""08103""","Cereals, CREAM OF WHEAT, regular (10 minute), cooked with water, without salt",251.0,"1.0 cup (1 serving)",1.3,--,5,,
"""08102""","Cereals, CREAM OF WHEAT, regular, 10 minute cooking, dry",10.6,"1.0 tbsp",0.4,--,2,,
"""08105""","Cereals, farina, enriched, assorted brands including CREAM OF WHEAT, quick (1-3 minutes), cooked with water, without salt",240.0,"1.0 cup",1.9,0.000,--,,
"""08104""","Cereals, farina, enriched, assorted brands including CREAM OF WHEAT, quick (1-3 minutes), dry",11.0,"1.0 tbsp",0.5,0.000,2,,
"""08173""","Cereals, farina, enriched, cooked with water, with salt",233.0,"1.0 cup",1.9,0.000,5,,
"""08172""","Cereals, farina, unenriched, dry",10.9,"1.0 tbsp",0.2,--,--,,
"""08177""","Cereals, MALT-O-MEAL, chocolate, dry",35.0,"3.0 tbsp (1 NLEA serving)",1.0,--,0,,
"""08512""","Cereals, MALT-O-MEAL, chocolate, prepared with water, without salt",268.0,"1.0 serving (3 T dry cereal plus 1 cup water)",1.1,--,--,,
"""08488""","Cereals, MALT-O-MEAL, Farina Hot Wheat Cereal, dry",35.0,"3.0 tbsp (1 NLEA serving)",1.0,--,--,,
"""08489""","Cereals, MALT-O-MEAL, Maple  &  Brown Sugar Hot Wheat Cereal, dry",45.0,"0.25 cup (1 NLEA serving)",0.8,--,--,,
"""08116""","Cereals, MALT-O-MEAL, original, plain, dry",35.0,"3.0 tbsp (1 NLEA serving)",0.7,--,5,,
"""08511""","Cereals, MALT-O-MEAL, original, plain, prepared with water, without salt",268.0,"1.0 serving (3 T dry cereal plus 1 cup water)",0.8,--,--,,
"""08680""","Cereals, oats, instant, fortified, maple and brown sugar, dry",43.0,"1.0 packet",3.1,0.000,25,,
"""08122""","Cereals, oats, instant, fortified, plain, dry",28.0,"1.0 packet",2.8,--,0,,
"""08123""","Cereals, oats, instant, fortified, plain, prepared with water (boiling water added or microwaved)",234.0,"1.0 cup, cooked",4.0,--,0,,
"""08128""","Cereals, oats, instant, fortified, with cinnamon and spice, dry",45.0,"1.0 packet",3.6,0.000,55,,
"""08129""","Cereals, oats, instant, fortified, with cinnamon and spice, prepared with water",240.0,"1.0 cup",4.8,--,74,,
"""08133""","Cereals, oats, instant, fortified, with raisins and spice, prepared with water",240.0,"1.0 cup",3.1,--,58,,
"""08180""","Cereals, oats, regular and quick and instant, unenriched, cooked with water (includes boiling and microwaving), with salt",234.0,"1.0 cup",4.0,--,421,,
"""08120""","Cereals, oats, regular and quick, not fortified, dry",81.0,"1.0 cup",8.2,--,146,,
"""08121""","Cereals, oats, regular and quick, unenriched, cooked with water (includes boiling and microwaving), without salt",234.0,"1.0 cup",4.0,--,421,,
"""08094""","Cereals, QUAKER, corn grits, instant, cheddar cheese flavor, dry",28.0,"1.0 packet (1 NLEA serving)",1.2,--,1,,
"""08092""","Cereals, QUAKER, corn grits, instant, plain, dry",29.0,"1.0 packet",1.2,--,1,,
"""08093""","Cereals, QUAKER, corn grits, instant, plain, prepared (microwaved or boiling water added), without salt",219.0,"1.0 cup",2.4,--,--,,
"""08314""","Cereals, QUAKER, hominy grits, white, quick, dry",37.0,"0.25 cup",1.8,--,--,,
"""08316""","Cereals, QUAKER, hominy grits, white, regular, dry",41.0,"0.25 cup (1 NLEA serving)",0.7,--,--,,
"""08449""","Cereals, QUAKER, Instant Grits Product with American Cheese Flavor, dry",28.0,"1.0 packet (1 NLEA serving)",1.2,--,--,,
"""08221""","Cereals, QUAKER, Instant Grits, Butter flavor, dry",28.0,"1.0 packet (1 NLEA serving)",1.3,--,--,,
"""08096""","Cereals, QUAKER, Instant Grits, Country Bacon flavor, dry",28.0,"1.0 packet (1 NLEA serving)",1.4,--,--,,
"""08450""","Cereals, QUAKER, Instant Grits, Ham 'n' Cheese flavor, dry",28.0,"1.0 packet (1 NLEA serving)",1.2,--,--,,
"""08444""","Cereals, QUAKER, Instant Grits, Redeye Gravy  &  Country Ham flavor, dry",28.0,"1.0 packet (1 NLEA serving)",1.3,--,--,,
"""08640""","Cereals, QUAKER, Instant Oatmeal Organic, Regular",41.0,"1.0 packet",4.0,--,--,,
"""08642""","Cereals, QUAKER, Instant Oatmeal, Apple and Cinnamon, reduced sugar",31.0,"1.0 packet (1 NLEA serving)",3.0,--,--,,
"""08124""","Cereals, QUAKER, Instant Oatmeal, apples and cinnamon, dry",43.0,"1.0 packet (1 NLEA serving)",3.6,--,--,,
"""08417""","Cereals, QUAKER, Instant Oatmeal, Banana Bread, dry",41.0,"1.0 packet (1 NLEA serving)",2.7,--,--,,
"""08639""","Cereals, QUAKER, Instant Oatmeal, Cinnamon Spice, reduced sugar",34.0,"1.0 packet (1 NLEA serving)",3.0,--,--,,
"""08688""","Cereals, QUAKER, Instant Oatmeal, Cinnamon Swirl, high fiber",45.0,"1.0 packet (1 NLEA serving)",10.0,--,--,,
"""08410""","Cereals, QUAKER, Instant Oatmeal, Cinnamon-Spice, dry",43.0,"1.0 packet (1 NLEA serving)",3.5,0.000,53,,
"""08411""","Cereals, QUAKER, Instant Oatmeal, DINOSAUR EGGS, Brown Sugar, dry",50.0,"1.0 packet (1 NLEA serving)",3.2,--,--,,
"""08225""","Cereals, QUAKER, Instant Oatmeal, fruit and cream variety, dry",35.0,"1.0 packet",2.1,--,41,,
"""08641""","Cereals, QUAKER, Instant Oatmeal, fruit and cream, variety of flavors, reduced sugar",33.0,"1.0 packet",2.7,--,--,,
"""08130""","Cereals, QUAKER, Instant Oatmeal, maple and brown sugar, dry",43.0,"1.0 packet",3.1,0.000,25,,
"""08436""","Cereals, QUAKER, Instant Oatmeal, Raisin and Spice, dry",43.0,"1.0 packet (1 NLEA serving)",2.5,0.000,45,,
"""08228""","Cereals, QUAKER, Instant Oatmeal, raisins, dates and walnuts, dry",37.0,"1.0 packet",2.6,--,38,,
"""08694""","Cereals, QUAKER, Instant Oatmeal, weight control, cinnamon",45.0,"1.0 packet (1 NLEA serving)",5.8,--,--,,
"""08231""","Cereals, QUAKER, Oat Bran, QUAKER/MOTHER'S Oat Bran, dry",40.0,"0.5 cup (1 NLEA serving)",5.7,--,--,,
"""08690""","Cereals, QUAKER, oatmeal, REAL MEDLEYS, apple walnut, dry",75.0,"1.0 package (1 NLEA serving)",5.2,--,--,,
"""08689""","Cereals, QUAKER, oatmeal, REAL MEDLEYS, blueberry hazelnut, dry",70.0,"1.0 package (1 NLEA serving)",5.4,--,--,,
"""08693""","Cereals, QUAKER, oatmeal, REAL MEDLEYS, cherry pistachio, dry",73.0,"1.0 package (1 NLEA serving)",5.2,--,--,,
"""08692""","Cereals, QUAKER, oatmeal, REAL MEDLEYS, peach almond, dry",75.0,"1.0 package (1 NLEA serving)",5.5,--,--,,
"""08691""","Cereals, QUAKER, oatmeal, REAL MEDLEYS, summer berry, dry",70.0,"1.0 package (1 NLEA serving)",6.0,--,--,,
"""08200""","Cereals, QUAKER, QUAKER MultiGrain Oatmeal, dry",40.0,"0.5 cup (1 NLEA serving)",4.8,--,73,,
"""08451""","Cereals, QUAKER, Quick Oats with Iron, Dry",40.0,"0.5 cup",3.8,--,--,,
"""08402""","Cereals, QUAKER, Quick Oats, Dry",40.0,"0.5 cup",3.8,--,72,,
"""08687""","Cereals, QUAKER, Weight Control Instant Oatmeal, banana bread",45.0,"1.0 packet (1 NLEA serving)",5.7,--,--,,
"""08686""","Cereals, QUAKER, Weight Control Instant Oatmeal, maple and brown sugar",45.0,"1.0 packet (1 NLEA serving)",5.8,--,--,,
"""08452""","Cereals, QUAKER, Whole Wheat Natural Cereal, dry",40.0,"0.5 cup",4.0,--,--,,
"""08673""","Cereals, ready-to-eat, MALT-O-MEAL, Blueberry Mini SPOONERS",55.0,"1.0 cup (1 NLEA serving)",5.7,--,--,,
"""08143""","Cereals, WHEATENA, cooked with water",243.0,"1.0 cup",6.6,--,--,,
"""08182""","Cereals, WHEATENA, cooked with water, with salt",243.0,"1.0 cup",4.9,--,109,,
"""08142""","Cereals, WHEATENA, dry",40.0,"0.33 cup (1 NLEA serving)",5.1,--,117,,
"""08183""","Cereals, whole wheat hot natural cereal, cooked with water, with salt",242.0,"1.0 cup",3.9,--,99,,
"""08145""","Cereals, whole wheat hot natural cereal, cooked with water, without salt",242.0,"1.0 cup",3.9,--,99,,
"""08144""","Cereals, whole wheat hot natural cereal, dry",94.0,"1.0 cup",8.9,--,213,,
"""08580""","Incaparina, dry mix (corn and soy flours), unprepared",8.9,"1.0 tbsp",0.9,--,--,,
"""43483""","Millet, puffed",21.0,"1.0 cup",0.6,--,0,,
