Source: USDA National Nutrient Database for Standard Reference Legacy Software v.3.9.4 2018-05-17
"Nutrients: 15:1 (g); Glutamic acid (g); Aspartic acid (g)"
"Food Groups: Breakfast Cereals"
Food Subset:All Foods
Ordered by:Food Name
Measured by:Household
Report Run at: 06-02-2018T14:16
NDB_NO,Description,Weight(g),Measure,"15:1"(g)Per Measure,"Glutamic acid"(g)Per Measure,"Aspartic acid"(g)Per Measure,
"""43218""","Cereals ready-to-eat, ALPEN",55.0,"0.67 cup (1 NLEA serving)",0.000,--,--,,
"""08478""","Cereals ready-to-eat, MALT-O-MEAL, GOLDEN PUFFS",27.0,"0.75 cup (1 NLEA serving)",0.000,0.593,0.072,,
"""08656""","Cereals ready-to-eat, NATURE'S PATH, Organic FLAX PLUS flakes",30.0,"0.75 cup (1 NLEA serving)",0.000,--,--,,
"""08061""","Cereals ready-to-eat, POST Raisin Bran Cereal",59.0,"1.0 cup (1 NLEA serving)",0.000,0.964,0.229,,
"""08038""","Cereals ready-to-eat, POST, GRAPE-NUTS Cereal",58.0,"0.5 cup (1 NLEA serving)",0.000,--,--,,
"""43570""","Cereals ready-to-eat, POST, HONEY BUNCHES OF OATS, honey roasted",30.0,"0.75 cup (1 NLEA serving)",0.000,0.567,0.144,,
"""42240""","Cereals ready-to-eat, POST, HONEY BUNCHES OF OATS, with almonds",32.0,"0.75 cup (1 NLEA serving)",0.000,--,--,,
"""08147""","Cereals ready-to-eat, POST, Shredded Wheat, original big biscuit",47.0,"2.0 biscuits (1 NLEA serving)",0.000,1.405,0.249,,
"""08505""","Cereals ready-to-eat, RALSTON Corn Biscuits",30.0,"1.0 cup (NLEA serving)",0.000,0.469,0.200,,
"""08506""","Cereals ready-to-eat, RALSTON Corn Flakes",28.0,"1.0 cup (1 NLEA serving)",0.000,0.426,0.180,,
"""08025""","Cereals ready-to-eat, RALSTON CRISP RICE",33.0,"1.0 cup (1 NLEA serving)",0.000,0.456,0.368,,
"""08507""","Cereals ready-to-eat, RALSTON Crispy Hexagons",29.0,"1.0 cup (1 NLEA serving)",0.000,0.404,0.255,,
"""08504""","Cereals ready-to-eat, RALSTON Enriched Wheat Bran flakes",29.0,"1.0 serving (NLEA serving size = 0.75 cup)",0.000,0.822,0.281,,
"""08074""","Cereals ready-to-eat, RALSTON TASTEEOS",28.0,"1.0 cup (1 NLEA serving)",0.000,0.659,0.413,,
"""08435""","Cereals ready-to-eat, UNCLE SAM CEREAL",55.0,"0.75 cup (1 NLEA serving)",0.000,--,--,,
"""43245""","Cereals ready-to-eat, wheat and bran, presweetened with nuts and fruits",55.0,"1.0 cup (1 NLEA serving)",0.000,--,--,,
"""08091""","Cereals, corn grits, white, regular and quick, enriched, cooked with water, without salt",257.0,"1.0 cup",0.000,0.838,0.252,,
"""08090""","Cereals, corn grits, white, regular and quick, enriched, dry",9.7,"1.0 tbsp",0.000,0.166,0.049,,
"""08164""","Cereals, corn grits, yellow, regular and quick, enriched, cooked with water, without salt",233.0,"1.0 cup",0.000,0.624,0.231,,
"""08578""","Cereals, CREAM OF WHEAT, 1 minute cook time, cooked with water, microwaved, without salt",237.0,"1.0 cup",0.000,2.771,0.396,,
"""08577""","Cereals, CREAM OF WHEAT, 1 minute cook time, cooked with water, stove-top, without salt",245.0,"1.0 cup",0.000,1.499,0.233,,
"""08576""","Cereals, CREAM OF WHEAT, 1 minute cook time, dry",33.0,"3.0 tablespoon (1 serving)",0.000,1.322,0.172,,
"""08575""","Cereals, CREAM OF WHEAT, 2 1/2 minute cook time, cooked with water, microwaved, without salt",231.0,"1.0 cup",0.000,1.726,0.238,,
"""08574""","Cereals, CREAM OF WHEAT, 2 1/2 minute cook time, cooked with water, stove-top, without salt",244.0,"1.0 cup",0.000,1.398,0.193,,
"""08573""","Cereals, CREAM OF WHEAT, 2 1/2 minute cook time, dry",33.0,"3.0 tablespoon (1 NLEA serving)",0.000,1.364,0.178,,
"""08105""","Cereals, farina, enriched, assorted brands including CREAM OF WHEAT, quick (1-3 minutes), cooked with water, without salt",240.0,"1.0 cup",0.000,1.812,0.257,,
"""08104""","Cereals, farina, enriched, assorted brands including CREAM OF WHEAT, quick (1-3 minutes), dry",11.0,"1.0 tbsp",0.000,0.453,0.059,,
"""08680""","Cereals, oats, instant, fortified, maple and brown sugar, dry",43.0,"1.0 packet",0.000,--,--,,
"""08122""","Cereals, oats, instant, fortified, plain, dry",28.0,"1.0 packet",0.000,0.764,0.326,,
"""08128""","Cereals, oats, instant, fortified, with cinnamon and spice, dry",45.0,"1.0 packet",0.000,--,--,,
"""08133""","Cereals, oats, instant, fortified, with raisins and spice, prepared with water",240.0,"1.0 cup",0.000,--,--,,
"""08092""","Cereals, QUAKER, corn grits, instant, plain, dry",29.0,"1.0 packet",0.000,--,--,,
"""08093""","Cereals, QUAKER, corn grits, instant, plain, prepared (microwaved or boiling water added), without salt",219.0,"1.0 cup",0.000,0.738,0.212,,
"""08410""","Cereals, QUAKER, Instant Oatmeal, Cinnamon-Spice, dry",43.0,"1.0 packet (1 NLEA serving)",0.000,--,--,,
"""08130""","Cereals, QUAKER, Instant Oatmeal, maple and brown sugar, dry",43.0,"1.0 packet",0.000,--,--,,
"""08436""","Cereals, QUAKER, Instant Oatmeal, Raisin and Spice, dry",43.0,"1.0 packet (1 NLEA serving)",0.000,--,--,,
