Source: USDA National Nutrient Database for Standard Reference Legacy Software v.3.9.4 2018-05-17
"Nutrients: Hydroxyproline (g); Protein (g); Lycopene (µg)"
"Food Groups: Breakfast Cereals"
Food Subset:All Foods
Ordered by:Food Name
Measured by:Household
Report Run at: 06-02-2018T14:16
NDB_NO,Description,Weight(g),Measure,"Hydroxyproline"(g)Per Measure,"Protein"(g)Per Measure,"Lycopene"(µg)Per Measure,
"""08037""","Cereals ready-to-eat, granola, homemade",122.0,"1.0 cup",--,16.68,0,,
"""08578""","Cereals, CREAM OF WHEAT, 1 minute cook time, cooked with water, microwaved, without salt",237.0,"1.0 cup",0.000,4.62,--,,
"""08577""","Cereals, CREAM OF WHEAT, 1 minute cook time, cooked with water, stove-top, without salt",245.0,"1.0 cup",0.000,4.04,--,,
"""08576""","Cereals, CREAM OF WHEAT, 1 minute cook time, dry",33.0,"3.0 tablespoon (1 serving)",0.000,3.88,--,,
"""08575""","Cereals, CREAM OF WHEAT, 2 1/2 minute cook time, cooked with water, microwaved, without salt",231.0,"1.0 cup",0.000,4.34,--,,
"""08574""","Cereals, CREAM OF WHEAT, 2 1/2 minute cook time, cooked with water, stove-top, without salt",244.0,"1.0 cup",0.000,3.51,--,,
"""08573""","Cereals, CREAM OF WHEAT, 2 1/2 minute cook time, dry",33.0,"3.0 tablespoon (1 NLEA serving)",0.000,3.83,--,,
"""08105""","Cereals, farina, enriched, assorted brands including CREAM OF WHEAT, quick (1-3 minutes), cooked with water, without salt",240.0,"1.0 cup",0.000,4.37,--,,
"""08104""","Cereals, farina, enriched, assorted brands including CREAM OF WHEAT, quick (1-3 minutes), dry",11.0,"1.0 tbsp",--,1.28,0,,
"""08580""","Incaparina, dry mix (corn and soy flours), unprepared",8.9,"1.0 tbsp",0.000,1.94,--,,
