Source: USDA National Nutrient Database for Standard Reference Legacy Software v.3.9.4 2018-05-17
"Nutrients: Niacin (mg); Copper, Cu (mg); 17:0 (g)"
"Food Groups: Breakfast Cereals"
Food Subset:All Foods
Ordered by:Food Name
Measured by:Household
Report Run at: 06-02-2018T14:16
NDB_NO,Description,Weight(g),Measure,"Niacin"(mg)Per Measure,"Copper, Cu"(mg)Per Measure,"17:0"(g)Per Measure,
"""43218""","Cereals ready-to-eat, ALPEN",55.0,"0.67 cup (1 NLEA serving)",1.166,0.165,0.000,,
"""08657""","Cereals ready-to-eat, BARBARA'S PUFFINS, original",27.0,"0.75 cup (1 NLEA serving)",0.513,0.081,--,,
"""08204""","Cereals ready-to-eat, chocolate-flavored frosted puffed corn",30.0,"1.0 cup",5.291,0.072,--,,
"""43241""","Cereals ready-to-eat, FAMILIA",122.0,"1.0 cup",2.196,0.497,--,,
"""42236""","Cereals ready-to-eat, frosted oat cereal with marshmallows",30.0,"0.75 cup (1 NLEA serving)",5.292,0.042,--,,
"""08013""","Cereals ready-to-eat, GENERAL MILLS, CHEERIOS",28.0,"1.0 cup (1 NLEA serving)",5.012,0.108,--,,
"""08037""","Cereals ready-to-eat, granola, homemade",122.0,"1.0 cup",3.342,0.789,--,,
"""08290""","Cereals ready-to-eat, HEALTH VALLEY, FIBER 7 Flakes",31.0,"0.75 cup (1 NLEA serving)",2.187,0.148,--,,
"""08493""","Cereals ready-to-eat, MALT-O-MEAL, Apple ZINGS",33.0,"1.0 cup (1 NLEA serving)",4.996,--,--,,
"""08347""","Cereals ready-to-eat, MALT-O-MEAL, BERRY COLOSSAL CRUNCH",30.0,"0.75 cup (1 NLEA serving)",5.001,0.036,--,,
"""08487""","Cereals ready-to-eat, MALT-O-MEAL, Blueberry MUFFIN TOPS Cereal",30.0,"0.75 cup (1 NLEA serving)",5.892,--,--,,
"""08672""","Cereals ready-to-eat, MALT-O-MEAL, CHOCOLATE MARSHMALLOW MATEYS",30.0,"0.75 cup (1 NLEA serving)",3.996,--,--,,
"""08494""","Cereals ready-to-eat, MALT-O-MEAL, CINNAMON TOASTERS",30.0,"0.75 cup (1 NLEA serving)",5.001,0.040,--,,
"""08206""","Cereals ready-to-eat, MALT-O-MEAL, COCO-ROOS",30.0,"0.75 cup (1 NLEA serving)",5.001,0.096,--,,
"""08495""","Cereals ready-to-eat, MALT-O-MEAL, Cocoa DYNO-BITES",29.0,"0.75 cup (1 NLEA serving)",4.997,0.047,--,,
"""08346""","Cereals ready-to-eat, MALT-O-MEAL, COLOSSAL CRUNCH",30.0,"0.75 cup (1 NLEA serving)",5.001,0.018,--,,
"""08083""","Cereals ready-to-eat, MALT-O-MEAL, CORN BURSTS",31.0,"1.0 cup (1 NLEA serving)",9.998,0.018,--,,
"""08348""","Cereals ready-to-eat, MALT-O-MEAL, Crispy Rice",33.0,"1.0 cup (1 NLEA serving)",4.996,0.080,--,,
"""08409""","Cereals ready-to-eat, MALT-O-MEAL, Frosted Flakes",31.0,"0.75 cup (1 NLEA serving)",4.997,0.037,--,,
"""08500""","Cereals ready-to-eat, MALT-O-MEAL, Frosted Mini SPOONERS",55.0,"1.0 cup (1 NLEA serving)",5.000,0.200,--,,
"""08501""","Cereals ready-to-eat, MALT-O-MEAL, Fruity DYNO-BITES",27.0,"0.75 cup",7.155,0.035,--,,
"""08478""","Cereals ready-to-eat, MALT-O-MEAL, GOLDEN PUFFS",27.0,"0.75 cup (1 NLEA serving)",6.795,0.080,0.000,,
"""08476""","Cereals ready-to-eat, MALT-O-MEAL, Honey BUZZERS",29.0,"1.0 cup",5.000,--,--,,
"""08481""","Cereals ready-to-eat, MALT-O-MEAL, HONEY GRAHAM SQUARES",30.0,"0.75 cup (1 NLEA serving)",5.691,--,--,,
"""08676""","Cereals ready-to-eat, MALT-O-MEAL, Honey Nut SCOOTERS",30.0,"1.0 cup (1 NLEA serving)",5.001,--,--,,
"""08138""","Cereals ready-to-eat, MALT-O-MEAL, MARSHMALLOW MATEYS",30.0,"1.0 cup",5.001,0.061,--,,
"""08674""","Cereals ready-to-eat, MALT-O-MEAL, OAT BLENDERS with honey",30.0,"0.75 cup (1 NLEA serving)",5.001,--,--,,
"""08675""","Cereals ready-to-eat, MALT-O-MEAL, OAT BLENDERS with honey  &  almonds",30.0,"0.75 cup (1 NLEA serving)",7.053,--,--,,
"""08484""","Cereals ready-to-eat, MALT-O-MEAL, Raisin Bran Cereal",59.0,"1.0 cup (1 NLEA serving)",4.997,0.300,--,,
"""08349""","Cereals ready-to-eat, MALT-O-MEAL, TOOTIE FRUITIES",32.0,"1.0 cup (1 NLEA serving)",5.002,0.020,--,,
"""08491""","Cereals ready-to-eat, MOM'S BEST, Honey Nut TOASTY O'S",30.0,"1.0 cup (1 NLEA serving)",0.399,--,--,,
"""08709""","Cereals ready-to-eat, MOM'S BEST, Sweetened WHEAT-FULS",55.0,"1.0 cup (1 NLEA serving)",2.992,--,--,,
"""08656""","Cereals ready-to-eat, NATURE'S PATH, Organic FLAX PLUS flakes",30.0,"0.75 cup (1 NLEA serving)",0.066,0.027,0.000,,
"""08571""","Cereals ready-to-eat, NATURE'S PATH, Organic FLAX PLUS, Pumpkin Granola",55.0,"0.75 cup (1 NLEA serving)",0.110,0.044,--,,
"""43495""","Cereals ready-to-eat, OAT BRAN FLAKES, HEALTH VALLEY",50.0,"1.0 cup (1 NLEA serving)",5.000,0.160,--,,
"""08029""","Cereals ready-to-eat, POST Bran Flakes",30.0,"0.75 cup (1 NLEA serving)",5.010,0.150,--,,
"""42297""","Cereals ready-to-eat, POST GREAT GRAINS Banana Nut Crunch",59.0,"1.0 cup (1 NLEA serving)",5.015,0.212,--,,
"""08544""","Cereals ready-to-eat, POST GREAT GRAINS Cranberry Almond Crunch",48.0,"0.75 cup (1 NLEA serving)",4.992,0.144,0.000,,
"""08665""","Cereals ready-to-eat, POST HONEY BUNCHES OF OATS with cinnamon bunches",30.0,"0.75 cup (1 NLEA serving)",5.010,0.060,--,,
"""08061""","Cereals ready-to-eat, POST Raisin Bran Cereal",59.0,"1.0 cup (1 NLEA serving)",5.015,0.236,0.000,,
"""08192""","Cereals ready-to-eat, POST SELECTS Blueberry Morning",55.0,"1.0 cup (1 NLEA serving)",5.005,0.110,--,,
"""08554""","Cereals ready-to-eat, POST SELECTS Maple Pecan Crunch",52.0,"0.75 cup (1 NLEA serving)",4.992,0.156,0.000,,
"""08002""","Cereals ready-to-eat, POST, ALPHA-BITS",30.0,"1.0 cup (1 NLEA serving for adults)",5.010,0.090,--,,
"""08015""","Cereals ready-to-eat, POST, COCOA PEBBLES",29.0,"0.75 cup (1 NLEA serving)",4.988,0.087,--,,
"""08034""","Cereals ready-to-eat, POST, FRUITY PEBBLES",27.0,"0.75 cup (1 NLEA serving)",5.000,0.038,--,,
"""08073""","Cereals ready-to-eat, POST, GOLDEN CRISP",27.0,"0.75 cup (1 NLEA serving)",4.995,0.054,0.000,,
"""08038""","Cereals ready-to-eat, POST, GRAPE-NUTS Cereal",58.0,"0.5 cup (1 NLEA serving)",5.000,0.197,0.000,,
"""08039""","Cereals ready-to-eat, POST, GRAPE-NUTS Flakes",29.0,"0.75 cup (1 NLEA serving)",4.988,0.087,--,,
"""42261""","Cereals ready-to-eat, POST, GREAT GRAINS Crunchy Pecan Cereal",52.0,"0.75 cup (1 NLEA serving)",4.992,0.208,--,,
"""42265""","Cereals ready-to-eat, POST, GREAT GRAINS, Raisin, Date  &  Pecan",55.0,"0.75 cup (1 NLEA serving)",5.005,0.220,--,,
"""08633""","Cereals ready-to-eat, POST, HONEY BUNCHES OF OATS with vanilla bunches",56.0,"1.0 cup (1 NLEA serving)",4.984,0.168,--,,
"""43570""","Cereals ready-to-eat, POST, HONEY BUNCHES OF OATS, honey roasted",30.0,"0.75 cup (1 NLEA serving)",5.340,0.177,0.001,,
"""08655""","Cereals ready-to-eat, POST, HONEY BUNCHES OF OATS, pecan bunches",29.0,"0.75 cup (1 NLEA serving)",4.988,0.041,--,,
"""42240""","Cereals ready-to-eat, POST, HONEY BUNCHES OF OATS, with almonds",32.0,"0.75 cup (1 NLEA serving)",4.992,0.064,0.000,,
"""08662""","Cereals ready-to-eat, POST, HONEY BUNCHES OF OATS, with real strawberries",31.0,"0.75 cup (1 NLEA serving)",4.991,0.062,--,,
"""08081""","Cereals ready-to-eat, POST, Honey Nut Shredded Wheat",59.0,"1.0 cup (1 NLEA serving)",5.015,0.177,--,,
"""08046""","Cereals ready-to-eat, POST, Honeycomb Cereal",32.0,"1.0 cup (1 NLEA serving)",4.998,0.042,--,,
"""43393""","Cereals ready-to-eat, POST, Shredded Wheat n' Bran, spoon-size",59.0,"1.0 cup (1 NLEA serving)",3.068,0.000,--,,
"""08191""","Cereals ready-to-eat, POST, Shredded Wheat, lightly frosted, spoon-size",52.0,"1.0 cup (1 NLEA serving)",5.002,0.090,--,,
"""08147""","Cereals ready-to-eat, POST, Shredded Wheat, original big biscuit",47.0,"2.0 biscuits (1 NLEA serving)",2.942,0.179,0.000,,
"""08148""","Cereals ready-to-eat, POST, Shredded Wheat, original spoon-size",49.0,"1.0 cup (1 NLEA serving)",2.764,0.164,--,,
"""08305""","Cereals ready-to-eat, Post, Waffle Crisp",30.0,"1.0 cup (1 NLEA serving)",5.010,0.060,--,,
"""08632""","Cereals ready-to-eat, QUAKER Oatmeal Squares, Golden Maple",56.0,"1.0 cup (1 NLEA serving)",5.365,--,--,,
"""08685""","Cereals ready-to-eat, QUAKER WHOLE HEARTS oat cereal",28.0,"0.75 cup (1 NLEA serving)",4.439,--,--,,
"""08054""","Cereals ready-to-eat, QUAKER, 100% Natural Granola, Oats, Wheat and Honey",48.0,"0.5 cup (1 NLEA serving)",1.108,0.150,--,,
"""08010""","Cereals ready-to-eat, QUAKER, CAP'N CRUNCH",27.0,"0.75 cup (1 NLEA serving)",5.796,0.030,--,,
"""08011""","Cereals ready-to-eat, QUAKER, CAP'N CRUNCH with CRUNCHBERRIES",26.0,"0.75 cup (1 NLEA serving)",5.395,0.031,--,,
"""08625""","Cereals ready-to-eat, QUAKER, CAP'N CRUNCH'S Halloween Crunch",26.0,"0.75 cup (1 NLEA serving)",5.346,--,--,,
"""08629""","Cereals ready-to-eat, QUAKER, Cap'n Crunch's OOPS! All Berries Cereal",32.0,"1.0 cup (1 NLEA serving)",7.668,--,--,,
"""08012""","Cereals ready-to-eat, QUAKER, CAP'N CRUNCH'S PEANUT BUTTER CRUNCH",27.0,"0.75 cup (1 NLEA serving)",5.497,0.030,--,,
"""08550""","Cereals ready-to-eat, QUAKER, Christmas Crunch",26.0,"0.75 cup (1 NLEA serving)",5.651,0.039,--,,
"""08211""","Cereals ready-to-eat, QUAKER, HONEY GRAHAM OH!S",27.0,"0.75 cup (1 NLEA serving)",1.170,0.024,--,,
"""08047""","Cereals ready-to-eat, QUAKER, KING VITAMAN",31.0,"1.0 cup (1 NLEA serving)",5.221,0.028,--,,
"""08220""","Cereals ready-to-eat, QUAKER, Low Fat 100% Natural Granola with Raisins",55.0,"0.66 cup (1 NLEA serving)",1.304,0.146,--,,
"""08628""","Cereals ready-to-eat, QUAKER, Maple Brown Sugar LIFE Cereal",32.0,"0.75 cup (1 NLEA serving)",5.719,--,--,,
"""08353""","Cereals ready-to-eat, QUAKER, MOTHER'S Cinnamon Oat Crunch",60.0,"1.0 cup (1 NLEA serving)",1.134,--,--,,
"""08355""","Cereals ready-to-eat, QUAKER, MOTHER'S COCOA BUMPERS",33.0,"1.0 cup (1 NLEA serving)",0.350,--,--,,
"""08354""","Cereals ready-to-eat, QUAKER, MOTHER'S GRAHAM BUMPERS",28.0,"0.75 cup (1 NLEA serving)",0.314,--,--,,
"""08351""","Cereals ready-to-eat, QUAKER, MOTHER'S PEANUT BUTTER BUMPERS Cereal",33.0,"1.0 cup (1 NLEA serving)",0.891,--,--,,
"""08352""","Cereals ready-to-eat, QUAKER, MOTHER'S Toasted Oat Bran cereal",32.0,"0.75 cup (1 NLEA serving)",0.576,--,--,,
"""08627""","Cereals ready-to-eat, QUAKER, Natural Granola Apple Cranberry Almond",49.0,"0.5 cup (1 NLEA serving)",0.970,--,--,,
"""08214""","Cereals ready-to-eat, QUAKER, Oatmeal Squares",56.0,"1.0 cup (1 NLEA serving)",5.359,0.265,--,,
"""08215""","Cereals ready-to-eat, QUAKER, Oatmeal Squares, cinnamon",56.0,"1.0 cup (1 NLEA serving)",5.326,0.257,--,,
"""08218""","Cereals ready-to-eat, QUAKER, QUAKER 100% Natural Granola with Oats, Wheat, Honey, and Raisins",51.0,"0.5 cup (1 NLEA serving)",1.081,0.162,--,,
"""08018""","Cereals ready-to-eat, QUAKER, QUAKER CRUNCHY BRAN",27.0,"0.75 cup (1 NLEA serving)",5.505,0.032,--,,
"""08549""","Cereals ready-to-eat, QUAKER, QUAKER Honey Graham LIFE Cereal",32.0,"0.75 cup (1 NLEA serving)",5.893,--,--,,
"""08210""","Cereals ready-to-eat, QUAKER, QUAKER OAT CINNAMON LIFE",32.0,"0.75 cup (1 NLEA serving)",5.830,--,--,,
"""08049""","Cereals ready-to-eat, QUAKER, QUAKER OAT LIFE, plain",32.0,"0.75 cup (1 NLEA serving)",5.498,0.089,--,,
"""08066""","Cereals ready-to-eat, QUAKER, QUAKER Puffed Rice",14.0,"0.75 cup (1 NLEA serving)",0.493,0.033,--,,
"""08146""","Cereals ready-to-eat, QUAKER, QUAKER Puffed Wheat",15.0,"1.0 cup (1 NLEA serving)",0.793,0.068,--,,
"""08365""","Cereals ready-to-eat, QUAKER, Shredded Wheat, bagged cereal",63.0,"3.0 biscuits (1 NLEA serving)",3.301,--,--,,
"""08059""","Cereals ready-to-eat, QUAKER, SWEET CRUNCH/QUISP",27.0,"1.0 cup (1 NLEA serving)",5.503,0.019,--,,
"""08216""","Cereals ready-to-eat, QUAKER, Toasted Multigrain Crisps",57.0,"1.0 cup (1 NLEA serving)",5.575,0.181,--,,
"""08505""","Cereals ready-to-eat, RALSTON Corn Biscuits",30.0,"1.0 cup (NLEA serving)",6.550,0.022,0.000,,
"""08506""","Cereals ready-to-eat, RALSTON Corn Flakes",28.0,"1.0 cup (1 NLEA serving)",5.889,0.021,0.000,,
"""08025""","Cereals ready-to-eat, RALSTON CRISP RICE",33.0,"1.0 cup (1 NLEA serving)",9.559,0.049,0.000,,
"""08507""","Cereals ready-to-eat, RALSTON Crispy Hexagons",29.0,"1.0 cup (1 NLEA serving)",7.000,0.038,0.000,,
"""08504""","Cereals ready-to-eat, RALSTON Enriched Wheat Bran flakes",29.0,"1.0 serving (NLEA serving size = 0.75 cup)",26.264,0.100,0.000,,
"""08074""","Cereals ready-to-eat, RALSTON TASTEEOS",28.0,"1.0 cup (1 NLEA serving)",5.000,0.120,0.000,,
"""08156""","Cereals ready-to-eat, rice, puffed, fortified",14.0,"1.0 cup",4.942,0.024,--,,
"""08085""","Cereals ready-to-eat, SUN COUNTRY, KRETSCHMER Honey Crunch Wheat Germ",14.0,"2.0 tbsp (1 NLEA serving)",0.662,0.101,--,,
"""08363""","Cereals ready-to-eat, SUN COUNTRY, KRETSCHMER Toasted Wheat Bran",16.0,"0.25 cup (1 NLEA serving)",3.299,0.174,--,,
"""08366""","Cereals ready-to-eat, SUN COUNTRY, KRETSCHMER Wheat Germ, Regular",14.0,"2.0 tbsp (1 NLEA serving)",0.781,0.087,--,,
"""08435""","Cereals ready-to-eat, UNCLE SAM CEREAL",55.0,"0.75 cup (1 NLEA serving)",2.642,0.414,0.000,,
"""42237""","Cereals ready-to-eat, WEETABIX whole grain cereal",35.0,"2.0 biscuits (1 NLEA serving)",2.000,0.218,--,,
"""43245""","Cereals ready-to-eat, wheat and bran, presweetened with nuts and fruits",55.0,"1.0 cup (1 NLEA serving)",5.000,0.260,0.000,,
"""08084""","Cereals ready-to-eat, wheat germ, toasted, plain",28.35,"1.0 oz",1.585,0.176,--,,
"""08157""","Cereals ready-to-eat, wheat, puffed, fortified",12.0,"1.0 cup",4.236,0.049,--,,
"""08161""","Cereals, corn grits, white, regular and quick, enriched, cooked with water, with salt",257.0,"1.0 cup",2.053,0.000,--,,
"""08091""","Cereals, corn grits, white, regular and quick, enriched, cooked with water, without salt",257.0,"1.0 cup",2.053,0.000,--,,
"""08090""","Cereals, corn grits, white, regular and quick, enriched, dry",9.7,"1.0 tbsp",0.433,0.003,0.000,,
"""08164""","Cereals, corn grits, yellow, regular and quick, enriched, cooked with water, without salt",233.0,"1.0 cup",1.775,0.000,--,,
"""08160""","Cereals, corn grits, yellow, regular and quick, unenriched, dry",9.7,"1.0 tbsp",0.116,0.007,--,,
"""08165""","Cereals, corn grits, yellow, regular, quick, enriched, cooked with water, with salt",233.0,"1.0 cup",1.775,0.000,--,,
"""08168""","Cereals, CREAM OF RICE, cooked with water, with salt",244.0,"1.0 cup",2.535,0.083,--,,
"""08100""","Cereals, CREAM OF RICE, dry",45.0,"0.25 cup (1 NLEA serving)",3.357,0.110,--,,
"""08578""","Cereals, CREAM OF WHEAT, 1 minute cook time, cooked with water, microwaved, without salt",237.0,"1.0 cup",1.943,0.104,0.000,,
"""08577""","Cereals, CREAM OF WHEAT, 1 minute cook time, cooked with water, stove-top, without salt",245.0,"1.0 cup",2.063,0.103,0.000,,
"""08576""","Cereals, CREAM OF WHEAT, 1 minute cook time, dry",33.0,"3.0 tablespoon (1 serving)",2.005,0.070,0.000,,
"""08575""","Cereals, CREAM OF WHEAT, 2 1/2 minute cook time, cooked with water, microwaved, without salt",231.0,"1.0 cup",1.652,0.120,0.000,,
"""08574""","Cereals, CREAM OF WHEAT, 2 1/2 minute cook time, cooked with water, stove-top, without salt",244.0,"1.0 cup",1.959,0.088,0.000,,
"""08573""","Cereals, CREAM OF WHEAT, 2 1/2 minute cook time, dry",33.0,"3.0 tablespoon (1 NLEA serving)",2.797,0.068,0.001,,
"""08106""","Cereals, CREAM OF WHEAT, instant, dry",11.5,"1.0 tbsp",2.054,0.025,--,,
"""08107""","Cereals, CREAM OF WHEAT, instant, prepared with water, without salt",241.0,"1.0 cup",7.454,0.104,--,,
"""08169""","Cereals, CREAM OF WHEAT, regular (10 minute), cooked with water, with salt",251.0,"1.0 cup (1 serving)",1.468,0.103,--,,
"""08103""","Cereals, CREAM OF WHEAT, regular (10 minute), cooked with water, without salt",251.0,"1.0 cup (1 serving)",1.305,0.100,--,,
"""08102""","Cereals, CREAM OF WHEAT, regular, 10 minute cooking, dry",10.6,"1.0 tbsp",0.445,0.022,--,,
"""08105""","Cereals, farina, enriched, assorted brands including CREAM OF WHEAT, quick (1-3 minutes), cooked with water, without salt",240.0,"1.0 cup",3.583,0.098,0.000,,
"""08104""","Cereals, farina, enriched, assorted brands including CREAM OF WHEAT, quick (1-3 minutes), dry",11.0,"1.0 tbsp",1.507,0.022,0.000,,
"""08173""","Cereals, farina, enriched, cooked with water, with salt",233.0,"1.0 cup",3.479,0.096,--,,
"""08172""","Cereals, farina, unenriched, dry",10.9,"1.0 tbsp",0.076,0.009,--,,
"""08177""","Cereals, MALT-O-MEAL, chocolate, dry",35.0,"3.0 tbsp (1 NLEA serving)",7.108,0.028,--,,
"""08512""","Cereals, MALT-O-MEAL, chocolate, prepared with water, without salt",268.0,"1.0 serving (3 T dry cereal plus 1 cup water)",7.102,--,--,,
"""08488""","Cereals, MALT-O-MEAL, Farina Hot Wheat Cereal, dry",35.0,"3.0 tbsp (1 NLEA serving)",6.919,--,--,,
"""08489""","Cereals, MALT-O-MEAL, Maple  &  Brown Sugar Hot Wheat Cereal, dry",45.0,"0.25 cup (1 NLEA serving)",7.704,--,--,,
"""08116""","Cereals, MALT-O-MEAL, original, plain, dry",35.0,"3.0 tbsp (1 NLEA serving)",4.998,0.037,--,,
"""08511""","Cereals, MALT-O-MEAL, original, plain, prepared with water, without salt",268.0,"1.0 serving (3 T dry cereal plus 1 cup water)",5.012,--,--,,
"""08680""","Cereals, oats, instant, fortified, maple and brown sugar, dry",43.0,"1.0 packet",5.048,0.103,0.001,,
"""08122""","Cereals, oats, instant, fortified, plain, dry",28.0,"1.0 packet",0.290,0.101,0.001,,
"""08123""","Cereals, oats, instant, fortified, plain, prepared with water (boiling water added or microwaved)",234.0,"1.0 cup, cooked",7.079,0.154,0.002,,
"""08128""","Cereals, oats, instant, fortified, with cinnamon and spice, dry",45.0,"1.0 packet",4.098,0.136,0.001,,
"""08129""","Cereals, oats, instant, fortified, with cinnamon and spice, prepared with water",240.0,"1.0 cup",5.172,0.197,--,,
"""08133""","Cereals, oats, instant, fortified, with raisins and spice, prepared with water",240.0,"1.0 cup",5.623,0.178,0.002,,
"""08180""","Cereals, oats, regular and quick and instant, unenriched, cooked with water (includes boiling and microwaving), with salt",234.0,"1.0 cup",0.526,0.173,--,,
"""08120""","Cereals, oats, regular and quick, not fortified, dry",81.0,"1.0 cup",0.911,0.317,--,,
"""08121""","Cereals, oats, regular and quick, unenriched, cooked with water (includes boiling and microwaving), without salt",234.0,"1.0 cup",0.526,0.173,0.002,,
"""08094""","Cereals, QUAKER, corn grits, instant, cheddar cheese flavor, dry",28.0,"1.0 packet (1 NLEA serving)",2.212,0.009,--,,
"""08092""","Cereals, QUAKER, corn grits, instant, plain, dry",29.0,"1.0 packet",2.611,0.009,0.000,,
"""08093""","Cereals, QUAKER, corn grits, instant, plain, prepared (microwaved or boiling water added), without salt",219.0,"1.0 cup",3.662,0.000,--,,
"""08314""","Cereals, QUAKER, hominy grits, white, quick, dry",37.0,"0.25 cup",1.968,--,--,,
"""08316""","Cereals, QUAKER, hominy grits, white, regular, dry",41.0,"0.25 cup (1 NLEA serving)",2.181,--,--,,
"""08449""","Cereals, QUAKER, Instant Grits Product with American Cheese Flavor, dry",28.0,"1.0 packet (1 NLEA serving)",2.279,--,--,,
"""08221""","Cereals, QUAKER, Instant Grits, Butter flavor, dry",28.0,"1.0 packet (1 NLEA serving)",2.366,--,--,,
"""08096""","Cereals, QUAKER, Instant Grits, Country Bacon flavor, dry",28.0,"1.0 packet (1 NLEA serving)",2.344,--,--,,
"""08450""","Cereals, QUAKER, Instant Grits, Ham 'n' Cheese flavor, dry",28.0,"1.0 packet (1 NLEA serving)",2.316,--,--,,
"""08444""","Cereals, QUAKER, Instant Grits, Redeye Gravy  &  Country Ham flavor, dry",28.0,"1.0 packet (1 NLEA serving)",2.512,--,--,,
"""08640""","Cereals, QUAKER, Instant Oatmeal Organic, Regular",41.0,"1.0 packet",0.320,--,--,,
"""08642""","Cereals, QUAKER, Instant Oatmeal, Apple and Cinnamon, reduced sugar",31.0,"1.0 packet (1 NLEA serving)",4.400,--,--,,
"""08124""","Cereals, QUAKER, Instant Oatmeal, apples and cinnamon, dry",43.0,"1.0 packet (1 NLEA serving)",5.250,--,--,,
"""08417""","Cereals, QUAKER, Instant Oatmeal, Banana Bread, dry",41.0,"1.0 packet (1 NLEA serving)",4.637,--,--,,
"""08639""","Cereals, QUAKER, Instant Oatmeal, Cinnamon Spice, reduced sugar",34.0,"1.0 packet (1 NLEA serving)",4.634,--,--,,
"""08688""","Cereals, QUAKER, Instant Oatmeal, Cinnamon Swirl, high fiber",45.0,"1.0 packet (1 NLEA serving)",5.602,--,--,,
"""08410""","Cereals, QUAKER, Instant Oatmeal, Cinnamon-Spice, dry",43.0,"1.0 packet (1 NLEA serving)",3.956,0.148,0.001,,
"""08411""","Cereals, QUAKER, Instant Oatmeal, DINOSAUR EGGS, Brown Sugar, dry",50.0,"1.0 packet (1 NLEA serving)",4.395,--,--,,
"""08225""","Cereals, QUAKER, Instant Oatmeal, fruit and cream variety, dry",35.0,"1.0 packet",4.399,0.098,--,,
"""08641""","Cereals, QUAKER, Instant Oatmeal, fruit and cream, variety of flavors, reduced sugar",33.0,"1.0 packet",2.998,--,--,,
"""08130""","Cereals, QUAKER, Instant Oatmeal, maple and brown sugar, dry",43.0,"1.0 packet",4.587,0.101,0.001,,
"""08436""","Cereals, QUAKER, Instant Oatmeal, Raisin and Spice, dry",43.0,"1.0 packet (1 NLEA serving)",4.502,0.137,0.001,,
"""08228""","Cereals, QUAKER, Instant Oatmeal, raisins, dates and walnuts, dry",37.0,"1.0 packet",4.428,0.135,--,,
"""08694""","Cereals, QUAKER, Instant Oatmeal, weight control, cinnamon",45.0,"1.0 packet (1 NLEA serving)",4.892,--,--,,
"""08231""","Cereals, QUAKER, Oat Bran, QUAKER/MOTHER'S Oat Bran, dry",40.0,"0.5 cup (1 NLEA serving)",0.320,0.120,--,,
"""08690""","Cereals, QUAKER, oatmeal, REAL MEDLEYS, apple walnut, dry",75.0,"1.0 package (1 NLEA serving)",0.817,--,--,,
"""08689""","Cereals, QUAKER, oatmeal, REAL MEDLEYS, blueberry hazelnut, dry",70.0,"1.0 package (1 NLEA serving)",1.090,--,--,,
"""08693""","Cereals, QUAKER, oatmeal, REAL MEDLEYS, cherry pistachio, dry",73.0,"1.0 package (1 NLEA serving)",0.971,--,--,,
"""08692""","Cereals, QUAKER, oatmeal, REAL MEDLEYS, peach almond, dry",75.0,"1.0 package (1 NLEA serving)",1.403,--,--,,
"""08691""","Cereals, QUAKER, oatmeal, REAL MEDLEYS, summer berry, dry",70.0,"1.0 package (1 NLEA serving)",1.181,--,--,,
"""08200""","Cereals, QUAKER, QUAKER MultiGrain Oatmeal, dry",40.0,"0.5 cup (1 NLEA serving)",1.592,0.144,--,,
"""08451""","Cereals, QUAKER, Quick Oats with Iron, Dry",40.0,"0.5 cup",0.329,--,--,,
"""08402""","Cereals, QUAKER, Quick Oats, Dry",40.0,"0.5 cup",0.328,0.148,--,,
"""08687""","Cereals, QUAKER, Weight Control Instant Oatmeal, banana bread",45.0,"1.0 packet (1 NLEA serving)",4.580,--,--,,
"""08686""","Cereals, QUAKER, Weight Control Instant Oatmeal, maple and brown sugar",45.0,"1.0 packet (1 NLEA serving)",4.701,--,--,,
"""08452""","Cereals, QUAKER, Whole Wheat Natural Cereal, dry",40.0,"0.5 cup",2.040,--,--,,
"""08673""","Cereals, ready-to-eat, MALT-O-MEAL, Blueberry Mini SPOONERS",55.0,"1.0 cup (1 NLEA serving)",7.733,--,--,,
"""08143""","Cereals, WHEATENA, cooked with water",243.0,"1.0 cup",1.337,0.126,--,,
"""08182""","Cereals, WHEATENA, cooked with water, with salt",243.0,"1.0 cup",1.327,0.139,--,,
"""08142""","Cereals, WHEATENA, dry",40.0,"0.33 cup (1 NLEA serving)",1.408,0.132,--,,
"""08183""","Cereals, whole wheat hot natural cereal, cooked with water, with salt",242.0,"1.0 cup",2.154,0.201,--,,
"""08145""","Cereals, whole wheat hot natural cereal, cooked with water, without salt",242.0,"1.0 cup",2.154,0.201,--,,
"""08144""","Cereals, whole wheat hot natural cereal, dry",94.0,"1.0 cup",4.606,0.431,--,,
"""08580""","Incaparina, dry mix (corn and soy flours), unprepared",8.9,"1.0 tbsp",2.403,0.054,--,,
"""43483""","Millet, puffed",21.0,"1.0 cup",0.928,0.147,--,,
