Source: USDA National Nutrient Database for Standard Reference Legacy Software v.3.9.4 2018-05-17
"Nutrients: Arginine (g); Vitamin D2 (ergocalciferol) (µg); 10:0 (g)"
"Food Groups: Cereal Grains and Pasta"
Food Subset:All Foods
Ordered by:Food Name
Measured by:Household
Report Run at: 06-02-2018T14:21
NDB_NO,Description,Weight(g),Measure,"Arginine"(g)Per Measure,"Vitamin D2 (ergocalciferol)"(µg)Per Measure,"10:0"(g)Per Measure,
"""20001""","Amaranth grain, uncooked",193.0,"1.0 cup",2.046,--,0.000,,
"""20003""","Arrowroot flour",128.0,"1.0 cup",0.015,--,--,,
"""20130""","Barley flour or meal",148.0,"1.0 cup",0.778,--,0.000,,
"""20131""","Barley malt flour",162.0,"1.0 cup",1.354,--,0.000,,
"""20004""","Barley, hulled",184.0,"1.0 cup",1.150,--,0.000,,
"""20006""","Barley, pearled, cooked",157.0,"1.0 cup",0.177,--,0.000,,
"""20005""","Barley, pearled, raw",200.0,"1.0 cup",0.992,--,0.000,,
"""20008""","Buckwheat",170.0,"1.0 cup",1.669,--,0.031,,
"""20011""","Buckwheat flour, whole-groat",120.0,"1.0 cup",1.122,--,0.019,,
"""20010""","Buckwheat groats, roasted, cooked",168.0,"1.0 cup",0.420,--,0.005,,
"""20009""","Buckwheat groats, roasted, dry",164.0,"1.0 cup",1.425,--,0.023,,
"""20013""","Bulgur, cooked",182.0,"1.0 cup",0.262,--,0.000,,
"""20012""","Bulgur, dry",140.0,"1.0 cup",0.805,--,0.000,,
"""20017""","Corn flour, masa, enriched, white",114.0,"1.0 cup",0.427,--,0.000,,
"""20019""","Corn flour, masa, unenriched, white",114.0,"1.0 cup",0.427,--,0.000,,
"""20316""","Corn flour, whole-grain, white",117.0,"1.0 cup",0.404,--,0.000,,
"""20016""","Corn flour, whole-grain, yellow",117.0,"1.0 cup",0.404,--,0.000,,
"""20317""","Corn flour, yellow, masa, enriched",114.0,"1.0 cup",0.427,--,--,,
"""20314""","Corn grain, white",166.0,"1.0 cup",0.780,--,--,,
"""20014""","Corn grain, yellow",166.0,"1.0 cup",0.780,--,--,,
"""20322""","Cornmeal, degermed, enriched, white",157.0,"1.0 cup",0.375,--,0.000,,
"""20022""","Cornmeal, degermed, enriched, yellow",157.0,"1.0 cup",0.375,--,0.000,,
"""20522""","Cornmeal, degermed, unenriched, white",157.0,"1.0 cup",0.375,--,0.000,,
"""20422""","Cornmeal, degermed, unenriched, yellow",157.0,"1.0 cup",0.375,--,0.000,,
"""20323""","Cornmeal, white, self-rising, bolted, plain, enriched",122.0,"1.0 cup",0.504,--,--,,
"""20324""","Cornmeal, white, self-rising, bolted, with wheat flour added, enriched",170.0,"1.0 cup",0.697,--,--,,
"""20320""","Cornmeal, whole-grain, white",122.0,"1.0 cup",0.494,--,0.000,,
"""20020""","Cornmeal, whole-grain, yellow",122.0,"1.0 cup",0.494,--,0.000,,
"""20023""","Cornmeal, yellow, self-rising, bolted, plain, enriched",122.0,"1.0 cup",0.504,--,--,,
"""20024""","Cornmeal, yellow, self-rising, bolted, with wheat flour added, enriched",170.0,"1.0 cup",0.697,--,--,,
"""20027""","Cornstarch",128.0,"1.0 cup",0.015,--,0.000,,
"""20029""","Couscous, cooked",157.0,"1.0 cup, cooked",0.220,--,0.000,,
"""20028""","Couscous, dry",173.0,"1.0 cup",0.813,--,--,,
"""20030""","Hominy, canned, white",165.0,"1.0 cup",0.112,--,0.000,,
"""20330""","Hominy, canned, yellow",160.0,"1.0 cup",0.109,--,--,,
"""20106""","Macaroni, vegetable, enriched, cooked",134.0,"1.0 cup spiral shaped",0.225,--,0.000,,
"""20105""","Macaroni, vegetable, enriched, dry",84.0,"1.0 cup spiral shaped",0.409,--,--,,
"""20647""","Millet flour",119.0,"1.0 cup",0.440,--,0.010,,
"""20032""","Millet, cooked",174.0,"1.0 cup",0.212,--,0.000,,
"""20031""","Millet, raw",200.0,"1.0 cup",0.764,--,--,,
"""20310""","Noodles, egg, cooked, enriched, with added salt",160.0,"1.0 cup",0.307,--,--,,
"""20510""","Noodles, egg, cooked, unenriched, with added salt",160.0,"1.0 cup",0.307,--,--,,
"""20109""","Noodles, egg, dry, enriched",38.0,"1.0 cup",0.228,--,0.000,,
"""20409""","Noodles, egg, dry, unenriched",38.0,"1.0 cup",0.228,--,0.000,,
"""20110""","Noodles, egg, enriched, cooked",160.0,"1.0 cup",0.307,--,0.000,,
"""20112""","Noodles, egg, spinach, enriched, cooked",160.0,"1.0 cup",0.344,--,0.000,,
"""20111""","Noodles, egg, spinach, enriched, dry",38.0,"1.0 cup",0.237,--,--,,
"""20410""","Noodles, egg, unenriched, cooked, without added salt",160.0,"1.0 cup",0.307,--,0.000,,
"""20115""","Noodles, japanese, soba, cooked",114.0,"1.0 cup",0.361,--,0.000,,
"""20114""","Noodles, japanese, soba, dry",57.0,"2.0 oz",0.512,--,0.002,,
"""20117""","Noodles, japanese, somen, cooked",176.0,"1.0 cup",0.260,--,--,,
"""20116""","Noodles, japanese, somen, dry",57.0,"2.0 oz",0.238,--,0.000,,
"""20034""","Oat bran, cooked",219.0,"1.0 cup",0.480,--,--,,
"""20033""","Oat bran, raw",94.0,"1.0 cup",1.202,--,0.000,,
"""20038""","Oats (Includes foods for USDA's Food Distribution Program)",156.0,"1.0 cup",1.860,--,--,,
"""20321""","Pasta, cooked, enriched, with added salt",124.0,"1.0 cup spaghetti not packed",0.258,--,0.000,,
"""20121""","Pasta, cooked, enriched, without added salt",124.0,"1.0 cup spaghetti not packed",0.258,--,0.000,,
"""20521""","Pasta, cooked, unenriched, with added salt",124.0,"1.0 cup spaghetti not packed",0.262,--,0.000,,
"""20421""","Pasta, cooked, unenriched, without added salt",124.0,"1.0 cup spaghetti not packed",0.262,--,0.000,,
"""20120""","Pasta, dry, enriched",91.0,"1.0 cup spaghetti",0.431,--,0.000,,
"""20420""","Pasta, dry, unenriched",91.0,"1.0 cup spaghetti",0.431,--,0.000,,
"""20093""","Pasta, fresh-refrigerated, plain, as purchased",128.0,"4.0 oz",0.526,--,--,,
"""20094""","Pasta, fresh-refrigerated, plain, cooked",128.0,"2.0 oz",0.239,--,--,,
"""20095""","Pasta, fresh-refrigerated, spinach, as purchased",128.0,"4.0 oz",0.614,--,--,,
"""20096""","Pasta, fresh-refrigerated, spinach, cooked",57.0,"2.0 oz",0.123,--,--,,
"""20654""","Pasta, gluten-free, brown rice flour, cooked, TINKYADA",169.0,"1.0 cup spaghetti not packed",0.521,--,0.002,,
"""20657""","Pasta, gluten-free, corn and rice flour, cooked",141.0,"1.0 cup spaghetti",0.217,--,0.000,,
"""20655""","Pasta, gluten-free, corn flour and quinoa flour, cooked, ANCIENT HARVEST",166.0,"1.0 cup spaghetti packed",0.295,--,0.003,,
"""20092""","Pasta, gluten-free, corn, cooked",140.0,"1.0 cup",0.183,--,0.000,,
"""20091""","Pasta, gluten-free, corn, dry",105.0,"1.0 cup",0.391,--,0.000,,
"""20097""","Pasta, homemade, made with egg, cooked",57.0,"2.0 oz",0.127,--,0.000,,
"""20098""","Pasta, homemade, made without egg, cooked",57.0,"2.0 oz",0.092,--,--,,
"""20125""","Pasta, whole-wheat, cooked (Includes foods for USDA's Food Distribution Program)",117.0,"1.0 cup spaghetti not packed",0.247,--,0.000,,
"""20137""","Quinoa, cooked",185.0,"1.0 cup",0.629,--,0.000,,
"""20035""","Quinoa, uncooked",170.0,"1.0 cup",1.855,--,0.000,,
"""20060""","Rice bran, crude",118.0,"1.0 cup",1.248,--,0.000,,
"""20090""","Rice flour, brown",158.0,"1.0 cup",0.866,--,--,,
"""20061""","Rice flour, white, unenriched",158.0,"1.0 cup",0.815,--,0.000,,
"""20134""","Rice noodles, cooked",176.0,"1.0 cup",0.273,--,0.000,,
"""20133""","Rice noodles, dry",57.0,"2.0 oz",0.294,--,0.000,,
"""20037""","Rice, brown, long-grain, cooked (Includes foods for USDA's Food Distribution Program)",202.0,"1.0 cup",0.396,--,0.030,,
"""20036""","Rice, brown, long-grain, raw (Includes foods for USDA's Food Distribution Program)",185.0,"1.0 cup",1.114,--,0.031,,
"""20041""","Rice, brown, medium-grain, cooked (Includes foods for USDA's Food Distribution Program)",195.0,"1.0 cup",0.341,--,--,,
"""20040""","Rice, brown, medium-grain, raw (Includes foods for USDA's Food Distribution Program)",190.0,"1.0 cup",1.081,--,--,,
"""20055""","Rice, white, glutinous, unenriched, cooked",174.0,"1.0 cup",0.292,--,0.000,,
"""20054""","Rice, white, glutinous, unenriched, uncooked",185.0,"1.0 cup",1.051,--,--,,
"""20047""","Rice, white, long-grain, parboiled, enriched, cooked",158.0,"1.0 cup",0.398,--,0.000,,
"""20046""","Rice, white, long-grain, parboiled, enriched, dry",185.0,"1.0 cup",1.204,--,0.000,,
"""20447""","Rice, white, long-grain, parboiled, unenriched, cooked",158.0,"1.0 cup",0.404,--,0.000,,
"""20446""","Rice, white, long-grain, parboiled, unenriched, dry",185.0,"1.0 cup",1.204,--,0.000,,
"""20048""","Rice, white, long-grain, precooked or instant, enriched, dry",95.0,"1.0 cup",0.654,--,0.000,,
"""20049""","Rice, white, long-grain, precooked or instant, enriched, prepared",165.0,"1.0 cup",0.315,--,0.000,,
"""20345""","Rice, white, long-grain, regular, cooked, enriched, with salt",158.0,"1.0 cup",0.354,--,0.000,,
"""20545""","Rice, white, long-grain, regular, cooked, unenriched, with salt",158.0,"1.0 cup",0.354,--,0.000,,
"""20045""","Rice, white, long-grain, regular, enriched, cooked",158.0,"1.0 cup",0.354,--,0.000,,
"""20044""","Rice, white, long-grain, regular, raw, enriched",185.0,"1.0 cup",1.099,--,0.000,,
"""20444""","Rice, white, long-grain, regular, raw, unenriched",185.0,"1.0 cup",1.099,--,0.000,,
"""20445""","Rice, white, long-grain, regular, unenriched, cooked without salt",158.0,"1.0 cup",0.354,--,0.000,,
"""20451""","Rice, white, medium-grain, cooked, unenriched",186.0,"1.0 cup",0.368,--,--,,
"""20051""","Rice, white, medium-grain, enriched, cooked",186.0,"1.0 cup",0.368,--,--,,
"""20050""","Rice, white, medium-grain, raw, enriched",195.0,"1.0 cup",1.074,--,--,,
"""20450""","Rice, white, medium-grain, raw, unenriched",195.0,"1.0 cup",1.074,--,--,,
"""20453""","Rice, white, short-grain, cooked, unenriched",205.0,"1.0 cup",0.404,--,--,,
"""20053""","Rice, white, short-grain, enriched, cooked",186.0,"1.0 cup",0.366,--,--,,
"""20052""","Rice, white, short-grain, enriched, uncooked",200.0,"1.0 cup",1.084,--,--,,
"""20452""","Rice, white, short-grain, raw, unenriched",200.0,"1.0 cup",1.084,--,--,,
"""20063""","Rye flour, dark",128.0,"1.0 cup",0.978,--,0.000,,
"""20065""","Rye flour, light",102.0,"1.0 cup",0.388,--,0.000,,
"""20064""","Rye flour, medium",102.0,"1.0 cup",0.479,--,0.000,,
"""20062""","Rye grain",169.0,"1.0 cup",0.767,--,0.000,,
"""20066""","Semolina, enriched",167.0,"1.0 cup",0.780,--,0.000,,
"""20466""","Semolina, unenriched",167.0,"1.0 cup",0.780,--,0.000,,
"""20648""","Sorghum flour, whole-grain",121.0,"1.0 cup",0.399,--,0.008,,
"""20067""","Sorghum grain",192.0,"1.0 cup",0.682,--,--,,
"""20523""","Spaghetti, protein-fortified, cooked, enriched (n x 6.25)",140.0,"1.0 cup",0.441,--,--,,
"""20622""","Spaghetti, protein-fortified, dry, enriched (n x 6.25)",57.0,"2.0 oz",0.441,--,--,,
"""20127""","Spaghetti, spinach, cooked",140.0,"1.0 cup",0.238,--,--,,
"""20126""","Spaghetti, spinach, dry",57.0,"2.0 oz",0.282,--,0.000,,
"""20140""","Spelt, uncooked",174.0,"1.0 cup",1.195,--,0.000,,
"""20068""","Tapioca, pearl, dry",152.0,"1.0 cup",0.029,--,0.000,,
"""20143""","Teff, cooked",252.0,"1.0 cup",0.381,--,--,,
"""20142""","Teff, uncooked",193.0,"1.0 cup",0.998,--,0.000,,
"""20069""","Triticale",192.0,"1.0 cup",1.288,--,--,,
"""20070""","Triticale flour, whole-grain",130.0,"1.0 cup",0.881,--,--,,
"""20077""","Wheat bran, crude",58.0,"1.0 cup",0.630,--,0.000,,
"""20081""","Wheat flour, white, all-purpose, enriched, bleached",125.0,"1.0 cup",0.521,--,0.000,,
"""20381""","Wheat flour, white, all-purpose, enriched, calcium-fortified",125.0,"1.0 cup",0.521,--,--,,
"""20581""","Wheat flour, white, all-purpose, enriched, unbleached",125.0,"1.0 cup",0.521,--,0.000,,
"""20082""","Wheat flour, white, all-purpose, self-rising, enriched",125.0,"1.0 cup",0.499,--,0.000,,
"""20481""","Wheat flour, white, all-purpose, unenriched",125.0,"1.0 cup",0.521,--,0.000,,
"""20083""","Wheat flour, white, bread, enriched",137.0,"1.0 cup",0.570,--,0.000,,
"""20084""","Wheat flour, white, cake, enriched",137.0,"1.0 cup unsifted, dipped",0.430,--,0.000,,
"""20086""","Wheat flour, white, tortilla mix, enriched",111.0,"1.0 cup",0.433,--,0.011,,
"""20080""","Wheat flour, whole-grain (Includes foods for USDA's Food Distribution Program)",120.0,"1.0 cup",0.778,--,0.000,,
"""20129""","Wheat flours, bread, unenriched",137.0,"1.0 cup unsifted, dipped",0.570,--,0.000,,
"""20078""","Wheat germ, crude",115.0,"1.0 cup",2.147,--,--,,
"""20076""","Wheat, durum",192.0,"1.0 cup",0.927,--,--,,
"""20071""","Wheat, hard red spring",192.0,"1.0 cup",1.348,--,0.000,,
"""20072""","Wheat, hard red winter",192.0,"1.0 cup",1.142,--,0.000,,
"""20139""","Wheat, KAMUT khorasan, cooked",172.0,"1.0 cup",0.464,--,--,,
"""20138""","Wheat, KAMUT khorasan, uncooked",186.0,"1.0 cup",1.295,--,0.000,,
"""20073""","Wheat, soft red winter",168.0,"1.0 cup",0.877,--,--,,
"""20087""","Wheat, sprouted",108.0,"1.0 cup",0.459,--,0.000,,
"""20089""","Wild rice, cooked",164.0,"1.0 cup",0.505,--,0.000,,
"""20088""","Wild rice, raw",160.0,"1.0 cup",1.818,--,0.000,,
