Source: USDA National Nutrient Database for Standard Reference Legacy Software v.3.9.4 2018-05-17
"Nutrients: Tryptophan (g); Starch (g); Cholesterol (mg)"
"Food Groups: Cereal Grains and Pasta"
Food Subset:All Foods
Ordered by:Food Name
Measured by:Household
Report Run at: 06-02-2018T14:21
NDB_NO,Description,Weight(g),Measure,"Tryptophan"(g)Per Measure,"Starch"(g)Per Measure,"Cholesterol"(mg)Per Measure,
"""20001""","Amaranth grain, uncooked",193.0,"1.0 cup",0.349,110.53,0,,
"""20003""","Arrowroot flour",128.0,"1.0 cup",0.005,--,0,,
"""20130""","Barley flour or meal",148.0,"1.0 cup",0.259,--,0,,
"""20131""","Barley malt flour",162.0,"1.0 cup",0.214,--,0,,
"""20004""","Barley, hulled",184.0,"1.0 cup",0.383,--,0,,
"""20006""","Barley, pearled, cooked",157.0,"1.0 cup",0.060,--,0,,
"""20005""","Barley, pearled, raw",200.0,"1.0 cup",0.330,--,0,,
"""20008""","Buckwheat",170.0,"1.0 cup",0.326,--,0,,
"""20011""","Buckwheat flour, whole-groat",120.0,"1.0 cup",0.220,--,0,,
"""20010""","Buckwheat groats, roasted, cooked",168.0,"1.0 cup",0.082,--,0,,
"""20009""","Buckwheat groats, roasted, dry",164.0,"1.0 cup",0.279,--,0,,
"""20013""","Bulgur, cooked",182.0,"1.0 cup",0.087,--,0,,
"""20012""","Bulgur, dry",140.0,"1.0 cup",0.266,--,0,,
"""20017""","Corn flour, masa, enriched, white",114.0,"1.0 cup",0.071,75.24,0,,
"""20019""","Corn flour, masa, unenriched, white",114.0,"1.0 cup",0.071,75.24,0,,
"""20316""","Corn flour, whole-grain, white",117.0,"1.0 cup",0.057,--,0,,
"""20016""","Corn flour, whole-grain, yellow",117.0,"1.0 cup",0.057,--,0,,
"""20317""","Corn flour, yellow, masa, enriched",114.0,"1.0 cup",0.071,75.24,0,,
"""20314""","Corn grain, white",166.0,"1.0 cup",0.111,--,0,,
"""20014""","Corn grain, yellow",166.0,"1.0 cup",0.111,--,0,,
"""20322""","Cornmeal, degermed, enriched, white",157.0,"1.0 cup",0.060,115.08,0,,
"""20022""","Cornmeal, degermed, enriched, yellow",157.0,"1.0 cup",0.060,115.08,0,,
"""20522""","Cornmeal, degermed, unenriched, white",157.0,"1.0 cup",0.060,115.08,0,,
"""20422""","Cornmeal, degermed, unenriched, yellow",157.0,"1.0 cup",0.060,115.08,0,,
"""20323""","Cornmeal, white, self-rising, bolted, plain, enriched",122.0,"1.0 cup",0.071,--,0,,
"""20324""","Cornmeal, white, self-rising, bolted, with wheat flour added, enriched",170.0,"1.0 cup",0.111,--,0,,
"""20320""","Cornmeal, whole-grain, white",122.0,"1.0 cup",0.070,--,0,,
"""20020""","Cornmeal, whole-grain, yellow",122.0,"1.0 cup",0.070,--,0,,
"""20023""","Cornmeal, yellow, self-rising, bolted, plain, enriched",122.0,"1.0 cup",0.071,--,0,,
"""20024""","Cornmeal, yellow, self-rising, bolted, with wheat flour added, enriched",170.0,"1.0 cup",0.111,--,0,,
"""20027""","Cornstarch",128.0,"1.0 cup",0.001,--,0,,
"""20029""","Couscous, cooked",157.0,"1.0 cup, cooked",0.077,--,0,,
"""20028""","Couscous, dry",173.0,"1.0 cup",0.282,--,0,,
"""20030""","Hominy, canned, white",165.0,"1.0 cup",0.013,--,0,,
"""20330""","Hominy, canned, yellow",160.0,"1.0 cup",0.013,--,0,,
"""20106""","Macaroni, vegetable, enriched, cooked",134.0,"1.0 cup spiral shaped",0.078,--,0,,
"""20105""","Macaroni, vegetable, enriched, dry",84.0,"1.0 cup spiral shaped",0.141,--,0,,
"""20647""","Millet flour",119.0,"1.0 cup",0.202,83.16,--,,
"""20032""","Millet, cooked",174.0,"1.0 cup",0.066,--,0,,
"""20031""","Millet, raw",200.0,"1.0 cup",0.238,--,0,,
"""20310""","Noodles, egg, cooked, enriched, with added salt",160.0,"1.0 cup",0.069,--,46,,
"""20510""","Noodles, egg, cooked, unenriched, with added salt",160.0,"1.0 cup",0.069,--,46,,
"""20109""","Noodles, egg, dry, enriched",38.0,"1.0 cup",0.051,--,32,,
"""20409""","Noodles, egg, dry, unenriched",38.0,"1.0 cup",0.051,--,32,,
"""20110""","Noodles, egg, enriched, cooked",160.0,"1.0 cup",0.069,--,46,,
"""20112""","Noodles, egg, spinach, enriched, cooked",160.0,"1.0 cup",0.107,--,53,,
"""20111""","Noodles, egg, spinach, enriched, dry",38.0,"1.0 cup",0.074,--,36,,
"""20410""","Noodles, egg, unenriched, cooked, without added salt",160.0,"1.0 cup",0.069,--,46,,
"""20115""","Noodles, japanese, soba, cooked",114.0,"1.0 cup",0.082,--,0,,
"""20114""","Noodles, japanese, soba, dry",57.0,"2.0 oz",0.116,--,0,,
"""20117""","Noodles, japanese, somen, cooked",176.0,"1.0 cup",0.090,--,0,,
"""20116""","Noodles, japanese, somen, dry",57.0,"2.0 oz",0.083,--,0,,
"""20034""","Oat bran, cooked",219.0,"1.0 cup",0.125,--,0,,
"""20033""","Oat bran, raw",94.0,"1.0 cup",0.315,--,0,,
"""20038""","Oats (Includes foods for USDA's Food Distribution Program)",156.0,"1.0 cup",0.365,--,0,,
"""20321""","Pasta, cooked, enriched, with added salt",124.0,"1.0 cup spaghetti not packed",0.100,32.25,0,,
"""20121""","Pasta, cooked, enriched, without added salt",124.0,"1.0 cup spaghetti not packed",0.100,32.25,0,,
"""20521""","Pasta, cooked, unenriched, with added salt",124.0,"1.0 cup spaghetti not packed",0.103,32.25,0,,
"""20421""","Pasta, cooked, unenriched, without added salt",124.0,"1.0 cup spaghetti not packed",0.103,32.25,0,,
"""20120""","Pasta, dry, enriched",91.0,"1.0 cup spaghetti",0.168,56.83,0,,
"""20420""","Pasta, dry, unenriched",91.0,"1.0 cup spaghetti",0.168,56.83,0,,
"""20093""","Pasta, fresh-refrigerated, plain, as purchased",128.0,"4.0 oz",0.183,--,93,,
"""20094""","Pasta, fresh-refrigerated, plain, cooked",128.0,"2.0 oz",0.083,--,42,,
"""20095""","Pasta, fresh-refrigerated, spinach, as purchased",128.0,"4.0 oz",0.192,--,93,,
"""20096""","Pasta, fresh-refrigerated, spinach, cooked",57.0,"2.0 oz",0.038,--,19,,
"""20654""","Pasta, gluten-free, brown rice flour, cooked, TINKYADA",169.0,"1.0 cup spaghetti not packed",0.068,52.32,0,,
"""20657""","Pasta, gluten-free, corn and rice flour, cooked",141.0,"1.0 cup spaghetti",0.028,50.97,0,,
"""20655""","Pasta, gluten-free, corn flour and quinoa flour, cooked, ANCIENT HARVEST",166.0,"1.0 cup spaghetti packed",0.033,46.36,0,,
"""20092""","Pasta, gluten-free, corn, cooked",140.0,"1.0 cup",0.027,--,0,,
"""20091""","Pasta, gluten-free, corn, dry",105.0,"1.0 cup",0.056,--,0,,
"""20097""","Pasta, homemade, made with egg, cooked",57.0,"2.0 oz",0.038,--,23,,
"""20098""","Pasta, homemade, made without egg, cooked",57.0,"2.0 oz",0.032,--,0,,
"""20125""","Pasta, whole-wheat, cooked (Includes foods for USDA's Food Distribution Program)",117.0,"1.0 cup spaghetti not packed",0.090,29.85,0,,
"""20137""","Quinoa, cooked",185.0,"1.0 cup",0.096,32.62,0,,
"""20035""","Quinoa, uncooked",170.0,"1.0 cup",0.284,88.77,0,,
"""20060""","Rice bran, crude",118.0,"1.0 cup",0.127,--,0,,
"""20090""","Rice flour, brown",158.0,"1.0 cup",0.145,--,0,,
"""20061""","Rice flour, white, unenriched",158.0,"1.0 cup",0.114,--,0,,
"""20134""","Rice noodles, cooked",176.0,"1.0 cup",0.039,--,0,,
"""20133""","Rice noodles, dry",57.0,"2.0 oz",0.041,--,0,,
"""20037""","Rice, brown, long-grain, cooked (Includes foods for USDA's Food Distribution Program)",202.0,"1.0 cup",0.067,50.08,0,,
"""20036""","Rice, brown, long-grain, raw (Includes foods for USDA's Food Distribution Program)",185.0,"1.0 cup",0.187,134.14,0,,
"""20041""","Rice, brown, medium-grain, cooked (Includes foods for USDA's Food Distribution Program)",195.0,"1.0 cup",0.058,--,0,,
"""20040""","Rice, brown, medium-grain, raw (Includes foods for USDA's Food Distribution Program)",190.0,"1.0 cup",0.182,--,0,,
"""20055""","Rice, white, glutinous, unenriched, cooked",174.0,"1.0 cup",0.040,--,0,,
"""20054""","Rice, white, glutinous, unenriched, uncooked",185.0,"1.0 cup",0.146,--,0,,
"""20047""","Rice, white, long-grain, parboiled, enriched, cooked",158.0,"1.0 cup",0.063,--,0,,
"""20046""","Rice, white, long-grain, parboiled, enriched, dry",185.0,"1.0 cup",0.191,126.34,0,,
"""20447""","Rice, white, long-grain, parboiled, unenriched, cooked",158.0,"1.0 cup",0.062,--,0,,
"""20446""","Rice, white, long-grain, parboiled, unenriched, dry",185.0,"1.0 cup",0.191,126.34,0,,
"""20048""","Rice, white, long-grain, precooked or instant, enriched, dry",95.0,"1.0 cup",0.101,70.08,0,,
"""20049""","Rice, white, long-grain, precooked or instant, enriched, prepared",165.0,"1.0 cup",0.050,43.44,0,,
"""20345""","Rice, white, long-grain, regular, cooked, enriched, with salt",158.0,"1.0 cup",0.049,--,0,,
"""20545""","Rice, white, long-grain, regular, cooked, unenriched, with salt",158.0,"1.0 cup",0.049,--,0,,
"""20045""","Rice, white, long-grain, regular, enriched, cooked",158.0,"1.0 cup",0.049,--,0,,
"""20044""","Rice, white, long-grain, regular, raw, enriched",185.0,"1.0 cup",0.154,--,0,,
"""20444""","Rice, white, long-grain, regular, raw, unenriched",185.0,"1.0 cup",0.154,--,0,,
"""20445""","Rice, white, long-grain, regular, unenriched, cooked without salt",158.0,"1.0 cup",0.049,--,0,,
"""20451""","Rice, white, medium-grain, cooked, unenriched",186.0,"1.0 cup",0.052,--,0,,
"""20051""","Rice, white, medium-grain, enriched, cooked",186.0,"1.0 cup",0.052,--,0,,
"""20050""","Rice, white, medium-grain, raw, enriched",195.0,"1.0 cup",0.150,--,0,,
"""20450""","Rice, white, medium-grain, raw, unenriched",195.0,"1.0 cup",0.150,--,0,,
"""20453""","Rice, white, short-grain, cooked, unenriched",205.0,"1.0 cup",0.055,--,0,,
"""20053""","Rice, white, short-grain, enriched, cooked",186.0,"1.0 cup",0.050,--,0,,
"""20052""","Rice, white, short-grain, enriched, uncooked",200.0,"1.0 cup",0.150,--,0,,
"""20452""","Rice, white, short-grain, raw, unenriched",200.0,"1.0 cup",0.150,--,0,,
"""20063""","Rye flour, dark",128.0,"1.0 cup",0.230,--,0,,
"""20065""","Rye flour, light",102.0,"1.0 cup",0.113,--,0,,
"""20064""","Rye flour, medium",102.0,"1.0 cup",0.125,--,0,,
"""20062""","Rye grain",169.0,"1.0 cup",0.183,--,0,,
"""20066""","Semolina, enriched",167.0,"1.0 cup",0.271,--,0,,
"""20466""","Semolina, unenriched",167.0,"1.0 cup",0.271,--,0,,
"""20648""","Sorghum flour, whole-grain",121.0,"1.0 cup",0.128,82.28,--,,
"""20067""","Sorghum grain",192.0,"1.0 cup",0.238,--,0,,
"""20523""","Spaghetti, protein-fortified, cooked, enriched (n x 6.25)",140.0,"1.0 cup",0.144,--,0,,
"""20622""","Spaghetti, protein-fortified, dry, enriched (n x 6.25)",57.0,"2.0 oz",0.145,--,0,,
"""20127""","Spaghetti, spinach, cooked",140.0,"1.0 cup",0.081,--,0,,
"""20126""","Spaghetti, spinach, dry",57.0,"2.0 oz",0.097,--,0,,
"""20140""","Spelt, uncooked",174.0,"1.0 cup",0.230,93.82,0,,
"""20068""","Tapioca, pearl, dry",152.0,"1.0 cup",0.005,--,0,,
"""20143""","Teff, cooked",252.0,"1.0 cup",0.103,--,0,,
"""20142""","Teff, uncooked",193.0,"1.0 cup",0.268,70.56,--,,
"""20069""","Triticale",192.0,"1.0 cup",0.301,--,0,,
"""20070""","Triticale flour, whole-grain",130.0,"1.0 cup",0.205,--,0,,
"""20077""","Wheat bran, crude",58.0,"1.0 cup",0.164,--,0,,
"""20081""","Wheat flour, white, all-purpose, enriched, bleached",125.0,"1.0 cup",0.159,--,0,,
"""20381""","Wheat flour, white, all-purpose, enriched, calcium-fortified",125.0,"1.0 cup",0.159,--,0,,
"""20581""","Wheat flour, white, all-purpose, enriched, unbleached",125.0,"1.0 cup",0.159,--,0,,
"""20082""","Wheat flour, white, all-purpose, self-rising, enriched",125.0,"1.0 cup",0.151,--,0,,
"""20481""","Wheat flour, white, all-purpose, unenriched",125.0,"1.0 cup",0.159,--,0,,
"""20083""","Wheat flour, white, bread, enriched",137.0,"1.0 cup",0.190,--,0,,
"""20084""","Wheat flour, white, cake, enriched",137.0,"1.0 cup unsifted, dipped",0.162,--,0,,
"""20086""","Wheat flour, white, tortilla mix, enriched",111.0,"1.0 cup",0.132,--,0,,
"""20080""","Wheat flour, whole-grain (Includes foods for USDA's Food Distribution Program)",120.0,"1.0 cup",0.209,69.32,0,,
"""20129""","Wheat flours, bread, unenriched",137.0,"1.0 cup unsifted, dipped",0.190,--,0,,
"""20078""","Wheat germ, crude",115.0,"1.0 cup",0.365,--,0,,
"""20076""","Wheat, durum",192.0,"1.0 cup",0.338,--,0,,
"""20071""","Wheat, hard red spring",192.0,"1.0 cup",0.374,--,0,,
"""20072""","Wheat, hard red winter",192.0,"1.0 cup",0.307,--,0,,
"""20139""","Wheat, KAMUT khorasan, cooked",172.0,"1.0 cup",0.088,--,0,,
"""20138""","Wheat, KAMUT khorasan, uncooked",186.0,"1.0 cup",0.242,97.48,0,,
"""20087""","Wheat, sprouted",108.0,"1.0 cup",0.124,--,0,,
"""20089""","Wild rice, cooked",164.0,"1.0 cup",0.080,--,0,,
"""20088""","Wild rice, raw",160.0,"1.0 cup",0.286,--,0,,
