Source: USDA National Nutrient Database for Standard Reference Legacy Software v.3.9.4 2018-05-17
"Nutrients: 20:3 n-6 (g); 20:4 undifferentiated (g); Fatty acids, total trans (g)"
"Food Groups: Cereal Grains and Pasta"
Food Subset:All Foods
Ordered by:Food Name
Measured by:Household
Report Run at: 06-02-2018T14:21
NDB_NO,Description,Weight(g),Measure,"20:3 n-6"(g)Per Measure,"20:4 undifferentiated"(g)Per Measure,"Fatty acids, total trans"(g)Per Measure,
"""20647""","Millet flour",119.0,"1.0 cup",0.000,0.024,0.002,,
"""20118""","Noodles, flat, crunchy, Chinese restaurant",45.0,"1.0 cup",0.001,0.002,0.061,,
"""20654""","Pasta, gluten-free, brown rice flour, cooked, TINKYADA",169.0,"1.0 cup spaghetti not packed",--,0.000,0.003,,
"""20657""","Pasta, gluten-free, corn and rice flour, cooked",141.0,"1.0 cup spaghetti",--,0.000,0.006,,
"""20655""","Pasta, gluten-free, corn flour and quinoa flour, cooked, ANCIENT HARVEST",166.0,"1.0 cup spaghetti packed",0.000,0.002,0.010,,
"""20653""","Pasta, whole grain, 51% whole wheat, remaining enriched semolina, dry (Includes foods for USDA's Food Distribution Program)",91.0,"1.0 cup spaghetti",--,0.000,0.002,,
"""20136""","Pasta, whole grain, 51% whole wheat, remaining unenriched semolina, cooked",116.0,"1.0 cup spaghetti not packed",--,--,0.000,,
"""20135""","Pasta, whole grain, 51% whole wheat, remaining unenriched semolina, dry",91.0,"1.0 cup spaghetti",--,0.000,0.002,,
"""20125""","Pasta, whole-wheat, cooked (Includes foods for USDA's Food Distribution Program)",117.0,"1.0 cup spaghetti not packed",--,--,0.000,,
"""20124""","Pasta, whole-wheat, dry (Includes foods for USDA's Food Distribution Program)",91.0,"1.0 cup spaghetti",0.000,0.001,0.002,,
"""20037""","Rice, brown, long-grain, cooked (Includes foods for USDA's Food Distribution Program)",202.0,"1.0 cup",--,--,0.000,,
"""20036""","Rice, brown, long-grain, raw (Includes foods for USDA's Food Distribution Program)",185.0,"1.0 cup",--,0.000,0.002,,
"""20651""","Rice, brown, parboiled, cooked, UNCLE BENS",155.0,"1.0 cup",--,--,0.000,,
"""20042""","Rice, brown, parboiled, dry, UNCLE BEN'S",48.0,"0.25 cup",--,0.000,0.000,,
"""20648""","Sorghum flour, whole-grain",121.0,"1.0 cup",0.000,0.004,0.005,,
