Source: USDA National Nutrient Database for Standard Reference Legacy Software v.3.9.4 2018-05-17
"Nutrients: Fiber, total dietary (g); 20:3 n-3 (g); Lutein + zeaxanthin (µg)"
"Food Groups: Cereal Grains and Pasta"
Food Subset:All Foods
Ordered by:Food Name
Measured by:Household
Report Run at: 06-02-2018T14:20
NDB_NO,Description,Weight(g),Measure,"Fiber, total dietary"(g)Per Measure,"20:3 n-3"(g)Per Measure,"Lutein + zeaxanthin"(µg)Per Measure,
"""20002""","Amaranth grain, cooked",246.0,"1.0 cup",5.2,--,--,,
"""20001""","Amaranth grain, uncooked",193.0,"1.0 cup",12.9,--,54,,
"""20003""","Arrowroot flour",128.0,"1.0 cup",4.4,--,--,,
"""20130""","Barley flour or meal",148.0,"1.0 cup",14.9,--,237,,
"""20131""","Barley malt flour",162.0,"1.0 cup",11.5,--,259,,
"""20004""","Barley, hulled",184.0,"1.0 cup",31.8,--,294,,
"""20006""","Barley, pearled, cooked",157.0,"1.0 cup",6.0,--,88,,
"""20005""","Barley, pearled, raw",200.0,"1.0 cup",31.2,--,320,,
"""20008""","Buckwheat",170.0,"1.0 cup",17.0,--,--,,
"""20011""","Buckwheat flour, whole-groat",120.0,"1.0 cup",12.0,--,264,,
"""20010""","Buckwheat groats, roasted, cooked",168.0,"1.0 cup",4.5,--,101,,
"""20009""","Buckwheat groats, roasted, dry",164.0,"1.0 cup",16.9,--,--,,
"""20013""","Bulgur, cooked",182.0,"1.0 cup",8.2,--,98,,
"""20012""","Bulgur, dry",140.0,"1.0 cup",17.5,--,308,,
"""20015""","Corn bran, crude",76.0,"1.0 cup",60.0,--,1030,,
"""20017""","Corn flour, masa, enriched, white",114.0,"1.0 cup",7.3,--,7,,
"""20019""","Corn flour, masa, unenriched, white",114.0,"1.0 cup",7.3,--,7,,
"""20315""","Corn flour, whole-grain, blue (harina de maiz morado)",6.9,"1.0 tbsp",0.6,--,--,,
"""20316""","Corn flour, whole-grain, white",117.0,"1.0 cup",8.5,--,6,,
"""20016""","Corn flour, whole-grain, yellow",117.0,"1.0 cup",8.5,--,1585,,
"""20018""","Corn flour, yellow, degermed, unenriched",126.0,"1.0 cup",2.4,--,1707,,
"""20317""","Corn flour, yellow, masa, enriched",114.0,"1.0 cup",7.3,--,7,,
"""20014""","Corn grain, yellow",166.0,"1.0 cup",12.1,--,2249,,
"""20322""","Cornmeal, degermed, enriched, white",157.0,"1.0 cup",6.1,--,8,,
"""20022""","Cornmeal, degermed, enriched, yellow",157.0,"1.0 cup",6.1,--,2556,,
"""20522""","Cornmeal, degermed, unenriched, white",157.0,"1.0 cup",6.1,--,8,,
"""20422""","Cornmeal, degermed, unenriched, yellow",157.0,"1.0 cup",6.1,--,2556,,
"""20323""","Cornmeal, white, self-rising, bolted, plain, enriched",122.0,"1.0 cup",8.2,--,--,,
"""20324""","Cornmeal, white, self-rising, bolted, with wheat flour added, enriched",170.0,"1.0 cup",10.7,--,--,,
"""20325""","Cornmeal, white, self-rising, degermed, enriched",138.0,"1.0 cup",9.8,--,--,,
"""20320""","Cornmeal, whole-grain, white",122.0,"1.0 cup",8.9,--,6,,
"""20020""","Cornmeal, whole-grain, yellow",122.0,"1.0 cup",8.9,--,1653,,
"""20023""","Cornmeal, yellow, self-rising, bolted, plain, enriched",122.0,"1.0 cup",8.2,--,--,,
"""20024""","Cornmeal, yellow, self-rising, bolted, with wheat flour added, enriched",170.0,"1.0 cup",10.7,--,--,,
"""20025""","Cornmeal, yellow, self-rising, degermed, enriched",138.0,"1.0 cup",9.8,--,--,,
"""20027""","Cornstarch",128.0,"1.0 cup",1.2,--,0,,
"""20029""","Couscous, cooked",157.0,"1.0 cup, cooked",2.2,--,39,,
"""20028""","Couscous, dry",173.0,"1.0 cup",8.7,--,--,,
"""20030""","Hominy, canned, white",165.0,"1.0 cup",4.1,--,50,,
"""20330""","Hominy, canned, yellow",160.0,"1.0 cup",4.0,--,--,,
"""20106""","Macaroni, vegetable, enriched, cooked",134.0,"1.0 cup spiral shaped",5.8,--,17,,
"""20105""","Macaroni, vegetable, enriched, dry",84.0,"1.0 cup spiral shaped",3.6,--,--,,
"""20647""","Millet flour",119.0,"1.0 cup",4.2,0.000,--,,
"""20032""","Millet, cooked",174.0,"1.0 cup",2.3,--,122,,
"""20031""","Millet, raw",200.0,"1.0 cup",17.0,--,--,,
"""20310""","Noodles, egg, cooked, enriched, with added salt",160.0,"1.0 cup",1.9,--,61,,
"""20510""","Noodles, egg, cooked, unenriched, with added salt",160.0,"1.0 cup",1.9,--,61,,
"""20109""","Noodles, egg, dry, enriched",38.0,"1.0 cup",1.3,--,42,,
"""20409""","Noodles, egg, dry, unenriched",38.0,"1.0 cup",1.3,--,42,,
"""20110""","Noodles, egg, enriched, cooked",160.0,"1.0 cup",1.9,--,61,,
"""20112""","Noodles, egg, spinach, enriched, cooked",160.0,"1.0 cup",3.7,--,3571,,
"""20111""","Noodles, egg, spinach, enriched, dry",38.0,"1.0 cup",2.6,--,--,,
"""20410""","Noodles, egg, unenriched, cooked, without added salt",160.0,"1.0 cup",1.9,--,61,,
"""20118""","Noodles, flat, crunchy, Chinese restaurant",45.0,"1.0 cup",0.9,0.000,24,,
"""20116""","Noodles, japanese, somen, dry",57.0,"2.0 oz",2.5,--,--,,
"""20034""","Oat bran, cooked",219.0,"1.0 cup",5.7,--,--,,
"""20033""","Oat bran, raw",94.0,"1.0 cup",14.5,--,169,,
"""20132""","Oat flour, partially debranned",104.0,"1.0 cup",6.8,--,187,,
"""20038""","Oats (Includes foods for USDA's Food Distribution Program)",156.0,"1.0 cup",16.5,--,--,,
"""20321""","Pasta, cooked, enriched, with added salt",124.0,"1.0 cup spaghetti not packed",2.2,--,9,,
"""20121""","Pasta, cooked, enriched, without added salt",124.0,"1.0 cup spaghetti not packed",2.2,--,9,,
"""20521""","Pasta, cooked, unenriched, with added salt",124.0,"1.0 cup spaghetti not packed",2.2,--,--,,
"""20421""","Pasta, cooked, unenriched, without added salt",124.0,"1.0 cup spaghetti not packed",2.2,--,9,,
"""20120""","Pasta, dry, enriched",91.0,"1.0 cup spaghetti",2.9,--,16,,
"""20420""","Pasta, dry, unenriched",91.0,"1.0 cup spaghetti",2.9,--,--,,
"""20654""","Pasta, gluten-free, brown rice flour, cooked, TINKYADA",169.0,"1.0 cup spaghetti not packed",2.9,--,0,,
"""20657""","Pasta, gluten-free, corn and rice flour, cooked",141.0,"1.0 cup spaghetti",2.0,0.000,760,,
"""20655""","Pasta, gluten-free, corn flour and quinoa flour, cooked, ANCIENT HARVEST",166.0,"1.0 cup spaghetti packed",5.5,0.000,217,,
"""20092""","Pasta, gluten-free, corn, cooked",140.0,"1.0 cup",6.7,--,--,,
"""20091""","Pasta, gluten-free, corn, dry",105.0,"1.0 cup",11.6,--,--,,
"""20656""","Pasta, gluten-free, rice flour and rice bran extract, cooked, DE BOLES",121.0,"1.0 cup spaghetti",2.3,--,--,,
"""20652""","Pasta, whole grain, 51% whole wheat, remaining enriched semolina, cooked (Includes foods for USDA's Food Distribution Program)",116.0,"1.0 cup spaghetti not packed",5.2,--,--,,
"""20653""","Pasta, whole grain, 51% whole wheat, remaining enriched semolina, dry (Includes foods for USDA's Food Distribution Program)",91.0,"1.0 cup spaghetti",10.3,0.000,--,,
"""20136""","Pasta, whole grain, 51% whole wheat, remaining unenriched semolina, cooked",116.0,"1.0 cup spaghetti not packed",5.3,0.000,--,,
"""20135""","Pasta, whole grain, 51% whole wheat, remaining unenriched semolina, dry",91.0,"1.0 cup spaghetti",9.2,0.000,--,,
"""20125""","Pasta, whole-wheat, cooked (Includes foods for USDA's Food Distribution Program)",117.0,"1.0 cup spaghetti not packed",4.6,0.000,110,,
"""20124""","Pasta, whole-wheat, dry (Includes foods for USDA's Food Distribution Program)",91.0,"1.0 cup spaghetti",8.4,0.000,--,,
"""20137""","Quinoa, cooked",185.0,"1.0 cup",5.2,--,98,,
"""20035""","Quinoa, uncooked",170.0,"1.0 cup",11.9,--,277,,
"""20060""","Rice bran, crude",118.0,"1.0 cup",24.8,--,260,,
"""20090""","Rice flour, brown",158.0,"1.0 cup",7.3,--,--,,
"""20061""","Rice flour, white, unenriched",158.0,"1.0 cup",3.8,--,0,,
"""20134""","Rice noodles, cooked",176.0,"1.0 cup",1.8,--,0,,
"""20133""","Rice noodles, dry",57.0,"2.0 oz",0.9,--,0,,
"""20037""","Rice, brown, long-grain, cooked (Includes foods for USDA's Food Distribution Program)",202.0,"1.0 cup",3.2,--,0,,
"""20036""","Rice, brown, long-grain, raw (Includes foods for USDA's Food Distribution Program)",185.0,"1.0 cup",6.7,--,0,,
"""20041""","Rice, brown, medium-grain, cooked (Includes foods for USDA's Food Distribution Program)",195.0,"1.0 cup",3.5,--,--,,
"""20040""","Rice, brown, medium-grain, raw (Includes foods for USDA's Food Distribution Program)",190.0,"1.0 cup",6.5,--,--,,
"""20651""","Rice, brown, parboiled, cooked, UNCLE BENS",155.0,"1.0 cup",2.6,0.000,--,,
"""20042""","Rice, brown, parboiled, dry, UNCLE BEN'S",48.0,"0.25 cup",1.7,0.000,0,,
"""20055""","Rice, white, glutinous, unenriched, cooked",174.0,"1.0 cup",1.7,--,0,,
"""20054""","Rice, white, glutinous, unenriched, uncooked",185.0,"1.0 cup",5.2,--,--,,
"""20047""","Rice, white, long-grain, parboiled, enriched, cooked",158.0,"1.0 cup",1.4,--,0,,
"""20046""","Rice, white, long-grain, parboiled, enriched, dry",185.0,"1.0 cup",3.3,--,0,,
"""20447""","Rice, white, long-grain, parboiled, unenriched, cooked",158.0,"1.0 cup",1.4,--,--,,
"""20446""","Rice, white, long-grain, parboiled, unenriched, dry",185.0,"1.0 cup",3.3,--,--,,
"""20048""","Rice, white, long-grain, precooked or instant, enriched, dry",95.0,"1.0 cup",1.8,--,0,,
"""20049""","Rice, white, long-grain, precooked or instant, enriched, prepared",165.0,"1.0 cup",1.0,--,0,,
"""20345""","Rice, white, long-grain, regular, cooked, enriched, with salt",158.0,"1.0 cup",0.6,--,0,,
"""20545""","Rice, white, long-grain, regular, cooked, unenriched, with salt",158.0,"1.0 cup",0.6,--,0,,
"""20045""","Rice, white, long-grain, regular, enriched, cooked",158.0,"1.0 cup",0.6,--,0,,
"""20044""","Rice, white, long-grain, regular, raw, enriched",185.0,"1.0 cup",2.4,--,0,,
"""20444""","Rice, white, long-grain, regular, raw, unenriched",185.0,"1.0 cup",2.4,--,0,,
"""20445""","Rice, white, long-grain, regular, unenriched, cooked without salt",158.0,"1.0 cup",0.6,--,0,,
"""20051""","Rice, white, medium-grain, enriched, cooked",186.0,"1.0 cup",0.6,--,--,,
"""20050""","Rice, white, medium-grain, raw, enriched",195.0,"1.0 cup",2.7,--,--,,
"""20052""","Rice, white, short-grain, enriched, uncooked",200.0,"1.0 cup",5.6,--,--,,
"""20058""","Rice, white, steamed, Chinese restaurant",132.0,"1.0 cup, loosely packed",1.2,--,--,,
"""20063""","Rye flour, dark",128.0,"1.0 cup",30.5,--,269,,
"""20065""","Rye flour, light",102.0,"1.0 cup",8.2,--,214,,
"""20064""","Rye flour, medium",102.0,"1.0 cup",12.0,--,214,,
"""20062""","Rye grain",169.0,"1.0 cup",25.5,--,355,,
"""20066""","Semolina, enriched",167.0,"1.0 cup",6.5,--,--,,
"""20466""","Semolina, unenriched",167.0,"1.0 cup",6.5,--,--,,
"""20650""","Sorghum flour, refined, unenriched",161.0,"1.0 cup",3.1,--,--,,
"""20648""","Sorghum flour, whole-grain",121.0,"1.0 cup",8.0,0.000,--,,
"""20067""","Sorghum grain",192.0,"1.0 cup",12.9,--,--,,
"""20523""","Spaghetti, protein-fortified, cooked, enriched (n x 6.25)",140.0,"1.0 cup",2.8,--,--,,
"""20622""","Spaghetti, protein-fortified, dry, enriched (n x 6.25)",57.0,"2.0 oz",1.4,--,--,,
"""20126""","Spaghetti, spinach, dry",57.0,"2.0 oz",6.0,--,1988,,
"""20141""","Spelt, cooked",194.0,"1.0 cup",7.6,--,--,,
"""20140""","Spelt, uncooked",174.0,"1.0 cup",18.6,--,294,,
"""20068""","Tapioca, pearl, dry",152.0,"1.0 cup",1.4,--,0,,
"""20143""","Teff, cooked",252.0,"1.0 cup",7.1,--,--,,
"""20142""","Teff, uncooked",193.0,"1.0 cup",15.4,--,127,,
"""20070""","Triticale flour, whole-grain",130.0,"1.0 cup",19.0,--,--,,
"""20077""","Wheat bran, crude",58.0,"1.0 cup",24.8,--,139,,
"""20081""","Wheat flour, white, all-purpose, enriched, bleached",125.0,"1.0 cup",3.4,--,22,,
"""20381""","Wheat flour, white, all-purpose, enriched, calcium-fortified",125.0,"1.0 cup",3.4,--,--,,
"""20581""","Wheat flour, white, all-purpose, enriched, unbleached",125.0,"1.0 cup",3.4,--,99,,
"""20082""","Wheat flour, white, all-purpose, self-rising, enriched",125.0,"1.0 cup",3.4,--,22,,
"""20481""","Wheat flour, white, all-purpose, unenriched",125.0,"1.0 cup",3.4,--,22,,
"""20083""","Wheat flour, white, bread, enriched",137.0,"1.0 cup",3.3,--,108,,
"""20084""","Wheat flour, white, cake, enriched",137.0,"1.0 cup unsifted, dipped",2.3,--,4,,
"""20080""","Wheat flour, whole-grain (Includes foods for USDA's Food Distribution Program)",120.0,"1.0 cup",12.8,--,264,,
"""20129""","Wheat flours, bread, unenriched",137.0,"1.0 cup unsifted, dipped",3.3,--,108,,
"""20078""","Wheat germ, crude",115.0,"1.0 cup",15.2,--,--,,
"""20071""","Wheat, hard red spring",192.0,"1.0 cup",23.4,--,422,,
"""20072""","Wheat, hard red winter",192.0,"1.0 cup",23.4,--,422,,
"""20074""","Wheat, hard white",192.0,"1.0 cup",23.4,--,422,,
"""20139""","Wheat, KAMUT khorasan, cooked",172.0,"1.0 cup",7.4,--,--,,
"""20138""","Wheat, KAMUT khorasan, uncooked",186.0,"1.0 cup",20.6,--,560,,
"""20073""","Wheat, soft red winter",168.0,"1.0 cup",21.0,--,--,,
"""20075""","Wheat, soft white",168.0,"1.0 cup",21.3,--,370,,
"""20087""","Wheat, sprouted",108.0,"1.0 cup",1.2,--,--,,
"""20089""","Wild rice, cooked",164.0,"1.0 cup",3.0,--,105,,
"""20088""","Wild rice, raw",160.0,"1.0 cup",9.9,--,352,,
