Source: USDA National Nutrient Database for Standard Reference Legacy Software v.3.9.4 2018-05-17
"Nutrients: Niacin (mg); Copper, Cu (mg); 17:0 (g)"
"Food Groups: Cereal Grains and Pasta"
Food Subset:All Foods
Ordered by:Food Name
Measured by:Household
Report Run at: 06-02-2018T14:20
NDB_NO,Description,Weight(g),Measure,"Niacin"(mg)Per Measure,"Copper, Cu"(mg)Per Measure,"17:0"(g)Per Measure,
"""20002""","Amaranth grain, cooked",246.0,"1.0 cup",0.578,0.367,--,,
"""20001""","Amaranth grain, uncooked",193.0,"1.0 cup",1.781,1.013,0.000,,
"""20003""","Arrowroot flour",128.0,"1.0 cup",0.000,0.051,--,,
"""20130""","Barley flour or meal",148.0,"1.0 cup",9.278,0.508,--,,
"""20131""","Barley malt flour",162.0,"1.0 cup",9.130,0.437,--,,
"""20004""","Barley, hulled",184.0,"1.0 cup",8.471,0.916,--,,
"""20006""","Barley, pearled, cooked",157.0,"1.0 cup",3.239,0.165,--,,
"""20005""","Barley, pearled, raw",200.0,"1.0 cup",9.208,0.840,--,,
"""20008""","Buckwheat",170.0,"1.0 cup",11.934,1.870,--,,
"""20011""","Buckwheat flour, whole-groat",120.0,"1.0 cup",7.380,0.618,--,,
"""20010""","Buckwheat groats, roasted, cooked",168.0,"1.0 cup",1.579,0.245,--,,
"""20009""","Buckwheat groats, roasted, dry",164.0,"1.0 cup",8.421,1.023,--,,
"""20013""","Bulgur, cooked",182.0,"1.0 cup",1.820,0.137,--,,
"""20012""","Bulgur, dry",140.0,"1.0 cup",7.160,0.469,--,,
"""20015""","Corn bran, crude",76.0,"1.0 cup",2.079,0.188,--,,
"""20017""","Corn flour, masa, enriched, white",114.0,"1.0 cup",11.322,0.238,--,,
"""20019""","Corn flour, masa, unenriched, white",114.0,"1.0 cup",1.863,0.238,--,,
"""20315""","Corn flour, whole-grain, blue (harina de maiz morado)",6.9,"1.0 tbsp",0.179,0.011,--,,
"""20316""","Corn flour, whole-grain, white",117.0,"1.0 cup",2.223,0.269,--,,
"""20016""","Corn flour, whole-grain, yellow",117.0,"1.0 cup",2.223,0.269,--,,
"""20018""","Corn flour, yellow, degermed, unenriched",126.0,"1.0 cup",3.347,0.179,--,,
"""20317""","Corn flour, yellow, masa, enriched",114.0,"1.0 cup",11.322,0.238,--,,
"""20314""","Corn grain, white",166.0,"1.0 cup",6.021,0.521,--,,
"""20014""","Corn grain, yellow",166.0,"1.0 cup",6.021,0.521,--,,
"""20322""","Cornmeal, degermed, enriched, white",157.0,"1.0 cup",7.800,0.119,0.002,,
"""20022""","Cornmeal, degermed, enriched, yellow",157.0,"1.0 cup",7.800,0.119,0.002,,
"""20522""","Cornmeal, degermed, unenriched, white",157.0,"1.0 cup",1.570,0.119,0.002,,
"""20422""","Cornmeal, degermed, unenriched, yellow",157.0,"1.0 cup",1.570,0.119,0.002,,
"""20323""","Cornmeal, white, self-rising, bolted, plain, enriched",122.0,"1.0 cup",6.455,0.183,--,,
"""20324""","Cornmeal, white, self-rising, bolted, with wheat flour added, enriched",170.0,"1.0 cup",8.843,0.236,--,,
"""20325""","Cornmeal, white, self-rising, degermed, enriched",138.0,"1.0 cup",6.301,0.179,--,,
"""20320""","Cornmeal, whole-grain, white",122.0,"1.0 cup",4.431,0.235,--,,
"""20020""","Cornmeal, whole-grain, yellow",122.0,"1.0 cup",4.431,0.235,--,,
"""20023""","Cornmeal, yellow, self-rising, bolted, plain, enriched",122.0,"1.0 cup",6.455,0.183,--,,
"""20024""","Cornmeal, yellow, self-rising, bolted, with wheat flour added, enriched",170.0,"1.0 cup",8.843,0.236,--,,
"""20025""","Cornmeal, yellow, self-rising, degermed, enriched",138.0,"1.0 cup",6.301,0.179,--,,
"""20027""","Cornstarch",128.0,"1.0 cup",0.000,0.064,--,,
"""20029""","Couscous, cooked",157.0,"1.0 cup, cooked",1.543,0.064,--,,
"""20028""","Couscous, dry",173.0,"1.0 cup",6.038,0.427,--,,
"""20030""","Hominy, canned, white",165.0,"1.0 cup",0.054,0.050,--,,
"""20330""","Hominy, canned, yellow",160.0,"1.0 cup",0.053,0.048,--,,
"""20106""","Macaroni, vegetable, enriched, cooked",134.0,"1.0 cup spiral shaped",1.435,0.123,--,,
"""20105""","Macaroni, vegetable, enriched, dry",84.0,"1.0 cup spiral shaped",6.156,0.168,--,,
"""20647""","Millet flour",119.0,"1.0 cup",7.164,0.637,0.002,,
"""20032""","Millet, cooked",174.0,"1.0 cup",2.314,0.280,--,,
"""20031""","Millet, raw",200.0,"1.0 cup",9.440,1.500,--,,
"""20310""","Noodles, egg, cooked, enriched, with added salt",160.0,"1.0 cup",3.323,0.157,--,,
"""20510""","Noodles, egg, cooked, unenriched, with added salt",160.0,"1.0 cup",0.640,0.157,--,,
"""20109""","Noodles, egg, dry, enriched",38.0,"1.0 cup",3.187,0.113,0.003,,
"""20409""","Noodles, egg, dry, unenriched",38.0,"1.0 cup",0.798,0.113,0.003,,
"""20110""","Noodles, egg, enriched, cooked",160.0,"1.0 cup",3.323,0.157,--,,
"""20112""","Noodles, egg, spinach, enriched, cooked",160.0,"1.0 cup",2.358,0.128,--,,
"""20111""","Noodles, egg, spinach, enriched, dry",38.0,"1.0 cup",2.498,0.098,--,,
"""20410""","Noodles, egg, unenriched, cooked, without added salt",160.0,"1.0 cup",0.640,0.157,--,,
"""20118""","Noodles, flat, crunchy, Chinese restaurant",45.0,"1.0 cup",1.134,0.055,0.013,,
"""20115""","Noodles, japanese, soba, cooked",114.0,"1.0 cup",0.581,0.009,--,,
"""20114""","Noodles, japanese, soba, dry",57.0,"2.0 oz",1.830,0.131,--,,
"""20117""","Noodles, japanese, somen, cooked",176.0,"1.0 cup",0.171,0.044,--,,
"""20116""","Noodles, japanese, somen, dry",57.0,"2.0 oz",0.499,0.082,--,,
"""20034""","Oat bran, cooked",219.0,"1.0 cup",0.315,0.145,--,,
"""20033""","Oat bran, raw",94.0,"1.0 cup",0.878,0.379,--,,
"""20132""","Oat flour, partially debranned",104.0,"1.0 cup",1.533,0.454,--,,
"""20038""","Oats (Includes foods for USDA's Food Distribution Program)",156.0,"1.0 cup",1.499,0.977,--,,
"""20321""","Pasta, cooked, enriched, with added salt",124.0,"1.0 cup spaghetti not packed",2.094,0.124,0.000,,
"""20121""","Pasta, cooked, enriched, without added salt",124.0,"1.0 cup spaghetti not packed",2.094,0.124,0.000,,
"""20521""","Pasta, cooked, unenriched, with added salt",124.0,"1.0 cup spaghetti not packed",0.496,0.124,0.000,,
"""20421""","Pasta, cooked, unenriched, without added salt",124.0,"1.0 cup spaghetti not packed",0.496,0.124,0.000,,
"""20120""","Pasta, dry, enriched",91.0,"1.0 cup spaghetti",6.531,0.263,0.000,,
"""20420""","Pasta, dry, unenriched",91.0,"1.0 cup spaghetti",1.547,0.263,0.000,,
"""20093""","Pasta, fresh-refrigerated, plain, as purchased",128.0,"4.0 oz",4.288,0.292,--,,
"""20094""","Pasta, fresh-refrigerated, plain, cooked",128.0,"2.0 oz",1.270,0.119,--,,
"""20095""","Pasta, fresh-refrigerated, spinach, as purchased",128.0,"4.0 oz",4.429,0.252,--,,
"""20096""","Pasta, fresh-refrigerated, spinach, cooked",57.0,"2.0 oz",0.576,0.046,--,,
"""20654""","Pasta, gluten-free, brown rice flour, cooked, TINKYADA",169.0,"1.0 cup spaghetti not packed",2.476,0.117,0.002,,
"""20657""","Pasta, gluten-free, corn and rice flour, cooked",141.0,"1.0 cup spaghetti",0.338,0.028,0.003,,
"""20655""","Pasta, gluten-free, corn flour and quinoa flour, cooked, ANCIENT HARVEST",166.0,"1.0 cup spaghetti packed",0.747,0.106,0.003,,
"""20092""","Pasta, gluten-free, corn, cooked",140.0,"1.0 cup",0.778,0.090,--,,
"""20091""","Pasta, gluten-free, corn, dry",105.0,"1.0 cup",2.551,0.212,--,,
"""20097""","Pasta, homemade, made with egg, cooked",57.0,"2.0 oz",0.716,0.032,--,,
"""20098""","Pasta, homemade, made without egg, cooked",57.0,"2.0 oz",0.766,0.034,--,,
"""20652""","Pasta, whole grain, 51% whole wheat, remaining enriched semolina, cooked (Includes foods for USDA's Food Distribution Program)",116.0,"1.0 cup spaghetti not packed",3.082,0.209,--,,
"""20653""","Pasta, whole grain, 51% whole wheat, remaining enriched semolina, dry (Includes foods for USDA's Food Distribution Program)",91.0,"1.0 cup spaghetti",7.853,0.355,0.002,,
"""20136""","Pasta, whole grain, 51% whole wheat, remaining unenriched semolina, cooked",116.0,"1.0 cup spaghetti not packed",3.349,0.231,0.001,,
"""20135""","Pasta, whole grain, 51% whole wheat, remaining unenriched semolina, dry",91.0,"1.0 cup spaghetti",7.233,0.388,0.001,,
"""20125""","Pasta, whole-wheat, cooked (Includes foods for USDA's Food Distribution Program)",117.0,"1.0 cup spaghetti not packed",3.657,0.263,0.001,,
"""20124""","Pasta, whole-wheat, dry (Includes foods for USDA's Food Distribution Program)",91.0,"1.0 cup spaghetti",7.909,0.452,0.002,,
"""20137""","Quinoa, cooked",185.0,"1.0 cup",0.762,0.355,--,,
"""20035""","Quinoa, uncooked",170.0,"1.0 cup",2.584,1.003,0.000,,
"""20060""","Rice bran, crude",118.0,"1.0 cup",40.114,0.859,--,,
"""20090""","Rice flour, brown",158.0,"1.0 cup",10.017,0.363,--,,
"""20061""","Rice flour, white, unenriched",158.0,"1.0 cup",4.092,0.205,--,,
"""20134""","Rice noodles, cooked",176.0,"1.0 cup",0.127,0.067,--,,
"""20133""","Rice noodles, dry",57.0,"2.0 oz",0.126,0.044,--,,
"""20037""","Rice, brown, long-grain, cooked (Includes foods for USDA's Food Distribution Program)",202.0,"1.0 cup",5.173,0.214,0.000,,
"""20036""","Rice, brown, long-grain, raw (Includes foods for USDA's Food Distribution Program)",185.0,"1.0 cup",12.014,0.559,0.000,,
"""20041""","Rice, brown, medium-grain, cooked (Includes foods for USDA's Food Distribution Program)",195.0,"1.0 cup",2.594,0.158,--,,
"""20040""","Rice, brown, medium-grain, raw (Includes foods for USDA's Food Distribution Program)",190.0,"1.0 cup",8.185,0.526,--,,
"""20651""","Rice, brown, parboiled, cooked, UNCLE BENS",155.0,"1.0 cup",2.950,0.200,0.000,,
"""20042""","Rice, brown, parboiled, dry, UNCLE BEN'S",48.0,"0.25 cup",2.387,0.157,0.000,,
"""20055""","Rice, white, glutinous, unenriched, cooked",174.0,"1.0 cup",0.505,0.085,--,,
"""20054""","Rice, white, glutinous, unenriched, uncooked",185.0,"1.0 cup",3.968,0.316,--,,
"""20047""","Rice, white, long-grain, parboiled, enriched, cooked",158.0,"1.0 cup",3.648,0.111,0.000,,
"""20046""","Rice, white, long-grain, parboiled, enriched, dry",185.0,"1.0 cup",9.339,0.525,0.000,,
"""20447""","Rice, white, long-grain, parboiled, unenriched, cooked",158.0,"1.0 cup",3.648,0.111,0.000,,
"""20446""","Rice, white, long-grain, parboiled, unenriched, dry",185.0,"1.0 cup",9.339,0.525,0.000,,
"""20048""","Rice, white, long-grain, precooked or instant, enriched, dry",95.0,"1.0 cup",6.655,0.168,0.000,,
"""20049""","Rice, white, long-grain, precooked or instant, enriched, prepared",165.0,"1.0 cup",2.866,0.061,0.000,,
"""20345""","Rice, white, long-grain, regular, cooked, enriched, with salt",158.0,"1.0 cup",2.332,0.109,--,,
"""20545""","Rice, white, long-grain, regular, cooked, unenriched, with salt",158.0,"1.0 cup",0.632,0.109,--,,
"""20045""","Rice, white, long-grain, regular, enriched, cooked",158.0,"1.0 cup",2.332,0.109,--,,
"""20044""","Rice, white, long-grain, regular, raw, enriched",185.0,"1.0 cup",7.755,0.407,--,,
"""20444""","Rice, white, long-grain, regular, raw, unenriched",185.0,"1.0 cup",2.960,0.407,--,,
"""20445""","Rice, white, long-grain, regular, unenriched, cooked without salt",158.0,"1.0 cup",0.632,0.109,--,,
"""20451""","Rice, white, medium-grain, cooked, unenriched",186.0,"1.0 cup",0.744,0.071,--,,
"""20051""","Rice, white, medium-grain, enriched, cooked",186.0,"1.0 cup",3.413,0.071,--,,
"""20050""","Rice, white, medium-grain, raw, enriched",195.0,"1.0 cup",9.931,0.214,--,,
"""20450""","Rice, white, medium-grain, raw, unenriched",195.0,"1.0 cup",3.120,0.214,--,,
"""20453""","Rice, white, short-grain, cooked, unenriched",205.0,"1.0 cup",0.820,0.148,--,,
"""20053""","Rice, white, short-grain, enriched, cooked",186.0,"1.0 cup",2.777,0.134,--,,
"""20052""","Rice, white, short-grain, enriched, uncooked",200.0,"1.0 cup",8.226,0.420,--,,
"""20452""","Rice, white, short-grain, raw, unenriched",200.0,"1.0 cup",3.200,0.420,--,,
"""20058""","Rice, white, steamed, Chinese restaurant",132.0,"1.0 cup, loosely packed",0.747,0.063,--,,
"""20063""","Rye flour, dark",128.0,"1.0 cup",5.466,0.717,--,,
"""20065""","Rye flour, light",102.0,"1.0 cup",0.816,0.217,--,,
"""20064""","Rye flour, medium",102.0,"1.0 cup",1.762,0.338,--,,
"""20062""","Rye grain",169.0,"1.0 cup",7.216,0.620,--,,
"""20066""","Semolina, enriched",167.0,"1.0 cup",10.003,0.316,--,,
"""20466""","Semolina, unenriched",167.0,"1.0 cup",5.528,0.316,--,,
"""20650""","Sorghum flour, refined, unenriched",161.0,"1.0 cup",2.140,0.014,0.002,,
"""20648""","Sorghum flour, whole-grain",121.0,"1.0 cup",5.440,0.306,0.004,,
"""20067""","Sorghum grain",192.0,"1.0 cup",7.081,0.545,0.004,,
"""20523""","Spaghetti, protein-fortified, cooked, enriched (n x 6.25)",140.0,"1.0 cup",2.572,0.118,--,,
"""20622""","Spaghetti, protein-fortified, dry, enriched (n x 6.25)",57.0,"2.0 oz",4.363,0.158,--,,
"""20127""","Spaghetti, spinach, cooked",140.0,"1.0 cup",2.142,0.287,--,,
"""20126""","Spaghetti, spinach, dry",57.0,"2.0 oz",2.593,0.284,--,,
"""20141""","Spelt, cooked",194.0,"1.0 cup",4.986,0.417,--,,
"""20140""","Spelt, uncooked",174.0,"1.0 cup",11.907,0.889,0.000,,
"""20068""","Tapioca, pearl, dry",152.0,"1.0 cup",0.000,0.030,--,,
"""20143""","Teff, cooked",252.0,"1.0 cup",2.291,0.570,--,,
"""20142""","Teff, uncooked",193.0,"1.0 cup",6.491,1.563,0.000,,
"""20069""","Triticale",192.0,"1.0 cup",2.746,0.877,--,,
"""20070""","Triticale flour, whole-grain",130.0,"1.0 cup",3.718,0.727,--,,
"""20077""","Wheat bran, crude",58.0,"1.0 cup",7.875,0.579,--,,
"""20081""","Wheat flour, white, all-purpose, enriched, bleached",125.0,"1.0 cup",7.380,0.180,--,,
"""20381""","Wheat flour, white, all-purpose, enriched, calcium-fortified",125.0,"1.0 cup",7.380,0.180,--,,
"""20581""","Wheat flour, white, all-purpose, enriched, unbleached",125.0,"1.0 cup",7.380,0.180,--,,
"""20082""","Wheat flour, white, all-purpose, self-rising, enriched",125.0,"1.0 cup",7.290,0.140,--,,
"""20481""","Wheat flour, white, all-purpose, unenriched",125.0,"1.0 cup",1.562,0.180,--,,
"""20083""","Wheat flour, white, bread, enriched",137.0,"1.0 cup",10.349,0.249,--,,
"""20084""","Wheat flour, white, cake, enriched",137.0,"1.0 cup unsifted, dipped",9.302,0.190,--,,
"""20086""","Wheat flour, white, tortilla mix, enriched",111.0,"1.0 cup",6.460,0.111,--,,
"""20080""","Wheat flour, whole-grain (Includes foods for USDA's Food Distribution Program)",120.0,"1.0 cup",5.948,0.492,0.000,,
"""20129""","Wheat flours, bread, unenriched",137.0,"1.0 cup unsifted, dipped",1.370,0.249,--,,
"""20078""","Wheat germ, crude",115.0,"1.0 cup",7.835,0.915,--,,
"""20076""","Wheat, durum",192.0,"1.0 cup",12.937,1.062,--,,
"""20071""","Wheat, hard red spring",192.0,"1.0 cup",10.963,0.787,--,,
"""20072""","Wheat, hard red winter",192.0,"1.0 cup",10.491,0.833,--,,
"""20074""","Wheat, hard white",192.0,"1.0 cup",8.412,0.697,--,,
"""20139""","Wheat, KAMUT khorasan, cooked",172.0,"1.0 cup",3.965,0.356,--,,
"""20138""","Wheat, KAMUT khorasan, uncooked",186.0,"1.0 cup",11.857,0.941,0.000,,
"""20073""","Wheat, soft red winter",168.0,"1.0 cup",8.064,0.756,--,,
"""20075""","Wheat, soft white",168.0,"1.0 cup",8.007,0.716,--,,
"""20087""","Wheat, sprouted",108.0,"1.0 cup",3.334,0.282,--,,
"""20089""","Wild rice, cooked",164.0,"1.0 cup",2.111,0.198,--,,
"""20088""","Wild rice, raw",160.0,"1.0 cup",10.773,0.838,--,,
