Source: USDA National Nutrient Database for Standard Reference Legacy Software v.3.9.4 2018-05-17
"Nutrients: Vitamin B-12, added (µg); Choline, total (mg); Serine (g)"
"Food Groups: Cereal Grains and Pasta"
Food Subset:All Foods
Ordered by:Food Name
Measured by:Household
Report Run at: 06-02-2018T14:21
NDB_NO,Description,Weight(g),Measure,"Vitamin B-12, added"(µg)Per Measure,"Choline, total"(mg)Per Measure,"Serine"(g)Per Measure,
"""20001""","Amaranth grain, uncooked",193.0,"1.0 cup",0.00,134.7,2.216,,
"""20130""","Barley flour or meal",148.0,"1.0 cup",0.00,55.9,0.656,,
"""20131""","Barley malt flour",162.0,"1.0 cup",0.00,--,0.753,,
"""20004""","Barley, hulled",184.0,"1.0 cup",0.00,--,0.970,,
"""20006""","Barley, pearled, cooked",157.0,"1.0 cup",0.00,21.0,0.149,,
"""20005""","Barley, pearled, raw",200.0,"1.0 cup",0.00,75.6,0.836,,
"""20008""","Buckwheat",170.0,"1.0 cup",0.00,--,1.165,,
"""20011""","Buckwheat flour, whole-groat",120.0,"1.0 cup",0.00,65.0,0.782,,
"""20010""","Buckwheat groats, roasted, cooked",168.0,"1.0 cup",0.00,33.8,0.294,,
"""20013""","Bulgur, cooked",182.0,"1.0 cup",0.00,12.6,0.264,,
"""20012""","Bulgur, dry",140.0,"1.0 cup",0.00,39.3,0.812,,
"""20015""","Corn bran, crude",76.0,"1.0 cup",0.00,13.8,--,,
"""20017""","Corn flour, masa, enriched, white",114.0,"1.0 cup",0.00,9.8,0.474,,
"""20019""","Corn flour, masa, unenriched, white",114.0,"1.0 cup",0.00,9.8,0.474,,
"""20316""","Corn flour, whole-grain, white",117.0,"1.0 cup",0.00,25.3,0.385,,
"""20016""","Corn flour, whole-grain, yellow",117.0,"1.0 cup",0.00,25.3,0.385,,
"""20018""","Corn flour, yellow, degermed, unenriched",126.0,"1.0 cup",0.00,--,--,,
"""20314""","Corn grain, white",166.0,"1.0 cup",0.00,--,0.742,,
"""20014""","Corn grain, yellow",166.0,"1.0 cup",0.00,--,0.742,,
"""20322""","Cornmeal, degermed, enriched, white",157.0,"1.0 cup",0.00,13.5,0.535,,
"""20022""","Cornmeal, degermed, enriched, yellow",157.0,"1.0 cup",0.00,13.5,0.535,,
"""20522""","Cornmeal, degermed, unenriched, white",157.0,"1.0 cup",0.00,13.5,0.535,,
"""20422""","Cornmeal, degermed, unenriched, yellow",157.0,"1.0 cup",0.00,13.5,0.535,,
"""20320""","Cornmeal, whole-grain, white",122.0,"1.0 cup",0.00,26.4,0.471,,
"""20020""","Cornmeal, whole-grain, yellow",122.0,"1.0 cup",0.00,26.4,0.471,,
"""20027""","Cornstarch",128.0,"1.0 cup",0.00,0.5,0.015,,
"""20029""","Couscous, cooked",157.0,"1.0 cup, cooked",0.00,5.2,0.281,,
"""20030""","Hominy, canned, white",165.0,"1.0 cup",0.00,5.1,0.107,,
"""20106""","Macaroni, vegetable, enriched, cooked",134.0,"1.0 cup spiral shaped",0.00,6.7,0.288,,
"""20032""","Millet, cooked",174.0,"1.0 cup",0.00,19.5,0.357,,
"""20109""","Noodles, egg, dry, enriched",38.0,"1.0 cup",0.00,29.9,0.305,,
"""20409""","Noodles, egg, dry, unenriched",38.0,"1.0 cup",0.00,29.9,0.305,,
"""20110""","Noodles, egg, enriched, cooked",160.0,"1.0 cup",0.00,41.1,0.411,,
"""20112""","Noodles, egg, spinach, enriched, cooked",160.0,"1.0 cup",0.00,41.1,0.413,,
"""20410""","Noodles, egg, unenriched, cooked, without added salt",160.0,"1.0 cup",0.00,41.1,0.411,,
"""20118""","Noodles, flat, crunchy, Chinese restaurant",45.0,"1.0 cup",0.00,3.6,--,,
"""20033""","Oat bran, raw",94.0,"1.0 cup",0.00,30.3,0.837,,
"""20132""","Oat flour, partially debranned",104.0,"1.0 cup",0.00,31.1,--,,
"""20038""","Oats (Includes foods for USDA's Food Distribution Program)",156.0,"1.0 cup",0.00,--,1.170,,
"""20321""","Pasta, cooked, enriched, with added salt",124.0,"1.0 cup spaghetti not packed",0.00,--,0.336,,
"""20121""","Pasta, cooked, enriched, without added salt",124.0,"1.0 cup spaghetti not packed",0.00,7.9,0.336,,
"""20421""","Pasta, cooked, unenriched, without added salt",124.0,"1.0 cup spaghetti not packed",0.00,7.9,0.341,,
"""20120""","Pasta, dry, enriched",91.0,"1.0 cup spaghetti",0.00,13.7,0.561,,
"""20654""","Pasta, gluten-free, brown rice flour, cooked, TINKYADA",169.0,"1.0 cup spaghetti not packed",0.00,4.6,0.294,,
"""20657""","Pasta, gluten-free, corn and rice flour, cooked",141.0,"1.0 cup spaghetti",0.00,2.4,0.231,,
"""20655""","Pasta, gluten-free, corn flour and quinoa flour, cooked, ANCIENT HARVEST",166.0,"1.0 cup spaghetti packed",0.00,9.6,0.246,,
"""20125""","Pasta, whole-wheat, cooked (Includes foods for USDA's Food Distribution Program)",117.0,"1.0 cup spaghetti not packed",0.00,7.6,0.342,,
"""20137""","Quinoa, cooked",185.0,"1.0 cup",0.00,42.5,0.326,,
"""20060""","Rice bran, crude",118.0,"1.0 cup",0.00,38.0,0.781,,
"""20090""","Rice flour, brown",158.0,"1.0 cup",0.00,--,0.591,,
"""20061""","Rice flour, white, unenriched",158.0,"1.0 cup",0.00,9.2,0.490,,
"""20134""","Rice noodles, cooked",176.0,"1.0 cup",0.00,2.8,0.164,,
"""20133""","Rice noodles, dry",57.0,"2.0 oz",0.00,3.1,0.177,,
"""20037""","Rice, brown, long-grain, cooked (Includes foods for USDA's Food Distribution Program)",202.0,"1.0 cup",0.00,18.6,0.271,,
"""20036""","Rice, brown, long-grain, raw (Includes foods for USDA's Food Distribution Program)",185.0,"1.0 cup",0.00,39.8,0.760,,
"""20040""","Rice, brown, medium-grain, raw (Includes foods for USDA's Food Distribution Program)",190.0,"1.0 cup",0.00,--,0.737,,
"""20055""","Rice, white, glutinous, unenriched, cooked",174.0,"1.0 cup",0.00,3.7,0.184,,
"""20047""","Rice, white, long-grain, parboiled, enriched, cooked",158.0,"1.0 cup",0.00,3.3,0.224,,
"""20046""","Rice, white, long-grain, parboiled, enriched, dry",185.0,"1.0 cup",0.00,11.1,0.677,,
"""20446""","Rice, white, long-grain, parboiled, unenriched, dry",185.0,"1.0 cup",0.00,--,0.677,,
"""20048""","Rice, white, long-grain, precooked or instant, enriched, dry",95.0,"1.0 cup",0.00,5.8,0.361,,
"""20049""","Rice, white, long-grain, precooked or instant, enriched, prepared",165.0,"1.0 cup",0.00,3.5,0.175,,
"""20345""","Rice, white, long-grain, regular, cooked, enriched, with salt",158.0,"1.0 cup",0.00,3.3,0.223,,
"""20545""","Rice, white, long-grain, regular, cooked, unenriched, with salt",158.0,"1.0 cup",0.00,3.3,0.223,,
"""20045""","Rice, white, long-grain, regular, enriched, cooked",158.0,"1.0 cup",0.00,3.3,0.223,,
"""20044""","Rice, white, long-grain, regular, raw, enriched",185.0,"1.0 cup",0.00,10.7,0.694,,
"""20444""","Rice, white, long-grain, regular, raw, unenriched",185.0,"1.0 cup",0.00,10.7,0.694,,
"""20445""","Rice, white, long-grain, regular, unenriched, cooked without salt",158.0,"1.0 cup",0.00,3.3,0.223,,
"""20051""","Rice, white, medium-grain, enriched, cooked",186.0,"1.0 cup",0.00,--,0.233,,
"""20452""","Rice, white, short-grain, raw, unenriched",200.0,"1.0 cup",0.00,--,0.684,,
"""20063""","Rye flour, dark",128.0,"1.0 cup",0.00,38.9,0.872,,
"""20065""","Rye flour, light",102.0,"1.0 cup",0.00,11.0,0.443,,
"""20064""","Rye flour, medium",102.0,"1.0 cup",0.00,21.0,0.494,,
"""20062""","Rye grain",169.0,"1.0 cup",0.00,51.4,0.774,,
"""20466""","Semolina, unenriched",167.0,"1.0 cup",0.00,--,0.999,,
"""20126""","Spaghetti, spinach, dry",57.0,"2.0 oz",0.00,9.7,0.362,,
"""20068""","Tapioca, pearl, dry",152.0,"1.0 cup",0.00,1.8,0.008,,
"""20069""","Triticale",192.0,"1.0 cup",0.00,--,1.139,,
"""20077""","Wheat bran, crude",58.0,"1.0 cup",0.00,43.2,0.397,,
"""20081""","Wheat flour, white, all-purpose, enriched, bleached",125.0,"1.0 cup",0.00,13.0,0.645,,
"""20581""","Wheat flour, white, all-purpose, enriched, unbleached",125.0,"1.0 cup",0.00,--,0.645,,
"""20082""","Wheat flour, white, all-purpose, self-rising, enriched",125.0,"1.0 cup",0.00,13.0,0.618,,
"""20481""","Wheat flour, white, all-purpose, unenriched",125.0,"1.0 cup",0.00,13.0,0.645,,
"""20083""","Wheat flour, white, bread, enriched",137.0,"1.0 cup",0.00,14.2,0.795,,
"""20084""","Wheat flour, white, cake, enriched",137.0,"1.0 cup unsifted, dipped",0.00,14.2,0.592,,
"""20080""","Wheat flour, whole-grain (Includes foods for USDA's Food Distribution Program)",120.0,"1.0 cup",0.00,37.4,0.744,,
"""20129""","Wheat flours, bread, unenriched",137.0,"1.0 cup unsifted, dipped",0.00,14.2,0.795,,
"""20078""","Wheat germ, crude",115.0,"1.0 cup",0.00,--,1.267,,
"""20071""","Wheat, hard red spring",192.0,"1.0 cup",0.00,59.9,1.273,,
"""20072""","Wheat, hard red winter",192.0,"1.0 cup",0.00,59.9,1.125,,
"""20074""","Wheat, hard white",192.0,"1.0 cup",0.00,--,--,,
"""20073""","Wheat, soft red winter",168.0,"1.0 cup",0.00,--,0.907,,
"""20075""","Wheat, soft white",168.0,"1.0 cup",0.00,--,--,,
"""20089""","Wild rice, cooked",164.0,"1.0 cup",0.00,16.7,0.346,,
"""20088""","Wild rice, raw",160.0,"1.0 cup",0.00,56.0,1.245,,
