Source: USDA National Nutrient Database for Standard Reference Legacy Software v.3.9.4 2018-05-17
"Nutrients: 12:0 (g); Vitamin B-6 (mg); 22:0 (g)"
"Food Groups: Cereal Grains and Pasta"
Food Subset:All Foods
Ordered by:Food Name
Measured by:Household
Report Run at: 06-02-2018T14:20
NDB_NO,Description,Weight(g),Measure,"12:0"(g)Per Measure,"Vitamin B-6"(mg)Per Measure,"22:0"(g)Per Measure,
"""20001""","Amaranth grain, uncooked",193.0,"1.0 cup",0.000,1.141,0.035,,
"""20130""","Barley flour or meal",148.0,"1.0 cup",0.006,0.586,--,,
"""20131""","Barley malt flour",162.0,"1.0 cup",0.008,1.061,--,,
"""20004""","Barley, hulled",184.0,"1.0 cup",0.011,0.585,--,,
"""20006""","Barley, pearled, cooked",157.0,"1.0 cup",0.002,0.181,--,,
"""20005""","Barley, pearled, raw",200.0,"1.0 cup",0.006,0.520,--,,
"""20008""","Buckwheat",170.0,"1.0 cup",0.017,0.357,--,,
"""20011""","Buckwheat flour, whole-groat",120.0,"1.0 cup",0.011,0.698,--,,
"""20010""","Buckwheat groats, roasted, cooked",168.0,"1.0 cup",0.003,0.129,--,,
"""20009""","Buckwheat groats, roasted, dry",164.0,"1.0 cup",0.013,0.579,--,,
"""20013""","Bulgur, cooked",182.0,"1.0 cup",0.000,0.151,--,,
"""20012""","Bulgur, dry",140.0,"1.0 cup",0.000,0.479,--,,
"""20015""","Corn bran, crude",76.0,"1.0 cup",0.000,0.116,--,,
"""20017""","Corn flour, masa, enriched, white",114.0,"1.0 cup",0.000,0.541,--,,
"""20019""","Corn flour, masa, unenriched, white",114.0,"1.0 cup",0.000,0.541,--,,
"""20316""","Corn flour, whole-grain, white",117.0,"1.0 cup",0.000,0.433,--,,
"""20016""","Corn flour, whole-grain, yellow",117.0,"1.0 cup",0.000,0.433,--,,
"""20018""","Corn flour, yellow, degermed, unenriched",126.0,"1.0 cup",0.001,0.122,--,,
"""20322""","Cornmeal, degermed, enriched, white",157.0,"1.0 cup",0.002,0.286,0.000,,
"""20022""","Cornmeal, degermed, enriched, yellow",157.0,"1.0 cup",0.002,0.286,0.000,,
"""20522""","Cornmeal, degermed, unenriched, white",157.0,"1.0 cup",0.002,0.286,0.000,,
"""20422""","Cornmeal, degermed, unenriched, yellow",157.0,"1.0 cup",0.002,0.286,0.000,,
"""20325""","Cornmeal, white, self-rising, degermed, enriched",138.0,"1.0 cup",0.001,0.538,--,,
"""20320""","Cornmeal, whole-grain, white",122.0,"1.0 cup",0.000,0.371,--,,
"""20020""","Cornmeal, whole-grain, yellow",122.0,"1.0 cup",0.000,0.371,--,,
"""20025""","Cornmeal, yellow, self-rising, degermed, enriched",138.0,"1.0 cup",0.001,0.538,--,,
"""20027""","Cornstarch",128.0,"1.0 cup",--,0.000,--,,
"""20029""","Couscous, cooked",157.0,"1.0 cup, cooked",0.000,0.080,--,,
"""20030""","Hominy, canned, white",165.0,"1.0 cup",0.000,0.008,--,,
"""20106""","Macaroni, vegetable, enriched, cooked",134.0,"1.0 cup spiral shaped",0.000,0.032,--,,
"""20647""","Millet flour",119.0,"1.0 cup",0.001,0.443,0.018,,
"""20032""","Millet, cooked",174.0,"1.0 cup",0.002,0.188,--,,
"""20031""","Millet, raw",200.0,"1.0 cup",0.006,0.768,--,,
"""20109""","Noodles, egg, dry, enriched",38.0,"1.0 cup",0.000,0.082,--,,
"""20409""","Noodles, egg, dry, unenriched",38.0,"1.0 cup",0.000,0.082,--,,
"""20110""","Noodles, egg, enriched, cooked",160.0,"1.0 cup",0.000,0.074,--,,
"""20112""","Noodles, egg, spinach, enriched, cooked",160.0,"1.0 cup",0.000,0.182,--,,
"""20410""","Noodles, egg, unenriched, cooked, without added salt",160.0,"1.0 cup",0.000,0.074,--,,
"""20118""","Noodles, flat, crunchy, Chinese restaurant",45.0,"1.0 cup",0.000,0.012,0.045,,
"""20115""","Noodles, japanese, soba, cooked",114.0,"1.0 cup",0.000,0.046,--,,
"""20114""","Noodles, japanese, soba, dry",57.0,"2.0 oz",0.001,0.137,--,,
"""20116""","Noodles, japanese, somen, dry",57.0,"2.0 oz",0.000,0.029,--,,
"""20034""","Oat bran, cooked",219.0,"1.0 cup",0.007,0.055,--,,
"""20033""","Oat bran, raw",94.0,"1.0 cup",0.024,0.155,--,,
"""20132""","Oat flour, partially debranned",104.0,"1.0 cup",0.030,0.130,--,,
"""20038""","Oats (Includes foods for USDA's Food Distribution Program)",156.0,"1.0 cup",0.037,0.186,--,,
"""20321""","Pasta, cooked, enriched, with added salt",124.0,"1.0 cup spaghetti not packed",0.007,0.061,0.000,,
"""20121""","Pasta, cooked, enriched, without added salt",124.0,"1.0 cup spaghetti not packed",0.007,0.061,0.000,,
"""20521""","Pasta, cooked, unenriched, with added salt",124.0,"1.0 cup spaghetti not packed",0.007,0.061,0.000,,
"""20421""","Pasta, cooked, unenriched, without added salt",124.0,"1.0 cup spaghetti not packed",0.007,0.061,0.000,,
"""20120""","Pasta, dry, enriched",91.0,"1.0 cup spaghetti",0.000,0.129,--,,
"""20420""","Pasta, dry, unenriched",91.0,"1.0 cup spaghetti",0.000,0.129,--,,
"""20654""","Pasta, gluten-free, brown rice flour, cooked, TINKYADA",169.0,"1.0 cup spaghetti not packed",0.000,0.127,0.007,,
"""20657""","Pasta, gluten-free, corn and rice flour, cooked",141.0,"1.0 cup spaghetti",0.000,0.052,0.003,,
"""20655""","Pasta, gluten-free, corn flour and quinoa flour, cooked, ANCIENT HARVEST",166.0,"1.0 cup spaghetti packed",0.002,0.083,0.007,,
"""20092""","Pasta, gluten-free, corn, cooked",140.0,"1.0 cup",0.000,0.081,--,,
"""20091""","Pasta, gluten-free, corn, dry",105.0,"1.0 cup",0.000,0.216,--,,
"""20097""","Pasta, homemade, made with egg, cooked",57.0,"2.0 oz",0.000,0.021,--,,
"""20653""","Pasta, whole grain, 51% whole wheat, remaining enriched semolina, dry (Includes foods for USDA's Food Distribution Program)",91.0,"1.0 cup spaghetti",0.000,0.218,0.004,,
"""20136""","Pasta, whole grain, 51% whole wheat, remaining unenriched semolina, cooked",116.0,"1.0 cup spaghetti not packed",0.000,0.113,0.002,,
"""20135""","Pasta, whole grain, 51% whole wheat, remaining unenriched semolina, dry",91.0,"1.0 cup spaghetti",0.000,0.255,0.004,,
"""20125""","Pasta, whole-wheat, cooked (Includes foods for USDA's Food Distribution Program)",117.0,"1.0 cup spaghetti not packed",0.000,0.109,0.004,,
"""20124""","Pasta, whole-wheat, dry (Includes foods for USDA's Food Distribution Program)",91.0,"1.0 cup spaghetti",0.000,0.258,0.004,,
"""20137""","Quinoa, cooked",185.0,"1.0 cup",0.000,0.228,--,,
"""20035""","Quinoa, uncooked",170.0,"1.0 cup",0.000,0.828,0.051,,
"""20060""","Rice bran, crude",118.0,"1.0 cup",0.022,4.803,--,,
"""20090""","Rice flour, brown",158.0,"1.0 cup",0.005,1.163,--,,
"""20061""","Rice flour, white, unenriched",158.0,"1.0 cup",0.000,0.689,--,,
"""20134""","Rice noodles, cooked",176.0,"1.0 cup",0.000,0.011,--,,
"""20133""","Rice noodles, dry",57.0,"2.0 oz",0.000,0.009,--,,
"""20037""","Rice, brown, long-grain, cooked (Includes foods for USDA's Food Distribution Program)",202.0,"1.0 cup",0.004,0.248,0.000,,
"""20036""","Rice, brown, long-grain, raw (Includes foods for USDA's Food Distribution Program)",185.0,"1.0 cup",0.009,0.882,0.000,,
"""20041""","Rice, brown, medium-grain, cooked (Includes foods for USDA's Food Distribution Program)",195.0,"1.0 cup",0.002,0.291,--,,
"""20040""","Rice, brown, medium-grain, raw (Includes foods for USDA's Food Distribution Program)",190.0,"1.0 cup",0.004,0.967,--,,
"""20651""","Rice, brown, parboiled, cooked, UNCLE BENS",155.0,"1.0 cup",0.005,0.171,0.000,,
"""20042""","Rice, brown, parboiled, dry, UNCLE BEN'S",48.0,"0.25 cup",0.002,0.195,0.000,,
"""20055""","Rice, white, glutinous, unenriched, cooked",174.0,"1.0 cup",0.000,0.045,--,,
"""20054""","Rice, white, glutinous, unenriched, uncooked",185.0,"1.0 cup",0.002,0.198,--,,
"""20047""","Rice, white, long-grain, parboiled, enriched, cooked",158.0,"1.0 cup",0.000,0.246,--,,
"""20046""","Rice, white, long-grain, parboiled, enriched, dry",185.0,"1.0 cup",0.000,0.836,--,,
"""20447""","Rice, white, long-grain, parboiled, unenriched, cooked",158.0,"1.0 cup",0.000,0.246,--,,
"""20446""","Rice, white, long-grain, parboiled, unenriched, dry",185.0,"1.0 cup",0.000,0.836,--,,
"""20048""","Rice, white, long-grain, precooked or instant, enriched, dry",95.0,"1.0 cup",0.000,0.116,--,,
"""20049""","Rice, white, long-grain, precooked or instant, enriched, prepared",165.0,"1.0 cup",0.000,0.083,--,,
"""20345""","Rice, white, long-grain, regular, cooked, enriched, with salt",158.0,"1.0 cup",0.000,0.147,--,,
"""20545""","Rice, white, long-grain, regular, cooked, unenriched, with salt",158.0,"1.0 cup",0.000,0.147,--,,
"""20045""","Rice, white, long-grain, regular, enriched, cooked",158.0,"1.0 cup",0.000,0.147,--,,
"""20044""","Rice, white, long-grain, regular, raw, enriched",185.0,"1.0 cup",0.000,0.303,--,,
"""20444""","Rice, white, long-grain, regular, raw, unenriched",185.0,"1.0 cup",0.000,0.303,--,,
"""20445""","Rice, white, long-grain, regular, unenriched, cooked without salt",158.0,"1.0 cup",0.000,0.147,--,,
"""20063""","Rye flour, dark",128.0,"1.0 cup",0.000,0.567,--,,
"""20065""","Rye flour, light",102.0,"1.0 cup",0.000,0.239,--,,
"""20064""","Rye flour, medium",102.0,"1.0 cup",0.000,0.273,--,,
"""20062""","Rye grain",169.0,"1.0 cup",0.000,0.497,--,,
"""20066""","Semolina, enriched",167.0,"1.0 cup",0.000,0.172,--,,
"""20466""","Semolina, unenriched",167.0,"1.0 cup",0.000,0.172,--,,
"""20648""","Sorghum flour, whole-grain",121.0,"1.0 cup",0.001,0.393,0.005,,
"""20067""","Sorghum grain",192.0,"1.0 cup",0.002,0.851,0.008,,
"""20126""","Spaghetti, spinach, dry",57.0,"2.0 oz",0.000,0.184,--,,
"""20140""","Spelt, uncooked",174.0,"1.0 cup",0.000,0.400,0.014,,
"""20068""","Tapioca, pearl, dry",152.0,"1.0 cup",0.000,0.012,--,,
"""20142""","Teff, uncooked",193.0,"1.0 cup",0.000,0.930,0.014,,
"""20069""","Triticale",192.0,"1.0 cup",0.027,0.265,--,,
"""20070""","Triticale flour, whole-grain",130.0,"1.0 cup",0.016,0.524,--,,
"""20077""","Wheat bran, crude",58.0,"1.0 cup",0.001,0.756,--,,
"""20081""","Wheat flour, white, all-purpose, enriched, bleached",125.0,"1.0 cup",0.000,0.055,--,,
"""20581""","Wheat flour, white, all-purpose, enriched, unbleached",125.0,"1.0 cup",0.000,0.055,--,,
"""20082""","Wheat flour, white, all-purpose, self-rising, enriched",125.0,"1.0 cup",0.000,0.062,--,,
"""20481""","Wheat flour, white, all-purpose, unenriched",125.0,"1.0 cup",0.000,0.055,--,,
"""20083""","Wheat flour, white, bread, enriched",137.0,"1.0 cup",0.000,0.051,--,,
"""20084""","Wheat flour, white, cake, enriched",137.0,"1.0 cup unsifted, dipped",0.000,0.045,--,,
"""20086""","Wheat flour, white, tortilla mix, enriched",111.0,"1.0 cup",0.023,0.044,--,,
"""20080""","Wheat flour, whole-grain (Includes foods for USDA's Food Distribution Program)",120.0,"1.0 cup",0.000,0.488,--,,
"""20129""","Wheat flours, bread, unenriched",137.0,"1.0 cup unsifted, dipped",0.000,0.051,--,,
"""20071""","Wheat, hard red spring",192.0,"1.0 cup",0.000,0.645,--,,
"""20072""","Wheat, hard red winter",192.0,"1.0 cup",0.000,0.576,--,,
"""20074""","Wheat, hard white",192.0,"1.0 cup",0.000,0.707,--,,
"""20138""","Wheat, KAMUT khorasan, uncooked",186.0,"1.0 cup",0.000,0.482,--,,
"""20075""","Wheat, soft white",168.0,"1.0 cup",0.000,0.635,--,,
"""20087""","Wheat, sprouted",108.0,"1.0 cup",0.000,0.286,--,,
"""20089""","Wild rice, cooked",164.0,"1.0 cup",0.000,0.221,--,,
"""20088""","Wild rice, raw",160.0,"1.0 cup",0.000,0.626,--,,
