Source: USDA National Nutrient Database for Standard Reference Legacy Software v.3.9.4 2018-05-17
"Nutrients: Hydroxyproline (g); Protein (g); Lycopene (µg)"
"Food Groups: Cereal Grains and Pasta"
Food Subset:All Foods
Ordered by:Food Name
Measured by:Household
Report Run at: 06-02-2018T14:20
NDB_NO,Description,Weight(g),Measure,"Hydroxyproline"(g)Per Measure,"Protein"(g)Per Measure,"Lycopene"(µg)Per Measure,
"""20322""","Cornmeal, degermed, enriched, white",157.0,"1.0 cup",--,11.16,0,,
"""20022""","Cornmeal, degermed, enriched, yellow",157.0,"1.0 cup",--,11.16,0,,
"""20522""","Cornmeal, degermed, unenriched, white",157.0,"1.0 cup",--,11.16,0,,
"""20422""","Cornmeal, degermed, unenriched, yellow",157.0,"1.0 cup",--,11.16,0,,
"""20321""","Pasta, cooked, enriched, with added salt",124.0,"1.0 cup spaghetti not packed",--,7.19,0,,
"""20121""","Pasta, cooked, enriched, without added salt",124.0,"1.0 cup spaghetti not packed",--,7.19,0,,
"""20521""","Pasta, cooked, unenriched, with added salt",124.0,"1.0 cup spaghetti not packed",0.000,7.19,--,,
"""20421""","Pasta, cooked, unenriched, without added salt",124.0,"1.0 cup spaghetti not packed",--,7.19,0,,
"""20120""","Pasta, dry, enriched",91.0,"1.0 cup spaghetti",--,11.87,0,,
"""20420""","Pasta, dry, unenriched",91.0,"1.0 cup spaghetti",0.000,11.87,--,,
"""20654""","Pasta, gluten-free, brown rice flour, cooked, TINKYADA",169.0,"1.0 cup spaghetti not packed",--,5.85,0,,
"""20657""","Pasta, gluten-free, corn and rice flour, cooked",141.0,"1.0 cup spaghetti",--,4.51,0,,
"""20655""","Pasta, gluten-free, corn flour and quinoa flour, cooked, ANCIENT HARVEST",166.0,"1.0 cup spaghetti packed",--,5.36,0,,
