Source: USDA National Nutrient Database for Standard Reference Legacy Software v.3.9.4 2018-05-17
"Nutrients: 14:1 (g); Folate, DFE (µg); 20:3 undifferentiated (g)"
"Food Groups: Cereal Grains and Pasta"
Food Subset:All Foods
Ordered by:Food Name
Measured by:Household
Report Run at: 06-02-2018T14:20
NDB_NO,Description,Weight(g),Measure,"14:1"(g)Per Measure,"Folate, DFE"(µg)Per Measure,"20:3 undifferentiated"(g)Per Measure,
"""20001""","Amaranth grain, uncooked",193.0,"1.0 cup",0.000,158,--,,
"""20322""","Cornmeal, degermed, enriched, white",157.0,"1.0 cup",0.000,526,--,,
"""20022""","Cornmeal, degermed, enriched, yellow",157.0,"1.0 cup",0.000,526,--,,
"""20522""","Cornmeal, degermed, unenriched, white",157.0,"1.0 cup",0.000,47,--,,
"""20422""","Cornmeal, degermed, unenriched, yellow",157.0,"1.0 cup",0.000,47,--,,
"""20647""","Millet flour",119.0,"1.0 cup",0.002,50,0.000,,
"""20109""","Noodles, egg, dry, enriched",38.0,"1.0 cup",0.000,141,--,,
"""20409""","Noodles, egg, dry, unenriched",38.0,"1.0 cup",0.000,11,--,,
"""20118""","Noodles, flat, crunchy, Chinese restaurant",45.0,"1.0 cup",0.000,8,0.001,,
"""20321""","Pasta, cooked, enriched, with added salt",124.0,"1.0 cup spaghetti not packed",0.000,148,--,,
"""20121""","Pasta, cooked, enriched, without added salt",124.0,"1.0 cup spaghetti not packed",0.000,148,--,,
"""20521""","Pasta, cooked, unenriched, with added salt",124.0,"1.0 cup spaghetti not packed",0.000,9,--,,
"""20421""","Pasta, cooked, unenriched, without added salt",124.0,"1.0 cup spaghetti not packed",0.000,9,--,,
"""20120""","Pasta, dry, enriched",91.0,"1.0 cup spaghetti",0.000,356,--,,
"""20420""","Pasta, dry, unenriched",91.0,"1.0 cup spaghetti",0.000,16,--,,
"""20654""","Pasta, gluten-free, brown rice flour, cooked, TINKYADA",169.0,"1.0 cup spaghetti not packed",0.000,7,--,,
"""20657""","Pasta, gluten-free, corn and rice flour, cooked",141.0,"1.0 cup spaghetti",0.000,6,--,,
"""20655""","Pasta, gluten-free, corn flour and quinoa flour, cooked, ANCIENT HARVEST",166.0,"1.0 cup spaghetti packed",0.000,13,--,,
"""20653""","Pasta, whole grain, 51% whole wheat, remaining enriched semolina, dry (Includes foods for USDA's Food Distribution Program)",91.0,"1.0 cup spaghetti",0.000,139,--,,
"""20136""","Pasta, whole grain, 51% whole wheat, remaining unenriched semolina, cooked",116.0,"1.0 cup spaghetti not packed",0.000,23,--,,
"""20135""","Pasta, whole grain, 51% whole wheat, remaining unenriched semolina, dry",91.0,"1.0 cup spaghetti",0.000,54,--,,
"""20125""","Pasta, whole-wheat, cooked (Includes foods for USDA's Food Distribution Program)",117.0,"1.0 cup spaghetti not packed",0.000,25,--,,
"""20124""","Pasta, whole-wheat, dry (Includes foods for USDA's Food Distribution Program)",91.0,"1.0 cup spaghetti",0.000,63,--,,
"""20035""","Quinoa, uncooked",170.0,"1.0 cup",0.000,313,--,,
"""20037""","Rice, brown, long-grain, cooked (Includes foods for USDA's Food Distribution Program)",202.0,"1.0 cup",0.000,18,--,,
"""20036""","Rice, brown, long-grain, raw (Includes foods for USDA's Food Distribution Program)",185.0,"1.0 cup",0.000,43,--,,
"""20651""","Rice, brown, parboiled, cooked, UNCLE BENS",155.0,"1.0 cup",0.000,--,--,,
"""20042""","Rice, brown, parboiled, dry, UNCLE BEN'S",48.0,"0.25 cup",0.000,7,0.000,,
"""20047""","Rice, white, long-grain, parboiled, enriched, cooked",158.0,"1.0 cup",0.000,215,--,,
"""20046""","Rice, white, long-grain, parboiled, enriched, dry",185.0,"1.0 cup",0.000,797,--,,
"""20447""","Rice, white, long-grain, parboiled, unenriched, cooked",158.0,"1.0 cup",0.000,5,--,,
"""20446""","Rice, white, long-grain, parboiled, unenriched, dry",185.0,"1.0 cup",0.000,15,--,,
"""20048""","Rice, white, long-grain, precooked or instant, enriched, dry",95.0,"1.0 cup",0.000,443,--,,
"""20049""","Rice, white, long-grain, precooked or instant, enriched, prepared",165.0,"1.0 cup",0.000,195,--,,
"""20648""","Sorghum flour, whole-grain",121.0,"1.0 cup",0.002,30,0.000,,
"""20140""","Spelt, uncooked",174.0,"1.0 cup",0.000,78,--,,
"""20142""","Teff, uncooked",193.0,"1.0 cup",0.000,--,--,,
"""20080""","Wheat flour, whole-grain (Includes foods for USDA's Food Distribution Program)",120.0,"1.0 cup",0.000,53,--,,
"""20138""","Wheat, KAMUT khorasan, uncooked",186.0,"1.0 cup",0.000,--,--,,
