Source: USDA National Nutrient Database for Standard Reference Legacy Software v.3.9.4 2018-05-17
"Nutrients: Lactose (g); 18:2 CLAs (g)"
"Food Groups: Cereal Grains and Pasta"
Food Subset:All Foods
Ordered by:Food Name
Measured by:Household
Report Run at: 06-02-2018T14:21
NDB_NO,Description,Weight(g),Measure,"Lactose"(g)Per Measure,"18:2 CLAs"(g)Per Measure,
"""20001""","Amaranth grain, uncooked",193.0,"1.0 cup",0.00,--,,
"""20322""","Cornmeal, degermed, enriched, white",157.0,"1.0 cup",0.00,--,,
"""20022""","Cornmeal, degermed, enriched, yellow",157.0,"1.0 cup",0.00,--,,
"""20522""","Cornmeal, degermed, unenriched, white",157.0,"1.0 cup",0.00,--,,
"""20422""","Cornmeal, degermed, unenriched, yellow",157.0,"1.0 cup",0.00,--,,
"""20647""","Millet flour",119.0,"1.0 cup",0.00,--,,
"""20310""","Noodles, egg, cooked, enriched, with added salt",160.0,"1.0 cup",0.00,--,,
"""20510""","Noodles, egg, cooked, unenriched, with added salt",160.0,"1.0 cup",0.00,--,,
"""20109""","Noodles, egg, dry, enriched",38.0,"1.0 cup",0.00,--,,
"""20409""","Noodles, egg, dry, unenriched",38.0,"1.0 cup",0.00,--,,
"""20110""","Noodles, egg, enriched, cooked",160.0,"1.0 cup",0.00,--,,
"""20410""","Noodles, egg, unenriched, cooked, without added salt",160.0,"1.0 cup",0.00,--,,
"""20321""","Pasta, cooked, enriched, with added salt",124.0,"1.0 cup spaghetti not packed",0.00,--,,
"""20121""","Pasta, cooked, enriched, without added salt",124.0,"1.0 cup spaghetti not packed",0.00,--,,
"""20521""","Pasta, cooked, unenriched, with added salt",124.0,"1.0 cup spaghetti not packed",0.00,--,,
"""20421""","Pasta, cooked, unenriched, without added salt",124.0,"1.0 cup spaghetti not packed",0.00,--,,
"""20120""","Pasta, dry, enriched",91.0,"1.0 cup spaghetti",0.00,--,,
"""20420""","Pasta, dry, unenriched",91.0,"1.0 cup spaghetti",0.00,--,,
"""20654""","Pasta, gluten-free, brown rice flour, cooked, TINKYADA",169.0,"1.0 cup spaghetti not packed",0.00,--,,
"""20657""","Pasta, gluten-free, corn and rice flour, cooked",141.0,"1.0 cup spaghetti",0.00,--,,
"""20655""","Pasta, gluten-free, corn flour and quinoa flour, cooked, ANCIENT HARVEST",166.0,"1.0 cup spaghetti packed",0.00,--,,
"""20656""","Pasta, gluten-free, rice flour and rice bran extract, cooked, DE BOLES",121.0,"1.0 cup spaghetti",0.00,--,,
"""20652""","Pasta, whole grain, 51% whole wheat, remaining enriched semolina, cooked (Includes foods for USDA's Food Distribution Program)",116.0,"1.0 cup spaghetti not packed",0.00,--,,
"""20653""","Pasta, whole grain, 51% whole wheat, remaining enriched semolina, dry (Includes foods for USDA's Food Distribution Program)",91.0,"1.0 cup spaghetti",0.00,--,,
"""20136""","Pasta, whole grain, 51% whole wheat, remaining unenriched semolina, cooked",116.0,"1.0 cup spaghetti not packed",0.00,--,,
"""20135""","Pasta, whole grain, 51% whole wheat, remaining unenriched semolina, dry",91.0,"1.0 cup spaghetti",0.00,--,,
"""20125""","Pasta, whole-wheat, cooked (Includes foods for USDA's Food Distribution Program)",117.0,"1.0 cup spaghetti not packed",0.00,--,,
"""20124""","Pasta, whole-wheat, dry (Includes foods for USDA's Food Distribution Program)",91.0,"1.0 cup spaghetti",0.00,--,,
"""20037""","Rice, brown, long-grain, cooked (Includes foods for USDA's Food Distribution Program)",202.0,"1.0 cup",0.00,--,,
"""20036""","Rice, brown, long-grain, raw (Includes foods for USDA's Food Distribution Program)",185.0,"1.0 cup",0.00,--,,
"""20651""","Rice, brown, parboiled, cooked, UNCLE BENS",155.0,"1.0 cup",0.00,--,,
"""20042""","Rice, brown, parboiled, dry, UNCLE BEN'S",48.0,"0.25 cup",0.00,--,,
"""20047""","Rice, white, long-grain, parboiled, enriched, cooked",158.0,"1.0 cup",0.00,--,,
"""20046""","Rice, white, long-grain, parboiled, enriched, dry",185.0,"1.0 cup",0.00,--,,
"""20447""","Rice, white, long-grain, parboiled, unenriched, cooked",158.0,"1.0 cup",0.00,--,,
"""20446""","Rice, white, long-grain, parboiled, unenriched, dry",185.0,"1.0 cup",0.00,--,,
"""20048""","Rice, white, long-grain, precooked or instant, enriched, dry",95.0,"1.0 cup",0.00,--,,
"""20049""","Rice, white, long-grain, precooked or instant, enriched, prepared",165.0,"1.0 cup",0.00,--,,
"""20044""","Rice, white, long-grain, regular, raw, enriched",185.0,"1.0 cup",0.00,--,,
"""20063""","Rye flour, dark",128.0,"1.0 cup",0.00,--,,
"""20065""","Rye flour, light",102.0,"1.0 cup",0.00,--,,
"""20064""","Rye flour, medium",102.0,"1.0 cup",0.00,--,,
"""20062""","Rye grain",169.0,"1.0 cup",0.00,--,,
"""20650""","Sorghum flour, refined, unenriched",161.0,"1.0 cup",0.00,--,,
"""20648""","Sorghum flour, whole-grain",121.0,"1.0 cup",0.00,0.002,,
"""20140""","Spelt, uncooked",174.0,"1.0 cup",0.00,--,,
"""20142""","Teff, uncooked",193.0,"1.0 cup",0.00,--,,
"""20138""","Wheat, KAMUT khorasan, uncooked",186.0,"1.0 cup",0.00,--,,
