Source: USDA National Nutrient Database for Standard Reference Legacy Software v.3.9.4 2018-05-17
"Nutrients: Vitamin D (D2 + D3) (µg); Valine (g); Magnesium, Mg (mg)"
"Food Groups: Cereal Grains and Pasta"
Food Subset:All Foods
Ordered by:Food Name
Measured by:Household
Report Run at: 06-02-2018T14:21
NDB_NO,Description,Weight(g),Measure,"Vitamin D (D2 + D3)"(µg)Per Measure,"Valine"(g)Per Measure,"Magnesium, Mg"(mg)Per Measure,
"""20001""","Amaranth grain, uncooked",193.0,"1.0 cup",0.0,1.310,479,,
"""20003""","Arrowroot flour",128.0,"1.0 cup",0.0,0.018,4,,
"""20130""","Barley flour or meal",148.0,"1.0 cup",0.0,0.762,142,,
"""20131""","Barley malt flour",162.0,"1.0 cup",0.0,0.815,157,,
"""20004""","Barley, hulled",184.0,"1.0 cup",0.0,1.126,245,,
"""20006""","Barley, pearled, cooked",157.0,"1.0 cup",0.0,0.174,35,,
"""20005""","Barley, pearled, raw",200.0,"1.0 cup",0.0,0.972,158,,
"""20008""","Buckwheat",170.0,"1.0 cup",0.0,1.153,393,,
"""20011""","Buckwheat flour, whole-groat",120.0,"1.0 cup",0.0,0.775,301,,
"""20010""","Buckwheat groats, roasted, cooked",168.0,"1.0 cup",0.0,0.291,86,,
"""20009""","Buckwheat groats, roasted, dry",164.0,"1.0 cup",0.0,0.984,362,,
"""20013""","Bulgur, cooked",182.0,"1.0 cup",0.0,0.253,58,,
"""20012""","Bulgur, dry",140.0,"1.0 cup",0.0,0.776,230,,
"""20015""","Corn bran, crude",76.0,"1.0 cup",0.0,--,49,,
"""20017""","Corn flour, masa, enriched, white",114.0,"1.0 cup",0.0,0.433,106,,
"""20019""","Corn flour, masa, unenriched, white",114.0,"1.0 cup",0.0,0.433,106,,
"""20316""","Corn flour, whole-grain, white",117.0,"1.0 cup",0.0,0.411,109,,
"""20016""","Corn flour, whole-grain, yellow",117.0,"1.0 cup",0.0,0.411,109,,
"""20018""","Corn flour, yellow, degermed, unenriched",126.0,"1.0 cup",0.0,--,23,,
"""20317""","Corn flour, yellow, masa, enriched",114.0,"1.0 cup",0.0,0.433,106,,
"""20314""","Corn grain, white",166.0,"1.0 cup",0.0,0.792,211,,
"""20014""","Corn grain, yellow",166.0,"1.0 cup",0.0,0.792,211,,
"""20322""","Cornmeal, degermed, enriched, white",157.0,"1.0 cup",0.0,0.529,50,,
"""20022""","Cornmeal, degermed, enriched, yellow",157.0,"1.0 cup",0.0,0.529,50,,
"""20522""","Cornmeal, degermed, unenriched, white",157.0,"1.0 cup",0.0,0.529,50,,
"""20422""","Cornmeal, degermed, unenriched, yellow",157.0,"1.0 cup",0.0,0.529,50,,
"""20323""","Cornmeal, white, self-rising, bolted, plain, enriched",122.0,"1.0 cup",0.0,0.511,105,,
"""20324""","Cornmeal, white, self-rising, bolted, with wheat flour added, enriched",170.0,"1.0 cup",0.0,0.706,92,,
"""20325""","Cornmeal, white, self-rising, degermed, enriched",138.0,"1.0 cup",0.0,--,68,,
"""20320""","Cornmeal, whole-grain, white",122.0,"1.0 cup",0.0,0.501,155,,
"""20020""","Cornmeal, whole-grain, yellow",122.0,"1.0 cup",0.0,0.501,155,,
"""20023""","Cornmeal, yellow, self-rising, bolted, plain, enriched",122.0,"1.0 cup",0.0,0.511,105,,
"""20024""","Cornmeal, yellow, self-rising, bolted, with wheat flour added, enriched",170.0,"1.0 cup",0.0,0.706,92,,
"""20025""","Cornmeal, yellow, self-rising, degermed, enriched",138.0,"1.0 cup",0.0,--,68,,
"""20027""","Cornstarch",128.0,"1.0 cup",0.0,0.018,4,,
"""20029""","Couscous, cooked",157.0,"1.0 cup, cooked",0.0,0.254,13,,
"""20028""","Couscous, dry",173.0,"1.0 cup",0.0,0.941,76,,
"""20030""","Hominy, canned, white",165.0,"1.0 cup",0.0,0.127,26,,
"""20330""","Hominy, canned, yellow",160.0,"1.0 cup",0.0,0.123,26,,
"""20106""","Macaroni, vegetable, enriched, cooked",134.0,"1.0 cup spiral shaped",0.0,0.260,25,,
"""20105""","Macaroni, vegetable, enriched, dry",84.0,"1.0 cup spiral shaped",0.0,0.473,39,,
"""20032""","Millet, cooked",174.0,"1.0 cup",0.0,0.320,77,,
"""20031""","Millet, raw",200.0,"1.0 cup",0.0,1.156,228,,
"""20109""","Noodles, egg, dry, enriched",38.0,"1.0 cup",0.1,0.261,22,,
"""20409""","Noodles, egg, dry, unenriched",38.0,"1.0 cup",0.1,0.261,22,,
"""20110""","Noodles, egg, enriched, cooked",160.0,"1.0 cup",0.2,0.352,34,,
"""20112""","Noodles, egg, spinach, enriched, cooked",160.0,"1.0 cup",0.2,0.390,38,,
"""20410""","Noodles, egg, unenriched, cooked, without added salt",160.0,"1.0 cup",0.2,0.352,34,,
"""20118""","Noodles, flat, crunchy, Chinese restaurant",45.0,"1.0 cup",0.0,--,9,,
"""20115""","Noodles, japanese, soba, cooked",114.0,"1.0 cup",0.0,0.284,10,,
"""20114""","Noodles, japanese, soba, dry",57.0,"2.0 oz",0.0,0.403,54,,
"""20117""","Noodles, japanese, somen, cooked",176.0,"1.0 cup",0.0,0.301,4,,
"""20116""","Noodles, japanese, somen, dry",57.0,"2.0 oz",0.0,0.276,16,,
"""20034""","Oat bran, cooked",219.0,"1.0 cup",0.0,0.361,88,,
"""20033""","Oat bran, raw",94.0,"1.0 cup",0.0,0.906,221,,
"""20132""","Oat flour, partially debranned",104.0,"1.0 cup",0.0,--,150,,
"""20038""","Oats (Includes foods for USDA's Food Distribution Program)",156.0,"1.0 cup",0.0,1.462,276,,
"""20321""","Pasta, cooked, enriched, with added salt",124.0,"1.0 cup spaghetti not packed",0.0,0.320,22,,
"""20121""","Pasta, cooked, enriched, without added salt",124.0,"1.0 cup spaghetti not packed",0.0,0.320,22,,
"""20521""","Pasta, cooked, unenriched, with added salt",124.0,"1.0 cup spaghetti not packed",0.0,0.325,22,,
"""20421""","Pasta, cooked, unenriched, without added salt",124.0,"1.0 cup spaghetti not packed",0.0,0.325,22,,
"""20120""","Pasta, dry, enriched",91.0,"1.0 cup spaghetti",0.0,0.535,48,,
"""20420""","Pasta, dry, unenriched",91.0,"1.0 cup spaghetti",0.0,0.535,48,,
"""20654""","Pasta, gluten-free, brown rice flour, cooked, TINKYADA",169.0,"1.0 cup spaghetti not packed",0.0,0.226,61,,
"""20657""","Pasta, gluten-free, corn and rice flour, cooked",141.0,"1.0 cup spaghetti",0.0,0.145,16,,
"""20655""","Pasta, gluten-free, corn flour and quinoa flour, cooked, ANCIENT HARVEST",166.0,"1.0 cup spaghetti packed",0.0,0.179,68,,
"""20125""","Pasta, whole-wheat, cooked (Includes foods for USDA's Food Distribution Program)",117.0,"1.0 cup spaghetti not packed",0.0,0.303,63,,
"""20124""","Pasta, whole-wheat, dry (Includes foods for USDA's Food Distribution Program)",91.0,"1.0 cup spaghetti",0.0,--,116,,
"""20137""","Quinoa, cooked",185.0,"1.0 cup",0.0,0.342,118,,
"""20035""","Quinoa, uncooked",170.0,"1.0 cup",0.0,1.010,335,,
"""20060""","Rice bran, crude",118.0,"1.0 cup",0.0,1.040,922,,
"""20090""","Rice flour, brown",158.0,"1.0 cup",0.0,0.670,177,,
"""20061""","Rice flour, white, unenriched",158.0,"1.0 cup",0.0,0.550,55,,
"""20134""","Rice noodles, cooked",176.0,"1.0 cup",0.0,0.183,5,,
"""20133""","Rice noodles, dry",57.0,"2.0 oz",0.0,0.198,7,,
"""20037""","Rice, brown, long-grain, cooked (Includes foods for USDA's Food Distribution Program)",202.0,"1.0 cup",0.0,0.305,79,,
"""20036""","Rice, brown, long-grain, raw (Includes foods for USDA's Food Distribution Program)",185.0,"1.0 cup",0.0,0.862,215,,
"""20041""","Rice, brown, medium-grain, cooked (Includes foods for USDA's Food Distribution Program)",195.0,"1.0 cup",0.0,0.265,86,,
"""20040""","Rice, brown, medium-grain, raw (Includes foods for USDA's Food Distribution Program)",190.0,"1.0 cup",0.0,0.836,272,,
"""20042""","Rice, brown, parboiled, dry, UNCLE BEN'S",48.0,"0.25 cup",0.0,--,47,,
"""20055""","Rice, white, glutinous, unenriched, cooked",174.0,"1.0 cup",0.0,0.214,9,,
"""20054""","Rice, white, glutinous, unenriched, uncooked",185.0,"1.0 cup",0.0,0.770,43,,
"""20047""","Rice, white, long-grain, parboiled, enriched, cooked",158.0,"1.0 cup",0.0,0.288,14,,
"""20046""","Rice, white, long-grain, parboiled, enriched, dry",185.0,"1.0 cup",0.0,0.869,50,,
"""20447""","Rice, white, long-grain, parboiled, unenriched, cooked",158.0,"1.0 cup",0.0,0.292,14,,
"""20446""","Rice, white, long-grain, parboiled, unenriched, dry",185.0,"1.0 cup",0.0,0.869,50,,
"""20048""","Rice, white, long-grain, precooked or instant, enriched, dry",95.0,"1.0 cup",0.0,0.472,13,,
"""20049""","Rice, white, long-grain, precooked or instant, enriched, prepared",165.0,"1.0 cup",0.0,0.228,8,,
"""20345""","Rice, white, long-grain, regular, cooked, enriched, with salt",158.0,"1.0 cup",0.0,0.259,19,,
"""20545""","Rice, white, long-grain, regular, cooked, unenriched, with salt",158.0,"1.0 cup",0.0,0.259,19,,
"""20045""","Rice, white, long-grain, regular, enriched, cooked",158.0,"1.0 cup",0.0,0.259,19,,
"""20044""","Rice, white, long-grain, regular, raw, enriched",185.0,"1.0 cup",0.0,0.805,46,,
"""20444""","Rice, white, long-grain, regular, raw, unenriched",185.0,"1.0 cup",0.0,0.805,46,,
"""20445""","Rice, white, long-grain, regular, unenriched, cooked without salt",158.0,"1.0 cup",0.0,0.259,19,,
"""20451""","Rice, white, medium-grain, cooked, unenriched",186.0,"1.0 cup",0.0,0.270,24,,
"""20051""","Rice, white, medium-grain, enriched, cooked",186.0,"1.0 cup",0.0,0.270,24,,
"""20050""","Rice, white, medium-grain, raw, enriched",195.0,"1.0 cup",0.0,0.786,68,,
"""20450""","Rice, white, medium-grain, raw, unenriched",195.0,"1.0 cup",0.0,0.786,68,,
"""20453""","Rice, white, short-grain, cooked, unenriched",205.0,"1.0 cup",0.0,0.295,16,,
"""20053""","Rice, white, short-grain, enriched, cooked",186.0,"1.0 cup",0.0,0.268,15,,
"""20052""","Rice, white, short-grain, enriched, uncooked",200.0,"1.0 cup",0.0,0.794,46,,
"""20452""","Rice, white, short-grain, raw, unenriched",200.0,"1.0 cup",0.0,0.794,46,,
"""20063""","Rye flour, dark",128.0,"1.0 cup",0.0,0.637,205,,
"""20065""","Rye flour, light",102.0,"1.0 cup",0.0,0.329,33,,
"""20064""","Rye flour, medium",102.0,"1.0 cup",0.0,0.355,64,,
"""20062""","Rye grain",169.0,"1.0 cup",0.0,0.536,186,,
"""20066""","Semolina, enriched",167.0,"1.0 cup",0.0,0.902,78,,
"""20466""","Semolina, unenriched",167.0,"1.0 cup",0.0,0.902,78,,
"""20067""","Sorghum grain",192.0,"1.0 cup",0.0,1.077,317,,
"""20523""","Spaghetti, protein-fortified, cooked, enriched (n x 6.25)",140.0,"1.0 cup",0.0,0.496,42,,
"""20622""","Spaghetti, protein-fortified, dry, enriched (n x 6.25)",57.0,"2.0 oz",0.0,0.496,37,,
"""20127""","Spaghetti, spinach, cooked",140.0,"1.0 cup",0.0,0.274,87,,
"""20126""","Spaghetti, spinach, dry",57.0,"2.0 oz",0.0,0.326,99,,
"""20068""","Tapioca, pearl, dry",152.0,"1.0 cup",0.0,0.008,2,,
"""20069""","Triticale",192.0,"1.0 cup",0.0,1.169,250,,
"""20070""","Triticale flour, whole-grain",130.0,"1.0 cup",0.0,0.799,199,,
"""20077""","Wheat bran, crude",58.0,"1.0 cup",0.0,0.421,354,,
"""20081""","Wheat flour, white, all-purpose, enriched, bleached",125.0,"1.0 cup",0.0,0.519,28,,
"""20381""","Wheat flour, white, all-purpose, enriched, calcium-fortified",125.0,"1.0 cup",0.0,0.519,28,,
"""20581""","Wheat flour, white, all-purpose, enriched, unbleached",125.0,"1.0 cup",0.0,0.519,28,,
"""20082""","Wheat flour, white, all-purpose, self-rising, enriched",125.0,"1.0 cup",0.0,0.496,24,,
"""20481""","Wheat flour, white, all-purpose, unenriched",125.0,"1.0 cup",0.0,0.519,28,,
"""20083""","Wheat flour, white, bread, enriched",137.0,"1.0 cup",0.0,0.688,34,,
"""20084""","Wheat flour, white, cake, enriched",137.0,"1.0 cup unsifted, dipped",0.0,0.493,22,,
"""20086""","Wheat flour, white, tortilla mix, enriched",111.0,"1.0 cup",0.0,0.431,23,,
"""20080""","Wheat flour, whole-grain (Includes foods for USDA's Food Distribution Program)",120.0,"1.0 cup",0.0,0.677,164,,
"""20129""","Wheat flours, bread, unenriched",137.0,"1.0 cup unsifted, dipped",0.0,0.688,34,,
"""20078""","Wheat germ, crude",115.0,"1.0 cup",0.0,1.378,275,,
"""20076""","Wheat, durum",192.0,"1.0 cup",0.0,1.140,276,,
"""20071""","Wheat, hard red spring",192.0,"1.0 cup",0.0,1.304,238,,
"""20072""","Wheat, hard red winter",192.0,"1.0 cup",0.0,1.068,242,,
"""20074""","Wheat, hard white",192.0,"1.0 cup",0.0,--,179,,
"""20073""","Wheat, soft red winter",168.0,"1.0 cup",0.0,0.837,212,,
"""20075""","Wheat, soft white",168.0,"1.0 cup",0.0,--,151,,
"""20087""","Wheat, sprouted",108.0,"1.0 cup",0.0,0.390,89,,
"""20089""","Wild rice, cooked",164.0,"1.0 cup",0.0,0.380,52,,
"""20088""","Wild rice, raw",160.0,"1.0 cup",0.0,1.373,283,,
