Source: USDA National Nutrient Database for Standard Reference Legacy Software v.3.9.4 2018-05-17
"Nutrients: 18:2 t not further defined (g); 18:2 i (g); Sucrose (g)"
"Food Groups: Cereal Grains and Pasta"
Food Subset:All Foods
Ordered by:Food Name
Measured by:Household
Report Run at: 06-02-2018T14:20
NDB_NO,Description,Weight(g),Measure,"18:2 t not further defined"(g)Per Measure,"18:2 i"(g)Per Measure,"Sucrose"(g)Per Measure,
"""20647""","Millet flour",119.0,"1.0 cup",0.004,--,0.36,,
"""20118""","Noodles, flat, crunchy, Chinese restaurant",45.0,"1.0 cup",0.050,--,--,,
"""20654""","Pasta, gluten-free, brown rice flour, cooked, TINKYADA",169.0,"1.0 cup spaghetti not packed",0.002,--,0.00,,
"""20657""","Pasta, gluten-free, corn and rice flour, cooked",141.0,"1.0 cup spaghetti",0.003,--,0.00,,
"""20655""","Pasta, gluten-free, corn flour and quinoa flour, cooked, ANCIENT HARVEST",166.0,"1.0 cup spaghetti packed",0.005,--,0.50,,
"""20653""","Pasta, whole grain, 51% whole wheat, remaining enriched semolina, dry (Includes foods for USDA's Food Distribution Program)",91.0,"1.0 cup spaghetti",0.002,--,0.36,,
"""20136""","Pasta, whole grain, 51% whole wheat, remaining unenriched semolina, cooked",116.0,"1.0 cup spaghetti not packed",0.000,--,0.23,,
"""20135""","Pasta, whole grain, 51% whole wheat, remaining unenriched semolina, dry",91.0,"1.0 cup spaghetti",0.002,--,0.55,,
"""20125""","Pasta, whole-wheat, cooked (Includes foods for USDA's Food Distribution Program)",117.0,"1.0 cup spaghetti not packed",0.000,--,0.23,,
"""20124""","Pasta, whole-wheat, dry (Includes foods for USDA's Food Distribution Program)",91.0,"1.0 cup spaghetti",0.002,--,0.62,,
"""20037""","Rice, brown, long-grain, cooked (Includes foods for USDA's Food Distribution Program)",202.0,"1.0 cup",0.000,--,0.48,,
"""20036""","Rice, brown, long-grain, raw (Includes foods for USDA's Food Distribution Program)",185.0,"1.0 cup",0.002,--,1.22,,
"""20651""","Rice, brown, parboiled, cooked, UNCLE BENS",155.0,"1.0 cup",0.000,--,0.23,,
"""20042""","Rice, brown, parboiled, dry, UNCLE BEN'S",48.0,"0.25 cup",0.000,--,0.24,,
"""20648""","Sorghum flour, whole-grain",121.0,"1.0 cup",0.002,--,0.57,,
