Source: USDA National Nutrient Database for Standard Reference Legacy Software v.3.9.4 2018-05-17
"Nutrients: Carotene, alpha (µg); Vitamin D (IU); 18:1 c (g)"
"Food Groups: Cereal Grains and Pasta"
Food Subset:All Foods
Ordered by:Food Name
Measured by:Household
Report Run at: 06-02-2018T14:21
NDB_NO,Description,Weight(g),Measure,"Carotene, alpha"(µg)Per Measure,"Vitamin D"(IU)Per Measure,"18:1 c"(g)Per Measure,
"""20001""","Amaranth grain, uncooked",193.0,"1.0 cup",0,--,--,,
"""20130""","Barley flour or meal",148.0,"1.0 cup",0,--,--,,
"""20131""","Barley malt flour",162.0,"1.0 cup",0,--,--,,
"""20004""","Barley, hulled",184.0,"1.0 cup",0,--,--,,
"""20006""","Barley, pearled, cooked",157.0,"1.0 cup",0,--,--,,
"""20005""","Barley, pearled, raw",200.0,"1.0 cup",0,--,--,,
"""20011""","Buckwheat flour, whole-groat",120.0,"1.0 cup",0,--,--,,
"""20010""","Buckwheat groats, roasted, cooked",168.0,"1.0 cup",0,--,--,,
"""20013""","Bulgur, cooked",182.0,"1.0 cup",0,--,--,,
"""20012""","Bulgur, dry",140.0,"1.0 cup",0,--,--,,
"""20015""","Corn bran, crude",76.0,"1.0 cup",16,0,--,,
"""20017""","Corn flour, masa, enriched, white",114.0,"1.0 cup",0,--,--,,
"""20019""","Corn flour, masa, unenriched, white",114.0,"1.0 cup",0,--,--,,
"""20316""","Corn flour, whole-grain, white",117.0,"1.0 cup",0,--,--,,
"""20016""","Corn flour, whole-grain, yellow",117.0,"1.0 cup",74,0,--,,
"""20018""","Corn flour, yellow, degermed, unenriched",126.0,"1.0 cup",79,0,--,,
"""20317""","Corn flour, yellow, masa, enriched",114.0,"1.0 cup",72,0,--,,
"""20014""","Corn grain, yellow",166.0,"1.0 cup",105,0,--,,
"""20322""","Cornmeal, degermed, enriched, white",157.0,"1.0 cup",0,--,--,,
"""20022""","Cornmeal, degermed, enriched, yellow",157.0,"1.0 cup",99,0,--,,
"""20522""","Cornmeal, degermed, unenriched, white",157.0,"1.0 cup",0,--,--,,
"""20422""","Cornmeal, degermed, unenriched, yellow",157.0,"1.0 cup",99,0,--,,
"""20320""","Cornmeal, whole-grain, white",122.0,"1.0 cup",0,--,--,,
"""20020""","Cornmeal, whole-grain, yellow",122.0,"1.0 cup",77,0,--,,
"""20027""","Cornstarch",128.0,"1.0 cup",0,--,--,,
"""20029""","Couscous, cooked",157.0,"1.0 cup, cooked",0,--,--,,
"""20030""","Hominy, canned, white",165.0,"1.0 cup",0,--,--,,
"""20106""","Macaroni, vegetable, enriched, cooked",134.0,"1.0 cup spiral shaped",0,--,--,,
"""20032""","Millet, cooked",174.0,"1.0 cup",0,--,--,,
"""20310""","Noodles, egg, cooked, enriched, with added salt",160.0,"1.0 cup",0,--,--,,
"""20510""","Noodles, egg, cooked, unenriched, with added salt",160.0,"1.0 cup",0,--,--,,
"""20109""","Noodles, egg, dry, enriched",38.0,"1.0 cup",0,4,--,,
"""20409""","Noodles, egg, dry, unenriched",38.0,"1.0 cup",0,4,--,,
"""20110""","Noodles, egg, enriched, cooked",160.0,"1.0 cup",0,6,--,,
"""20112""","Noodles, egg, spinach, enriched, cooked",160.0,"1.0 cup",0,6,--,,
"""20410""","Noodles, egg, unenriched, cooked, without added salt",160.0,"1.0 cup",0,6,--,,
"""20118""","Noodles, flat, crunchy, Chinese restaurant",45.0,"1.0 cup",0,--,3.275,,
"""20033""","Oat bran, raw",94.0,"1.0 cup",0,--,--,,
"""20132""","Oat flour, partially debranned",104.0,"1.0 cup",0,--,--,,
"""20321""","Pasta, cooked, enriched, with added salt",124.0,"1.0 cup spaghetti not packed",0,--,0.162,,
"""20121""","Pasta, cooked, enriched, without added salt",124.0,"1.0 cup spaghetti not packed",0,--,0.162,,
"""20421""","Pasta, cooked, unenriched, without added salt",124.0,"1.0 cup spaghetti not packed",0,--,0.162,,
"""20120""","Pasta, dry, enriched",91.0,"1.0 cup spaghetti",0,--,0.156,,
"""20654""","Pasta, gluten-free, brown rice flour, cooked, TINKYADA",169.0,"1.0 cup spaghetti not packed",0,--,0.782,,
"""20657""","Pasta, gluten-free, corn and rice flour, cooked",141.0,"1.0 cup spaghetti",30,0,0.216,,
"""20655""","Pasta, gluten-free, corn flour and quinoa flour, cooked, ANCIENT HARVEST",166.0,"1.0 cup spaghetti packed",0,--,0.787,,
"""20125""","Pasta, whole-wheat, cooked (Includes foods for USDA's Food Distribution Program)",117.0,"1.0 cup spaghetti not packed",0,--,0.197,,
"""20137""","Quinoa, cooked",185.0,"1.0 cup",0,--,--,,
"""20035""","Quinoa, uncooked",170.0,"1.0 cup",0,--,--,,
"""20060""","Rice bran, crude",118.0,"1.0 cup",0,--,--,,
"""20061""","Rice flour, white, unenriched",158.0,"1.0 cup",0,--,--,,
"""20134""","Rice noodles, cooked",176.0,"1.0 cup",0,--,--,,
"""20133""","Rice noodles, dry",57.0,"2.0 oz",0,--,--,,
"""20037""","Rice, brown, long-grain, cooked (Includes foods for USDA's Food Distribution Program)",202.0,"1.0 cup",0,--,0.737,,
"""20036""","Rice, brown, long-grain, raw (Includes foods for USDA's Food Distribution Program)",185.0,"1.0 cup",0,--,1.922,,
"""20042""","Rice, brown, parboiled, dry, UNCLE BEN'S",48.0,"0.25 cup",0,--,0.485,,
"""20055""","Rice, white, glutinous, unenriched, cooked",174.0,"1.0 cup",0,--,--,,
"""20047""","Rice, white, long-grain, parboiled, enriched, cooked",158.0,"1.0 cup",0,--,--,,
"""20046""","Rice, white, long-grain, parboiled, enriched, dry",185.0,"1.0 cup",0,--,--,,
"""20048""","Rice, white, long-grain, precooked or instant, enriched, dry",95.0,"1.0 cup",0,--,--,,
"""20049""","Rice, white, long-grain, precooked or instant, enriched, prepared",165.0,"1.0 cup",0,--,--,,
"""20345""","Rice, white, long-grain, regular, cooked, enriched, with salt",158.0,"1.0 cup",0,--,--,,
"""20545""","Rice, white, long-grain, regular, cooked, unenriched, with salt",158.0,"1.0 cup",0,--,--,,
"""20045""","Rice, white, long-grain, regular, enriched, cooked",158.0,"1.0 cup",0,--,--,,
"""20044""","Rice, white, long-grain, regular, raw, enriched",185.0,"1.0 cup",0,--,--,,
"""20444""","Rice, white, long-grain, regular, raw, unenriched",185.0,"1.0 cup",0,--,--,,
"""20445""","Rice, white, long-grain, regular, unenriched, cooked without salt",158.0,"1.0 cup",0,--,--,,
"""20063""","Rye flour, dark",128.0,"1.0 cup",0,--,--,,
"""20065""","Rye flour, light",102.0,"1.0 cup",0,--,--,,
"""20064""","Rye flour, medium",102.0,"1.0 cup",0,--,--,,
"""20062""","Rye grain",169.0,"1.0 cup",0,--,--,,
"""20126""","Spaghetti, spinach, dry",57.0,"2.0 oz",0,--,--,,
"""20140""","Spelt, uncooked",174.0,"1.0 cup",0,--,--,,
"""20068""","Tapioca, pearl, dry",152.0,"1.0 cup",0,--,--,,
"""20142""","Teff, uncooked",193.0,"1.0 cup",0,--,--,,
"""20077""","Wheat bran, crude",58.0,"1.0 cup",0,--,--,,
"""20081""","Wheat flour, white, all-purpose, enriched, bleached",125.0,"1.0 cup",0,--,--,,
"""20581""","Wheat flour, white, all-purpose, enriched, unbleached",125.0,"1.0 cup",0,--,--,,
"""20082""","Wheat flour, white, all-purpose, self-rising, enriched",125.0,"1.0 cup",0,--,--,,
"""20481""","Wheat flour, white, all-purpose, unenriched",125.0,"1.0 cup",0,--,--,,
"""20083""","Wheat flour, white, bread, enriched",137.0,"1.0 cup",0,--,--,,
"""20084""","Wheat flour, white, cake, enriched",137.0,"1.0 cup unsifted, dipped",0,--,--,,
"""20080""","Wheat flour, whole-grain (Includes foods for USDA's Food Distribution Program)",120.0,"1.0 cup",0,--,--,,
"""20129""","Wheat flours, bread, unenriched",137.0,"1.0 cup unsifted, dipped",0,--,--,,
"""20071""","Wheat, hard red spring",192.0,"1.0 cup",0,--,--,,
"""20072""","Wheat, hard red winter",192.0,"1.0 cup",0,--,--,,
"""20074""","Wheat, hard white",192.0,"1.0 cup",0,--,--,,
"""20138""","Wheat, KAMUT khorasan, uncooked",186.0,"1.0 cup",4,--,--,,
"""20075""","Wheat, soft white",168.0,"1.0 cup",0,--,--,,
"""20089""","Wild rice, cooked",164.0,"1.0 cup",0,--,--,,
"""20088""","Wild rice, raw",160.0,"1.0 cup",0,--,--,,
