Source: USDA National Nutrient Database for Standard Reference Legacy Software v.3.9.4 2018-05-17
"Nutrients: Threonine (g); 18:3 n-6 c,c,c (g); Maltose (g)"
"Food Groups: Dairy and Egg Products"
Food Subset:All Foods
Ordered by:Food Name
Measured by:Household
Report Run at: 06-02-2018T14:13
NDB_NO,Description,Weight(g),Measure,"Threonine"(g)Per Measure,"18:3 n-6 c,c,c"(g)Per Measure,"Maltose"(g)Per Measure,
"""01003""","Butter oil, anhydrous",12.8,"1.0 tbsp",0.002,--,--,,
"""01001""","Butter, salted",5.0,"1.0 pat (1"" sq, 1/3"" high)",0.002,--,--,,
"""01002""","Butter, whipped, with salt",3.8,"1.0 pat (1"" sq, 1/3"" high)",0.001,0.000,--,,
"""01145""","Butter, without salt",5.0,"1.0 pat (1"" sq, 1/3"" high)",0.002,--,--,,
"""01045""","Cheese food, cold pack, American",28.35,"1.0 oz",0.181,--,--,,
"""01046""","Cheese food, pasteurized process, American, vitamin D fortified",113.0,"1.0 cup",0.814,0.002,0.00,,
"""01254""","Cheese food, pasteurized process, American, without added vitamin D",113.0,"1.0 cup",0.814,0.002,0.00,,
"""01047""","Cheese food, pasteurized process, swiss",28.35,"1.0 oz",0.202,--,--,,
"""01164""","Cheese sauce, prepared from recipe",30.0,"2.0 tbsp",0.106,--,0.01,,
"""01048""","Cheese spread, pasteurized process, American",140.0,"1.0 cup, diced",0.879,--,--,,
"""01161""","Cheese substitute, mozzarella",113.0,"1.0 cup, shredded",0.449,--,--,,
"""01004""","Cheese, blue",28.35,"1.0 oz",0.223,--,--,,
"""01005""","Cheese, brick",132.0,"1.0 cup, diced",1.164,--,--,,
"""01006""","Cheese, brie",28.35,"1.0 oz",0.213,--,--,,
"""01007""","Cheese, camembert",28.35,"1.0 oz",0.203,--,--,,
"""01008""","Cheese, caraway",28.35,"1.0 oz",0.254,--,--,,
"""01009""","Cheese, cheddar (Includes foods for USDA's Food Distribution Program)",132.0,"1.0 cup, diced",1.378,0.004,0.00,,
"""01270""","Cheese, cheddar, sharp, sliced",19.0,"1.0 slice (2/3 oz)",0.207,0.000,0.00,,
"""01010""","Cheese, cheshire",28.35,"1.0 oz",0.236,--,--,,
"""01011""","Cheese, colby",132.0,"1.0 cup, diced",1.115,--,--,,
"""01012""","Cheese, cottage, creamed, large or small curd",113.0,"4.0 oz",0.565,--,0.00,,
"""01013""","Cheese, cottage, creamed, with fruit",113.0,"4.0 oz",0.532,--,--,,
"""01016""","Cheese, cottage, lowfat, 1% milkfat",113.0,"4.0 oz",0.622,--,--,,
"""01015""","Cheese, cottage, lowfat, 2% milkfat",113.0,"4.0 oz",0.531,--,0.00,,
"""01014""","Cheese, cottage, nonfat, uncreamed, dry, large or small curd",145.0,"1.0 cup (not packed)",0.674,--,0.00,,
"""43273""","Cheese, cottage, with vegetables",113.0,"4.0 oz",0.602,--,--,,
"""01017""","Cheese, cream",14.5,"1.0 tbsp",0.034,0.000,0.00,,
"""01186""","Cheese, cream, fat free",18.0,"1.0 tbsp",0.111,--,0.00,,
"""43274""","Cheese, cream, low fat",15.0,"1.0 tbsp",0.046,--,0.00,,
"""01018""","Cheese, edam",28.35,"1.0 oz",0.264,--,--,,
"""01019""","Cheese, feta",150.0,"1.0 cup, crumbled",0.956,--,--,,
"""01020""","Cheese, fontina",132.0,"1.0 cup, diced",1.234,--,--,,
"""01021""","Cheese, gjetost",28.35,"1.0 oz",0.111,--,--,,
"""01156""","Cheese, goat, hard type",28.35,"1.0 oz",0.323,--,--,,
"""01157""","Cheese, goat, semisoft type",28.35,"1.0 oz",0.228,--,--,,
"""01159""","Cheese, goat, soft type",28.35,"1.0 oz",0.196,--,--,,
"""01022""","Cheese, gouda",28.35,"1.0 oz",0.264,--,--,,
"""01023""","Cheese, gruyere",28.35,"1.0 oz",0.309,--,--,,
"""01024""","Cheese, limburger",134.0,"1.0 cup",0.990,--,--,,
"""01168""","Cheese, low fat, cheddar or colby",132.0,"1.0 cup, diced",1.053,--,--,,
"""01169""","Cheese, low-sodium, cheddar or colby",132.0,"1.0 cup, diced",1.053,--,--,,
"""01251""","Cheese, Mexican blend",28.0,"0.25 cup shredded",0.243,--,0.00,,
"""01165""","Cheese, mexican, queso anejo",132.0,"1.0 cup, crumbled",0.965,--,--,,
"""01166""","Cheese, mexican, queso asadero",132.0,"1.0 cup, diced",0.973,--,--,,
"""01167""","Cheese, mexican, queso chihuahua",132.0,"1.0 cup, diced",1.080,--,--,,
"""01025""","Cheese, monterey",132.0,"1.0 cup, diced",1.150,--,--,,
"""01029""","Cheese, mozzarella, low moisture, part-skim",132.0,"1.0 cup, diced",1.390,--,0.00,,
"""01271""","Cheese, mozzarella, low moisture, part-skim, shredded",86.0,"1.0 cup",0.914,--,0.00,,
"""01028""","Cheese, mozzarella, part skim milk",28.35,"1.0 oz",0.262,--,--,,
"""01026""","Cheese, mozzarella, whole milk",112.0,"1.0 cup, shredded",1.101,--,0.00,,
"""01027""","Cheese, mozzarella, whole milk, low moisture",28.35,"1.0 oz",0.233,--,--,,
"""01030""","Cheese, muenster",132.0,"1.0 cup, diced",1.172,--,--,,
"""01031""","Cheese, neufchatel",28.35,"1.0 oz",0.102,--,0.00,,
"""01204""","Cheese, parmesan, dry grated, reduced fat",100.0,"1.0 cup",1.519,--,--,,
"""01032""","Cheese, parmesan, grated",100.0,"1.0 cup",1.075,0.002,0.00,,
"""01033""","Cheese, parmesan, hard",28.35,"1.0 oz",0.373,--,--,,
"""01146""","Cheese, parmesan, shredded",5.0,"1.0 tbsp",0.077,--,--,,
"""01042""","Cheese, pasteurized process, American, fortified with vitamin D",28.35,"1.0 oz",0.219,0.000,0.00,,
"""01253""","Cheese, pasteurized process, American, without added vitamin D",28.35,"1.0 oz",0.219,0.000,0.00,,
"""01043""","Cheese, pasteurized process, pimento",140.0,"1.0 cup, diced",1.005,--,--,,
"""01044""","Cheese, pasteurized process, swiss",140.0,"1.0 cup, diced",1.123,--,--,,
"""01034""","Cheese, port de salut",132.0,"1.0 cup, diced",1.156,--,--,,
"""01035""","Cheese, provolone",132.0,"1.0 cup, diced",1.296,--,--,,
"""01208""","Cheese, provolone, reduced fat",132.0,"1.0 cup, diced",1.296,--,--,,
"""01037""","Cheese, ricotta, part skim milk",124.0,"0.5 cup",0.649,--,--,,
"""01038""","Cheese, romano",28.35,"1.0 oz",0.332,--,--,,
"""01039""","Cheese, roquefort",28.35,"1.0 oz",0.274,--,--,,
"""01040""","Cheese, swiss",132.0,"1.0 cup, diced",1.370,0.003,0.00,,
"""01041""","Cheese, tilsit",28.35,"1.0 oz",0.255,--,--,,
"""01205""","Cream substitute, flavored, liquid",15.0,"1.0 tbsp",0.004,--,--,,
"""01206""","Cream substitute, flavored, powdered",12.0,"4.0 tsp",0.003,--,--,,
"""01067""","Cream substitute, liquid, with hydrogenated vegetable oil and soy protein",15.0,"1.0 container, individual",0.006,--,--,,
"""01068""","Cream substitute, liquid, with lauric acid oil and sodium caseinate",15.0,"1.0 container, individual",0.006,--,--,,
"""01069""","Cream substitute, powdered",94.0,"1.0 cup",0.191,0.005,3.45,,
"""01049""","Cream, fluid, half and half",30.2,"1.0 fl oz",0.042,--,0.00,,
"""01053""","Cream, fluid, heavy whipping",120.0,"1.0 cup, whipped",0.151,0.002,0.00,,
"""01050""","Cream, fluid, light (coffee cream or table cream)",30.0,"1.0 fl oz",0.039,--,0.00,,
"""01052""","Cream, fluid, light whipping",120.0,"1.0 cup, whipped",0.118,--,--,,
"""01056""","Cream, sour, cultured",12.0,"1.0 tbsp",0.017,0.001,0.00,,
"""01055""","Cream, sour, reduced fat, cultured",15.0,"1.0 tbsp",0.020,--,--,,
"""01054""","Cream, whipped, cream topping, pressurized",60.0,"1.0 cup",0.086,--,--,,
"""01070""","Dessert topping, powdered",43.0,"1.0 oz",0.089,--,--,,
"""01071""","Dessert topping, powdered, 1.5 ounce prepared with 1/2 cup milk",80.0,"1.0 cup",0.126,--,0.00,,
"""01072""","Dessert topping, pressurized",70.0,"1.0 cup",0.029,--,--,,
"""01073""","Dessert topping, semi solid, frozen",75.0,"1.0 cup",0.040,--,--,,
"""01226""","Egg substitute, liquid or frozen, fat free",60.0,"0.25 cup",0.290,--,--,,
"""01138""","Egg, duck, whole, fresh, raw",70.0,"1.0 egg",0.515,--,--,,
"""01139""","Egg, goose, whole, fresh, raw",144.0,"1.0 egg",1.148,--,--,,
"""01140""","Egg, quail, whole, fresh, raw",9.0,"1.0 egg",0.058,--,--,,
"""01141""","Egg, turkey, whole, fresh, raw",79.0,"1.0 egg",0.531,--,--,,
"""01173""","Egg, white, dried",28.0,"1.0 oz",1.032,--,--,,
"""01135""","Egg, white, dried, flakes, stabilized, glucose reduced",28.35,"1.0 oz",0.970,--,--,,
"""01136""","Egg, white, dried, powder, stabilized, glucose reduced",107.0,"1.0 cup, sifted",3.922,--,--,,
"""01258""","Egg, white, dried, stabilized, glucose reduced",107.0,"1.0 cup, sifted",3.883,--,0.00,,
"""01124""","Egg, white, raw, fresh",33.0,"1.0 large",0.148,--,0.02,,
"""01172""","Egg, white, raw, frozen, pasteurized",28.0,"1.0 oz",0.127,--,0.00,,
"""01128""","Egg, whole, cooked, fried",46.0,"1.0 large",0.277,--,0.00,,
"""01129""","Egg, whole, cooked, hard-boiled",136.0,"1.0 cup, chopped",0.821,--,--,,
"""01130""","Egg, whole, cooked, omelet",15.0,"1.0 tbsp",0.070,--,0.00,,
"""01131""","Egg, whole, cooked, poached",50.0,"1.0 large",0.277,--,0.00,,
"""01132""","Egg, whole, cooked, scrambled",61.0,"1.0 large",0.270,--,0.00,,
"""01133""","Egg, whole, dried",85.0,"1.0 cup, sifted",1.810,0.046,0.00,,
"""01134""","Egg, whole, dried, stabilized, glucose reduced",85.0,"1.0 cup, sifted",2.011,--,--,,
"""01123""","Egg, whole, raw, fresh",50.0,"1.0 large",0.278,0.006,0.00,,
"""01171""","Egg, whole, raw, frozen, pasteurized (Includes foods for USDA's Food Distribution Program)",28.0,"1.0 oz",0.155,0.006,0.00,,
"""01255""","Egg, whole, raw, frozen, salted, pasteurized",28.0,"1.0 oz",0.135,0.003,0.00,,
"""01137""","Egg, yolk, dried",67.0,"1.0 cup, sifted",1.035,0.048,0.00,,
"""01125""","Egg, yolk, raw, fresh",17.0,"1.0 large",0.117,--,0.01,,
"""01126""","Egg, yolk, raw, frozen, pasteurized",28.35,"1.0 oz",0.200,0.009,0.00,,
"""01160""","Egg, yolk, raw, frozen, salted, pasteurized",28.35,"1.0 oz",0.176,0.005,0.00,,
"""01127""","Egg, yolk, raw, frozen, sugared, pasteurized",28.35,"1.0 oz",0.178,0.008,0.00,,
"""01057""","Eggnog",254.0,"1.0 cup",0.511,--,0.10,,
"""01236""","Ice cream, soft serve, chocolate",86.0,"0.5 cup",0.145,--,--,,
"""01110""","Milk shakes, thick chocolate",28.4,"1.0 fl oz",0.039,--,--,,
"""01111""","Milk shakes, thick vanilla",28.4,"1.0 fl oz",0.049,--,--,,
"""01076""","Milk substitutes, fluid, with lauric acid oil",244.0,"1.0 cup",0.181,--,--,,
"""01094""","Milk, buttermilk, dried",30.0,"0.25 cup",0.464,--,--,,
"""01088""","Milk, buttermilk, fluid, cultured, lowfat",245.0,"1.0 cup",0.345,--,--,,
"""42189""","Milk, buttermilk, fluid, cultured, reduced fat",245.0,"1.0 cup",0.429,--,--,,
"""01230""","Milk, buttermilk, fluid, whole",245.0,"1.0 cup",0.336,--,--,,
"""01095""","Milk, canned, condensed, sweetened",38.2,"1.0 fl oz",0.136,--,--,,
"""01097""","Milk, canned, evaporated, nonfat, with added vitamin A and vitamin D",31.9,"1.0 fl oz",0.109,--,--,,
"""01153""","Milk, canned, evaporated, with added vitamin A",31.5,"1.0 fl oz",0.097,--,--,,
"""01096""","Milk, canned, evaporated, with added vitamin D and without added vitamin A",31.5,"1.0 fl oz",0.097,--,--,,
"""01105""","Milk, chocolate beverage, hot cocoa, homemade",250.0,"1.0 cup",0.237,--,0.03,,
"""01202""","Milk, chocolate, fluid, commercial, reduced fat, with added calcium",250.0,"1.0 cup",0.350,--,0.00,,
"""01103""","Milk, chocolate, fluid, commercial, reduced fat, with added vitamin A and vitamin D",250.0,"1.0 cup",0.320,--,0.00,,
"""01102""","Milk, chocolate, fluid, commercial, whole, with added vitamin A and vitamin D",250.0,"1.0 cup",0.338,--,--,,
"""01104""","Milk, chocolate, lowfat, with added vitamin A and vitamin D",250.0,"1.0 cup",0.390,0.000,--,,
"""01093""","Milk, dry, nonfat, calcium reduced",28.35,"1.0 oz",0.454,--,--,,
"""01092""","Milk, dry, nonfat, instant, with added vitamin A and vitamin D",68.0,"1.0 cup",1.077,--,--,,
"""01155""","Milk, dry, nonfat, instant, without added vitamin A and vitamin D",68.0,"1.0 cup",1.077,--,--,,
"""01154""","Milk, dry, nonfat, regular, with added vitamin A and vitamin D",30.0,"0.25 cup",0.490,--,--,,
"""01091""","Milk, dry, nonfat, regular, without added vitamin A and vitamin D",30.0,"0.25 cup",0.490,--,--,,
"""01090""","Milk, dry, whole, with added vitamin D",32.0,"0.25 cup",0.380,--,--,,
"""01212""","Milk, dry, whole, without added vitamin D",128.0,"1.0 cup",1.521,--,--,,
"""01291""","Milk, evaporated, 2% fat, with added vitamin A and vitamin D",252.0,"1.0 cup",0.774,--,--,,
"""01059""","Milk, filled, fluid, with blend of hydrogenated vegetable oils",244.0,"1.0 cup",0.366,--,--,,
"""01060""","Milk, filled, fluid, with lauric acid oil",244.0,"1.0 cup",0.366,--,--,,
"""01175""","Milk, fluid, 1% fat, without added vitamin A and vitamin D",244.0,"1.0 cup",0.349,--,0.00,,
"""01106""","Milk, goat, fluid, with added vitamin D",30.5,"1.0 fl oz",0.050,--,--,,
"""01107""","Milk, human, mature, fluid",30.8,"1.0 fl oz",0.014,--,--,,
"""01108""","Milk, indian buffalo, fluid",244.0,"1.0 cup",0.444,--,--,,
"""01089""","Milk, low sodium, fluid",244.0,"1.0 cup",0.342,--,--,,
"""01084""","Milk, lowfat, fluid, 1% milkfat, protein fortified, with added vitamin A and vitamin D",246.0,"1.0 cup",0.435,--,--,,
"""01083""","Milk, lowfat, fluid, 1% milkfat, with added nonfat milk solids, vitamin A and vitamin D",245.0,"1.0 cup",0.385,--,--,,
"""01082""","Milk, lowfat, fluid, 1% milkfat, with added vitamin A and vitamin D",244.0,"1.0 cup",0.349,--,0.00,,
"""01087""","Milk, nonfat, fluid, protein fortified, with added vitamin A and vitamin D (fat free and skim)",246.0,"1.0 cup",0.440,--,--,,
"""01086""","Milk, nonfat, fluid, with added nonfat milk solids, vitamin A and vitamin D (fat free or skim)",245.0,"1.0 cup",0.394,--,--,,
"""01085""","Milk, nonfat, fluid, with added vitamin A and vitamin D (fat free or skim)",245.0,"1.0 cup",0.353,--,0.00,,
"""01151""","Milk, nonfat, fluid, without added vitamin A and vitamin D (fat free or skim)",245.0,"1.0 cup",0.353,--,0.00,,
"""01078""","Milk, producer, fluid, 3.7% milkfat",244.0,"1.0 cup",0.361,--,--,,
"""01081""","Milk, reduced fat, fluid, 2% milkfat, protein fortified, with added vitamin A and vitamin D",246.0,"1.0 cup",0.438,--,--,,
"""01080""","Milk, reduced fat, fluid, 2% milkfat, with added nonfat milk solids and vitamin A and vitamin D",245.0,"1.0 cup",0.385,--,--,,
"""01152""","Milk, reduced fat, fluid, 2% milkfat, with added nonfat milk solids, without added vitamin A",245.0,"1.0 cup",0.394,--,--,,
"""01079""","Milk, reduced fat, fluid, 2% milkfat, with added vitamin A and vitamin D",244.0,"1.0 cup",0.344,--,0.02,,
"""01174""","Milk, reduced fat, fluid, 2% milkfat, without added vitamin A and vitamin D",246.0,"1.0 cup",0.347,--,0.02,,
"""01109""","Milk, sheep, fluid",245.0,"1.0 cup",0.657,--,--,,
"""01077""","Milk, whole, 3.25% milkfat, with added vitamin D",244.0,"1.0 cup",0.327,--,0.00,,
"""01211""","Milk, whole, 3.25% milkfat, without added vitamin A and vitamin D",244.0,"1.0 cup",0.327,--,0.00,,
"""01074""","Sour cream, imitation, cultured",28.35,"1.0 oz",0.029,--,--,,
"""01058""","Sour dressing, non-butterfat, cultured, filled cream-type",12.0,"1.0 tbsp",0.018,--,--,,
"""01113""","Whey, acid, dried",57.0,"1.0 cup",0.336,--,--,,
"""01112""","Whey, acid, fluid",246.0,"1.0 cup",0.093,--,--,,
"""01115""","Whey, sweet, dried",145.0,"1.0 cup",1.185,--,--,,
"""01114""","Whey, sweet, fluid",246.0,"1.0 cup",0.133,--,--,,
"""43261""","Yogurt, fruit variety, nonfat",170.0,"1.0 container (6 oz)",0.343,--,--,,
"""01218""","Yogurt, fruit variety, nonfat, fortified with vitamin D",170.0,"1.0 container (6 oz)",0.343,--,--,,
"""01121""","Yogurt, fruit, low fat, 10 grams protein per 8 ounce",170.0,"1.0 container (6 oz)",0.304,--,--,,
"""01217""","Yogurt, fruit, low fat, 10 grams protein per 8 ounce, fortified with vitamin D",170.0,"1.0 container (6 oz)",0.304,--,--,,
"""01122""","Yogurt, fruit, low fat, 11g protein/8 oz",170.0,"1.0 container (6 oz)",0.340,--,--,,
"""01216""","Yogurt, fruit, low fat, 9 grams protein per 8 ounce, fortified with vitamin D",170.0,"1.0 container (6 oz)",0.277,--,--,,
"""01120""","Yogurt, fruit, low fat,9 g protein/8 oz",170.0,"1.0 container (6 oz)",0.277,--,--,,
"""01203""","Yogurt, fruit, lowfat, with low calorie sweetener",170.0,"1.0 container (6 oz)",0.340,--,--,,
"""01219""","Yogurt, fruit, lowfat, with low calorie sweetener, fortified with vitamin D",170.0,"1.0 container (6 oz)",0.340,--,--,,
"""01275""","Yogurt, Greek, nonfat, vanilla, CHOBANI",150.0,"5.0 oz",0.606,--,0.00,,
"""01287""","Yogurt, Greek, plain, lowfat",200.0,"1.0 container (7 oz)",0.432,--,0.00,,
"""01284""","Yogurt, Greek, strawberry, lowfat",150.0,"1.0 container (5.3 oz)",0.268,--,0.00,,
"""01285""","Yogurt, Greek, strawberry, nonfat",150.0,"1.0 container (5.3 oz)",0.268,--,0.00,,
"""01286""","Yogurt, Greek, vanilla, nonfat",150.0,"1.0 container (5.3 oz)",0.303,--,0.00,,
"""01117""","Yogurt, plain, low fat",170.0,"1.0 container (6 oz)",0.367,--,--,,
"""01118""","Yogurt, plain, skim milk",170.0,"1.0 container (6 oz)",0.399,--,--,,
"""01116""","Yogurt, plain, whole milk",170.0,"1.0 container (6 oz)",0.241,--,--,,
"""01220""","Yogurt, vanilla, low fat, fortified with vitamin D",170.0,"1.0 container (6 oz)",0.343,--,--,,
"""01119""","Yogurt, vanilla, low fat.",170.0,"1.0 container (6 oz)",0.343,--,--,,
"""01295""","Yogurt, vanilla, non-fat",245.0,"1.0 cup (8 fl oz)",0.495,--,--,,
