Source: USDA National Nutrient Database for Standard Reference Legacy Software v.3.9.4 2018-05-17
"Nutrients: Hydroxyproline (g); Protein (g); Lycopene (µg)"
"Food Groups: Dairy and Egg Products"
Food Subset:All Foods
Ordered by:Food Name
Measured by:Household
Report Run at: 06-02-2018T14:13
NDB_NO,Description,Weight(g),Measure,"Hydroxyproline"(g)Per Measure,"Protein"(g)Per Measure,"Lycopene"(µg)Per Measure,
"""01186""","Cheese, cream, fat free",18.0,"1.0 tbsp",0.005,2.82,0,,
"""43274""","Cheese, cream, low fat",15.0,"1.0 tbsp",--,1.18,0,,
"""01031""","Cheese, neufchatel",28.35,"1.0 oz",--,2.59,0,,
"""01036""","Cheese, ricotta, whole milk",124.0,"0.5 cup",--,9.35,0,,
"""01104""","Milk, chocolate, lowfat, with added vitamin A and vitamin D",250.0,"1.0 cup",--,8.65,0,,
"""01175""","Milk, fluid, 1% fat, without added vitamin A and vitamin D",244.0,"1.0 cup",--,8.22,0,,
"""01085""","Milk, nonfat, fluid, with added vitamin A and vitamin D (fat free or skim)",245.0,"1.0 cup",--,8.26,0,,
"""01151""","Milk, nonfat, fluid, without added vitamin A and vitamin D (fat free or skim)",245.0,"1.0 cup",--,8.26,0,,
"""01079""","Milk, reduced fat, fluid, 2% milkfat, with added vitamin A and vitamin D",244.0,"1.0 cup",--,8.05,0,,
"""01174""","Milk, reduced fat, fluid, 2% milkfat, without added vitamin A and vitamin D",246.0,"1.0 cup",--,8.12,0,,
