Source: USDA National Nutrient Database for Standard Reference Legacy Software v.3.9.4 2018-05-17
"Nutrients: Isoleucine (g); 16:0 (g); Phosphorus, P (mg)"
"Food Groups: Dairy and Egg Products"
Food Subset:All Foods
Ordered by:Food Name
Measured by:Household
Report Run at: 06-02-2018T14:14
NDB_NO,Description,Weight(g),Measure,"Isoleucine"(g)Per Measure,"16:0"(g)Per Measure,"Phosphorus, P"(mg)Per Measure,
"""01003""","Butter oil, anhydrous",12.8,"1.0 tbsp",0.002,3.349,0,,
"""01001""","Butter, salted",5.0,"1.0 pat (1"" sq, 1/3"" high)",0.003,1.085,1,,
"""01002""","Butter, whipped, with salt",3.8,"1.0 pat (1"" sq, 1/3"" high)",0.002,0.780,1,,
"""01145""","Butter, without salt",5.0,"1.0 pat (1"" sq, 1/3"" high)",0.003,1.085,1,,
"""01045""","Cheese food, cold pack, American",28.35,"1.0 oz",0.258,1.930,113,,
"""01046""","Cheese food, pasteurized process, American, vitamin D fortified",113.0,"1.0 cup",0.970,7.726,495,,
"""01254""","Cheese food, pasteurized process, American, without added vitamin D",113.0,"1.0 cup",0.970,7.726,495,,
"""01047""","Cheese food, pasteurized process, swiss",28.35,"1.0 oz",0.287,1.967,149,,
"""01164""","Cheese sauce, prepared from recipe",30.0,"2.0 tbsp",0.173,1.186,69,,
"""01048""","Cheese spread, pasteurized process, American",140.0,"1.0 cup, diced",1.166,8.271,1225,,
"""01161""","Cheese substitute, mozzarella",113.0,"1.0 cup, shredded",0.644,2.677,659,,
"""01004""","Cheese, blue",28.35,"1.0 oz",0.319,2.595,110,,
"""01005""","Cheese, brick",132.0,"1.0 cup, diced",1.501,11.425,595,,
"""01006""","Cheese, brie",28.35,"1.0 oz",0.288,2.338,53,,
"""01007""","Cheese, camembert",28.35,"1.0 oz",0.274,2.049,98,,
"""01008""","Cheese, caraway",28.35,"1.0 oz",0.443,2.449,139,,
"""01009""","Cheese, cheddar (Includes foods for USDA's Food Distribution Program)",132.0,"1.0 cup, diced",1.592,11.385,601,,
"""01270""","Cheese, cheddar, sharp, sliced",19.0,"1.0 slice (2/3 oz)",0.245,1.654,87,,
"""01010""","Cheese, cheshire",28.35,"1.0 oz",0.411,2.566,132,,
"""01011""","Cheese, colby",132.0,"1.0 cup, diced",1.947,10.866,603,,
"""01012""","Cheese, cottage, creamed, large or small curd",113.0,"4.0 oz",0.668,0.879,180,,
"""01013""","Cheese, cottage, creamed, with fruit",113.0,"4.0 oz",0.705,1.310,128,,
"""01016""","Cheese, cottage, lowfat, 1% milkfat",113.0,"4.0 oz",0.823,0.348,151,,
"""01015""","Cheese, cottage, lowfat, 2% milkfat",113.0,"4.0 oz",0.628,0.634,170,,
"""01014""","Cheese, cottage, nonfat, uncreamed, dry, large or small curd",145.0,"1.0 cup (not packed)",0.796,0.102,276,,
"""43273""","Cheese, cottage, with vegetables",113.0,"4.0 oz",0.796,1.428,145,,
"""01017""","Cheese, cream",14.5,"1.0 tbsp",0.047,1.364,16,,
"""01186""","Cheese, cream, fat free",18.0,"1.0 tbsp",0.154,0.044,94,,
"""43274""","Cheese, cream, low fat",15.0,"1.0 tbsp",0.064,0.600,23,,
"""01018""","Cheese, edam",28.35,"1.0 oz",0.371,2.287,152,,
"""01019""","Cheese, feta",150.0,"1.0 cup, crumbled",1.205,7.122,506,,
"""01020""","Cheese, fontina",132.0,"1.0 cup, diced",1.827,11.165,457,,
"""01021""","Cheese, gjetost",28.35,"1.0 oz",0.147,2.456,126,,
"""01156""","Cheese, goat, hard type",28.35,"1.0 oz",0.358,2.640,207,,
"""01157""","Cheese, goat, semisoft type",28.35,"1.0 oz",0.253,2.214,106,,
"""01159""","Cheese, goat, soft type",28.35,"1.0 oz",0.217,1.564,73,,
"""01022""","Cheese, gouda",28.35,"1.0 oz",0.370,1.942,155,,
"""01023""","Cheese, gruyere",28.35,"1.0 oz",0.457,2.481,172,,
"""01024""","Cheese, limburger",134.0,"1.0 cup",1.633,9.917,527,,
"""01168""","Cheese, low fat, cheddar or colby",132.0,"1.0 cup, diced",1.833,2.619,639,,
"""01169""","Cheese, low-sodium, cheddar or colby",132.0,"1.0 cup, diced",1.833,13.347,639,,
"""01251""","Cheese, Mexican blend",28.0,"0.25 cup shredded",0.380,2.094,123,,
"""01165""","Cheese, mexican, queso anejo",132.0,"1.0 cup, crumbled",1.391,12.329,586,,
"""01166""","Cheese, mexican, queso asadero",132.0,"1.0 cup, diced",1.617,11.621,585,,
"""01167""","Cheese, mexican, queso chihuahua",132.0,"1.0 cup, diced",1.420,12.206,583,,
"""01025""","Cheese, monterey",132.0,"1.0 cup, diced",2.005,10.247,586,,
"""01029""","Cheese, mozzarella, low moisture, part-skim",132.0,"1.0 cup, diced",1.605,6.791,723,,
"""01271""","Cheese, mozzarella, low moisture, part-skim, shredded",86.0,"1.0 cup",1.080,4.473,462,,
"""01028""","Cheese, mozzarella, part skim milk",28.35,"1.0 oz",0.330,1.376,131,,
"""01026""","Cheese, mozzarella, whole milk",112.0,"1.0 cup, shredded",1.271,5.971,396,,
"""01027""","Cheese, mozzarella, whole milk, low moisture",28.35,"1.0 oz",0.294,2.124,117,,
"""01030""","Cheese, muenster",132.0,"1.0 cup, diced",1.511,12.168,618,,
"""01031""","Cheese, neufchatel",28.35,"1.0 oz",0.142,1.597,39,,
"""01204""","Cheese, parmesan, dry grated, reduced fat",100.0,"1.0 cup",1.200,5.653,729,,
"""01032""","Cheese, parmesan, grated",100.0,"1.0 cup",1.455,7.481,627,,
"""01033""","Cheese, parmesan, hard",28.35,"1.0 oz",0.537,1.975,197,,
"""01146""","Cheese, parmesan, shredded",5.0,"1.0 tbsp",0.110,0.369,37,,
"""01042""","Cheese, pasteurized process, American, fortified with vitamin D",28.35,"1.0 oz",0.266,2.314,182,,
"""01253""","Cheese, pasteurized process, American, without added vitamin D",28.35,"1.0 oz",0.266,2.314,182,,
"""01043""","Cheese, pasteurized process, pimento",140.0,"1.0 cup, diced",1.432,12.726,1042,,
"""01044""","Cheese, pasteurized process, swiss",140.0,"1.0 cup, diced",1.600,10.063,1067,,
"""01034""","Cheese, port de salut",132.0,"1.0 cup, diced",1.909,8.762,475,,
"""01035""","Cheese, provolone",132.0,"1.0 cup, diced",1.440,10.770,655,,
"""01208""","Cheese, provolone, reduced fat",132.0,"1.0 cup, diced",1.440,7.128,655,,
"""01037""","Cheese, ricotta, part skim milk",124.0,"0.5 cup",0.739,3.028,227,,
"""01038""","Cheese, romano",28.35,"1.0 oz",0.478,2.060,215,,
"""01039""","Cheese, roquefort",28.35,"1.0 oz",0.345,1.863,111,,
"""01040""","Cheese, swiss",132.0,"1.0 cup, diced",2.029,11.033,758,,
"""01041""","Cheese, tilsit",28.35,"1.0 oz",0.421,2.176,142,,
"""01205""","Cream substitute, flavored, liquid",15.0,"1.0 tbsp",0.004,0.293,4,,
"""01206""","Cream substitute, flavored, powdered",12.0,"4.0 tsp",0.003,0.285,3,,
"""01067""","Cream substitute, liquid, with hydrogenated vegetable oil and soy protein",15.0,"1.0 container, individual",0.008,0.133,10,,
"""01068""","Cream substitute, liquid, with lauric acid oil and sodium caseinate",15.0,"1.0 container, individual",0.009,0.065,10,,
"""01069""","Cream substitute, powdered",94.0,"1.0 cup",0.276,2.957,271,,
"""01049""","Cream, fluid, half and half",30.2,"1.0 fl oz",0.048,0.969,29,,
"""01053""","Cream, fluid, heavy whipping",120.0,"1.0 cup, whipped",0.175,11.158,70,,
"""01050""","Cream, fluid, light (coffee cream or table cream)",30.0,"1.0 fl oz",0.045,1.376,28,,
"""01052""","Cream, fluid, light whipping",120.0,"1.0 cup, whipped",0.157,10.608,73,,
"""01056""","Cream, sour, cultured",12.0,"1.0 tbsp",0.020,0.618,9,,
"""01055""","Cream, sour, reduced fat, cultured",15.0,"1.0 tbsp",0.027,0.473,14,,
"""01054""","Cream, whipped, cream topping, pressurized",60.0,"1.0 cup",0.116,3.506,53,,
"""01070""","Dessert topping, powdered",43.0,"1.0 oz",0.129,2.334,32,,
"""01071""","Dessert topping, powdered, 1.5 ounce prepared with 1/2 cup milk",80.0,"1.0 cup",0.158,1.594,69,,
"""01072""","Dessert topping, pressurized",70.0,"1.0 cup",0.042,1.686,13,,
"""01073""","Dessert topping, semi solid, frozen",75.0,"1.0 cup",0.058,2.319,6,,
"""01226""","Egg substitute, liquid or frozen, fat free",60.0,"0.25 cup",0.396,0.000,43,,
"""01138""","Egg, duck, whole, fresh, raw",70.0,"1.0 egg",0.419,2.097,154,,
"""01139""","Egg, goose, whole, fresh, raw",144.0,"1.0 egg",0.932,4.103,300,,
"""01140""","Egg, quail, whole, fresh, raw",9.0,"1.0 egg",0.073,0.240,20,,
"""01141""","Egg, turkey, whole, fresh, raw",79.0,"1.0 egg",0.675,2.148,134,,
"""01173""","Egg, white, dried",28.0,"1.0 oz",1.283,0.000,31,,
"""01135""","Egg, white, dried, flakes, stabilized, glucose reduced",28.35,"1.0 oz",1.329,0.000,24,,
"""01136""","Egg, white, dried, powder, stabilized, glucose reduced",107.0,"1.0 cup, sifted",5.375,0.000,95,,
"""01258""","Egg, white, dried, stabilized, glucose reduced",107.0,"1.0 cup, sifted",4.720,0.088,111,,
"""01124""","Egg, white, raw, fresh",33.0,"1.0 large",0.218,0.000,5,,
"""01172""","Egg, white, raw, frozen, pasteurized",28.0,"1.0 oz",0.157,0.000,4,,
"""01128""","Egg, whole, cooked, fried",46.0,"1.0 large",0.335,1.359,99,,
"""01129""","Egg, whole, cooked, hard-boiled",136.0,"1.0 cup, chopped",0.933,3.195,234,,
"""01130""","Egg, whole, cooked, omelet",15.0,"1.0 tbsp",0.085,0.339,25,,
"""01131""","Egg, whole, cooked, poached",50.0,"1.0 large",0.335,1.111,98,,
"""01132""","Egg, whole, cooked, scrambled",61.0,"1.0 large",0.325,1.324,101,,
"""01133""","Egg, whole, dried",85.0,"1.0 cup, sifted",2.069,9.189,535,,
"""01134""","Egg, whole, dried, stabilized, glucose reduced",85.0,"1.0 cup, sifted",2.562,8.248,608,,
"""01123""","Egg, whole, raw, fresh",50.0,"1.0 large",0.336,1.115,99,,
"""01171""","Egg, whole, raw, frozen, pasteurized (Includes foods for USDA's Food Distribution Program)",28.0,"1.0 oz",0.185,0.682,54,,
"""01255""","Egg, whole, raw, frozen, salted, pasteurized",28.0,"1.0 oz",0.157,0.643,52,,
"""01137""","Egg, yolk, dried",67.0,"1.0 cup, sifted",1.140,9.898,697,,
"""01125""","Egg, yolk, raw, fresh",17.0,"1.0 large",0.147,1.166,66,,
"""01126""","Egg, yolk, raw, frozen, pasteurized",28.35,"1.0 oz",0.221,1.761,119,,
"""01160""","Egg, yolk, raw, frozen, salted, pasteurized",28.35,"1.0 oz",0.198,1.470,117,,
"""01127""","Egg, yolk, raw, frozen, sugared, pasteurized",28.35,"1.0 oz",0.198,1.454,115,,
"""01057""","Eggnog",254.0,"1.0 cup",0.602,2.873,277,,
"""01236""","Ice cream, soft serve, chocolate",86.0,"0.5 cup",0.185,2.890,100,,
"""01110""","Milk shakes, thick chocolate",28.4,"1.0 fl oz",0.053,0.202,36,,
"""01111""","Milk shakes, thick vanilla",28.4,"1.0 fl oz",0.066,0.226,33,,
"""01076""","Milk substitutes, fluid, with lauric acid oil",244.0,"1.0 cup",0.261,0.795,181,,
"""01094""","Milk, buttermilk, dried",30.0,"0.25 cup",0.623,0.456,280,,
"""01088""","Milk, buttermilk, fluid, cultured, lowfat",245.0,"1.0 cup",0.419,0.566,218,,
"""42189""","Milk, buttermilk, fluid, cultured, reduced fat",245.0,"1.0 cup",0.519,1.286,201,,
"""01230""","Milk, buttermilk, fluid, whole",245.0,"1.0 cup",0.407,2.068,208,,
"""01095""","Milk, canned, condensed, sweetened",38.2,"1.0 fl oz",0.183,0.915,97,,
"""01097""","Milk, canned, evaporated, nonfat, with added vitamin A and vitamin D",31.9,"1.0 fl oz",0.146,0.017,62,,
"""01153""","Milk, canned, evaporated, with added vitamin A",31.5,"1.0 fl oz",0.130,0.639,64,,
"""01096""","Milk, canned, evaporated, with added vitamin D and without added vitamin A",31.5,"1.0 fl oz",0.130,0.639,64,,
"""01105""","Milk, chocolate beverage, hot cocoa, homemade",250.0,"1.0 cup",0.422,1.600,262,,
"""01202""","Milk, chocolate, fluid, commercial, reduced fat, with added calcium",250.0,"1.0 cup",0.350,1.288,190,,
"""01103""","Milk, chocolate, fluid, commercial, reduced fat, with added vitamin A and vitamin D",250.0,"1.0 cup",0.388,1.288,255,,
"""01102""","Milk, chocolate, fluid, commercial, whole, with added vitamin A and vitamin D",250.0,"1.0 cup",0.410,2.223,252,,
"""01104""","Milk, chocolate, lowfat, with added vitamin A and vitamin D",250.0,"1.0 cup",0.390,0.670,240,,
"""01093""","Milk, dry, nonfat, calcium reduced",28.35,"1.0 oz",0.609,0.015,287,,
"""01092""","Milk, dry, nonfat, instant, with added vitamin A and vitamin D",68.0,"1.0 cup",1.444,0.150,670,,
"""01155""","Milk, dry, nonfat, instant, without added vitamin A and vitamin D",68.0,"1.0 cup",1.444,0.150,670,,
"""01154""","Milk, dry, nonfat, regular, with added vitamin A and vitamin D",30.0,"0.25 cup",0.656,0.070,290,,
"""01091""","Milk, dry, nonfat, regular, without added vitamin A and vitamin D",30.0,"0.25 cup",0.656,0.070,290,,
"""01090""","Milk, dry, whole, with added vitamin D",32.0,"0.25 cup",0.509,2.407,248,,
"""01212""","Milk, dry, whole, without added vitamin D",128.0,"1.0 cup",2.038,9.628,993,,
"""01291""","Milk, evaporated, 2% fat, with added vitamin A and vitamin D",252.0,"1.0 cup",1.038,1.419,512,,
"""01059""","Milk, filled, fluid, with blend of hydrogenated vegetable oils",244.0,"1.0 cup",0.490,1.196,237,,
"""01060""","Milk, filled, fluid, with lauric acid oil",244.0,"1.0 cup",0.490,0.466,237,,
"""01175""","Milk, fluid, 1% fat, without added vitamin A and vitamin D",244.0,"1.0 cup",0.425,0.700,232,,
"""01106""","Milk, goat, fluid, with added vitamin D",30.5,"1.0 fl oz",0.063,0.278,34,,
"""01107""","Milk, human, mature, fluid",30.8,"1.0 fl oz",0.017,0.283,4,,
"""01108""","Milk, indian buffalo, fluid",244.0,"1.0 cup",0.495,4.878,285,,
"""01089""","Milk, low sodium, fluid",244.0,"1.0 cup",0.459,2.220,210,,
"""01084""","Milk, lowfat, fluid, 1% milkfat, protein fortified, with added vitamin A and vitamin D",246.0,"1.0 cup",0.585,0.758,273,,
"""01083""","Milk, lowfat, fluid, 1% milkfat, with added nonfat milk solids, vitamin A and vitamin D",245.0,"1.0 cup",0.517,0.625,245,,
"""01082""","Milk, lowfat, fluid, 1% milkfat, with added vitamin A and vitamin D",244.0,"1.0 cup",0.425,0.700,232,,
"""01087""","Milk, nonfat, fluid, protein fortified, with added vitamin A and vitamin D (fat free and skim)",246.0,"1.0 cup",0.590,0.180,276,,
"""01086""","Milk, nonfat, fluid, with added nonfat milk solids, vitamin A and vitamin D (fat free or skim)",245.0,"1.0 cup",0.529,0.179,255,,
"""01085""","Milk, nonfat, fluid, with added vitamin A and vitamin D (fat free or skim)",245.0,"1.0 cup",0.426,0.061,247,,
"""01151""","Milk, nonfat, fluid, without added vitamin A and vitamin D (fat free or skim)",245.0,"1.0 cup",0.426,0.130,247,,
"""01078""","Milk, producer, fluid, 3.7% milkfat",244.0,"1.0 cup",0.483,2.350,227,,
"""01081""","Milk, reduced fat, fluid, 2% milkfat, protein fortified, with added vitamin A and vitamin D",246.0,"1.0 cup",0.588,1.282,276,,
"""01080""","Milk, reduced fat, fluid, 2% milkfat, with added nonfat milk solids and vitamin A and vitamin D",245.0,"1.0 cup",0.517,1.237,245,,
"""01152""","Milk, reduced fat, fluid, 2% milkfat, with added nonfat milk solids, without added vitamin A",245.0,"1.0 cup",0.529,0.179,274,,
"""01079""","Milk, reduced fat, fluid, 2% milkfat, with added vitamin A and vitamin D",244.0,"1.0 cup",0.417,1.362,224,,
"""01174""","Milk, reduced fat, fluid, 2% milkfat, without added vitamin A and vitamin D",246.0,"1.0 cup",0.421,1.373,226,,
"""01109""","Milk, sheep, fluid",245.0,"1.0 cup",0.828,3.974,387,,
"""01077""","Milk, whole, 3.25% milkfat, with added vitamin D",244.0,"1.0 cup",0.398,2.023,205,,
"""01211""","Milk, whole, 3.25% milkfat, without added vitamin A and vitamin D",244.0,"1.0 cup",0.398,2.023,205,,
"""01074""","Sour cream, imitation, cultured",28.35,"1.0 oz",0.042,0.562,13,,
"""01058""","Sour dressing, non-butterfat, cultured, filled cream-type",12.0,"1.0 tbsp",0.024,0.338,10,,
"""01113""","Whey, acid, dried",57.0,"1.0 cup",0.331,0.085,769,,
"""01112""","Whey, acid, fluid",246.0,"1.0 cup",0.093,0.062,192,,
"""01115""","Whey, sweet, dried",145.0,"1.0 cup",1.043,0.473,1351,,
"""01114""","Whey, sweet, fluid",246.0,"1.0 cup",0.116,0.271,113,,
"""43261""","Yogurt, fruit variety, nonfat",170.0,"1.0 container (6 oz)",0.457,0.093,202,,
"""01218""","Yogurt, fruit variety, nonfat, fortified with vitamin D",170.0,"1.0 container (6 oz)",0.457,0.093,202,,
"""01121""","Yogurt, fruit, low fat, 10 grams protein per 8 ounce",170.0,"1.0 container (6 oz)",0.405,0.500,202,,
"""01217""","Yogurt, fruit, low fat, 10 grams protein per 8 ounce, fortified with vitamin D",170.0,"1.0 container (6 oz)",0.405,0.500,202,,
"""01122""","Yogurt, fruit, low fat, 11g protein/8 oz",170.0,"1.0 container (6 oz)",0.451,0.653,226,,
"""01216""","Yogurt, fruit, low fat, 9 grams protein per 8 ounce, fortified with vitamin D",170.0,"1.0 container (6 oz)",0.369,0.532,185,,
"""01120""","Yogurt, fruit, low fat,9 g protein/8 oz",170.0,"1.0 container (6 oz)",0.369,0.532,185,,
"""01203""","Yogurt, fruit, lowfat, with low calorie sweetener",170.0,"1.0 container (6 oz)",0.451,0.653,226,,
"""01219""","Yogurt, fruit, lowfat, with low calorie sweetener, fortified with vitamin D",170.0,"1.0 container (6 oz)",0.451,0.653,226,,
"""01275""","Yogurt, Greek, nonfat, vanilla, CHOBANI",150.0,"5.0 oz",0.735,0.111,189,,
"""01287""","Yogurt, Greek, plain, lowfat",200.0,"1.0 container (7 oz)",0.572,1.140,274,,
"""01284""","Yogurt, Greek, strawberry, lowfat",150.0,"1.0 container (5.3 oz)",0.357,1.119,164,,
"""01285""","Yogurt, Greek, strawberry, nonfat",150.0,"1.0 container (5.3 oz)",0.357,0.057,170,,
"""01286""","Yogurt, Greek, vanilla, nonfat",150.0,"1.0 container (5.3 oz)",0.404,0.078,178,,
"""01117""","Yogurt, plain, low fat",170.0,"1.0 container (6 oz)",0.486,0.717,245,,
"""01118""","Yogurt, plain, skim milk",170.0,"1.0 container (6 oz)",0.532,0.083,267,,
"""01116""","Yogurt, plain, whole milk",170.0,"1.0 container (6 oz)",0.321,1.506,162,,
"""01220""","Yogurt, vanilla, low fat, fortified with vitamin D",170.0,"1.0 container (6 oz)",0.457,0.580,230,,
"""01119""","Yogurt, vanilla, low fat.",170.0,"1.0 container (6 oz)",0.457,0.580,230,,
"""01295""","Yogurt, vanilla, non-fat",245.0,"1.0 cup (8 fl oz)",0.659,0.000,216,,
