Source: USDA National Nutrient Database for Standard Reference Legacy Software v.3.9.4 2018-05-17
"Nutrients: 16:1 c (g); Sodium, Na (mg); 4:0 (g)"
"Food Groups: Dairy and Egg Products"
Food Subset:All Foods
Ordered by:Food Name
Measured by:Household
Report Run at: 06-02-2018T14:14
NDB_NO,Description,Weight(g),Measure,"16:1 c"(g)Per Measure,"Sodium, Na"(mg)Per Measure,"4:0"(g)Per Measure,
"""01001""","Butter, salted",5.0,"1.0 pat (1"" sq, 1/3"" high)",0.048,32,0.161,,
"""01002""","Butter, whipped, with salt",3.8,"1.0 pat (1"" sq, 1/3"" high)",0.044,22,0.062,,
"""01145""","Butter, without salt",5.0,"1.0 pat (1"" sq, 1/3"" high)",0.048,1,0.161,,
"""01046""","Cheese food, pasteurized process, American, vitamin D fortified",113.0,"1.0 cup",0.405,1451,0.582,,
"""01254""","Cheese food, pasteurized process, American, without added vitamin D",113.0,"1.0 cup",0.405,1628,0.582,,
"""01252""","Cheese product, pasteurized process, American, vitamin D fortified",19.0,"1.0 slice (2/3 oz)",0.058,243,0.084,,
"""01259""","Cheese spread, American or Cheddar cheese base, reduced fat",21.0,"1.0 piece",0.025,231,0.043,,
"""01009""","Cheese, cheddar (Includes foods for USDA's Food Distribution Program)",132.0,"1.0 cup, diced",0.532,862,0.837,,
"""01260""","Cheese, cheddar, reduced fat (Includes foods for USDA's Food Distribution Program)",21.0,"1.0 slice",0.055,132,0.092,,
"""01270""","Cheese, cheddar, sharp, sliced",19.0,"1.0 slice (2/3 oz)",0.074,122,0.128,,
"""01015""","Cheese, cottage, lowfat, 2% milkfat",113.0,"4.0 oz",0.028,348,0.045,,
"""01017""","Cheese, cream",14.5,"1.0 tbsp",0.079,46,0.104,,
"""01227""","Cheese, dry white, queso seco",97.0,"1.0 cup grated",0.326,1754,0.492,,
"""01228""","Cheese, fresh, queso fresco",122.0,"1.0 cup, crumbled",0.409,916,0.593,,
"""01271""","Cheese, mozzarella, low moisture, part-skim, shredded",86.0,"1.0 cup",0.205,587,0.341,,
"""01032""","Cheese, parmesan, grated",100.0,"1.0 cup",0.287,1804,0.493,,
"""01042""","Cheese, pasteurized process, American, fortified with vitamin D",28.35,"1.0 oz",0.112,474,0.174,,
"""01253""","Cheese, pasteurized process, American, without added vitamin D",28.35,"1.0 oz",0.112,474,0.174,,
"""01036""","Cheese, ricotta, whole milk",124.0,"0.5 cup",0.206,136,0.288,,
"""01040""","Cheese, swiss",132.0,"1.0 cup, diced",0.611,247,0.899,,
"""01229""","Cheese, white, queso blanco",118.0,"1.0 cup, crumbled",0.432,831,0.611,,
"""01069""","Cream substitute, powdered",94.0,"1.0 cup",0.004,117,0.006,,
"""01049""","Cream, fluid, half and half",30.2,"1.0 fl oz",0.062,18,0.075,,
"""01053""","Cream, fluid, heavy whipping",120.0,"1.0 cup, whipped",0.656,32,0.878,,
"""01050""","Cream, fluid, light (coffee cream or table cream)",30.0,"1.0 fl oz",0.084,22,0.116,,
"""01056""","Cream, sour, cultured",12.0,"1.0 tbsp",0.035,4,0.004,,
"""01225""","Dulce de Leche",19.0,"1.0 tbsp",0.024,25,0.033,,
"""01123""","Egg, whole, raw, fresh",50.0,"1.0 large",0.099,71,0.002,,
"""01289""","Kefir, lowfat, plain, LIFEWAY",243.0,"1.0 cup",0.041,97,0.070,,
"""01290""","Kefir, lowfat, strawberry, LIFEWAY",247.0,"1.0 cup",0.035,91,0.059,,
"""01104""","Milk, chocolate, lowfat, with added vitamin A and vitamin D",250.0,"1.0 cup",0.030,162,0.048,,
"""01175""","Milk, fluid, 1% fat, without added vitamin A and vitamin D",244.0,"1.0 cup",0.041,107,0.059,,
"""01082""","Milk, lowfat, fluid, 1% milkfat, with added vitamin A and vitamin D",244.0,"1.0 cup",0.041,107,0.059,,
"""01079""","Milk, reduced fat, fluid, 2% milkfat, with added vitamin A and vitamin D",244.0,"1.0 cup",0.066,115,0.188,,
"""01174""","Milk, reduced fat, fluid, 2% milkfat, without added vitamin A and vitamin D",246.0,"1.0 cup",0.066,116,0.189,,
"""01280""","Yogurt, Greek, nonfat, strawberry, DANNON OIKOS",150.0,"5.0 oz",0.002,50,0.011,,
"""01275""","Yogurt, Greek, nonfat, vanilla, CHOBANI",150.0,"5.0 oz",0.005,54,0.013,,
"""01278""","Yogurt, Greek, nonfat, vanilla, DANNON OIKOS",150.0,"5.0 oz",0.000,48,0.009,,
"""01287""","Yogurt, Greek, plain, lowfat",200.0,"1.0 container (7 oz)",0.052,68,0.094,,
"""01256""","Yogurt, Greek, plain, nonfat (Includes foods for USDA's Food Distribution Program)",170.0,"1.0 container",0.003,61,0.000,,
"""01276""","Yogurt, Greek, strawberry, DANNON OIKOS",150.0,"5.0 oz",0.058,51,0.104,,
"""01284""","Yogurt, Greek, strawberry, lowfat",150.0,"1.0 container (5.3 oz)",0.051,50,0.090,,
"""01285""","Yogurt, Greek, strawberry, nonfat",150.0,"1.0 container (5.3 oz)",0.002,50,0.011,,
"""01286""","Yogurt, Greek, vanilla, nonfat",150.0,"1.0 container (5.3 oz)",0.003,51,0.012,,
