Source: USDA National Nutrient Database for Standard Reference Legacy Software v.3.9.4 2018-05-17
"Nutrients: Riboflavin (mg); 20:5 n-3 (EPA) (g); Vitamin B-12 (µg)"
"Food Groups: Dairy and Egg Products"
Food Subset:All Foods
Ordered by:Food Name
Measured by:Household
Report Run at: 06-02-2018T14:14
NDB_NO,Description,Weight(g),Measure,"Riboflavin"(mg)Per Measure,"20:5 n-3 (EPA)"(g)Per Measure,"Vitamin B-12"(µg)Per Measure,
"""43205""","Beverage, instant breakfast powder, chocolate, not reconstituted",7.4,"1.0 tbsp",0.015,0.000,0.13,,
"""43260""","Beverage, instant breakfast powder, chocolate, sugar-free, not reconstituted",5.6,"1.0 tbsp",0.020,0.000,0.17,,
"""01003""","Butter oil, anhydrous",12.8,"1.0 tbsp",0.001,0.000,0.00,,
"""01001""","Butter, salted",5.0,"1.0 pat (1"" sq, 1/3"" high)",0.002,0.000,0.01,,
"""01002""","Butter, whipped, with salt",3.8,"1.0 pat (1"" sq, 1/3"" high)",0.002,0.001,0.00,,
"""01145""","Butter, without salt",5.0,"1.0 pat (1"" sq, 1/3"" high)",0.002,0.000,0.01,,
"""01045""","Cheese food, cold pack, American",28.35,"1.0 oz",0.126,--,0.36,,
"""01046""","Cheese food, pasteurized process, American, vitamin D fortified",113.0,"1.0 cup",0.407,0.009,1.50,,
"""01254""","Cheese food, pasteurized process, American, without added vitamin D",113.0,"1.0 cup",0.407,0.009,1.50,,
"""01047""","Cheese food, pasteurized process, swiss",28.35,"1.0 oz",0.113,0.000,0.65,,
"""01215""","Cheese product, pasteurized process, American, reduced fat, fortified with vitamin D",21.0,"1.0 slice 3/4 oz",0.101,0.000,0.23,,
"""01252""","Cheese product, pasteurized process, American, vitamin D fortified",19.0,"1.0 slice (2/3 oz)",0.081,0.002,0.29,,
"""01164""","Cheese sauce, prepared from recipe",30.0,"2.0 tbsp",0.073,0.000,0.10,,
"""01259""","Cheese spread, American or Cheddar cheese base, reduced fat",21.0,"1.0 piece",0.093,0.001,0.25,,
"""43276""","Cheese spread, cream cheese base",28.35,"1.0 oz",0.054,0.000,0.11,,
"""01048""","Cheese spread, pasteurized process, American",140.0,"1.0 cup, diced",0.603,0.000,0.56,,
"""01161""","Cheese substitute, mozzarella",113.0,"1.0 cup, shredded",0.502,0.000,0.92,,
"""43278""","Cheese, american cheddar, imitation",21.0,"1.0 slice",0.090,0.000,0.08,,
"""01061""","Cheese, American, nonfat or fat free",19.0,"1.0 serving",0.104,0.000,0.35,,
"""01004""","Cheese, blue",28.35,"1.0 oz",0.108,0.000,0.35,,
"""01005""","Cheese, brick",132.0,"1.0 cup, diced",0.463,0.000,1.66,,
"""01006""","Cheese, brie",28.35,"1.0 oz",0.147,0.000,0.47,,
"""01007""","Cheese, camembert",28.35,"1.0 oz",0.138,0.000,0.37,,
"""01008""","Cheese, caraway",28.35,"1.0 oz",0.128,0.000,0.08,,
"""01009""","Cheese, cheddar (Includes foods for USDA's Food Distribution Program)",132.0,"1.0 cup, diced",0.565,0.013,1.45,,
"""01265""","Cheese, cheddar, nonfat or fat free",28.0,"1.0 serving",0.062,0.000,0.14,,
"""01260""","Cheese, cheddar, reduced fat (Includes foods for USDA's Food Distribution Program)",21.0,"1.0 slice",0.083,0.001,0.30,,
"""01270""","Cheese, cheddar, sharp, sliced",19.0,"1.0 slice (2/3 oz)",0.082,0.002,0.17,,
"""01010""","Cheese, cheshire",28.35,"1.0 oz",0.083,0.000,0.24,,
"""01011""","Cheese, colby",132.0,"1.0 cup, diced",0.495,0.000,1.10,,
"""01012""","Cheese, cottage, creamed, large or small curd",113.0,"4.0 oz",0.184,0.000,0.49,,
"""01013""","Cheese, cottage, creamed, with fruit",113.0,"4.0 oz",0.160,0.000,0.60,,
"""01016""","Cheese, cottage, lowfat, 1% milkfat",113.0,"4.0 oz",0.186,0.000,0.71,,
"""42235""","Cheese, cottage, lowfat, 1% milkfat, lactose reduced",113.0,"4.0 oz",0.181,0.000,0.71,,
"""43352""","Cheese, cottage, lowfat, 1% milkfat, no sodium added",113.0,"4.0 oz",0.181,0.000,0.71,,
"""43396""","Cheese, cottage, lowfat, 1% milkfat, with vegetables",113.0,"4.0 oz",0.147,0.000,0.55,,
"""01015""","Cheese, cottage, lowfat, 2% milkfat",113.0,"4.0 oz",0.284,0.001,0.53,,
"""01014""","Cheese, cottage, nonfat, uncreamed, dry, large or small curd",145.0,"1.0 cup (not packed)",0.328,0.000,0.67,,
"""43273""","Cheese, cottage, with vegetables",113.0,"4.0 oz",0.147,0.000,0.55,,
"""01017""","Cheese, cream",14.5,"1.0 tbsp",0.033,0.001,0.03,,
"""01186""","Cheese, cream, fat free",18.0,"1.0 tbsp",0.048,0.000,0.17,,
"""43274""","Cheese, cream, low fat",15.0,"1.0 tbsp",0.028,0.000,0.14,,
"""01227""","Cheese, dry white, queso seco",97.0,"1.0 cup grated",0.223,0.009,1.65,,
"""01018""","Cheese, edam",28.35,"1.0 oz",0.110,0.000,0.44,,
"""01019""","Cheese, feta",150.0,"1.0 cup, crumbled",1.266,0.000,2.54,,
"""01020""","Cheese, fontina",132.0,"1.0 cup, diced",0.269,0.000,2.22,,
"""01228""","Cheese, fresh, queso fresco",122.0,"1.0 cup, crumbled",0.211,0.010,2.05,,
"""01021""","Cheese, gjetost",28.35,"1.0 oz",0.392,--,0.69,,
"""01156""","Cheese, goat, hard type",28.35,"1.0 oz",0.337,0.000,0.03,,
"""01157""","Cheese, goat, semisoft type",28.35,"1.0 oz",0.192,0.000,0.06,,
"""01159""","Cheese, goat, soft type",28.35,"1.0 oz",0.108,0.000,0.05,,
"""01022""","Cheese, gouda",28.35,"1.0 oz",0.095,0.000,0.44,,
"""01023""","Cheese, gruyere",28.35,"1.0 oz",0.079,0.000,0.45,,
"""01024""","Cheese, limburger",134.0,"1.0 cup",0.674,0.000,1.39,,
"""01168""","Cheese, low fat, cheddar or colby",132.0,"1.0 cup, diced",0.292,0.000,0.65,,
"""01169""","Cheese, low-sodium, cheddar or colby",132.0,"1.0 cup, diced",0.495,0.000,1.10,,
"""01251""","Cheese, Mexican blend",28.0,"0.25 cup shredded",0.089,0.000,0.34,,
"""01209""","Cheese, Mexican, blend, reduced fat",28.35,"1.0 oz",0.085,0.000,0.47,,
"""01165""","Cheese, mexican, queso anejo",132.0,"1.0 cup, crumbled",0.276,0.000,1.82,,
"""01166""","Cheese, mexican, queso asadero",132.0,"1.0 cup, diced",0.294,0.000,1.32,,
"""01167""","Cheese, mexican, queso chihuahua",132.0,"1.0 cup, diced",0.297,0.000,1.36,,
"""01267""","Cheese, mexican, queso cotija",5.0,"2.0 tsp",0.024,0.000,0.11,,
"""01025""","Cheese, monterey",132.0,"1.0 cup, diced",0.515,0.000,1.10,,
"""42155""","Cheese, monterey, low fat",132.0,"1.0 cup, diced",0.475,0.000,1.10,,
"""01029""","Cheese, mozzarella, low moisture, part-skim",132.0,"1.0 cup, diced",0.466,0.007,2.22,,
"""01271""","Cheese, mozzarella, low moisture, part-skim, shredded",86.0,"1.0 cup",0.316,0.005,1.14,,
"""43597""","Cheese, mozzarella, low sodium",132.0,"1.0 cup, diced",0.449,0.000,1.21,,
"""42304""","Cheese, mozzarella, nonfat",113.0,"1.0 cup, shredded",0.339,0.000,1.04,,
"""01028""","Cheese, mozzarella, part skim milk",28.35,"1.0 oz",0.086,0.000,0.23,,
"""01026""","Cheese, mozzarella, whole milk",112.0,"1.0 cup, shredded",0.317,0.000,2.55,,
"""01027""","Cheese, mozzarella, whole milk, low moisture",28.35,"1.0 oz",0.077,0.000,0.21,,
"""01030""","Cheese, muenster",132.0,"1.0 cup, diced",0.422,0.000,1.94,,
"""42303""","Cheese, muenster, low fat",113.0,"1.0 cup, shredded",0.407,0.000,1.66,,
"""01031""","Cheese, neufchatel",28.35,"1.0 oz",0.044,--,0.09,,
"""01204""","Cheese, parmesan, dry grated, reduced fat",100.0,"1.0 cup",0.486,0.000,2.26,,
"""01032""","Cheese, parmesan, grated",100.0,"1.0 cup",0.358,0.000,1.40,,
"""01033""","Cheese, parmesan, hard",28.35,"1.0 oz",0.094,0.000,0.34,,
"""43340""","Cheese, parmesan, low sodium",100.0,"1.0 cup, grated",0.390,0.000,1.40,,
"""01146""","Cheese, parmesan, shredded",5.0,"1.0 tbsp",0.018,0.000,0.07,,
"""01042""","Cheese, pasteurized process, American, fortified with vitamin D",28.35,"1.0 oz",0.066,0.003,0.43,,
"""43275""","Cheese, pasteurized process, American, low fat",140.0,"1.0 cup, diced",0.546,0.000,1.08,,
"""01253""","Cheese, pasteurized process, American, without added vitamin D",28.35,"1.0 oz",0.066,0.003,0.43,,
"""43398""","Cheese, pasteurized process, cheddar or American, low sodium",140.0,"1.0 cup, diced",0.490,0.000,0.98,,
"""01043""","Cheese, pasteurized process, pimento",140.0,"1.0 cup, diced",0.496,0.000,0.98,,
"""01044""","Cheese, pasteurized process, swiss",140.0,"1.0 cup, diced",0.386,0.000,1.72,,
"""01034""","Cheese, port de salut",132.0,"1.0 cup, diced",0.317,0.000,1.98,,
"""01035""","Cheese, provolone",132.0,"1.0 cup, diced",0.424,0.000,1.93,,
"""01208""","Cheese, provolone, reduced fat",132.0,"1.0 cup, diced",0.424,0.000,1.93,,
"""01037""","Cheese, ricotta, part skim milk",124.0,"0.5 cup",0.229,0.000,0.36,,
"""01036""","Cheese, ricotta, whole milk",124.0,"0.5 cup",0.370,0.005,1.05,,
"""01038""","Cheese, romano",28.35,"1.0 oz",0.105,0.000,0.32,,
"""01039""","Cheese, roquefort",28.35,"1.0 oz",0.166,--,0.18,,
"""01040""","Cheese, swiss",132.0,"1.0 cup, diced",0.399,0.012,4.04,,
"""43589""","Cheese, swiss, low fat",28.0,"1.0 slice (1 oz)",0.101,0.000,0.47,,
"""43405""","Cheese, swiss, low sodium",28.0,"1.0 slice",0.104,0.000,0.47,,
"""01266""","Cheese, Swiss, nonfat or fat free",28.0,"1.0 serving",0.101,0.000,0.47,,
"""01041""","Cheese, tilsit",28.35,"1.0 oz",0.102,0.000,0.60,,
"""01229""","Cheese, white, queso blanco",118.0,"1.0 cup, crumbled",0.271,0.011,2.06,,
"""01205""","Cream substitute, flavored, liquid",15.0,"1.0 tbsp",0.004,--,0.00,,
"""01206""","Cream substitute, flavored, powdered",12.0,"4.0 tsp",0.003,--,0.00,,
"""42141""","Cream substitute, liquid, light",30.0,"1.0 fl oz",--,--,0.00,,
"""01067""","Cream substitute, liquid, with hydrogenated vegetable oil and soy protein",15.0,"1.0 container, individual",--,--,0.00,,
"""01068""","Cream substitute, liquid, with lauric acid oil and sodium caseinate",15.0,"1.0 container, individual",--,--,0.00,,
"""01069""","Cream substitute, powdered",94.0,"1.0 cup",--,--,0.00,,
"""42136""","Cream substitute, powdered, light",94.0,"1.0 cup",--,--,0.00,,
"""01049""","Cream, fluid, half and half",30.2,"1.0 fl oz",0.059,0.001,0.06,,
"""01053""","Cream, fluid, heavy whipping",120.0,"1.0 cup, whipped",0.226,0.011,0.19,,
"""01050""","Cream, fluid, light (coffee cream or table cream)",30.0,"1.0 fl oz",0.057,0.002,0.04,,
"""01052""","Cream, fluid, light whipping",120.0,"1.0 cup, whipped",0.150,0.000,0.24,,
"""01199""","Cream, half and half, fat free",29.0,"2.0 tbsp",0.069,0.000,0.15,,
"""01056""","Cream, sour, cultured",12.0,"1.0 tbsp",0.020,0.001,0.03,,
"""01055""","Cream, sour, reduced fat, cultured",15.0,"1.0 tbsp",0.022,0.000,0.04,,
"""01054""","Cream, whipped, cream topping, pressurized",60.0,"1.0 cup",0.039,0.000,0.17,,
"""01070""","Dessert topping, powdered",43.0,"1.0 oz",--,--,0.00,,
"""01071""","Dessert topping, powdered, 1.5 ounce prepared with 1/2 cup milk",80.0,"1.0 cup",0.094,0.000,0.21,,
"""01072""","Dessert topping, pressurized",70.0,"1.0 cup",--,--,0.00,,
"""01073""","Dessert topping, semi solid, frozen",75.0,"1.0 cup",--,--,0.00,,
"""01225""","Dulce de Leche",19.0,"1.0 tbsp",0.077,0.001,0.06,,
"""01226""","Egg substitute, liquid or frozen, fat free",60.0,"0.25 cup",0.232,0.000,0.20,,
"""01144""","Egg substitute, powder",9.9,"0.35 oz",0.174,0.000,0.35,,
"""01138""","Egg, duck, whole, fresh, raw",70.0,"1.0 egg",0.283,0.000,3.78,,
"""01139""","Egg, goose, whole, fresh, raw",144.0,"1.0 egg",0.550,0.000,7.34,,
"""01140""","Egg, quail, whole, fresh, raw",9.0,"1.0 egg",0.071,0.000,0.14,,
"""01141""","Egg, turkey, whole, fresh, raw",79.0,"1.0 egg",0.371,--,1.34,,
"""01173""","Egg, white, dried",28.0,"1.0 oz",0.708,0.000,0.05,,
"""01135""","Egg, white, dried, flakes, stabilized, glucose reduced",28.35,"1.0 oz",0.613,0.000,0.14,,
"""01136""","Egg, white, dried, powder, stabilized, glucose reduced",107.0,"1.0 cup, sifted",2.478,0.000,0.57,,
"""01258""","Egg, white, dried, stabilized, glucose reduced",107.0,"1.0 cup, sifted",3.970,0.000,0.21,,
"""01124""","Egg, white, raw, fresh",33.0,"1.0 large",0.145,0.000,0.03,,
"""01172""","Egg, white, raw, frozen, pasteurized",28.0,"1.0 oz",0.118,0.000,0.01,,
"""01128""","Egg, whole, cooked, fried",46.0,"1.0 large",0.228,0.000,0.45,,
"""01129""","Egg, whole, cooked, hard-boiled",136.0,"1.0 cup, chopped",0.698,0.007,1.51,,
"""01130""","Egg, whole, cooked, omelet",15.0,"1.0 tbsp",0.058,0.000,0.11,,
"""01131""","Egg, whole, cooked, poached",50.0,"1.0 large",0.194,0.000,0.35,,
"""01132""","Egg, whole, cooked, scrambled",61.0,"1.0 large",0.229,0.000,0.46,,
"""01133""","Egg, whole, dried",85.0,"1.0 cup, sifted",1.680,0.000,2.52,,
"""01134""","Egg, whole, dried, stabilized, glucose reduced",85.0,"1.0 cup, sifted",1.047,--,8.93,,
"""01123""","Egg, whole, raw, fresh",50.0,"1.0 large",0.229,0.000,0.45,,
"""01171""","Egg, whole, raw, frozen, pasteurized (Includes foods for USDA's Food Distribution Program)",28.0,"1.0 oz",0.146,0.000,0.28,,
"""01255""","Egg, whole, raw, frozen, salted, pasteurized",28.0,"1.0 oz",0.124,0.000,0.34,,
"""01137""","Egg, yolk, dried",67.0,"1.0 cup, sifted",0.842,0.000,3.42,,
"""01125""","Egg, yolk, raw, fresh",17.0,"1.0 large",0.090,0.002,0.33,,
"""01126""","Egg, yolk, raw, frozen, pasteurized",28.35,"1.0 oz",0.160,0.000,0.54,,
"""01160""","Egg, yolk, raw, frozen, salted, pasteurized",28.35,"1.0 oz",0.121,0.000,0.46,,
"""01127""","Egg, yolk, raw, frozen, sugared, pasteurized",28.35,"1.0 oz",0.148,0.000,0.46,,
"""01057""","Eggnog",254.0,"1.0 cup",0.483,0.000,1.14,,
"""43285""","Eggs, scrambled, frozen mixture",28.35,"1.0 oz",0.085,0.000,0.05,,
"""01243""","Fat free ice cream, no sugar added, flavors other than chocolate",68.0,"0.5 cup",0.083,0.000,0.35,,
"""01264""","Ice cream bar, stick or nugget, with crunch coating",95.0,"26.0 pieces",0.066,0.000,0.09,,
"""01240""","Ice cream cone, chocolate covered, with nuts, flavors other than chocolate",96.0,"1.0 unit",0.242,0.000,0.35,,
"""01239""","Ice cream cookie sandwich",82.0,"1.0 serving",0.025,0.001,0.01,,
"""01238""","Ice cream sandwich",70.0,"1.0 serving",0.102,0.001,0.04,,
"""01241""","Ice cream sandwich, made with light ice cream, vanilla",70.0,"1.0 serving",0.036,0.001,0.01,,
"""01242""","Ice cream sandwich, vanilla, light, no sugar added",70.0,"1.0 serving",0.036,0.001,0.01,,
"""01237""","Ice cream, bar or stick, chocolate covered",50.0,"1.0 bar",0.131,0.000,0.24,,
"""01263""","Ice cream, light, soft serve, chocolate",298.0,"1.0 medium",0.370,0.000,0.77,,
"""01236""","Ice cream, soft serve, chocolate",86.0,"0.5 cup",0.157,0.000,0.43,,
"""42117""","Imitation cheese, american or cheddar, low cholesterol",113.0,"1.0 cup, shredded",0.407,0.000,0.94,,
"""01289""","Kefir, lowfat, plain, LIFEWAY",243.0,"1.0 cup",0.328,0.000,0.70,,
"""01290""","Kefir, lowfat, strawberry, LIFEWAY",247.0,"1.0 cup",0.519,0.000,0.77,,
"""01189""","KRAFT CHEEZ WHIZ LIGHT Pasteurized Process Cheese Product",35.0,"2.0 tbsp",0.116,--,--,,
"""01188""","KRAFT CHEEZ WHIZ Pasteurized Process Cheese Sauce",33.0,"2.0 tbsp",0.079,--,--,,
"""01190""","KRAFT FREE Singles American Nonfat Pasteurized Process Cheese Product",21.0,"1.0 slice",0.059,--,--,,
"""01192""","KRAFT VELVEETA LIGHT Reduced Fat Pasteurized Process Cheese Product",28.0,"1.0 oz",0.182,--,--,,
"""01191""","KRAFT VELVEETA Pasteurized Process Cheese Spread",28.0,"1.0 oz",0.098,--,--,,
"""01244""","Milk dessert bar, frozen, made from lowfat milk",68.0,"1.0 bar",0.088,0.000,0.10,,
"""01110""","Milk shakes, thick chocolate",28.4,"1.0 fl oz",0.063,0.000,0.09,,
"""01111""","Milk shakes, thick vanilla",28.4,"1.0 fl oz",0.055,0.000,0.15,,
"""01076""","Milk substitutes, fluid, with lauric acid oil",244.0,"1.0 cup",0.215,--,0.00,,
"""01094""","Milk, buttermilk, dried",30.0,"0.25 cup",0.474,0.000,1.15,,
"""01088""","Milk, buttermilk, fluid, cultured, lowfat",245.0,"1.0 cup",0.377,0.000,0.54,,
"""42189""","Milk, buttermilk, fluid, cultured, reduced fat",245.0,"1.0 cup",0.514,0.000,0.91,,
"""01230""","Milk, buttermilk, fluid, whole",245.0,"1.0 cup",0.421,0.000,1.13,,
"""01095""","Milk, canned, condensed, sweetened",38.2,"1.0 fl oz",0.159,0.000,0.17,,
"""01097""","Milk, canned, evaporated, nonfat, with added vitamin A and vitamin D",31.9,"1.0 fl oz",0.099,0.000,0.08,,
"""01153""","Milk, canned, evaporated, with added vitamin A",31.5,"1.0 fl oz",0.100,--,0.05,,
"""01096""","Milk, canned, evaporated, with added vitamin D and without added vitamin A",31.5,"1.0 fl oz",0.100,0.000,0.05,,
"""01105""","Milk, chocolate beverage, hot cocoa, homemade",250.0,"1.0 cup",0.455,0.000,1.23,,
"""01292""","Milk, chocolate, fat free, with added vitamin A and vitamin D",250.0,"1.0 cup",0.415,0.000,0.80,,
"""01202""","Milk, chocolate, fluid, commercial, reduced fat, with added calcium",250.0,"1.0 cup",1.413,0.000,0.82,,
"""01103""","Milk, chocolate, fluid, commercial, reduced fat, with added vitamin A and vitamin D",250.0,"1.0 cup",0.458,0.000,0.82,,
"""01102""","Milk, chocolate, fluid, commercial, whole, with added vitamin A and vitamin D",250.0,"1.0 cup",0.405,0.000,0.82,,
"""01104""","Milk, chocolate, lowfat, with added vitamin A and vitamin D",250.0,"1.0 cup",0.618,0.003,0.57,,
"""01093""","Milk, dry, nonfat, calcium reduced",28.35,"1.0 oz",0.466,--,1.13,,
"""01092""","Milk, dry, nonfat, instant, with added vitamin A and vitamin D",68.0,"1.0 cup",1.186,0.000,2.71,,
"""01155""","Milk, dry, nonfat, instant, without added vitamin A and vitamin D",68.0,"1.0 cup",1.186,0.000,2.71,,
"""01154""","Milk, dry, nonfat, regular, with added vitamin A and vitamin D",30.0,"0.25 cup",0.465,0.000,1.21,,
"""01091""","Milk, dry, nonfat, regular, without added vitamin A and vitamin D",30.0,"0.25 cup",0.465,0.000,1.21,,
"""01090""","Milk, dry, whole, with added vitamin D",32.0,"0.25 cup",0.386,0.000,1.04,,
"""01212""","Milk, dry, whole, without added vitamin D",128.0,"1.0 cup",1.542,0.000,4.16,,
"""01291""","Milk, evaporated, 2% fat, with added vitamin A and vitamin D",252.0,"1.0 cup",0.796,0.000,0.40,,
"""01059""","Milk, filled, fluid, with blend of hydrogenated vegetable oils",244.0,"1.0 cup",0.300,--,0.83,,
"""01060""","Milk, filled, fluid, with lauric acid oil",244.0,"1.0 cup",0.300,0.000,0.83,,
"""01175""","Milk, fluid, 1% fat, without added vitamin A and vitamin D",244.0,"1.0 cup",0.451,0.000,1.15,,
"""42290""","Milk, fluid, nonfat, calcium fortified (fat free or skim)",247.0,"1.0 cup",0.346,0.000,0.94,,
"""01106""","Milk, goat, fluid, with added vitamin D",30.5,"1.0 fl oz",0.042,0.000,0.02,,
"""01107""","Milk, human, mature, fluid",30.8,"1.0 fl oz",0.011,0.000,0.02,,
"""43543""","Milk, imitation, non-soy",244.0,"1.0 cup",--,--,0.00,,
"""01108""","Milk, indian buffalo, fluid",244.0,"1.0 cup",0.329,--,0.88,,
"""01089""","Milk, low sodium, fluid",244.0,"1.0 cup",0.256,0.000,0.88,,
"""01084""","Milk, lowfat, fluid, 1% milkfat, protein fortified, with added vitamin A and vitamin D",246.0,"1.0 cup",0.472,--,1.06,,
"""01083""","Milk, lowfat, fluid, 1% milkfat, with added nonfat milk solids, vitamin A and vitamin D",245.0,"1.0 cup",0.424,0.000,0.93,,
"""01082""","Milk, lowfat, fluid, 1% milkfat, with added vitamin A and vitamin D",244.0,"1.0 cup",0.451,0.000,1.15,,
"""01087""","Milk, nonfat, fluid, protein fortified, with added vitamin A and vitamin D (fat free and skim)",246.0,"1.0 cup",0.477,--,1.06,,
"""01086""","Milk, nonfat, fluid, with added nonfat milk solids, vitamin A and vitamin D (fat free or skim)",245.0,"1.0 cup",0.429,0.000,0.96,,
"""01085""","Milk, nonfat, fluid, with added vitamin A and vitamin D (fat free or skim)",245.0,"1.0 cup",0.446,0.000,1.23,,
"""01151""","Milk, nonfat, fluid, without added vitamin A and vitamin D (fat free or skim)",245.0,"1.0 cup",0.446,0.000,1.23,,
"""01078""","Milk, producer, fluid, 3.7% milkfat",244.0,"1.0 cup",0.393,0.000,0.88,,
"""01081""","Milk, reduced fat, fluid, 2% milkfat, protein fortified, with added vitamin A and vitamin D",246.0,"1.0 cup",0.477,0.000,1.06,,
"""01080""","Milk, reduced fat, fluid, 2% milkfat, with added nonfat milk solids and vitamin A and vitamin D",245.0,"1.0 cup",0.424,0.000,0.93,,
"""01152""","Milk, reduced fat, fluid, 2% milkfat, with added nonfat milk solids, without added vitamin A",245.0,"1.0 cup",0.475,--,0.96,,
"""01079""","Milk, reduced fat, fluid, 2% milkfat, with added vitamin A and vitamin D",244.0,"1.0 cup",0.451,0.000,1.29,,
"""01174""","Milk, reduced fat, fluid, 2% milkfat, without added vitamin A and vitamin D",246.0,"1.0 cup",0.455,0.000,1.30,,
"""01109""","Milk, sheep, fluid",245.0,"1.0 cup",0.870,--,1.74,,
"""01077""","Milk, whole, 3.25% milkfat, with added vitamin D",244.0,"1.0 cup",0.412,0.000,1.10,,
"""01211""","Milk, whole, 3.25% milkfat, without added vitamin A and vitamin D",244.0,"1.0 cup",0.412,0.000,1.10,,
"""01250""","Nutritional supplement for people with diabetes, liquid",227.0,"1.0 can",0.424,0.000,1.50,,
"""01185""","Parmesan cheese topping, fat free",5.0,"1.0 tablespoon",0.003,0.000,0.06,,
"""01224""","Protein supplement, milk based, Muscle Milk Light, powder",50.0,"2.0 scoop",0.600,0.000,2.10,,
"""01223""","Protein supplement, milk based, Muscle Milk, powder",11.0,"1.0 tbsp",0.094,0.000,0.33,,
"""01200""","Reddi Wip Fat Free Whipped Topping",4.0,"1.0 tablespoon",0.025,0.000,0.06,,
"""01180""","Sour cream, fat free",12.0,"1.0 tablespoon",0.018,0.000,0.04,,
"""01074""","Sour cream, imitation, cultured",28.35,"1.0 oz",--,--,0.00,,
"""01179""","Sour cream, light",12.0,"1.0 tablespoon",0.014,0.000,0.05,,
"""01178""","Sour cream, reduced fat",12.0,"1.0 tablespoon",0.029,0.000,0.04,,
"""01058""","Sour dressing, non-butterfat, cultured, filled cream-type",12.0,"1.0 tbsp",0.020,0.000,0.04,,
"""01113""","Whey, acid, dried",57.0,"1.0 cup",1.174,0.000,1.43,,
"""01112""","Whey, acid, fluid",246.0,"1.0 cup",0.344,0.000,0.44,,
"""01115""","Whey, sweet, dried",145.0,"1.0 cup",3.202,0.000,3.44,,
"""01114""","Whey, sweet, fluid",246.0,"1.0 cup",0.389,0.000,0.69,,
"""43268""","Whipped cream substitute, dietetic, made from powdered mix",80.0,"1.0 cup",--,--,0.00,,
"""42135""","Whipped topping, frozen, low fat",75.0,"1.0 cup",0.068,0.000,0.15,,
"""01187""","Yogurt, chocolate, nonfat milk",170.0,"1.0 container (6 oz)",0.365,0.000,0.85,,
"""01222""","Yogurt, chocolate, nonfat milk, fortified with vitamin D",170.0,"1.0 container (6 oz)",0.365,0.000,0.85,,
"""01235""","Yogurt, frozen, flavors not chocolate, nonfat milk, with low-calorie sweetener",68.0,"0.5 cup",0.122,0.000,0.33,,
"""43261""","Yogurt, fruit variety, nonfat",170.0,"1.0 container (6 oz)",0.306,0.000,0.80,,
"""01218""","Yogurt, fruit variety, nonfat, fortified with vitamin D",170.0,"1.0 container (6 oz)",0.306,0.000,0.80,,
"""01121""","Yogurt, fruit, low fat, 10 grams protein per 8 ounce",170.0,"1.0 container (6 oz)",0.303,0.000,0.80,,
"""01217""","Yogurt, fruit, low fat, 10 grams protein per 8 ounce, fortified with vitamin D",170.0,"1.0 container (6 oz)",0.303,0.000,0.80,,
"""01122""","Yogurt, fruit, low fat, 11g protein/8 oz",170.0,"1.0 container (6 oz)",0.337,--,0.88,,
"""01216""","Yogurt, fruit, low fat, 9 grams protein per 8 ounce, fortified with vitamin D",170.0,"1.0 container (6 oz)",0.275,0.000,0.73,,
"""01120""","Yogurt, fruit, low fat,9 g protein/8 oz",170.0,"1.0 container (6 oz)",0.275,0.000,0.73,,
"""01203""","Yogurt, fruit, lowfat, with low calorie sweetener",170.0,"1.0 container (6 oz)",0.306,0.000,0.88,,
"""01219""","Yogurt, fruit, lowfat, with low calorie sweetener, fortified with vitamin D",170.0,"1.0 container (6 oz)",0.306,0.000,0.88,,
"""01280""","Yogurt, Greek, nonfat, strawberry, DANNON OIKOS",150.0,"5.0 oz",0.325,0.000,0.89,,
"""01275""","Yogurt, Greek, nonfat, vanilla, CHOBANI",150.0,"5.0 oz",0.350,0.000,1.05,,
"""01278""","Yogurt, Greek, nonfat, vanilla, DANNON OIKOS",150.0,"5.0 oz",0.390,0.000,0.99,,
"""01287""","Yogurt, Greek, plain, lowfat",200.0,"1.0 container (7 oz)",0.466,0.000,1.04,,
"""01256""","Yogurt, Greek, plain, nonfat (Includes foods for USDA's Food Distribution Program)",170.0,"1.0 container",0.473,0.000,1.27,,
"""01276""","Yogurt, Greek, strawberry, DANNON OIKOS",150.0,"5.0 oz",0.341,0.000,0.84,,
"""01284""","Yogurt, Greek, strawberry, lowfat",150.0,"1.0 container (5.3 oz)",0.352,0.000,0.75,,
"""01285""","Yogurt, Greek, strawberry, nonfat",150.0,"1.0 container (5.3 oz)",0.380,0.000,0.73,,
"""01286""","Yogurt, Greek, vanilla, nonfat",150.0,"1.0 container (5.3 oz)",0.360,0.000,0.96,,
"""01117""","Yogurt, plain, low fat",170.0,"1.0 container (6 oz)",0.364,0.000,0.95,,
"""01118""","Yogurt, plain, skim milk",170.0,"1.0 container (6 oz)",0.398,0.000,1.04,,
"""01116""","Yogurt, plain, whole milk",170.0,"1.0 container (6 oz)",0.241,0.000,0.63,,
"""01231""","Yogurt, vanilla flavor, lowfat milk, sweetened with low calorie sweetener",170.0,"1.0 container",0.342,0.000,0.90,,
"""01184""","Yogurt, vanilla or lemon flavor, nonfat milk, sweetened with low-calorie sweetener",170.0,"1.0 container (6 oz)",0.275,0.000,0.73,,
"""01221""","Yogurt, vanilla or lemon flavor, nonfat milk, sweetened with low-calorie sweetener, fortified with vitamin D",170.0,"1.0 container (6 oz)",0.275,0.000,0.73,,
"""01220""","Yogurt, vanilla, low fat, fortified with vitamin D",170.0,"1.0 container (6 oz)",0.342,0.000,0.90,,
"""01119""","Yogurt, vanilla, low fat.",170.0,"1.0 container (6 oz)",0.342,0.000,0.90,,
"""01295""","Yogurt, vanilla, non-fat",245.0,"1.0 cup (8 fl oz)",0.490,0.000,1.30,,
