Source: USDA National Nutrient Database for Standard Reference Legacy Software v.3.9.4 2018-05-17
"Nutrients: 14:1 (g); Folate, DFE (µg); 20:3 undifferentiated (g)"
"Food Groups: Dairy and Egg Products"
Food Subset:All Foods
Ordered by:Food Name
Measured by:Household
Report Run at: 06-02-2018T14:13
NDB_NO,Description,Weight(g),Measure,"14:1"(g)Per Measure,"Folate, DFE"(µg)Per Measure,"20:3 undifferentiated"(g)Per Measure,
"""01002""","Butter, whipped, with salt",3.8,"1.0 pat (1"" sq, 1/3"" high)",0.030,0,0.003,,
"""01046""","Cheese food, pasteurized process, American, vitamin D fortified",113.0,"1.0 cup",0.237,8,0.032,,
"""01254""","Cheese food, pasteurized process, American, without added vitamin D",113.0,"1.0 cup",0.237,8,0.032,,
"""01252""","Cheese product, pasteurized process, American, vitamin D fortified",19.0,"1.0 slice (2/3 oz)",0.038,3,0.005,,
"""01259""","Cheese spread, American or Cheddar cheese base, reduced fat",21.0,"1.0 piece",0.019,0,0.002,,
"""01009""","Cheese, cheddar (Includes foods for USDA's Food Distribution Program)",132.0,"1.0 cup, diced",0.391,36,0.049,,
"""01260""","Cheese, cheddar, reduced fat (Includes foods for USDA's Food Distribution Program)",21.0,"1.0 slice",0.042,4,0.005,,
"""01270""","Cheese, cheddar, sharp, sliced",19.0,"1.0 slice (2/3 oz)",0.058,5,0.007,,
"""01012""","Cheese, cottage, creamed, large or small curd",113.0,"4.0 oz",0.019,14,--,,
"""01015""","Cheese, cottage, lowfat, 2% milkfat",113.0,"4.0 oz",0.023,9,0.002,,
"""01017""","Cheese, cream",14.5,"1.0 tbsp",0.050,1,0.006,,
"""01186""","Cheese, cream, fat free",18.0,"1.0 tbsp",0.001,6,0.000,,
"""43274""","Cheese, cream, low fat",15.0,"1.0 tbsp",0.018,3,0.000,,
"""01227""","Cheese, dry white, queso seco",97.0,"1.0 cup grated",0.162,--,0.029,,
"""01228""","Cheese, fresh, queso fresco",122.0,"1.0 cup, crumbled",0.206,9,0.033,,
"""01029""","Cheese, mozzarella, low moisture, part-skim",132.0,"1.0 cup, diced",0.246,36,0.029,,
"""01271""","Cheese, mozzarella, low moisture, part-skim, shredded",86.0,"1.0 cup",0.156,23,0.019,,
"""01031""","Cheese, neufchatel",28.35,"1.0 oz",0.046,4,0.000,,
"""01032""","Cheese, parmesan, grated",100.0,"1.0 cup",0.229,6,0.027,,
"""01042""","Cheese, pasteurized process, American, fortified with vitamin D",28.35,"1.0 oz",0.069,2,0.010,,
"""01253""","Cheese, pasteurized process, American, without added vitamin D",28.35,"1.0 oz",0.069,2,0.010,,
"""01036""","Cheese, ricotta, whole milk",124.0,"0.5 cup",0.134,5,0.016,,
"""01040""","Cheese, swiss",132.0,"1.0 cup, diced",0.392,13,0.046,,
"""01229""","Cheese, white, queso blanco",118.0,"1.0 cup, crumbled",0.209,--,0.033,,
"""01069""","Cream substitute, powdered",94.0,"1.0 cup",--,0,--,,
"""01049""","Cream, fluid, half and half",30.2,"1.0 fl oz",0.037,1,0.004,,
"""01053""","Cream, fluid, heavy whipping",120.0,"1.0 cup, whipped",0.413,5,0.049,,
"""01050""","Cream, fluid, light (coffee cream or table cream)",30.0,"1.0 fl oz",0.052,1,0.006,,
"""01056""","Cream, sour, cultured",12.0,"1.0 tbsp",0.016,1,0.002,,
"""01225""","Dulce de Leche",19.0,"1.0 tbsp",0.013,2,0.001,,
"""01258""","Egg, white, dried, stabilized, glucose reduced",107.0,"1.0 cup, sifted",--,0,--,,
"""01172""","Egg, white, raw, frozen, pasteurized",28.0,"1.0 oz",0.000,3,--,,
"""01128""","Egg, whole, cooked, fried",46.0,"1.0 large",0.003,23,0.012,,
"""01130""","Egg, whole, cooked, omelet",15.0,"1.0 tbsp",0.001,6,0.003,,
"""01131""","Egg, whole, cooked, poached",50.0,"1.0 large",0.004,18,0.011,,
"""01132""","Egg, whole, cooked, scrambled",61.0,"1.0 large",0.003,22,0.010,,
"""01133""","Egg, whole, dried",85.0,"1.0 cup, sifted",0.019,101,0.000,,
"""01123""","Egg, whole, raw, fresh",50.0,"1.0 large",0.004,24,0.011,,
"""01171""","Egg, whole, raw, frozen, pasteurized (Includes foods for USDA's Food Distribution Program)",28.0,"1.0 oz",0.006,24,0.000,,
"""01255""","Egg, whole, raw, frozen, salted, pasteurized",28.0,"1.0 oz",0.001,19,0.000,,
"""01137""","Egg, yolk, dried",67.0,"1.0 cup, sifted",0.023,140,0.000,,
"""01125""","Egg, yolk, raw, fresh",17.0,"1.0 large",0.004,25,--,,
"""01126""","Egg, yolk, raw, frozen, pasteurized",28.35,"1.0 oz",0.006,43,0.000,,
"""01160""","Egg, yolk, raw, frozen, salted, pasteurized",28.35,"1.0 oz",0.005,32,0.000,,
"""01127""","Egg, yolk, raw, frozen, sugared, pasteurized",28.35,"1.0 oz",0.005,49,0.000,,
"""01264""","Ice cream bar, stick or nugget, with crunch coating",95.0,"26.0 pieces",0.006,3,0.000,,
"""01240""","Ice cream cone, chocolate covered, with nuts, flavors other than chocolate",96.0,"1.0 unit",0.000,34,--,,
"""01289""","Kefir, lowfat, plain, LIFEWAY",243.0,"1.0 cup",0.027,32,0.005,,
"""01290""","Kefir, lowfat, strawberry, LIFEWAY",247.0,"1.0 cup",0.022,54,0.002,,
"""01230""","Milk, buttermilk, fluid, whole",245.0,"1.0 cup",0.000,12,--,,
"""01105""","Milk, chocolate beverage, hot cocoa, homemade",250.0,"1.0 cup",0.033,12,0.007,,
"""01202""","Milk, chocolate, fluid, commercial, reduced fat, with added calcium",250.0,"1.0 cup",0.013,5,0.000,,
"""01103""","Milk, chocolate, fluid, commercial, reduced fat, with added vitamin A and vitamin D",250.0,"1.0 cup",0.013,5,0.000,,
"""01104""","Milk, chocolate, lowfat, with added vitamin A and vitamin D",250.0,"1.0 cup",0.022,8,0.003,,
"""01175""","Milk, fluid, 1% fat, without added vitamin A and vitamin D",244.0,"1.0 cup",0.017,12,--,,
"""01082""","Milk, lowfat, fluid, 1% milkfat, with added vitamin A and vitamin D",244.0,"1.0 cup",0.017,12,--,,
"""01079""","Milk, reduced fat, fluid, 2% milkfat, with added vitamin A and vitamin D",244.0,"1.0 cup",0.037,12,0.007,,
"""01174""","Milk, reduced fat, fluid, 2% milkfat, without added vitamin A and vitamin D",246.0,"1.0 cup",0.034,12,0.007,,
"""01077""","Milk, whole, 3.25% milkfat, with added vitamin D",244.0,"1.0 cup",0.000,12,--,,
"""01211""","Milk, whole, 3.25% milkfat, without added vitamin A and vitamin D",244.0,"1.0 cup",0.000,12,--,,
"""01280""","Yogurt, Greek, nonfat, strawberry, DANNON OIKOS",150.0,"5.0 oz",0.000,--,--,,
"""01275""","Yogurt, Greek, nonfat, vanilla, CHOBANI",150.0,"5.0 oz",0.003,--,0.000,,
"""01278""","Yogurt, Greek, nonfat, vanilla, DANNON OIKOS",150.0,"5.0 oz",0.000,--,--,,
"""01287""","Yogurt, Greek, plain, lowfat",200.0,"1.0 container (7 oz)",0.042,24,0.004,,
"""01256""","Yogurt, Greek, plain, nonfat (Includes foods for USDA's Food Distribution Program)",170.0,"1.0 container",0.002,12,0.000,,
"""01276""","Yogurt, Greek, strawberry, DANNON OIKOS",150.0,"5.0 oz",0.042,--,0.005,,
"""01284""","Yogurt, Greek, strawberry, lowfat",150.0,"1.0 container (5.3 oz)",0.037,14,0.005,,
"""01285""","Yogurt, Greek, strawberry, nonfat",150.0,"1.0 container (5.3 oz)",0.000,30,--,,
"""01286""","Yogurt, Greek, vanilla, nonfat",150.0,"1.0 container (5.3 oz)",0.002,16,0.000,,
