Source: USDA National Nutrient Database for Standard Reference Legacy Software v.3.9.4 2018-05-17
"Nutrients: Galactose (g); 22:5 n-3 (DPA) (g); Alcohol, ethyl (g)"
"Food Groups: Dairy and Egg Products"
Food Subset:All Foods
Ordered by:Food Name
Measured by:Household
Report Run at: 06-02-2018T14:14
NDB_NO,Description,Weight(g),Measure,"Galactose"(g)Per Measure,"22:5 n-3 (DPA)"(g)Per Measure,"Alcohol, ethyl"(g)Per Measure,
"""01046""","Cheese food, pasteurized process, American, vitamin D fortified",113.0,"1.0 cup",0.20,0.020,0.0,,
"""01254""","Cheese food, pasteurized process, American, without added vitamin D",113.0,"1.0 cup",0.20,0.020,0.0,,
"""01252""","Cheese product, pasteurized process, American, vitamin D fortified",19.0,"1.0 slice (2/3 oz)",0.03,0.002,0.0,,
"""01009""","Cheese, cheddar (Includes foods for USDA's Food Distribution Program)",132.0,"1.0 cup, diced",0.13,0.022,0.0,,
"""01260""","Cheese, cheddar, reduced fat (Includes foods for USDA's Food Distribution Program)",21.0,"1.0 slice",0.01,0.002,0.0,,
"""01270""","Cheese, cheddar, sharp, sliced",19.0,"1.0 slice (2/3 oz)",0.02,0.003,0.0,,
"""01012""","Cheese, cottage, creamed, large or small curd",113.0,"4.0 oz",--,--,0.0,,
"""01015""","Cheese, cottage, lowfat, 2% milkfat",113.0,"4.0 oz",0.14,0.001,0.0,,
"""01017""","Cheese, cream",14.5,"1.0 tbsp",--,0.003,0.0,,
"""01186""","Cheese, cream, fat free",18.0,"1.0 tbsp",--,0.000,0.0,,
"""43274""","Cheese, cream, low fat",15.0,"1.0 tbsp",--,--,0.0,,
"""01227""","Cheese, dry white, queso seco",97.0,"1.0 cup grated",0.29,0.016,--,,
"""01228""","Cheese, fresh, queso fresco",122.0,"1.0 cup, crumbled",--,0.018,0.0,,
"""01251""","Cheese, Mexican blend",28.0,"0.25 cup shredded",--,--,0.0,,
"""01029""","Cheese, mozzarella, low moisture, part-skim",132.0,"1.0 cup, diced",1.03,0.013,0.0,,
"""01271""","Cheese, mozzarella, low moisture, part-skim, shredded",86.0,"1.0 cup",0.65,0.009,0.0,,
"""01026""","Cheese, mozzarella, whole milk",112.0,"1.0 cup, shredded",--,--,0.0,,
"""01031""","Cheese, neufchatel",28.35,"1.0 oz",0.00,--,--,,
"""01032""","Cheese, parmesan, grated",100.0,"1.0 cup",0.07,0.015,0.0,,
"""01042""","Cheese, pasteurized process, American, fortified with vitamin D",28.35,"1.0 oz",0.03,0.006,0.0,,
"""01253""","Cheese, pasteurized process, American, without added vitamin D",28.35,"1.0 oz",0.03,0.006,0.0,,
"""01040""","Cheese, swiss",132.0,"1.0 cup, diced",--,0.024,0.0,,
"""01229""","Cheese, white, queso blanco",118.0,"1.0 cup, crumbled",0.19,0.019,--,,
"""01069""","Cream substitute, powdered",94.0,"1.0 cup",--,--,0.0,,
"""01049""","Cream, fluid, half and half",30.2,"1.0 fl oz",--,0.002,0.0,,
"""01053""","Cream, fluid, heavy whipping",120.0,"1.0 cup, whipped",--,0.024,0.0,,
"""01050""","Cream, fluid, light (coffee cream or table cream)",30.0,"1.0 fl oz",--,0.003,0.0,,
"""01056""","Cream, sour, cultured",12.0,"1.0 tbsp",--,0.001,0.0,,
"""01071""","Dessert topping, powdered, 1.5 ounce prepared with 1/2 cup milk",80.0,"1.0 cup",--,--,0.0,,
"""01225""","Dulce de Leche",19.0,"1.0 tbsp",0.20,0.002,0.0,,
"""01258""","Egg, white, dried, stabilized, glucose reduced",107.0,"1.0 cup, sifted",--,--,0.0,,
"""01124""","Egg, white, raw, fresh",33.0,"1.0 large",0.02,--,0.0,,
"""01172""","Egg, white, raw, frozen, pasteurized",28.0,"1.0 oz",--,--,0.0,,
"""01128""","Egg, whole, cooked, fried",46.0,"1.0 large",--,0.003,0.0,,
"""01130""","Egg, whole, cooked, omelet",15.0,"1.0 tbsp",--,0.001,0.0,,
"""01131""","Egg, whole, cooked, poached",50.0,"1.0 large",--,0.004,0.0,,
"""01132""","Egg, whole, cooked, scrambled",61.0,"1.0 large",--,0.003,0.0,,
"""01133""","Egg, whole, dried",85.0,"1.0 cup, sifted",--,0.020,0.0,,
"""01123""","Egg, whole, raw, fresh",50.0,"1.0 large",--,0.004,0.0,,
"""01171""","Egg, whole, raw, frozen, pasteurized (Includes foods for USDA's Food Distribution Program)",28.0,"1.0 oz",--,0.006,0.0,,
"""01255""","Egg, whole, raw, frozen, salted, pasteurized",28.0,"1.0 oz",--,0.001,0.0,,
"""01137""","Egg, yolk, dried",67.0,"1.0 cup, sifted",--,0.019,0.0,,
"""01125""","Egg, yolk, raw, fresh",17.0,"1.0 large",0.01,--,0.0,,
"""01126""","Egg, yolk, raw, frozen, pasteurized",28.35,"1.0 oz",--,0.006,0.0,,
"""01160""","Egg, yolk, raw, frozen, salted, pasteurized",28.35,"1.0 oz",--,0.003,0.0,,
"""01127""","Egg, yolk, raw, frozen, sugared, pasteurized",28.35,"1.0 oz",--,0.004,0.0,,
"""01057""","Eggnog",254.0,"1.0 cup",0.10,--,0.0,,
"""01289""","Kefir, lowfat, plain, LIFEWAY",243.0,"1.0 cup",2.21,0.002,0.0,,
"""01290""","Kefir, lowfat, strawberry, LIFEWAY",247.0,"1.0 cup",1.56,0.002,0.0,,
"""01105""","Milk, chocolate beverage, hot cocoa, homemade",250.0,"1.0 cup",0.03,--,0.0,,
"""01175""","Milk, fluid, 1% fat, without added vitamin A and vitamin D",244.0,"1.0 cup",--,--,0.0,,
"""01082""","Milk, lowfat, fluid, 1% milkfat, with added vitamin A and vitamin D",244.0,"1.0 cup",--,--,0.0,,
"""01085""","Milk, nonfat, fluid, with added vitamin A and vitamin D (fat free or skim)",245.0,"1.0 cup",--,--,0.0,,
"""01151""","Milk, nonfat, fluid, without added vitamin A and vitamin D (fat free or skim)",245.0,"1.0 cup",--,--,0.0,,
"""01079""","Milk, reduced fat, fluid, 2% milkfat, with added vitamin A and vitamin D",244.0,"1.0 cup",0.05,--,0.0,,
"""01174""","Milk, reduced fat, fluid, 2% milkfat, without added vitamin A and vitamin D",246.0,"1.0 cup",0.05,--,0.0,,
"""01077""","Milk, whole, 3.25% milkfat, with added vitamin D",244.0,"1.0 cup",--,--,0.0,,
"""01211""","Milk, whole, 3.25% milkfat, without added vitamin A and vitamin D",244.0,"1.0 cup",--,--,0.0,,
"""01280""","Yogurt, Greek, nonfat, strawberry, DANNON OIKOS",150.0,"5.0 oz",0.84,0.000,--,,
"""01275""","Yogurt, Greek, nonfat, vanilla, CHOBANI",150.0,"5.0 oz",1.02,0.000,--,,
"""01278""","Yogurt, Greek, nonfat, vanilla, DANNON OIKOS",150.0,"5.0 oz",0.81,0.000,--,,
"""01287""","Yogurt, Greek, plain, lowfat",200.0,"1.0 container (7 oz)",1.28,--,0.0,,
"""01256""","Yogurt, Greek, plain, nonfat (Includes foods for USDA's Food Distribution Program)",170.0,"1.0 container",1.19,--,0.0,,
"""01276""","Yogurt, Greek, strawberry, DANNON OIKOS",150.0,"5.0 oz",0.81,0.005,--,,
"""01284""","Yogurt, Greek, strawberry, lowfat",150.0,"1.0 container (5.3 oz)",0.80,0.003,0.0,,
"""01285""","Yogurt, Greek, strawberry, nonfat",150.0,"1.0 container (5.3 oz)",0.82,--,0.0,,
"""01286""","Yogurt, Greek, vanilla, nonfat",150.0,"1.0 container (5.3 oz)",0.90,--,0.0,,
