Source: USDA National Nutrient Database for Standard Reference Legacy Software v.3.9.4 2018-05-17
"Nutrients: Lysine (g); 22:1 c (g); Fluoride, F (µg)"
"Food Groups: Dairy and Egg Products"
Food Subset:All Foods
Ordered by:Food Name
Measured by:Household
Report Run at: 06-02-2018T14:13
NDB_NO,Description,Weight(g),Measure,"Lysine"(g)Per Measure,"22:1 c"(g)Per Measure,"Fluoride, F"(µg)Per Measure,
"""01003""","Butter oil, anhydrous",12.8,"1.0 tbsp",0.003,--,--,,
"""01001""","Butter, salted",5.0,"1.0 pat (1"" sq, 1/3"" high)",0.003,--,0.1,,
"""01002""","Butter, whipped, with salt",3.8,"1.0 pat (1"" sq, 1/3"" high)",0.003,0.000,0.1,,
"""01145""","Butter, without salt",5.0,"1.0 pat (1"" sq, 1/3"" high)",0.003,--,0.1,,
"""01045""","Cheese food, cold pack, American",28.35,"1.0 oz",0.553,--,--,,
"""01046""","Cheese food, pasteurized process, American, vitamin D fortified",113.0,"1.0 cup",1.471,0.000,39.5,,
"""01254""","Cheese food, pasteurized process, American, without added vitamin D",113.0,"1.0 cup",1.471,0.000,39.5,,
"""01047""","Cheese food, pasteurized process, swiss",28.35,"1.0 oz",0.617,--,--,,
"""01164""","Cheese sauce, prepared from recipe",30.0,"2.0 tbsp",0.232,--,--,,
"""01048""","Cheese spread, pasteurized process, American",140.0,"1.0 cup, diced",2.110,--,49.0,,
"""01161""","Cheese substitute, mozzarella",113.0,"1.0 cup, shredded",0.896,--,--,,
"""01004""","Cheese, blue",28.35,"1.0 oz",0.525,--,--,,
"""01005""","Cheese, brick",132.0,"1.0 cup, diced",2.804,--,--,,
"""01006""","Cheese, brie",28.35,"1.0 oz",0.525,--,--,,
"""01007""","Cheese, camembert",28.35,"1.0 oz",0.501,--,--,,
"""01008""","Cheese, caraway",28.35,"1.0 oz",0.594,--,--,,
"""01009""","Cheese, cheddar (Includes foods for USDA's Food Distribution Program)",132.0,"1.0 cup, diced",1.353,0.001,--,,
"""01270""","Cheese, cheddar, sharp, sliced",19.0,"1.0 slice (2/3 oz)",0.387,0.000,--,,
"""01010""","Cheese, cheshire",28.35,"1.0 oz",0.551,--,--,,
"""01011""","Cheese, colby",132.0,"1.0 cup, diced",2.611,--,--,,
"""01012""","Cheese, cottage, creamed, large or small curd",113.0,"4.0 oz",1.055,--,35.7,,
"""01013""","Cheese, cottage, creamed, with fruit",113.0,"4.0 oz",0.971,--,35.7,,
"""01016""","Cheese, cottage, lowfat, 1% milkfat",113.0,"4.0 oz",1.132,--,35.7,,
"""01015""","Cheese, cottage, lowfat, 2% milkfat",113.0,"4.0 oz",0.992,0.000,--,,
"""01014""","Cheese, cottage, nonfat, uncreamed, dry, large or small curd",145.0,"1.0 cup (not packed)",1.259,--,45.8,,
"""43273""","Cheese, cottage, with vegetables",113.0,"4.0 oz",1.094,--,--,,
"""01017""","Cheese, cream",14.5,"1.0 tbsp",0.082,0.000,--,,
"""01186""","Cheese, cream, fat free",18.0,"1.0 tbsp",0.270,--,--,,
"""43274""","Cheese, cream, low fat",15.0,"1.0 tbsp",0.113,--,--,,
"""01018""","Cheese, edam",28.35,"1.0 oz",0.754,--,--,,
"""01019""","Cheese, feta",150.0,"1.0 cup, crumbled",1.829,--,--,,
"""01020""","Cheese, fontina",132.0,"1.0 cup, diced",3.073,--,--,,
"""01021""","Cheese, gjetost",28.35,"1.0 oz",0.231,--,--,,
"""01156""","Cheese, goat, hard type",28.35,"1.0 oz",0.621,--,--,,
"""01157""","Cheese, goat, semisoft type",28.35,"1.0 oz",0.439,--,--,,
"""01159""","Cheese, goat, soft type",28.35,"1.0 oz",0.377,--,--,,
"""01022""","Cheese, gouda",28.35,"1.0 oz",0.752,--,--,,
"""01023""","Cheese, gruyere",28.35,"1.0 oz",0.768,--,--,,
"""01024""","Cheese, limburger",134.0,"1.0 cup",2.245,--,--,,
"""01168""","Cheese, low fat, cheddar or colby",132.0,"1.0 cup, diced",2.463,--,46.1,,
"""01169""","Cheese, low-sodium, cheddar or colby",132.0,"1.0 cup, diced",2.463,--,46.1,,
"""01251""","Cheese, Mexican blend",28.0,"0.25 cup shredded",0.463,--,2.4,,
"""01165""","Cheese, mexican, queso anejo",132.0,"1.0 cup, crumbled",1.917,--,--,,
"""01166""","Cheese, mexican, queso asadero",132.0,"1.0 cup, diced",2.043,--,--,,
"""01167""","Cheese, mexican, queso chihuahua",132.0,"1.0 cup, diced",2.028,--,--,,
"""01025""","Cheese, monterey",132.0,"1.0 cup, diced",2.689,--,--,,
"""01029""","Cheese, mozzarella, low moisture, part-skim",132.0,"1.0 cup, diced",1.365,--,--,,
"""01271""","Cheese, mozzarella, low moisture, part-skim, shredded",86.0,"1.0 cup",1.707,0.000,--,,
"""01028""","Cheese, mozzarella, part skim milk",28.35,"1.0 oz",0.699,--,--,,
"""01026""","Cheese, mozzarella, whole milk",112.0,"1.0 cup, shredded",1.081,--,--,,
"""01027""","Cheese, mozzarella, whole milk, low moisture",28.35,"1.0 oz",0.622,--,--,,
"""01030""","Cheese, muenster",132.0,"1.0 cup, diced",2.823,--,--,,
"""01031""","Cheese, neufchatel",28.35,"1.0 oz",0.248,--,--,,
"""01204""","Cheese, parmesan, dry grated, reduced fat",100.0,"1.0 cup",2.459,--,--,,
"""01032""","Cheese, parmesan, grated",100.0,"1.0 cup",2.201,0.001,--,,
"""01033""","Cheese, parmesan, hard",28.35,"1.0 oz",0.937,--,--,,
"""01146""","Cheese, parmesan, shredded",5.0,"1.0 tbsp",0.192,--,--,,
"""01042""","Cheese, pasteurized process, American, fortified with vitamin D",28.35,"1.0 oz",0.430,0.000,9.9,,
"""01253""","Cheese, pasteurized process, American, without added vitamin D",28.35,"1.0 oz",0.430,0.000,9.9,,
"""01043""","Cheese, pasteurized process, pimento",140.0,"1.0 cup, diced",3.074,--,--,,
"""01044""","Cheese, pasteurized process, swiss",140.0,"1.0 cup, diced",3.436,--,--,,
"""01034""","Cheese, port de salut",132.0,"1.0 cup, diced",2.623,--,--,,
"""01035""","Cheese, provolone",132.0,"1.0 cup, diced",3.493,--,--,,
"""01208""","Cheese, provolone, reduced fat",132.0,"1.0 cup, diced",3.493,--,--,,
"""01037""","Cheese, ricotta, part skim milk",124.0,"0.5 cup",1.678,--,--,,
"""01038""","Cheese, romano",28.35,"1.0 oz",0.834,--,--,,
"""01039""","Cheese, roquefort",28.35,"1.0 oz",0.524,--,--,,
"""01040""","Cheese, swiss",132.0,"1.0 cup, diced",3.412,0.003,--,,
"""01041""","Cheese, tilsit",28.35,"1.0 oz",0.578,--,--,,
"""01205""","Cream substitute, flavored, liquid",15.0,"1.0 tbsp",0.005,--,5.4,,
"""01206""","Cream substitute, flavored, powdered",12.0,"4.0 tsp",0.004,--,0.1,,
"""01067""","Cream substitute, liquid, with hydrogenated vegetable oil and soy protein",15.0,"1.0 container, individual",0.010,--,--,,
"""01068""","Cream substitute, liquid, with lauric acid oil and sodium caseinate",15.0,"1.0 container, individual",0.012,--,--,,
"""01069""","Cream substitute, powdered",94.0,"1.0 cup",0.362,0.000,105.3,,
"""01049""","Cream, fluid, half and half",30.2,"1.0 fl oz",0.041,0.000,0.9,,
"""01053""","Cream, fluid, heavy whipping",120.0,"1.0 cup, whipped",0.149,0.004,3.6,,
"""01050""","Cream, fluid, light (coffee cream or table cream)",30.0,"1.0 fl oz",0.039,0.001,--,,
"""01052""","Cream, fluid, light whipping",120.0,"1.0 cup, whipped",0.206,--,3.6,,
"""01056""","Cream, sour, cultured",12.0,"1.0 tbsp",0.033,--,--,,
"""01055""","Cream, sour, reduced fat, cultured",15.0,"1.0 tbsp",0.035,--,--,,
"""01054""","Cream, whipped, cream topping, pressurized",60.0,"1.0 cup",0.152,--,1.8,,
"""01070""","Dessert topping, powdered",43.0,"1.0 oz",0.169,--,--,,
"""01071""","Dessert topping, powdered, 1.5 ounce prepared with 1/2 cup milk",80.0,"1.0 cup",0.163,--,--,,
"""01072""","Dessert topping, pressurized",70.0,"1.0 cup",0.055,--,--,,
"""01073""","Dessert topping, semi solid, frozen",75.0,"1.0 cup",0.076,--,--,,
"""01226""","Egg substitute, liquid or frozen, fat free",60.0,"0.25 cup",0.428,--,--,,
"""01138""","Egg, duck, whole, fresh, raw",70.0,"1.0 egg",0.666,--,--,,
"""01139""","Egg, goose, whole, fresh, raw",144.0,"1.0 egg",1.483,--,--,,
"""01140""","Egg, quail, whole, fresh, raw",9.0,"1.0 egg",0.079,--,--,,
"""01141""","Egg, turkey, whole, fresh, raw",79.0,"1.0 egg",0.730,--,--,,
"""01173""","Egg, white, dried",28.0,"1.0 oz",1.544,--,--,,
"""01135""","Egg, white, dried, flakes, stabilized, glucose reduced",28.35,"1.0 oz",1.343,--,--,,
"""01136""","Egg, white, dried, powder, stabilized, glucose reduced",107.0,"1.0 cup, sifted",5.431,--,--,,
"""01258""","Egg, white, dried, stabilized, glucose reduced",107.0,"1.0 cup, sifted",6.314,--,--,,
"""01124""","Egg, white, raw, fresh",33.0,"1.0 large",0.266,--,--,,
"""01172""","Egg, white, raw, frozen, pasteurized",28.0,"1.0 oz",0.213,--,--,,
"""01128""","Egg, whole, cooked, fried",46.0,"1.0 large",0.455,--,0.6,,
"""01129""","Egg, whole, cooked, hard-boiled",136.0,"1.0 cup, chopped",1.229,--,6.5,,
"""01130""","Egg, whole, cooked, omelet",15.0,"1.0 tbsp",0.115,--,3.2,,
"""01131""","Egg, whole, cooked, poached",50.0,"1.0 large",0.455,--,0.6,,
"""01132""","Egg, whole, cooked, scrambled",61.0,"1.0 large",0.430,--,0.5,,
"""01133""","Egg, whole, dried",85.0,"1.0 cup, sifted",2.838,--,--,,
"""01134""","Egg, whole, dried, stabilized, glucose reduced",85.0,"1.0 cup, sifted",2.764,--,--,,
"""01123""","Egg, whole, raw, fresh",50.0,"1.0 large",0.456,0.000,0.6,,
"""01171""","Egg, whole, raw, frozen, pasteurized (Includes foods for USDA's Food Distribution Program)",28.0,"1.0 oz",0.260,--,--,,
"""01255""","Egg, whole, raw, frozen, salted, pasteurized",28.0,"1.0 oz",0.222,0.000,--,,
"""01137""","Egg, yolk, dried",67.0,"1.0 cup, sifted",1.654,--,--,,
"""01125""","Egg, yolk, raw, fresh",17.0,"1.0 large",0.207,--,--,,
"""01126""","Egg, yolk, raw, frozen, pasteurized",28.35,"1.0 oz",0.335,--,--,,
"""01160""","Egg, yolk, raw, frozen, salted, pasteurized",28.35,"1.0 oz",0.293,0.000,--,,
"""01127""","Egg, yolk, raw, frozen, sugared, pasteurized",28.35,"1.0 oz",0.293,0.000,--,,
"""01057""","Eggnog",254.0,"1.0 cup",0.653,--,0.5,,
"""01236""","Ice cream, soft serve, chocolate",86.0,"0.5 cup",0.255,--,--,,
"""01110""","Milk shakes, thick chocolate",28.4,"1.0 fl oz",0.069,--,--,,
"""01111""","Milk shakes, thick vanilla",28.4,"1.0 fl oz",0.087,--,--,,
"""01076""","Milk substitutes, fluid, with lauric acid oil",244.0,"1.0 cup",0.344,--,--,,
"""01094""","Milk, buttermilk, dried",30.0,"0.25 cup",0.816,--,--,,
"""01088""","Milk, buttermilk, fluid, cultured, lowfat",245.0,"1.0 cup",0.679,--,9.8,,
"""42189""","Milk, buttermilk, fluid, cultured, reduced fat",245.0,"1.0 cup",0.840,--,--,,
"""01230""","Milk, buttermilk, fluid, whole",245.0,"1.0 cup",0.659,--,--,,
"""01095""","Milk, canned, condensed, sweetened",38.2,"1.0 fl oz",0.240,--,--,,
"""01097""","Milk, canned, evaporated, nonfat, with added vitamin A and vitamin D",31.9,"1.0 fl oz",0.191,--,2.7,,
"""01153""","Milk, canned, evaporated, with added vitamin A",31.5,"1.0 fl oz",0.170,--,2.7,,
"""01096""","Milk, canned, evaporated, with added vitamin D and without added vitamin A",31.5,"1.0 fl oz",0.170,--,2.7,,
"""01105""","Milk, chocolate beverage, hot cocoa, homemade",250.0,"1.0 cup",0.537,--,7.8,,
"""01202""","Milk, chocolate, fluid, commercial, reduced fat, with added calcium",250.0,"1.0 cup",0.575,--,--,,
"""01103""","Milk, chocolate, fluid, commercial, reduced fat, with added vitamin A and vitamin D",250.0,"1.0 cup",0.625,--,13.0,,
"""01102""","Milk, chocolate, fluid, commercial, whole, with added vitamin A and vitamin D",250.0,"1.0 cup",0.662,--,13.0,,
"""01104""","Milk, chocolate, lowfat, with added vitamin A and vitamin D",250.0,"1.0 cup",0.642,0.000,--,,
"""01093""","Milk, dry, nonfat, calcium reduced",28.35,"1.0 oz",0.798,--,--,,
"""01092""","Milk, dry, nonfat, instant, with added vitamin A and vitamin D",68.0,"1.0 cup",1.893,--,--,,
"""01155""","Milk, dry, nonfat, instant, without added vitamin A and vitamin D",68.0,"1.0 cup",1.893,--,--,,
"""01154""","Milk, dry, nonfat, regular, with added vitamin A and vitamin D",30.0,"0.25 cup",0.860,--,--,,
"""01091""","Milk, dry, nonfat, regular, without added vitamin A and vitamin D",30.0,"0.25 cup",0.860,--,--,,
"""01090""","Milk, dry, whole, with added vitamin D",32.0,"0.25 cup",0.668,--,--,,
"""01212""","Milk, dry, whole, without added vitamin D",128.0,"1.0 cup",2.671,--,--,,
"""01291""","Milk, evaporated, 2% fat, with added vitamin A and vitamin D",252.0,"1.0 cup",1.361,--,--,,
"""01059""","Milk, filled, fluid, with blend of hydrogenated vegetable oils",244.0,"1.0 cup",0.644,--,--,,
"""01060""","Milk, filled, fluid, with lauric acid oil",244.0,"1.0 cup",0.644,--,--,,
"""01175""","Milk, fluid, 1% fat, without added vitamin A and vitamin D",244.0,"1.0 cup",0.688,--,6.3,,
"""01106""","Milk, goat, fluid, with added vitamin D",30.5,"1.0 fl oz",0.088,--,--,,
"""01107""","Milk, human, mature, fluid",30.8,"1.0 fl oz",0.021,--,--,,
"""01108""","Milk, indian buffalo, fluid",244.0,"1.0 cup",0.683,--,--,,
"""01089""","Milk, low sodium, fluid",244.0,"1.0 cup",0.600,--,--,,
"""01084""","Milk, lowfat, fluid, 1% milkfat, protein fortified, with added vitamin A and vitamin D",246.0,"1.0 cup",0.768,--,--,,
"""01083""","Milk, lowfat, fluid, 1% milkfat, with added nonfat milk solids, vitamin A and vitamin D",245.0,"1.0 cup",0.676,--,--,,
"""01082""","Milk, lowfat, fluid, 1% milkfat, with added vitamin A and vitamin D",244.0,"1.0 cup",0.688,--,6.3,,
"""01087""","Milk, nonfat, fluid, protein fortified, with added vitamin A and vitamin D (fat free and skim)",246.0,"1.0 cup",0.772,--,--,,
"""01086""","Milk, nonfat, fluid, with added nonfat milk solids, vitamin A and vitamin D (fat free or skim)",245.0,"1.0 cup",0.693,--,--,,
"""01085""","Milk, nonfat, fluid, with added vitamin A and vitamin D (fat free or skim)",245.0,"1.0 cup",0.691,--,7.6,,
"""01151""","Milk, nonfat, fluid, without added vitamin A and vitamin D (fat free or skim)",245.0,"1.0 cup",0.691,--,7.6,,
"""01078""","Milk, producer, fluid, 3.7% milkfat",244.0,"1.0 cup",0.634,--,--,,
"""01081""","Milk, reduced fat, fluid, 2% milkfat, protein fortified, with added vitamin A and vitamin D",246.0,"1.0 cup",0.770,--,--,,
"""01080""","Milk, reduced fat, fluid, 2% milkfat, with added nonfat milk solids and vitamin A and vitamin D",245.0,"1.0 cup",0.676,--,--,,
"""01152""","Milk, reduced fat, fluid, 2% milkfat, with added nonfat milk solids, without added vitamin A",245.0,"1.0 cup",0.693,--,--,,
"""01079""","Milk, reduced fat, fluid, 2% milkfat, with added vitamin A and vitamin D",244.0,"1.0 cup",0.673,--,8.3,,
"""01174""","Milk, reduced fat, fluid, 2% milkfat, without added vitamin A and vitamin D",246.0,"1.0 cup",0.679,--,8.4,,
"""01109""","Milk, sheep, fluid",245.0,"1.0 cup",1.257,--,--,,
"""01077""","Milk, whole, 3.25% milkfat, with added vitamin D",244.0,"1.0 cup",0.644,--,--,,
"""01211""","Milk, whole, 3.25% milkfat, without added vitamin A and vitamin D",244.0,"1.0 cup",0.644,--,--,,
"""01074""","Sour cream, imitation, cultured",28.35,"1.0 oz",0.055,--,--,,
"""01058""","Sour dressing, non-butterfat, cultured, filled cream-type",12.0,"1.0 tbsp",0.031,--,--,,
"""01113""","Whey, acid, dried",57.0,"1.0 cup",0.575,--,--,,
"""01112""","Whey, acid, fluid",246.0,"1.0 cup",0.160,--,--,,
"""01115""","Whey, sweet, dried",145.0,"1.0 cup",1.494,--,--,,
"""01114""","Whey, sweet, fluid",246.0,"1.0 cup",0.167,--,--,,
"""43261""","Yogurt, fruit variety, nonfat",170.0,"1.0 container (6 oz)",0.746,--,--,,
"""01218""","Yogurt, fruit variety, nonfat, fortified with vitamin D",170.0,"1.0 container (6 oz)",0.746,--,--,,
"""01121""","Yogurt, fruit, low fat, 10 grams protein per 8 ounce",170.0,"1.0 container (6 oz)",0.666,--,15.3,,
"""01217""","Yogurt, fruit, low fat, 10 grams protein per 8 ounce, fortified with vitamin D",170.0,"1.0 container (6 oz)",0.666,--,15.3,,
"""01122""","Yogurt, fruit, low fat, 11g protein/8 oz",170.0,"1.0 container (6 oz)",0.741,--,15.3,,
"""01216""","Yogurt, fruit, low fat, 9 grams protein per 8 ounce, fortified with vitamin D",170.0,"1.0 container (6 oz)",0.607,--,15.3,,
"""01120""","Yogurt, fruit, low fat,9 g protein/8 oz",170.0,"1.0 container (6 oz)",0.607,--,15.3,,
"""01203""","Yogurt, fruit, lowfat, with low calorie sweetener",170.0,"1.0 container (6 oz)",0.741,--,--,,
"""01219""","Yogurt, fruit, lowfat, with low calorie sweetener, fortified with vitamin D",170.0,"1.0 container (6 oz)",0.741,--,--,,
"""01275""","Yogurt, Greek, nonfat, vanilla, CHOBANI",150.0,"5.0 oz",1.167,0.000,--,,
"""01287""","Yogurt, Greek, plain, lowfat",200.0,"1.0 container (7 oz)",0.942,0.000,--,,
"""01284""","Yogurt, Greek, strawberry, lowfat",150.0,"1.0 container (5.3 oz)",0.588,0.000,--,,
"""01285""","Yogurt, Greek, strawberry, nonfat",150.0,"1.0 container (5.3 oz)",0.588,0.000,--,,
"""01286""","Yogurt, Greek, vanilla, nonfat",150.0,"1.0 container (5.3 oz)",0.663,0.000,--,,
"""01117""","Yogurt, plain, low fat",170.0,"1.0 container (6 oz)",0.801,--,20.4,,
"""01118""","Yogurt, plain, skim milk",170.0,"1.0 container (6 oz)",0.874,--,20.4,,
"""01116""","Yogurt, plain, whole milk",170.0,"1.0 container (6 oz)",0.529,--,20.4,,
"""01220""","Yogurt, vanilla, low fat, fortified with vitamin D",170.0,"1.0 container (6 oz)",0.751,--,20.4,,
"""01119""","Yogurt, vanilla, low fat.",170.0,"1.0 container (6 oz)",0.751,--,20.4,,
"""01295""","Yogurt, vanilla, non-fat",245.0,"1.0 cup (8 fl oz)",1.083,--,--,,
