Source: USDA National Nutrient Database for Standard Reference Legacy Software v.3.9.4 2018-05-17
"Nutrients: Tocotrienol, beta (mg); 18:1 t (g); 20:1 (g)"
"Food Groups: Dairy and Egg Products"
Food Subset:All Foods
Ordered by:Food Name
Measured by:Household
Report Run at: 06-02-2018T14:13
NDB_NO,Description,Weight(g),Measure,"Tocotrienol, beta"(mg)Per Measure,"18:1 t"(g)Per Measure,"20:1"(g)Per Measure,
"""01001""","Butter, salted",5.0,"1.0 pat (1"" sq, 1/3"" high)",0.00,0.149,0.005,,
"""01002""","Butter, whipped, with salt",3.8,"1.0 pat (1"" sq, 1/3"" high)",0.00,0.073,0.006,,
"""01145""","Butter, without salt",5.0,"1.0 pat (1"" sq, 1/3"" high)",0.00,0.149,0.005,,
"""01046""","Cheese food, pasteurized process, American, vitamin D fortified",113.0,"1.0 cup",0.02,0.757,0.215,,
"""01254""","Cheese food, pasteurized process, American, without added vitamin D",113.0,"1.0 cup",0.02,0.757,0.215,,
"""01252""","Cheese product, pasteurized process, American, vitamin D fortified",19.0,"1.0 slice (2/3 oz)",0.00,0.112,0.008,,
"""01009""","Cheese, cheddar (Includes foods for USDA's Food Distribution Program)",132.0,"1.0 cup, diced",0.00,1.077,0.086,,
"""01260""","Cheese, cheddar, reduced fat (Includes foods for USDA's Food Distribution Program)",21.0,"1.0 slice",0.00,0.108,0.008,,
"""01270""","Cheese, cheddar, sharp, sliced",19.0,"1.0 slice (2/3 oz)",0.00,0.160,0.012,,
"""01012""","Cheese, cottage, creamed, large or small curd",113.0,"4.0 oz",0.00,--,--,,
"""01015""","Cheese, cottage, lowfat, 2% milkfat",113.0,"4.0 oz",0.00,0.057,0.003,,
"""01014""","Cheese, cottage, nonfat, uncreamed, dry, large or small curd",145.0,"1.0 cup (not packed)",0.00,--,--,,
"""01017""","Cheese, cream",14.5,"1.0 tbsp",0.00,0.121,0.009,,
"""01186""","Cheese, cream, fat free",18.0,"1.0 tbsp",0.00,--,--,,
"""43274""","Cheese, cream, low fat",15.0,"1.0 tbsp",0.00,--,0.002,,
"""01227""","Cheese, dry white, queso seco",97.0,"1.0 cup grated",0.01,0.616,0.040,,
"""01228""","Cheese, fresh, queso fresco",122.0,"1.0 cup, crumbled",0.00,0.733,0.046,,
"""01029""","Cheese, mozzarella, low moisture, part-skim",132.0,"1.0 cup, diced",0.00,0.689,0.049,,
"""01271""","Cheese, mozzarella, low moisture, part-skim, shredded",86.0,"1.0 cup",0.00,0.443,0.031,,
"""01031""","Cheese, neufchatel",28.35,"1.0 oz",0.00,--,--,,
"""01032""","Cheese, parmesan, grated",100.0,"1.0 cup",0.00,0.626,0.049,,
"""01042""","Cheese, pasteurized process, American, fortified with vitamin D",28.35,"1.0 oz",0.01,0.239,0.064,,
"""01253""","Cheese, pasteurized process, American, without added vitamin D",28.35,"1.0 oz",0.01,0.239,0.064,,
"""01040""","Cheese, swiss",132.0,"1.0 cup, diced",0.00,0.913,0.079,,
"""01229""","Cheese, white, queso blanco",118.0,"1.0 cup, crumbled",0.00,0.758,0.048,,
"""01069""","Cream substitute, powdered",94.0,"1.0 cup",0.00,5.036,0.018,,
"""01049""","Cream, fluid, half and half",30.2,"1.0 fl oz",0.00,0.102,0.006,,
"""01053""","Cream, fluid, heavy whipping",120.0,"1.0 cup, whipped",0.00,1.069,0.078,,
"""01050""","Cream, fluid, light (coffee cream or table cream)",30.0,"1.0 fl oz",0.00,0.133,0.009,,
"""01056""","Cream, sour, cultured",12.0,"1.0 tbsp",0.00,0.080,0.003,,
"""01071""","Dessert topping, powdered, 1.5 ounce prepared with 1/2 cup milk",80.0,"1.0 cup",0.00,--,--,,
"""01225""","Dulce de Leche",19.0,"1.0 tbsp",0.00,0.048,0.003,,
"""01128""","Egg, whole, cooked, fried",46.0,"1.0 large",0.00,--,0.013,,
"""01130""","Egg, whole, cooked, omelet",15.0,"1.0 tbsp",0.00,--,0.004,,
"""01131""","Egg, whole, cooked, poached",50.0,"1.0 large",0.00,--,0.014,,
"""01132""","Egg, whole, cooked, scrambled",61.0,"1.0 large",0.00,--,0.015,,
"""01123""","Egg, whole, raw, fresh",50.0,"1.0 large",0.00,0.011,0.014,,
"""01125""","Egg, yolk, raw, fresh",17.0,"1.0 large",0.00,--,0.015,,
"""01057""","Eggnog",254.0,"1.0 cup",0.00,--,--,,
"""01088""","Milk, buttermilk, fluid, cultured, lowfat",245.0,"1.0 cup",0.00,--,--,,
"""01105""","Milk, chocolate beverage, hot cocoa, homemade",250.0,"1.0 cup",0.00,--,0.005,,
"""01202""","Milk, chocolate, fluid, commercial, reduced fat, with added calcium",250.0,"1.0 cup",0.00,--,--,,
"""01103""","Milk, chocolate, fluid, commercial, reduced fat, with added vitamin A and vitamin D",250.0,"1.0 cup",0.00,--,--,,
"""01104""","Milk, chocolate, lowfat, with added vitamin A and vitamin D",250.0,"1.0 cup",0.00,0.068,0.007,,
"""01091""","Milk, dry, nonfat, regular, without added vitamin A and vitamin D",30.0,"0.25 cup",0.00,--,--,,
"""01175""","Milk, fluid, 1% fat, without added vitamin A and vitamin D",244.0,"1.0 cup",0.00,0.090,--,,
"""01082""","Milk, lowfat, fluid, 1% milkfat, with added vitamin A and vitamin D",244.0,"1.0 cup",0.00,0.090,--,,
"""01085""","Milk, nonfat, fluid, with added vitamin A and vitamin D (fat free or skim)",245.0,"1.0 cup",0.00,--,--,,
"""01151""","Milk, nonfat, fluid, without added vitamin A and vitamin D (fat free or skim)",245.0,"1.0 cup",0.00,--,--,,
"""01079""","Milk, reduced fat, fluid, 2% milkfat, with added vitamin A and vitamin D",244.0,"1.0 cup",0.00,0.190,0.005,,
"""01174""","Milk, reduced fat, fluid, 2% milkfat, without added vitamin A and vitamin D",246.0,"1.0 cup",0.00,0.192,0.005,,
"""01077""","Milk, whole, 3.25% milkfat, with added vitamin D",244.0,"1.0 cup",0.00,--,--,,
"""01211""","Milk, whole, 3.25% milkfat, without added vitamin A and vitamin D",244.0,"1.0 cup",0.00,--,--,,
"""01256""","Yogurt, Greek, plain, nonfat (Includes foods for USDA's Food Distribution Program)",170.0,"1.0 container",0.00,0.010,0.003,,
