Source: USDA National Nutrient Database for Standard Reference Legacy Software v.3.9.4 2018-05-17
"Nutrients: 20:4 n-6 (g); Vitamin E, added (mg); 22:6 n-3 (DHA) (g)"
"Food Groups: Fast Foods"
Food Subset:All Foods
Ordered by:Food Name
Measured by:Household
Report Run at: 06-02-2018T14:04
NDB_NO,Description,Weight(g),Measure,"20:4 n-6"(g)Per Measure,"Vitamin E, added"(mg)Per Measure,"22:6 n-3 (DHA)"(g)Per Measure,
"""21090""","Fast foods, cheeseburger; single, regular patty, with condiments",127.0,"1.0 item",0.025,0.00,--,,
"""21091""","Fast foods, cheeseburger; single, regular patty, with condiments and vegetables",115.0,"1.0 sandwich",0.023,0.00,--,,
"""21240""","WENDY'S, CLASSIC SINGLE Hamburger, with cheese",236.0,"1.0 item",0.045,--,0.000,,
"""21244""","WENDY'S, Homestyle Chicken Fillet Sandwich",230.0,"1.0 item",0.039,--,0.000,,
"""21242""","WENDY'S, Jr. Hamburger, with cheese",129.0,"1.0 item",0.026,--,0.000,,
"""21241""","WENDY'S, Jr. Hamburger, without cheese",117.0,"1.0 item",0.014,--,0.000,,
