Source: USDA National Nutrient Database for Standard Reference Legacy Software v.3.9.4 2018-05-17
"Nutrients: 18:2 undifferentiated (g); Potassium, K (mg); Betaine (mg)"
"Food Groups: Fast Foods"
Food Subset:All Foods
Ordered by:Food Name
Measured by:Household
Report Run at: 06-02-2018T14:04
NDB_NO,Description,Weight(g),Measure,"18:2 undifferentiated"(g)Per Measure,"Potassium, K"(mg)Per Measure,"Betaine"(mg)Per Measure,
"""21527""","ARBY'S, roast beef sandwich, classic",149.0,"1.0 sandwich",2.312,334,31.7,,
"""21251""","BURGER KING, Cheeseburger",133.0,"1.0 item",1.811,237,--,,
"""21256""","BURGER KING, Chicken Strips",36.0,"1.0 strip",2.514,113,--,,
"""21385""","BURGER KING, CROISSAN'WICH with Egg and Cheese",110.0,"1.0 item",2.861,185,--,,
"""21384""","BURGER KING, CROISSAN'WICH with Sausage and Cheese",131.0,"1.0 item",3.699,269,--,,
"""21383""","BURGER KING, CROISSAN'WICH with Sausage, Egg and Cheese",171.0,"1.0 sandwich",6.493,270,--,,
"""21506""","BURGER KING, Double Cheeseburger",162.0,"1.0 sandwich",1.665,374,--,,
"""21254""","BURGER KING, DOUBLE WHOPPER, no cheese",374.0,"1.0 item",9.956,718,--,,
"""21255""","BURGER KING, DOUBLE WHOPPER, with cheese",399.0,"1.0 item",10.354,754,--,,
"""21249""","BURGER KING, french fries",74.0,"1.0 small serving",4.180,346,0.4,,
"""21386""","BURGER KING, french toast sticks",21.0,"1.0 stick",0.508,23,--,,
"""21250""","BURGER KING, Hamburger",99.0,"1.0 sandwich",1.071,215,--,,
"""21387""","BURGER KING, Hash Brown Rounds",5.6,"1.0 piece",0.474,20,--,,
"""21509""","BURGER KING, Onion Rings",91.0,"1.0 small",10.471,152,15.1,,
"""21259""","BURGER KING, Original Chicken Sandwich",199.0,"1.0 sandwich",12.917,390,--,,
"""21258""","BURGER KING, Premium Fish Sandwich",220.0,"1.0 sandwich",12.379,453,--,,
"""21252""","BURGER KING, WHOPPER, no cheese",291.0,"1.0 item",0.207,492,--,,
"""21253""","BURGER KING, WHOPPER, with cheese",316.0,"1.0 item",10.475,534,--,,
"""21143""","CHICK-FIL-A, Chick-n-Strips",50.0,"1.0 strip",1.151,248,--,,
"""21526""","CHICK-FIL-A, chicken sandwich",187.0,"1.0 sandwich",5.440,458,41.7,,
"""21144""","CHICK-FIL-A, hash browns",5.5,"1.0 piece",0.177,25,--,,
"""21473""","DIGIORNO Pizza, cheese topping, cheese stuffed crust, frozen, baked",164.0,"1.0 slice 1/4 of pie",2.586,303,--,,
"""21474""","DIGIORNO Pizza, cheese topping, rising crust, frozen, baked",183.0,"1.0 slice 1/4 of pie",2.364,359,--,,
"""21475""","DIGIORNO Pizza, cheese topping, thin crispy crust, frozen, baked",161.0,"1.0 slice 1/4 of pie",1.626,375,--,,
"""21476""","DIGIORNO Pizza, pepperoni topping, cheese stuffed crust, frozen, baked",179.0,"1.0 slice 1/4 of pie",3.156,320,--,,
"""21477""","DIGIORNO Pizza, pepperoni topping, rising crust, frozen, baked",207.0,"1.0 slice 1/4 of pie",3.262,439,--,,
"""21478""","DIGIORNO Pizza, pepperoni topping, thin crispy crust, frozen, baked",145.0,"1.0 slice 1/4 of pie",2.339,389,--,,
"""21479""","DIGIORNO Pizza, supreme topping, rising crust, frozen, baked",227.0,"1.0 slice 1/4 of pie",3.791,477,--,,
"""21480""","DIGIORNO Pizza, supreme topping, thin crispy crust, frozen, baked",155.0,"1.0 slice 1/4 of pie",2.480,431,--,,
"""21277""","DOMINO'S 14"" Cheese Pizza, Classic Hand-Tossed Crust",108.0,"1.0 slice",1.737,174,--,,
"""21279""","DOMINO'S 14"" Cheese Pizza, Crunchy Thin Crust",70.0,"1.0 slice",2.274,141,--,,
"""21278""","DOMINO'S 14"" Cheese Pizza, Ultimate Deep Dish Crust",118.0,"1.0 slice",2.456,199,--,,
"""21282""","DOMINO'S 14"" EXTRAVAGANZZA FEAST Pizza, Classic Hand-Tossed Crust",151.0,"1.0 slice",1.903,263,--,,
"""21280""","DOMINO'S 14"" Pepperoni Pizza, Classic Hand-Tossed Crust",113.0,"1.0 slice",2.087,207,--,,
"""21492""","DOMINO'S 14"" Pepperoni Pizza, Crunchy Thin Crust",79.0,"1.0 slice",2.859,177,--,,
"""21281""","DOMINO'S 14"" Pepperoni Pizza, Ultimate Deep Dish Crust",123.0,"1.0 slice",2.738,234,--,,
"""21494""","DOMINO'S 14"" Sausage Pizza, Classic Hand-Tossed Crust",114.0,"1.0 slice",2.394,209,--,,
"""21493""","DOMINO'S 14"" Sausage Pizza, Crunchy Thin Crust",78.0,"1.0 slice",3.060,180,--,,
"""21495""","DOMINO'S 14"" Sausage Pizza, Ultimate Deep Dish Crust",129.0,"1.0 slice",3.059,243,--,,
"""21142""","Fast food, biscuit",55.0,"1.0 biscuit",1.094,72,--,,
"""21299""","Fast Food, Pizza Chain, 14"" pizza, cheese topping, regular crust",107.0,"1.0 slice",1.565,184,29.7,,
"""21511""","Fast Food, Pizza Chain, 14"" pizza, cheese topping, stuffed crust",117.0,"1.0 slice 1/8 pizza",1.577,268,31.5,,
"""21300""","Fast Food, Pizza Chain, 14"" pizza, cheese topping, thick crust",115.0,"1.0 slice",2.763,194,--,,
"""21301""","Fast Food, Pizza Chain, 14"" pizza, cheese topping, thin crust",76.0,"1.0 slice",2.003,151,--,,
"""21304""","Fast Food, Pizza Chain, 14"" pizza, meat and vegetable topping, regular crust",136.0,"1.0 slice",2.069,250,32.2,,
"""21302""","Fast Food, Pizza Chain, 14"" pizza, pepperoni topping, regular crust",111.0,"1.0 slice",1.996,216,--,,
"""21303""","Fast Food, Pizza Chain, 14"" pizza, pepperoni topping, thick crust",118.0,"1.0 slice",3.069,223,--,,
"""21485""","Fast Food, Pizza Chain, 14"" pizza, pepperoni topping, thin crust",79.0,"1.0 slice",2.509,176,--,,
"""21484""","Fast Food, Pizza Chain, 14"" pizza, sausage topping, regular crust",116.0,"1.0 slice",2.386,229,--,,
"""21482""","Fast Food, Pizza Chain, 14"" pizza, sausage topping, thick crust",127.0,"1.0 slice",3.575,241,--,,
"""21483""","Fast Food, Pizza Chain, 14"" pizza, sausage topping, thin crust",88.0,"1.0 slice",3.003,198,--,,
"""21411""","Fast foods, bagel, with breakfast steak, egg, cheese, and condiments",254.0,"1.0 item",3.810,368,26.4,,
"""21410""","Fast foods, bagel, with egg, sausage patty, cheese, and condiments",219.0,"1.0 item",4.627,269,19.1,,
"""21010""","Fast foods, biscuit, with crispy chicken fillet",132.0,"1.0 item",4.009,272,--,,
"""21003""","Fast foods, biscuit, with egg and bacon",150.0,"1.0 biscuit",6.826,250,--,,
"""21004""","Fast foods, biscuit, with egg and ham",182.0,"1.0 biscuit",6.718,302,--,,
"""21005""","Fast Foods, biscuit, with egg and sausage",162.0,"1.0 item",3.912,241,11.8,,
"""21007""","Fast foods, biscuit, with egg, cheese, and bacon",145.0,"1.0 item",2.272,190,16.4,,
"""21008""","Fast foods, biscuit, with ham",162.0,"1.0 biscuit",1.309,282,--,,
"""21009""","Fast foods, biscuit, with sausage",111.0,"1.0 item",2.908,170,10.1,,
"""21520""","Fast foods, breadstick, soft, prepared with garlic and parmesan cheese",43.0,"1.0 breadstick",2.326,57,--,,
"""21519""","Fast foods, breakfast burrito, with egg, cheese, and sausage",109.0,"1.0 burrito",3.193,164,12.4,,
"""21060""","Fast foods, burrito, with beans",217.0,"2.0 pieces",0.953,653,33.4,,
"""21063""","Fast foods, burrito, with beans and beef",241.0,"1.0 item",1.128,648,--,,
"""21061""","Fast foods, burrito, with beans and cheese",185.0,"1.0 each burrito",3.465,483,--,,
"""21064""","Fast foods, burrito, with beans, cheese, and beef",241.0,"1.0 burrito",3.241,492,--,,
"""21094""","Fast foods, cheeseburger, double, regular patty and bun, with condiments",155.0,"1.0 sandwich",1.728,350,--,,
"""21399""","Fast Foods, cheeseburger; double, large patty; with condiments, vegetables and mayonnaise",355.0,"1.0 item",6.450,717,--,,
"""21400""","Fast foods, cheeseburger; double, regular patty; double decker bun with condiments and special sauce",219.0,"1.0 item",7.234,399,--,,
"""21395""","Fast foods, cheeseburger; double, regular patty; with condiments",155.0,"1.0 sandwich",1.728,350,--,,
"""21096""","Fast foods, cheeseburger; single, large patty; plain",182.0,"1.0 sandwich",2.370,382,--,,
"""21398""","Fast foods, cheeseburger; single, large patty; with condiments",199.0,"1.0 item",2.008,444,--,,
"""21397""","Fast foods, cheeseburger; single, large patty; with condiments, vegetables and mayonnaise",215.0,"1.0 sandwich",4.397,447,37.0,,
"""21090""","Fast foods, cheeseburger; single, regular patty, with condiments",127.0,"1.0 item",1.506,234,--,,
"""21091""","Fast foods, cheeseburger; single, regular patty, with condiments and vegetables",115.0,"1.0 sandwich",1.160,205,--,,
"""21089""","Fast foods, cheeseburger; single, regular patty; plain",91.0,"1.0 sandwich",1.330,178,--,,
"""21102""","Fast foods, chicken fillet sandwich, plain with pickles",187.0,"1.0 sandwich",5.440,458,41.7,,
"""21401""","Fast foods, chicken tenders",30.0,"1.0 strip",1.646,112,--,,
"""21229""","Fast foods, chicken, breaded and fried, boneless pieces, plain",96.0,"6.0 pieces",5.747,241,15.0,,
"""21127""","Fast foods, coleslaw",191.0,"1.0 cup",9.590,246,--,,
"""21230""","Fast Foods, crispy chicken filet sandwich, with lettuce and mayonnaise",152.0,"1.0 sandwich",7.679,272,--,,
"""21517""","Fast foods, crispy chicken in tortilla, with lettuce, cheese, and ranch sauce",133.0,"1.0 item",5.825,230,19.4,,
"""21462""","Fast foods, crispy chicken, bacon, and tomato club sandwich, with cheese, lettuce, and mayonnaise",271.0,"1.0 sandwich",7.816,694,--,,
"""21012""","Fast foods, croissant, with egg, cheese, and bacon",128.0,"1.0 item",2.116,205,--,,
"""21013""","Fast foods, croissant, with egg, cheese, and ham",155.0,"1.0 item",1.879,277,--,,
"""21014""","Fast foods, croissant, with egg, cheese, and sausage",171.0,"1.0 sandwich",6.493,270,--,,
"""21018""","Fast foods, egg, scrambled",96.0,"2.0 eggs",1.583,141,--,,
"""21020""","Fast foods, english muffin, with cheese and sausage",108.0,"1.0 item",2.662,193,20.6,,
"""21021""","Fast foods, english muffin, with egg, cheese, and canadian bacon",126.0,"1.0 sandwich",1.853,218,--,,
"""21022""","Fast foods, english muffin, with egg, cheese, and sausage",165.0,"1.0 item",3.518,243,16.5,,
"""21105""","Fast foods, fish sandwich, with tartar sauce",220.0,"1.0 sandwich",12.379,453,--,,
"""21106""","Fast foods, fish sandwich, with tartar sauce and cheese",134.0,"1.0 sandwich",6.951,295,131.6,,
"""21024""","Fast foods, french toast sticks",65.0,"3.0 pieces",1.574,72,13.0,,
"""21469""","Fast Foods, Fried Chicken, Breast, meat and skin and breading",203.0,"1.0 breast, with skin",3.364,572,12.8,,
"""21464""","Fast Foods, Fried Chicken, Breast, meat only, skin and breading removed",142.0,"1.0 breast without skin",0.812,435,13.2,,
"""21470""","Fast Foods, Fried Chicken, Drumstick, meat and skin with breading",75.0,"1.0 drumstick, with skin",3.039,190,--,,
"""21465""","Fast Foods, Fried Chicken, Drumstick, meat only, skin and breading removed",40.0,"1.0 drumstick, bone and skin removed",0.581,116,--,,
"""21471""","Fast Foods, Fried Chicken, Thigh, meat and skin and breading",136.0,"1.0 thigh with skin",3.358,326,9.8,,
"""21466""","Fast Foods, Fried Chicken, Thigh, meat only, skin and breading removed",84.0,"1.0 thigh without skin",1.100,208,10.7,,
"""21472""","Fast Foods, Fried Chicken, Wing, meat and skin and breading",58.0,"1.0 wing, with skin",1.614,152,3.9,,
"""21467""","Fast Foods, Fried Chicken, Wing, meat only, skin and breading removed",37.0,"1.0 wing without skin",0.556,110,5.1,,
"""21307""","Fast foods, griddle cake sandwich, egg, cheese, and bacon",174.0,"1.0 item 6.1 oz",1.966,275,--,,
"""21305""","Fast foods, griddle cake sandwich, egg, cheese, and sausage",199.0,"1.0 item",3.940,291,--,,
"""21306""","Fast foods, griddle cake sandwich, sausage",135.0,"1.0 item",3.105,196,--,,
"""21490""","Fast Foods, grilled chicken filet sandwich, with lettuce, tomato and spread",230.0,"1.0 sandwich",3.646,453,--,,
"""21518""","Fast foods, grilled chicken in tortilla, with lettuce, cheese, and ranch sauce",123.0,"1.0 item",3.644,236,15.7,,
"""21461""","Fast foods, grilled chicken, bacon and tomato club sandwich, with cheese, lettuce, and mayonnaise",268.0,"1.0 sandwich",4.350,606,--,,
"""21202""","Fast foods, hamburger, large, single patty, with condiments",171.0,"1.0 item",1.708,385,37.3,,
"""21389""","Fast foods, hamburger; double, large patty; with condiments, vegetables and mayonnaise",374.0,"1.0 item",9.956,718,--,,
"""21390""","Fast foods, hamburger; single, large patty; with condiments, vegetables and mayonnaise",247.0,"1.0 item",6.985,464,--,,
"""21393""","Fast foods, hamburger; single, regular patty; double decker bun with condiments and special sauce",205.0,"1.0 item",7.298,398,--,,
"""21107""","Fast foods, hamburger; single, regular patty; plain",78.0,"1.0 sandwich",1.172,154,--,,
"""21108""","Fast foods, hamburger; single, regular patty; with condiments",97.0,"1.0 sandwich",1.167,191,--,,
"""21129""","Fast foods, hush puppies",22.0,"1.0 piece",0.358,56,--,,
"""21388""","Fast foods, miniature cinnamon rolls",25.0,"1.0 each",0.572,33,3.1,,
"""21078""","Fast foods, nachos, with cheese",80.0,"1.0 serving",3.498,290,--,,
"""21080""","Fast foods, nachos, with cheese, beans, ground beef, and tomatoes",222.0,"1.0 serving",4.755,662,--,,
"""21130""","Fast foods, onion rings, breaded and fried",117.0,"1.0 package (18 onion rings)",13.463,195,19.4,,
"""21138""","Fast foods, potato, french fried in vegetable oil",71.0,"1.0 serving small",3.513,411,0.3,,
"""21139""","Fast foods, potato, mashed",242.0,"1.0 cup",2.814,692,--,,
"""21026""","Fast foods, potatoes, hash browns, round pieces or patty",5.5,"1.0 round piece",0.285,20,--,,
"""21488""","Fast foods, quesadilla, with chicken",180.0,"1.0 each quesadilla",6.401,329,--,,
"""21121""","Fast foods, roast beef sandwich, plain",149.0,"1.0 sandwich",2.312,334,31.7,,
"""21059""","Fast foods, shrimp, breaded and fried",39.0,"3.0 pieces shrimp",0.569,32,--,,
"""21521""","Fast foods, strawberry banana smoothie made with ice and low-fat yogurt",347.0,"12.0 fl oz",0.115,455,--,,
"""21162""","Fast foods, submarine sandwich, bacon, lettuce, and tomato on white bread",148.0,"6.0 inch sub",2.130,275,--,,
"""21124""","Fast foods, submarine sandwich, cold cut on white bread with lettuce and tomato",196.0,"6.0 inch sub",3.328,553,--,,
"""21156""","Fast foods, submarine sandwich, ham on white bread with lettuce and tomato",184.0,"6.0 inch sub",1.352,675,--,,
"""21158""","Fast foods, submarine sandwich, meatball marinara on white bread",209.0,"6.0 inch sub",2.086,575,--,,
"""21154""","Fast foods, submarine sandwich, oven roasted chicken on white bread with lettuce and tomato",198.0,"6.0 inch sub",1.665,392,--,,
"""21125""","Fast foods, submarine sandwich, roast beef on white bread with lettuce and tomato",190.0,"6.0 inch sub",1.172,357,--,,
"""21160""","Fast foods, submarine sandwich, steak and cheese on white bread with cheese, lettuce and tomato",201.0,"6.0 inch sub",1.473,368,--,,
"""21151""","Fast foods, submarine sandwich, sweet onion chicken teriyaki on white bread with lettuce, tomato and sweet onion sauce",228.0,"6.0 inch sub",1.651,650,--,,
"""21126""","Fast foods, submarine sandwich, tuna on white bread with lettuce and tomato",237.0,"6.0 inch sub",13.222,419,--,,
"""21155""","Fast foods, submarine sandwich, turkey breast on white bread with lettuce and tomato",184.0,"6.0 inch sub",1.691,466,--,,
"""21153""","Fast foods, submarine sandwich, turkey, roast beef and ham on white bread with lettuce and tomato",413.0,"12.0 inch sub",3.073,1094,--,,
"""21032""","Fast foods, sundae, caramel",155.0,"1.0 sundae",0.856,318,--,,
"""21033""","Fast foods, sundae, hot fudge",158.0,"1.0 sundae",0.703,395,--,,
"""21034""","Fast foods, sundae, strawberry",153.0,"1.0 sundae",0.909,271,--,,
"""21082""","Fast foods, taco with beef, cheese and lettuce, hard shell",69.0,"1.0 each taco",1.945,144,2.3,,
"""21486""","Fast foods, taco with beef, cheese and lettuce, soft",102.0,"1.0 each taco",1.392,164,--,,
"""21487""","Fast foods, taco with chicken, lettuce and cheese, soft",98.0,"1.0 each taco",1.358,213,--,,
"""21028""","Fast foods, vanilla, light, soft-serve ice cream, with cone",120.0,"1.0 item",0.323,232,--,,
"""21419""","KFC, biscuit",49.0,"1.0 biscuit",0.600,56,--,,
"""21420""","KFC, Coleslaw",112.0,"1.0 package",4.817,157,--,,
"""21421""","KFC, Crispy Chicken Strips",47.0,"1.0 strip",3.032,157,--,,
"""21438""","KFC, Fried Chicken, EXTRA CRISPY, Breast, meat and skin with breading",212.0,"1.0 breast, with skin",12.444,547,--,,
"""21430""","KFC, Fried Chicken, EXTRA CRISPY, Breast, meat only, skin and breading removed",140.0,"1.0 breast, without skin",2.033,433,--,,
"""21439""","KFC, Fried Chicken, EXTRA CRISPY, Drumstick, meat and skin with breading",81.0,"1.0 drumstick, with skin",4.781,192,--,,
"""21431""","KFC, Fried Chicken, EXTRA CRISPY, Drumstick, meat only, skin and breading removed",41.0,"1.0 drumstick, bone and skin removed",0.738,112,--,,
"""21440""","KFC, Fried Chicken, EXTRA CRISPY, Thigh, meat and skin with breading",152.0,"1.0 thigh, with skin",10.991,342,--,,
"""21432""","KFC, Fried Chicken, EXTRA CRISPY, Thigh, meat only, skin and breading removed",91.0,"1.0 thigh, without skin",1.836,247,--,,
"""21441""","KFC, Fried Chicken, EXTRA CRISPY, Wing, meat and skin with breading",68.0,"1.0 wing, with skin",5.452,152,--,,
"""21433""","KFC, Fried Chicken, EXTRA CRISPY, Wing, meat only, skin and breading removed",44.0,"1.0 wing, without skin",1.628,117,--,,
"""21434""","KFC, Fried Chicken, ORIGINAL RECIPE, Breast, meat and skin with breading",212.0,"1.0 breast, with skin",8.196,566,--,,
"""21425""","KFC, Fried Chicken, ORIGINAL RECIPE, Breast, meat only, skin and breading removed",152.0,"1.0 breast without skin",0.988,433,16.3,,
"""21435""","KFC, Fried Chicken, ORIGINAL RECIPE, Drumstick, meat and skin with breading",75.0,"1.0 drumstick, with skin",2.955,188,--,,
"""21426""","KFC, Fried Chicken, ORIGINAL RECIPE, Drumstick, meat only, skin and breading removed",40.0,"1.0 drumstick, bone and skin removed",0.688,109,--,,
"""21436""","KFC, Fried Chicken, ORIGINAL RECIPE, Thigh, meat and skin with breading",135.0,"1.0 thigh, with skin",3.656,320,9.4,,
"""21427""","KFC, Fried Chicken, ORIGINAL RECIPE, Thigh, meat only, skin and breading removed",86.0,"1.0 thigh without skin",1.128,198,10.9,,
"""21437""","KFC, Fried Chicken, ORIGINAL RECIPE, Wing, meat and skin with breading",60.0,"1.0 wing, with skin",1.789,160,3.8,,
"""21428""","KFC, Fried Chicken, ORIGINAL RECIPE, Wing, meat only, skin and breading removed",39.0,"1.0 wing wing without skin",0.647,112,4.8,,
"""21422""","KFC, Popcorn Chicken",6.4,"1.0 piece",0.603,18,--,,
"""21413""","Light Ice Cream, soft serve, blended with cookie pieces",337.0,"12.0 fl oz cup",1.142,667,--,,
"""21412""","Light Ice Cream, soft serve, blended with milk chocolate candies",348.0,"12.0 fl oz cup",0.884,724,0.3,,
"""21290""","LITTLE CAESARS 14"" Cheese Pizza, Large Deep Dish Crust",102.0,"1.0 slice",1.565,163,--,,
"""21292""","LITTLE CAESARS 14"" Cheese Pizza, Thin Crust",48.0,"1.0 slice",1.326,85,--,,
"""21287""","LITTLE CAESARS 14"" Original Round Cheese Pizza, Regular Crust",89.0,"1.0 slice",1.152,151,--,,
"""21289""","LITTLE CAESARS 14"" Original Round Meat and Vegetable Pizza, Regular Crust",115.0,"1.0 slice",1.754,224,--,,
"""21288""","LITTLE CAESARS 14"" Original Round Pepperoni Pizza, Regular Crust",90.0,"1.0 slice",1.278,160,--,,
"""21291""","LITTLE CAESARS 14"" Pepperoni Pizza, Large Deep Dish Crust",104.0,"1.0 slice",1.619,180,--,,
"""21341""","McDONALD'S, BIG BREAKFAST",269.0,"1.0 item 9.5 oz",7.841,557,--,,
"""21309""","McDONALD'S, Chicken McNUGGETS",64.0,"4.0 pieces",3.319,161,--,,
"""21344""","McDONALD'S, Double Cheeseburger",155.0,"1.0 sandwich",1.778,335,--,,
"""21357""","McDONALD'S, Egg McMUFFIN",126.0,"1.0 sandwich",1.853,218,--,,
"""21232""","McDONALD'S, FILET-O-FISH",134.0,"1.0 sandwich",6.951,295,--,,
"""21238""","McDONALD'S, french fries",71.0,"1.0 small serving",3.052,423,0.3,,
"""21228""","McDONALD'S, Hamburger",95.0,"1.0 sandwich",1.172,182,--,,
"""21319""","McDONALD'S, Hash Brown",53.0,"1.0 serving 1 patty",2.445,181,--,,
"""21335""","McDONALD'S, Hot Caramel Sundae",182.0,"1.0 item (6.4 oz)",0.379,339,--,,
"""21336""","McDONALD'S, Hot Fudge Sundae",179.0,"1.0 item (6.3 oz)",0.354,440,--,,
"""21321""","McDONALD'S, Hotcakes (plain)",149.0,"3.0 hotcakes 5.3 oz",3.959,258,--,,
"""21355""","McDONALD'S, McCHICKEN Sandwich",131.0,"1.0 sandwich",5.833,227,--,,
"""21338""","McDONALD'S, McFLURRY with M & M'S CANDIES",348.0,"1.0 regular (12 fl oz)",0.884,724,--,,
"""21339""","McDONALD'S, McFLURRY with OREO cookies",337.0,"1.0 regular (12 fl oz)",1.142,667,--,,
"""21523""","McDONALD'S, RANCH SNACK WRAP, Crispy",133.0,"1.0 wrap",5.825,230,19.4,,
"""21524""","McDONALD'S, RANCH SNACK WRAP, Grilled",123.0,"1.0 wrap",3.644,236,15.7,,
"""21361""","McDONALD'S, Sausage Biscuit",117.0,"1.0 item 4.1 oz",3.654,207,--,,
"""21362""","McDONALD'S, Sausage Biscuit with Egg",163.0,"1.0 item 5.7 oz",4.694,269,--,,
"""21340""","McDONALD'S, Sausage Burrito",109.0,"1.0 burrito",3.193,164,12.4,,
"""21522""","McDONALD'S, Southern Style Chicken Biscuit",132.0,"1.0 biscuit regular size biscuit",4.009,272,--,,
"""21334""","McDONALD'S, Strawberry Sundae",178.0,"1.0 item (6.3 oz)",0.304,308,--,,
"""21333""","McDONALD'S, Vanilla Reduced Fat Ice Cream Cone",90.0,"1.0 item (3.2 oz)",0.242,174,--,,
"""21283""","PAPA JOHN'S 14"" Cheese Pizza, Original Crust",117.0,"1.0 slice",1.860,161,--,,
"""21286""","PAPA JOHN'S 14"" Cheese Pizza, Thin Crust",87.0,"1.0 slice",1.305,139,--,,
"""21284""","PAPA JOHN'S 14"" Pepperoni Pizza, Original Crust",123.0,"1.0 slice",2.182,184,--,,
"""21285""","PAPA JOHN'S 14"" The Works Pizza, Original Crust",153.0,"1.0 slice",2.563,245,--,,
"""21271""","PIZZA HUT 12"" Cheese Pizza, Hand-Tossed Crust",96.0,"1.0 slice",1.563,166,--,,
"""21272""","PIZZA HUT 12"" Cheese Pizza, Pan Crust",100.0,"1.0 slice",2.433,168,--,,
"""21273""","PIZZA HUT 12"" Cheese Pizza, THIN 'N CRISPY Crust",69.0,"1.0 slice",1.032,132,--,,
"""21274""","PIZZA HUT 12"" Pepperoni Pizza, Hand-Tossed Crust",96.0,"1.0 slice",1.720,199,--,,
"""21275""","PIZZA HUT 12"" Pepperoni Pizza, Pan Crust",96.0,"1.0 slice",2.936,191,--,,
"""21276""","PIZZA HUT 12"" Super Supreme Pizza, Hand-Tossed Crust",127.0,"1.0 slice",1.939,296,--,,
"""21293""","PIZZA HUT 14"" Cheese Pizza, Hand-Tossed Crust",105.0,"1.0 slice",1.385,192,--,,
"""21294""","PIZZA HUT 14"" Cheese Pizza, Pan Crust",112.0,"1.0 slice",3.051,190,--,,
"""21512""","PIZZA HUT 14"" Cheese Pizza, Stuffed Crust",117.0,"1.0 slice",1.577,268,31.5,,
"""21295""","PIZZA HUT 14"" Cheese Pizza, THIN 'N CRISPY Crust",79.0,"1.0 slice",1.599,156,--,,
"""21296""","PIZZA HUT 14"" Pepperoni Pizza, Hand-Tossed Crust",110.0,"1.0 slice",1.923,228,--,,
"""21297""","PIZZA HUT 14"" Pepperoni Pizza, Pan Crust",113.0,"1.0 slice",3.363,211,--,,
"""21491""","PIZZA HUT 14"" Pepperoni Pizza, THIN 'N CRISPY Crust",80.0,"1.0 slice",2.186,178,--,,
"""21497""","PIZZA HUT 14"" Sausage Pizza, Hand-Tossed Crust",119.0,"1.0 slice",2.398,251,--,,
"""21498""","PIZZA HUT 14"" Sausage Pizza, Pan Crust",125.0,"1.0 slice",4.072,240,--,,
"""21496""","PIZZA HUT 14"" Sausage Pizza, THIN 'N CRISPY Crust",92.0,"1.0 slice",2.669,202,--,,
"""21298""","PIZZA HUT 14"" Super Supreme Pizza, Hand-Tossed Crust",123.0,"1.0 slice",1.999,256,--,,
"""21525""","PIZZA HUT, breadstick, parmesan garlic",43.0,"1.0 breadstick",2.326,57,--,,
"""21224""","Pizza, cheese topping, regular crust, frozen, cooked",81.0,"1.0 serving 9 servings per 24 oz package",1.361,123,--,,
"""21225""","Pizza, cheese topping, rising crust, frozen, cooked",139.0,"1.0 serving 6 servings per 29.25 oz package",1.605,243,--,,
"""21505""","Pizza, cheese topping, thin crust, frozen, cooked",69.0,"1.0 slice",1.067,139,--,,
"""21226""","Pizza, meat and vegetable topping, regular crust, frozen, cooked",143.0,"1.0 serving 5 servings per 24.2 oz package",3.276,299,36.0,,
"""21227""","Pizza, meat and vegetable topping, rising crust, frozen, cooked",170.0,"1.0 serving 6 servings per 34.98 oz package",2.837,321,--,,
"""22902""","Pizza, meat topping, thick crust, frozen, cooked",103.0,"1.0 slice 1/8 of 12"" pizza",2.261,207,--,,
"""22903""","Pizza, pepperoni topping, regular crust, frozen, cooked",127.0,"0.25 pizza 12"" diameter",3.152,304,18.0,,
"""21415""","POPEYES, biscuit",60.0,"1.0 biscuit",2.374,104,--,,
"""21416""","POPEYES, Coleslaw",120.0,"1.0 package",6.894,142,--,,
"""21456""","POPEYES, Fried Chicken, Mild, Breast, meat and skin with breading",194.0,"1.0 breast, with skin",3.158,549,--,,
"""21442""","POPEYES, Fried Chicken, Mild, Breast, meat only, skin and breading removed",132.0,"1.0 breast without skin",0.626,432,10.6,,
"""21457""","POPEYES, Fried Chicken, Mild, Drumstick, meat and skin with breading",76.0,"1.0 drumstick, with skin",1.497,198,--,,
"""21443""","POPEYES, Fried Chicken, Mild, Drumstick, meat only, skin and breading removed",44.0,"1.0 drumstick, bone and skin removed",0.369,141,--,,
"""21458""","POPEYES, Fried Chicken, Mild, Thigh, meat and skin with breading",138.0,"1.0 thigh with skin",2.835,335,--,,
"""21445""","POPEYES, Fried Chicken, Mild, Thigh, meat only, skin and breading removed",83.0,"1.0 thigh thigh without skin",1.083,244,--,,
"""21459""","POPEYES, Fried Chicken, Mild, Wing, meat and skin with breading",57.0,"1.0 wing, with skin",1.198,140,4.4,,
"""21446""","POPEYES, Fried Chicken, Mild, Wing, meat only, skin and breading removed",16.0,"1.0 wing without skin, bone and breading",0.187,50,2.9,,
"""21417""","POPEYES, Mild Chicken Strips, analyzed 2006",54.0,"1.0 strip",0.584,145,--,,
"""21418""","POPEYES, Spicy Chicken Strips, analyzed 2006",53.0,"1.0 strip",0.518,153,--,,
"""21611""","School Lunch, chicken nuggets, whole grain breaded",88.0,"5.0 pieces",3.401,203,--,,
"""21610""","School Lunch, chicken patty, whole grain breaded",86.0,"1.0 patty",5.520,239,--,,
"""21601""","School Lunch, pizza, cheese topping, thick crust, whole grain, frozen, cooked",124.0,"1.0 slice per 1/10 pizza",1.035,376,--,,
"""21600""","School Lunch, pizza, cheese topping, thin crust, whole grain, frozen, cooked",130.0,"1.0 piece 4""x6""",0.861,452,--,,
"""21603""","School Lunch, pizza, pepperoni topping, thick crust, whole grain, frozen, cooked",124.0,"1.0 slice per 1/10 pizza",0.869,382,--,,
"""21602""","School Lunch, pizza, pepperoni topping, thin crust, whole grain, frozen, cooked",127.0,"1.0 piece 4""x6""",2.482,485,--,,
"""21605""","School Lunch, pizza, sausage topping, thick crust, whole grain, frozen, cooked",129.0,"1.0 slice per 1/10 pizza",1.379,364,1.5,,
"""21604""","School Lunch, pizza, sausage topping, thin crust, whole grain, frozen, cooked",133.0,"1.0 piece 4"" x 6""",1.149,512,--,,
"""21161""","SUBWAY, B.L.T. sub on white bread with bacon, lettuce and tomato",148.0,"6.0 inch sub",2.130,275,--,,
"""21209""","SUBWAY, black forest ham sub on white bread with lettuce and tomato",184.0,"6.0 inch sub",1.352,675,--,,
"""21213""","SUBWAY, cold cut sub on white bread with lettuce and tomato",196.0,"6.0 inch sub",3.328,553,35.1,,
"""21157""","SUBWAY, meatball marinara sub on white bread (no toppings)",209.0,"6.0 inch sub",2.086,575,--,,
"""21211""","SUBWAY, oven roasted chicken sub on white bread with lettuce and tomato",198.0,"6.0 inch sub",1.665,392,--,,
"""21210""","SUBWAY, roast beef sub on white bread with lettuce and tomato",190.0,"6.0 inch sub",1.172,357,37.4,,
"""21159""","SUBWAY, steak  &  cheese sub on white bread with American cheese, lettuce and tomato",201.0,"6.0 inch sub",1.473,368,--,,
"""21152""","SUBWAY, SUBWAY CLUB sub on white bread with lettuce and tomato",207.0,"6.0 inch sub",1.540,549,--,,
"""21150""","SUBWAY, sweet onion chicken teriyaki sub on white bread with lettuce, tomato and sweet onion sauce",228.0,"6.0 inch sub",1.651,650,--,,
"""21214""","SUBWAY, tuna sub on white bread with lettuce and tomato",237.0,"6.0 inch sub",14.075,419,38.2,,
"""21207""","SUBWAY, turkey breast sub on white bread with lettuce and tomato",184.0,"6.0 inch sub",1.691,466,--,,
"""21264""","TACO BELL, Bean Burrito",185.0,"1.0 each burrito",3.465,483,--,,
"""21265""","TACO BELL, BURRITO SUPREME with beef",241.0,"1.0 burrito",3.241,492,--,,
"""21266""","TACO BELL, BURRITO SUPREME with chicken",248.0,"1.0 item",1.699,655,--,,
"""21267""","TACO BELL, BURRITO SUPREME with steak",248.0,"1.0 item",1.667,565,--,,
"""21268""","TACO BELL, Nachos",80.0,"1.0 serving",3.498,290,--,,
"""21269""","TACO BELL, Nachos Supreme",222.0,"1.0 serving",4.755,662,--,,
"""21260""","TACO BELL, Original Taco with beef, cheese and lettuce",69.0,"1.0 each taco",1.945,144,--,,
"""21261""","TACO BELL, Soft Taco with beef, cheese and lettuce",102.0,"1.0 each taco",1.392,164,--,,
"""21262""","TACO BELL, Soft Taco with chicken, cheese and lettuce",98.0,"1.0 each taco",1.358,213,--,,
"""21263""","TACO BELL, Soft Taco with steak",127.0,"1.0 item",3.931,232,--,,
"""21270""","TACO BELL, Taco Salad",533.0,"1.0 item",3.491,1221,--,,
"""21508""","WEND'YS, Crispy Chicken Sandwich",126.0,"1.0 sandwich",7.487,233,--,,
"""21246""","WENDY'S, Chicken Nuggets",68.0,"5.0 pieces",6.246,170,--,,
"""21243""","WENDY'S, CLASSIC DOUBLE, with cheese",310.0,"1.0 item",3.224,663,--,,
"""21239""","WENDY'S, CLASSIC SINGLE Hamburger, no cheese",218.0,"1.0 item",2.851,425,--,,
"""21240""","WENDY'S, CLASSIC SINGLE Hamburger, with cheese",236.0,"1.0 item",2.820,441,--,,
"""21510""","WENDY'S, DAVE'S Hot 'N Juicy 1/4 LB, single",215.0,"1.0 sandwich",4.397,447,37.0,,
"""21507""","WENDY'S, Double Stack, with cheese",146.0,"1.0 sandwich",1.575,377,--,,
"""21247""","WENDY'S, french fries",71.0,"1.0 kid's meal Serving",4.807,444,0.3,,
"""21248""","WENDY'S, Frosty Dairy Dessert",113.0,"1.0 junior 6 oz. cup",0.113,209,1.2,,
"""21244""","WENDY'S, Homestyle Chicken Fillet Sandwich",230.0,"1.0 item",6.500,524,--,,
"""21242""","WENDY'S, Jr. Hamburger, with cheese",129.0,"1.0 item",1.302,230,--,,
"""21241""","WENDY'S, Jr. Hamburger, without cheese",117.0,"1.0 item",1.147,205,--,,
"""21245""","WENDY'S, Ultimate Chicken Grill Sandwich",225.0,"1.0 item",3.600,497,--,,
"""21463""","Yogurt parfait, lowfat, with fruit and granola",149.0,"1.0 item",0.158,282,--,,
