Source: USDA National Nutrient Database for Standard Reference Legacy Software v.3.9.4 2018-05-17
"Nutrients: Threonine (g); 18:3 n-6 c,c,c (g); Maltose (g)"
"Food Groups: Fast Foods"
Food Subset:All Foods
Ordered by:Food Name
Measured by:Household
Report Run at: 06-02-2018T14:04
NDB_NO,Description,Weight(g),Measure,"Threonine"(g)Per Measure,"18:3 n-6 c,c,c"(g)Per Measure,"Maltose"(g)Per Measure,
"""21251""","BURGER KING, Cheeseburger",133.0,"1.0 item",0.665,--,0.97,,
"""21256""","BURGER KING, Chicken Strips",36.0,"1.0 strip",0.274,0.008,0.00,,
"""21385""","BURGER KING, CROISSAN'WICH with Egg and Cheese",110.0,"1.0 item",0.396,0.000,0.88,,
"""21384""","BURGER KING, CROISSAN'WICH with Sausage and Cheese",131.0,"1.0 item",0.629,0.000,1.03,,
"""21383""","BURGER KING, CROISSAN'WICH with Sausage, Egg and Cheese",171.0,"1.0 sandwich",0.778,0.015,1.08,,
"""21254""","BURGER KING, DOUBLE WHOPPER, no cheese",374.0,"1.0 item",1.533,--,2.13,,
"""21255""","BURGER KING, DOUBLE WHOPPER, with cheese",399.0,"1.0 item",1.596,0.000,2.19,,
"""21249""","BURGER KING, french fries",74.0,"1.0 small serving",0.081,0.012,0.00,,
"""21386""","BURGER KING, french toast sticks",21.0,"1.0 stick",0.037,0.000,0.17,,
"""21387""","BURGER KING, Hash Brown Rounds",5.6,"1.0 piece",0.007,0.002,0.00,,
"""21259""","BURGER KING, Original Chicken Sandwich",199.0,"1.0 sandwich",0.730,0.036,1.13,,
"""21258""","BURGER KING, Premium Fish Sandwich",220.0,"1.0 sandwich",0.783,0.051,1.91,,
"""21252""","BURGER KING, WHOPPER, no cheese",291.0,"1.0 item",1.088,0.000,1.95,,
"""21253""","BURGER KING, WHOPPER, with cheese",316.0,"1.0 item",1.390,0.000,2.18,,
"""21279""","DOMINO'S 14"" Cheese Pizza, Crunchy Thin Crust",70.0,"1.0 slice",0.294,0.003,0.40,,
"""21278""","DOMINO'S 14"" Cheese Pizza, Ultimate Deep Dish Crust",118.0,"1.0 slice",0.450,0.004,1.69,,
"""21282""","DOMINO'S 14"" EXTRAVAGANZZA FEAST Pizza, Classic Hand-Tossed Crust",151.0,"1.0 slice",0.482,0.000,1.46,,
"""21280""","DOMINO'S 14"" Pepperoni Pizza, Classic Hand-Tossed Crust",113.0,"1.0 slice",0.346,0.003,0.94,,
"""21281""","DOMINO'S 14"" Pepperoni Pizza, Ultimate Deep Dish Crust",123.0,"1.0 slice",0.442,0.004,1.60,,
"""21299""","Fast Food, Pizza Chain, 14"" pizza, cheese topping, regular crust",107.0,"1.0 slice",0.439,0.003,1.12,,
"""21511""","Fast Food, Pizza Chain, 14"" pizza, cheese topping, stuffed crust",117.0,"1.0 slice 1/8 pizza",0.459,0.005,1.29,,
"""21304""","Fast Food, Pizza Chain, 14"" pizza, meat and vegetable topping, regular crust",136.0,"1.0 slice",0.543,0.000,1.65,,
"""21003""","Fast foods, biscuit, with egg and bacon",150.0,"1.0 biscuit",0.679,--,--,,
"""21004""","Fast foods, biscuit, with egg and ham",182.0,"1.0 biscuit",0.830,--,--,,
"""21005""","Fast Foods, biscuit, with egg and sausage",162.0,"1.0 item",0.723,--,0.29,,
"""21007""","Fast foods, biscuit, with egg, cheese, and bacon",145.0,"1.0 item",0.725,--,0.29,,
"""21008""","Fast foods, biscuit, with ham",162.0,"1.0 biscuit",0.779,--,--,,
"""21009""","Fast foods, biscuit, with sausage",111.0,"1.0 item",0.392,--,0.21,,
"""21519""","Fast foods, breakfast burrito, with egg, cheese, and sausage",109.0,"1.0 burrito",0.445,0.015,0.43,,
"""21060""","Fast foods, burrito, with beans",217.0,"2.0 pieces",0.529,--,--,,
"""21064""","Fast foods, burrito, with beans, cheese, and beef",241.0,"1.0 burrito",0.453,0.017,1.21,,
"""21400""","Fast foods, cheeseburger; double, regular patty; double decker bun with condiments and special sauce",219.0,"1.0 item",0.854,--,0.55,,
"""21096""","Fast foods, cheeseburger; single, large patty; plain",182.0,"1.0 sandwich",1.065,0.009,0.91,,
"""21089""","Fast foods, cheeseburger; single, regular patty; plain",91.0,"1.0 sandwich",0.520,0.005,0.42,,
"""21401""","Fast foods, chicken tenders",30.0,"1.0 strip",0.241,0.004,0.00,,
"""21014""","Fast foods, croissant, with egg, cheese, and sausage",171.0,"1.0 sandwich",0.778,0.015,1.08,,
"""21018""","Fast foods, egg, scrambled",96.0,"2.0 eggs",0.631,--,--,,
"""21020""","Fast foods, english muffin, with cheese and sausage",108.0,"1.0 item",0.515,--,0.83,,
"""21022""","Fast foods, english muffin, with egg, cheese, and sausage",165.0,"1.0 item",0.863,--,0.87,,
"""21390""","Fast foods, hamburger; single, large patty; with condiments, vegetables and mayonnaise",247.0,"1.0 item",1.025,0.000,1.11,,
"""21393""","Fast foods, hamburger; single, regular patty; double decker bun with condiments and special sauce",205.0,"1.0 item",--,--,0.80,,
"""21107""","Fast foods, hamburger; single, regular patty; plain",78.0,"1.0 sandwich",0.359,0.003,0.44,,
"""21388""","Fast foods, miniature cinnamon rolls",25.0,"1.0 each",0.054,0.000,0.21,,
"""21078""","Fast foods, nachos, with cheese",80.0,"1.0 serving",0.125,0.026,0.00,,
"""21080""","Fast foods, nachos, with cheese, beans, ground beef, and tomatoes",222.0,"1.0 serving",0.480,0.027,0.00,,
"""21124""","Fast foods, submarine sandwich, cold cut on white bread with lettuce and tomato",196.0,"6.0 inch sub",0.649,0.006,0.92,,
"""21125""","Fast foods, submarine sandwich, roast beef on white bread with lettuce and tomato",190.0,"6.0 inch sub",0.798,0.002,1.01,,
"""21126""","Fast foods, submarine sandwich, tuna on white bread with lettuce and tomato",237.0,"6.0 inch sub",1.043,0.076,0.88,,
"""21032""","Fast foods, sundae, caramel",155.0,"1.0 sundae",0.313,--,--,,
"""21033""","Fast foods, sundae, hot fudge",158.0,"1.0 sundae",0.216,--,--,,
"""21034""","Fast foods, sundae, strawberry",153.0,"1.0 sundae",0.266,--,--,,
"""21419""","KFC, biscuit",49.0,"1.0 biscuit",0.125,0.003,0.24,,
"""21420""","KFC, Coleslaw",112.0,"1.0 package",0.028,0.022,0.00,,
"""21421""","KFC, Crispy Chicken Strips",47.0,"1.0 strip",0.431,0.003,0.00,,
"""21438""","KFC, Fried Chicken, EXTRA CRISPY, Breast, meat and skin with breading",212.0,"1.0 breast, with skin",1.486,0.030,--,,
"""21430""","KFC, Fried Chicken, EXTRA CRISPY, Breast, meat only, skin and breading removed",140.0,"1.0 breast, without skin",1.259,0.007,--,,
"""21439""","KFC, Fried Chicken, EXTRA CRISPY, Drumstick, meat and skin with breading",81.0,"1.0 drumstick, with skin",0.551,0.014,--,,
"""21431""","KFC, Fried Chicken, EXTRA CRISPY, Drumstick, meat only, skin and breading removed",41.0,"1.0 drumstick, bone and skin removed",0.350,0.004,--,,
"""21440""","KFC, Fried Chicken, EXTRA CRISPY, Thigh, meat and skin with breading",152.0,"1.0 thigh, with skin",0.862,0.033,--,,
"""21432""","KFC, Fried Chicken, EXTRA CRISPY, Thigh, meat only, skin and breading removed",91.0,"1.0 thigh, without skin",0.672,0.015,--,,
"""21441""","KFC, Fried Chicken, EXTRA CRISPY, Wing, meat and skin with breading",68.0,"1.0 wing, with skin",0.466,0.013,--,,
"""21433""","KFC, Fried Chicken, EXTRA CRISPY, Wing, meat only, skin and breading removed",44.0,"1.0 wing, without skin",0.416,0.005,--,,
"""21434""","KFC, Fried Chicken, ORIGINAL RECIPE, Breast, meat and skin with breading",212.0,"1.0 breast, with skin",1.514,--,0.00,,
"""21425""","KFC, Fried Chicken, ORIGINAL RECIPE, Breast, meat only, skin and breading removed",152.0,"1.0 breast without skin",1.348,0.008,--,,
"""21435""","KFC, Fried Chicken, ORIGINAL RECIPE, Drumstick, meat and skin with breading",75.0,"1.0 drumstick, with skin",0.545,0.013,--,,
"""21426""","KFC, Fried Chicken, ORIGINAL RECIPE, Drumstick, meat only, skin and breading removed",40.0,"1.0 drumstick, bone and skin removed",0.347,0.004,--,,
"""21436""","KFC, Fried Chicken, ORIGINAL RECIPE, Thigh, meat and skin with breading",135.0,"1.0 thigh, with skin",0.842,--,0.00,,
"""21427""","KFC, Fried Chicken, ORIGINAL RECIPE, Thigh, meat only, skin and breading removed",86.0,"1.0 thigh without skin",0.647,0.004,--,,
"""21437""","KFC, Fried Chicken, ORIGINAL RECIPE, Wing, meat and skin with breading",60.0,"1.0 wing, with skin",0.430,--,0.00,,
"""21428""","KFC, Fried Chicken, ORIGINAL RECIPE, Wing, meat only, skin and breading removed",39.0,"1.0 wing wing without skin",0.369,0.006,--,,
"""21422""","KFC, Popcorn Chicken",6.4,"1.0 piece",0.046,0.000,0.00,,
"""21290""","LITTLE CAESARS 14"" Cheese Pizza, Large Deep Dish Crust",102.0,"1.0 slice",0.444,0.000,1.45,,
"""21292""","LITTLE CAESARS 14"" Cheese Pizza, Thin Crust",48.0,"1.0 slice",0.267,0.000,0.32,,
"""21287""","LITTLE CAESARS 14"" Original Round Cheese Pizza, Regular Crust",89.0,"1.0 slice",0.350,0.000,1.49,,
"""21289""","LITTLE CAESARS 14"" Original Round Meat and Vegetable Pizza, Regular Crust",115.0,"1.0 slice",0.452,0.000,1.75,,
"""21288""","LITTLE CAESARS 14"" Original Round Pepperoni Pizza, Regular Crust",90.0,"1.0 slice",0.387,0.000,1.30,,
"""21291""","LITTLE CAESARS 14"" Pepperoni Pizza, Large Deep Dish Crust",104.0,"1.0 slice",0.384,0.000,1.40,,
"""21340""","McDONALD'S, Sausage Burrito",109.0,"1.0 burrito",0.445,0.015,0.43,,
"""21286""","PAPA JOHN'S 14"" Cheese Pizza, Thin Crust",87.0,"1.0 slice",0.416,--,0.79,,
"""21284""","PAPA JOHN'S 14"" Pepperoni Pizza, Original Crust",123.0,"1.0 slice",0.590,0.000,1.39,,
"""21285""","PAPA JOHN'S 14"" The Works Pizza, Original Crust",153.0,"1.0 slice",0.604,--,1.87,,
"""21271""","PIZZA HUT 12"" Cheese Pizza, Hand-Tossed Crust",96.0,"1.0 slice",0.395,0.000,1.67,,
"""21272""","PIZZA HUT 12"" Cheese Pizza, Pan Crust",100.0,"1.0 slice",0.379,0.000,1.83,,
"""21273""","PIZZA HUT 12"" Cheese Pizza, THIN 'N CRISPY Crust",69.0,"1.0 slice",0.346,0.002,0.71,,
"""21274""","PIZZA HUT 12"" Pepperoni Pizza, Hand-Tossed Crust",96.0,"1.0 slice",0.401,0.000,1.76,,
"""21275""","PIZZA HUT 12"" Pepperoni Pizza, Pan Crust",96.0,"1.0 slice",0.359,0.000,1.93,,
"""21276""","PIZZA HUT 12"" Super Supreme Pizza, Hand-Tossed Crust",127.0,"1.0 slice",0.488,0.000,2.20,,
"""21512""","PIZZA HUT 14"" Cheese Pizza, Stuffed Crust",117.0,"1.0 slice",0.459,0.005,1.29,,
"""21298""","PIZZA HUT 14"" Super Supreme Pizza, Hand-Tossed Crust",123.0,"1.0 slice",0.620,--,1.38,,
"""21224""","Pizza, cheese topping, regular crust, frozen, cooked",81.0,"1.0 serving 9 servings per 24 oz package",0.307,--,0.60,,
"""21225""","Pizza, cheese topping, rising crust, frozen, cooked",139.0,"1.0 serving 6 servings per 29.25 oz package",0.627,--,3.38,,
"""21415""","POPEYES, biscuit",60.0,"1.0 biscuit",0.107,0.009,0.33,,
"""21416""","POPEYES, Coleslaw",120.0,"1.0 package",0.036,0.032,0.00,,
"""21456""","POPEYES, Fried Chicken, Mild, Breast, meat and skin with breading",194.0,"1.0 breast, with skin",1.387,--,0.00,,
"""21442""","POPEYES, Fried Chicken, Mild, Breast, meat only, skin and breading removed",132.0,"1.0 breast without skin",1.262,0.001,--,,
"""21457""","POPEYES, Fried Chicken, Mild, Drumstick, meat and skin with breading",76.0,"1.0 drumstick, with skin",0.512,0.014,--,,
"""21443""","POPEYES, Fried Chicken, Mild, Drumstick, meat only, skin and breading removed",44.0,"1.0 drumstick, bone and skin removed",0.385,0.004,--,,
"""21458""","POPEYES, Fried Chicken, Mild, Thigh, meat and skin with breading",138.0,"1.0 thigh with skin",0.864,--,0.00,,
"""21445""","POPEYES, Fried Chicken, Mild, Thigh, meat only, skin and breading removed",83.0,"1.0 thigh thigh without skin",0.657,0.001,--,,
"""21459""","POPEYES, Fried Chicken, Mild, Wing, meat and skin with breading",57.0,"1.0 wing, with skin",0.384,--,0.00,,
"""21446""","POPEYES, Fried Chicken, Mild, Wing, meat only, skin and breading removed",16.0,"1.0 wing without skin, bone and breading",0.153,0.000,--,,
"""21417""","POPEYES, Mild Chicken Strips, analyzed 2006",54.0,"1.0 strip",0.416,0.004,0.00,,
"""21418""","POPEYES, Spicy Chicken Strips, analyzed 2006",53.0,"1.0 strip",0.413,0.004,0.00,,
"""21213""","SUBWAY, cold cut sub on white bread with lettuce and tomato",196.0,"6.0 inch sub",0.649,0.006,0.92,,
"""21210""","SUBWAY, roast beef sub on white bread with lettuce and tomato",190.0,"6.0 inch sub",0.798,0.002,1.01,,
"""21214""","SUBWAY, tuna sub on white bread with lettuce and tomato",237.0,"6.0 inch sub",1.043,0.081,0.88,,
"""21264""","TACO BELL, Bean Burrito",185.0,"1.0 each burrito",0.551,0.002,0.80,,
"""21265""","TACO BELL, BURRITO SUPREME with beef",241.0,"1.0 burrito",0.453,0.017,1.21,,
"""21266""","TACO BELL, BURRITO SUPREME with chicken",248.0,"1.0 item",0.925,--,0.37,,
"""21267""","TACO BELL, BURRITO SUPREME with steak",248.0,"1.0 item",0.925,--,0.42,,
"""21268""","TACO BELL, Nachos",80.0,"1.0 serving",0.125,0.026,0.00,,
"""21269""","TACO BELL, Nachos Supreme",222.0,"1.0 serving",0.480,0.027,0.00,,
"""21261""","TACO BELL, Soft Taco with beef, cheese and lettuce",102.0,"1.0 each taco",0.376,0.002,0.38,,
"""21262""","TACO BELL, Soft Taco with chicken, cheese and lettuce",98.0,"1.0 each taco",0.557,0.004,0.39,,
"""21263""","TACO BELL, Soft Taco with steak",127.0,"1.0 item",0.638,--,0.22,,
"""21270""","TACO BELL, Taco Salad",533.0,"1.0 item",1.418,--,0.80,,
"""21243""","WENDY'S, CLASSIC DOUBLE, with cheese",310.0,"1.0 item",1.767,--,0.47,,
"""21239""","WENDY'S, CLASSIC SINGLE Hamburger, no cheese",218.0,"1.0 item",1.001,--,0.48,,
"""21240""","WENDY'S, CLASSIC SINGLE Hamburger, with cheese",236.0,"1.0 item",1.062,--,0.68,,
"""21510""","WENDY'S, DAVE'S Hot 'N Juicy 1/4 LB, single",215.0,"1.0 sandwich",1.120,0.026,0.86,,
"""21248""","WENDY'S, Frosty Dairy Dessert",113.0,"1.0 junior 6 oz. cup",0.169,--,1.03,,
"""21244""","WENDY'S, Homestyle Chicken Fillet Sandwich",230.0,"1.0 item",1.150,--,0.34,,
"""21242""","WENDY'S, Jr. Hamburger, with cheese",129.0,"1.0 item",0.568,--,0.19,,
"""21241""","WENDY'S, Jr. Hamburger, without cheese",117.0,"1.0 item",0.480,--,0.60,,
"""21245""","WENDY'S, Ultimate Chicken Grill Sandwich",225.0,"1.0 item",1.282,--,0.34,,
