Source: USDA National Nutrient Database for Standard Reference Legacy Software v.3.9.4 2018-05-17
"Nutrients: 18:2 t not further defined (g); 18:2 i (g); Sucrose (g)"
"Food Groups: Fast Foods"
Food Subset:All Foods
Ordered by:Food Name
Measured by:Household
Report Run at: 06-02-2018T14:04
NDB_NO,Description,Weight(g),Measure,"18:2 t not further defined"(g)Per Measure,"18:2 i"(g)Per Measure,"Sucrose"(g)Per Measure,
"""21527""","ARBY'S, roast beef sandwich, classic",149.0,"1.0 sandwich",0.064,--,0.00,,
"""21256""","BURGER KING, Chicken Strips",36.0,"1.0 strip",0.016,--,0.00,,
"""21383""","BURGER KING, CROISSAN'WICH with Sausage, Egg and Cheese",171.0,"1.0 sandwich",0.067,--,0.00,,
"""21506""","BURGER KING, Double Cheeseburger",162.0,"1.0 sandwich",0.168,--,0.00,,
"""21249""","BURGER KING, french fries",74.0,"1.0 small serving",0.024,--,0.00,,
"""21250""","BURGER KING, Hamburger",99.0,"1.0 sandwich",0.064,--,0.00,,
"""21387""","BURGER KING, Hash Brown Rounds",5.6,"1.0 piece",0.003,--,0.00,,
"""21509""","BURGER KING, Onion Rings",91.0,"1.0 small",0.121,--,3.24,,
"""21259""","BURGER KING, Original Chicken Sandwich",199.0,"1.0 sandwich",0.117,--,0.14,,
"""21258""","BURGER KING, Premium Fish Sandwich",220.0,"1.0 sandwich",0.117,--,0.00,,
"""21141""","BURGER KING, Vanilla Shake",24.8,"1.0 fl oz",0.015,--,1.81,,
"""21143""","CHICK-FIL-A, Chick-n-Strips",50.0,"1.0 strip",0.011,--,0.62,,
"""21526""","CHICK-FIL-A, chicken sandwich",187.0,"1.0 sandwich",0.036,--,2.15,,
"""21144""","CHICK-FIL-A, hash browns",5.5,"1.0 piece",0.001,--,0.00,,
"""21473""","DIGIORNO Pizza, cheese topping, cheese stuffed crust, frozen, baked",164.0,"1.0 slice 1/4 of pie",0.098,--,0.00,,
"""21474""","DIGIORNO Pizza, cheese topping, rising crust, frozen, baked",183.0,"1.0 slice 1/4 of pie",0.073,--,0.00,,
"""21475""","DIGIORNO Pizza, cheese topping, thin crispy crust, frozen, baked",161.0,"1.0 slice 1/4 of pie",0.092,--,0.00,,
"""21476""","DIGIORNO Pizza, pepperoni topping, cheese stuffed crust, frozen, baked",179.0,"1.0 slice 1/4 of pie",0.090,--,0.00,,
"""21477""","DIGIORNO Pizza, pepperoni topping, rising crust, frozen, baked",207.0,"1.0 slice 1/4 of pie",0.070,--,0.00,,
"""21478""","DIGIORNO Pizza, pepperoni topping, thin crispy crust, frozen, baked",145.0,"1.0 slice 1/4 of pie",0.072,--,0.00,,
"""21479""","DIGIORNO Pizza, supreme topping, rising crust, frozen, baked",227.0,"1.0 slice 1/4 of pie",0.068,--,0.00,,
"""21480""","DIGIORNO Pizza, supreme topping, thin crispy crust, frozen, baked",155.0,"1.0 slice 1/4 of pie",0.074,--,0.00,,
"""21277""","DOMINO'S 14"" Cheese Pizza, Classic Hand-Tossed Crust",108.0,"1.0 slice",0.057,--,0.43,,
"""21279""","DOMINO'S 14"" Cheese Pizza, Crunchy Thin Crust",70.0,"1.0 slice",0.062,--,0.54,,
"""21278""","DOMINO'S 14"" Cheese Pizza, Ultimate Deep Dish Crust",118.0,"1.0 slice",0.073,--,0.47,,
"""21280""","DOMINO'S 14"" Pepperoni Pizza, Classic Hand-Tossed Crust",113.0,"1.0 slice",0.061,--,0.42,,
"""21492""","DOMINO'S 14"" Pepperoni Pizza, Crunchy Thin Crust",79.0,"1.0 slice",0.066,--,0.50,,
"""21281""","DOMINO'S 14"" Pepperoni Pizza, Ultimate Deep Dish Crust",123.0,"1.0 slice",0.081,--,0.41,,
"""21494""","DOMINO'S 14"" Sausage Pizza, Classic Hand-Tossed Crust",114.0,"1.0 slice",0.063,--,0.46,,
"""21493""","DOMINO'S 14"" Sausage Pizza, Crunchy Thin Crust",78.0,"1.0 slice",0.062,--,0.44,,
"""21495""","DOMINO'S 14"" Sausage Pizza, Ultimate Deep Dish Crust",129.0,"1.0 slice",0.081,--,0.39,,
"""21142""","Fast food, biscuit",55.0,"1.0 biscuit",0.019,--,0.85,,
"""21299""","Fast Food, Pizza Chain, 14"" pizza, cheese topping, regular crust",107.0,"1.0 slice",0.061,--,0.21,,
"""21511""","Fast Food, Pizza Chain, 14"" pizza, cheese topping, stuffed crust",117.0,"1.0 slice 1/8 pizza",0.084,--,0.00,,
"""21300""","Fast Food, Pizza Chain, 14"" pizza, cheese topping, thick crust",115.0,"1.0 slice",0.069,--,0.23,,
"""21301""","Fast Food, Pizza Chain, 14"" pizza, cheese topping, thin crust",76.0,"1.0 slice",0.065,--,0.29,,
"""21302""","Fast Food, Pizza Chain, 14"" pizza, pepperoni topping, regular crust",111.0,"1.0 slice",0.060,--,0.20,,
"""21303""","Fast Food, Pizza Chain, 14"" pizza, pepperoni topping, thick crust",118.0,"1.0 slice",0.070,--,0.20,,
"""21485""","Fast Food, Pizza Chain, 14"" pizza, pepperoni topping, thin crust",79.0,"1.0 slice",0.060,--,0.25,,
"""21484""","Fast Food, Pizza Chain, 14"" pizza, sausage topping, regular crust",116.0,"1.0 slice",0.063,--,0.23,,
"""21482""","Fast Food, Pizza Chain, 14"" pizza, sausage topping, thick crust",127.0,"1.0 slice",0.075,--,0.19,,
"""21483""","Fast Food, Pizza Chain, 14"" pizza, sausage topping, thin crust",88.0,"1.0 slice",0.066,--,0.26,,
"""21010""","Fast foods, biscuit, with crispy chicken fillet",132.0,"1.0 item",0.038,--,2.43,,
"""21520""","Fast foods, breadstick, soft, prepared with garlic and parmesan cheese",43.0,"1.0 breadstick",0.013,--,0.00,,
"""21519""","Fast foods, breakfast burrito, with egg, cheese, and sausage",109.0,"1.0 burrito",0.049,--,0.89,,
"""21061""","Fast foods, burrito, with beans and cheese",185.0,"1.0 each burrito",0.065,--,0.74,,
"""21064""","Fast foods, burrito, with beans, cheese, and beef",241.0,"1.0 burrito",0.060,--,0.41,,
"""21094""","Fast foods, cheeseburger, double, regular patty and bun, with condiments",155.0,"1.0 sandwich",0.157,--,0.00,,
"""21395""","Fast foods, cheeseburger; double, regular patty; with condiments",155.0,"1.0 sandwich",0.157,--,0.00,,
"""21096""","Fast foods, cheeseburger; single, large patty; plain",182.0,"1.0 sandwich",0.160,--,0.00,,
"""21397""","Fast foods, cheeseburger; single, large patty; with condiments, vegetables and mayonnaise",215.0,"1.0 sandwich",0.166,--,0.00,,
"""21089""","Fast foods, cheeseburger; single, regular patty; plain",91.0,"1.0 sandwich",0.069,--,0.00,,
"""21102""","Fast foods, chicken fillet sandwich, plain with pickles",187.0,"1.0 sandwich",0.036,--,2.15,,
"""21401""","Fast foods, chicken tenders",30.0,"1.0 strip",0.011,--,0.12,,
"""21229""","Fast foods, chicken, breaded and fried, boneless pieces, plain",96.0,"6.0 pieces",0.069,--,0.07,,
"""21127""","Fast foods, coleslaw",191.0,"1.0 cup",0.055,--,17.11,,
"""21230""","Fast Foods, crispy chicken filet sandwich, with lettuce and mayonnaise",152.0,"1.0 sandwich",0.074,--,0.18,,
"""21517""","Fast foods, crispy chicken in tortilla, with lettuce, cheese, and ranch sauce",133.0,"1.0 item",0.053,--,1.96,,
"""21014""","Fast foods, croissant, with egg, cheese, and sausage",171.0,"1.0 sandwich",0.067,--,0.00,,
"""21021""","Fast foods, english muffin, with egg, cheese, and canadian bacon",126.0,"1.0 sandwich",0.042,--,0.50,,
"""21105""","Fast foods, fish sandwich, with tartar sauce",220.0,"1.0 sandwich",0.117,--,0.00,,
"""21106""","Fast foods, fish sandwich, with tartar sauce and cheese",134.0,"1.0 sandwich",0.082,--,0.13,,
"""21464""","Fast Foods, Fried Chicken, Breast, meat only, skin and breading removed",142.0,"1.0 breast without skin",0.009,--,--,,
"""21465""","Fast Foods, Fried Chicken, Drumstick, meat only, skin and breading removed",40.0,"1.0 drumstick, bone and skin removed",0.007,--,--,,
"""21466""","Fast Foods, Fried Chicken, Thigh, meat only, skin and breading removed",84.0,"1.0 thigh without skin",0.010,--,--,,
"""21467""","Fast Foods, Fried Chicken, Wing, meat only, skin and breading removed",37.0,"1.0 wing without skin",0.006,--,--,,
"""21518""","Fast foods, grilled chicken in tortilla, with lettuce, cheese, and ranch sauce",123.0,"1.0 item",0.043,--,0.48,,
"""21107""","Fast foods, hamburger; single, regular patty; plain",78.0,"1.0 sandwich",0.047,--,0.00,,
"""21108""","Fast foods, hamburger; single, regular patty; with condiments",97.0,"1.0 sandwich",0.055,--,0.00,,
"""21078""","Fast foods, nachos, with cheese",80.0,"1.0 serving",0.019,--,0.42,,
"""21080""","Fast foods, nachos, with cheese, beans, ground beef, and tomatoes",222.0,"1.0 serving",0.060,--,0.60,,
"""21130""","Fast foods, onion rings, breaded and fried",117.0,"1.0 package (18 onion rings)",0.156,--,4.17,,
"""21138""","Fast foods, potato, french fried in vegetable oil",71.0,"1.0 serving small",0.023,--,--,,
"""21139""","Fast foods, potato, mashed",242.0,"1.0 cup",0.036,--,0.24,,
"""21026""","Fast foods, potatoes, hash browns, round pieces or patty",5.5,"1.0 round piece",0.002,--,0.00,,
"""21488""","Fast foods, quesadilla, with chicken",180.0,"1.0 each quesadilla",0.146,--,0.00,,
"""21121""","Fast foods, roast beef sandwich, plain",149.0,"1.0 sandwich",0.064,--,0.00,,
"""21162""","Fast foods, submarine sandwich, bacon, lettuce, and tomato on white bread",148.0,"6.0 inch sub",0.015,--,0.00,,
"""21124""","Fast foods, submarine sandwich, cold cut on white bread with lettuce and tomato",196.0,"6.0 inch sub",0.035,--,0.00,,
"""21156""","Fast foods, submarine sandwich, ham on white bread with lettuce and tomato",184.0,"6.0 inch sub",0.013,--,0.00,,
"""21158""","Fast foods, submarine sandwich, meatball marinara on white bread",209.0,"6.0 inch sub",0.077,--,0.00,,
"""21154""","Fast foods, submarine sandwich, oven roasted chicken on white bread with lettuce and tomato",198.0,"6.0 inch sub",0.014,--,0.00,,
"""21125""","Fast foods, submarine sandwich, roast beef on white bread with lettuce and tomato",190.0,"6.0 inch sub",0.015,--,0.00,,
"""21160""","Fast foods, submarine sandwich, steak and cheese on white bread with cheese, lettuce and tomato",201.0,"6.0 inch sub",0.044,--,0.00,,
"""21151""","Fast foods, submarine sandwich, sweet onion chicken teriyaki on white bread with lettuce, tomato and sweet onion sauce",228.0,"6.0 inch sub",0.014,--,1.80,,
"""21126""","Fast foods, submarine sandwich, tuna on white bread with lettuce and tomato",237.0,"6.0 inch sub",0.071,--,0.00,,
"""21155""","Fast foods, submarine sandwich, turkey breast on white bread with lettuce and tomato",184.0,"6.0 inch sub",0.018,--,0.00,,
"""21153""","Fast foods, submarine sandwich, turkey, roast beef and ham on white bread with lettuce and tomato",413.0,"12.0 inch sub",0.029,--,0.00,,
"""21082""","Fast foods, taco with beef, cheese and lettuce, hard shell",69.0,"1.0 each taco",0.040,--,0.28,,
"""21486""","Fast foods, taco with beef, cheese and lettuce, soft",102.0,"1.0 each taco",0.050,--,0.13,,
"""21487""","Fast foods, taco with chicken, lettuce and cheese, soft",98.0,"1.0 each taco",0.026,--,0.00,,
"""21419""","KFC, biscuit",49.0,"1.0 biscuit",0.018,--,0.92,,
"""21420""","KFC, Coleslaw",112.0,"1.0 package",0.027,--,11.40,,
"""21421""","KFC, Crispy Chicken Strips",47.0,"1.0 strip",0.035,--,0.00,,
"""21438""","KFC, Fried Chicken, EXTRA CRISPY, Breast, meat and skin with breading",212.0,"1.0 breast, with skin",0.131,--,--,,
"""21430""","KFC, Fried Chicken, EXTRA CRISPY, Breast, meat only, skin and breading removed",140.0,"1.0 breast, without skin",0.025,--,--,,
"""21439""","KFC, Fried Chicken, EXTRA CRISPY, Drumstick, meat and skin with breading",81.0,"1.0 drumstick, with skin",0.049,--,--,,
"""21431""","KFC, Fried Chicken, EXTRA CRISPY, Drumstick, meat only, skin and breading removed",41.0,"1.0 drumstick, bone and skin removed",0.008,--,--,,
"""21440""","KFC, Fried Chicken, EXTRA CRISPY, Thigh, meat and skin with breading",152.0,"1.0 thigh, with skin",0.111,--,--,,
"""21432""","KFC, Fried Chicken, EXTRA CRISPY, Thigh, meat only, skin and breading removed",91.0,"1.0 thigh, without skin",0.017,--,--,,
"""21441""","KFC, Fried Chicken, EXTRA CRISPY, Wing, meat and skin with breading",68.0,"1.0 wing, with skin",0.056,--,--,,
"""21433""","KFC, Fried Chicken, EXTRA CRISPY, Wing, meat only, skin and breading removed",44.0,"1.0 wing, without skin",0.018,--,--,,
"""21425""","KFC, Fried Chicken, ORIGINAL RECIPE, Breast, meat only, skin and breading removed",152.0,"1.0 breast without skin",0.008,--,--,,
"""21435""","KFC, Fried Chicken, ORIGINAL RECIPE, Drumstick, meat and skin with breading",75.0,"1.0 drumstick, with skin",0.029,--,--,,
"""21426""","KFC, Fried Chicken, ORIGINAL RECIPE, Drumstick, meat only, skin and breading removed",40.0,"1.0 drumstick, bone and skin removed",0.007,--,--,,
"""21427""","KFC, Fried Chicken, ORIGINAL RECIPE, Thigh, meat only, skin and breading removed",86.0,"1.0 thigh without skin",0.010,--,--,,
"""21428""","KFC, Fried Chicken, ORIGINAL RECIPE, Wing, meat only, skin and breading removed",39.0,"1.0 wing wing without skin",0.005,--,--,,
"""21422""","KFC, Popcorn Chicken",6.4,"1.0 piece",0.007,--,0.00,,
"""21309""","McDONALD'S, Chicken McNUGGETS",64.0,"4.0 pieces",0.039,--,0.05,,
"""21344""","McDONALD'S, Double Cheeseburger",155.0,"1.0 sandwich",0.157,--,0.00,,
"""21357""","McDONALD'S, Egg McMUFFIN",126.0,"1.0 sandwich",0.042,--,0.50,,
"""21232""","McDONALD'S, FILET-O-FISH",134.0,"1.0 sandwich",0.082,--,0.13,,
"""21238""","McDONALD'S, french fries",71.0,"1.0 small serving",0.021,--,0.15,,
"""21228""","McDONALD'S, Hamburger",95.0,"1.0 sandwich",0.052,--,0.00,,
"""21319""","McDONALD'S, Hash Brown",53.0,"1.0 serving 1 patty",0.014,--,0.00,,
"""21355""","McDONALD'S, McCHICKEN Sandwich",131.0,"1.0 sandwich",0.059,--,0.22,,
"""21523""","McDONALD'S, RANCH SNACK WRAP, Crispy",133.0,"1.0 wrap",0.053,--,1.96,,
"""21524""","McDONALD'S, RANCH SNACK WRAP, Grilled",123.0,"1.0 wrap",0.043,--,0.48,,
"""21340""","McDONALD'S, Sausage Burrito",109.0,"1.0 burrito",0.049,--,0.89,,
"""21522""","McDONALD'S, Southern Style Chicken Biscuit",132.0,"1.0 biscuit regular size biscuit",0.038,--,2.43,,
"""21293""","PIZZA HUT 14"" Cheese Pizza, Hand-Tossed Crust",105.0,"1.0 slice",0.064,--,0.00,,
"""21294""","PIZZA HUT 14"" Cheese Pizza, Pan Crust",112.0,"1.0 slice",0.065,--,0.00,,
"""21512""","PIZZA HUT 14"" Cheese Pizza, Stuffed Crust",117.0,"1.0 slice",0.084,--,0.00,,
"""21295""","PIZZA HUT 14"" Cheese Pizza, THIN 'N CRISPY Crust",79.0,"1.0 slice",0.065,--,0.00,,
"""21296""","PIZZA HUT 14"" Pepperoni Pizza, Hand-Tossed Crust",110.0,"1.0 slice",0.060,--,0.00,,
"""21297""","PIZZA HUT 14"" Pepperoni Pizza, Pan Crust",113.0,"1.0 slice",0.059,--,0.00,,
"""21491""","PIZZA HUT 14"" Pepperoni Pizza, THIN 'N CRISPY Crust",80.0,"1.0 slice",0.055,--,0.00,,
"""21497""","PIZZA HUT 14"" Sausage Pizza, Hand-Tossed Crust",119.0,"1.0 slice",0.063,--,0.00,,
"""21498""","PIZZA HUT 14"" Sausage Pizza, Pan Crust",125.0,"1.0 slice",0.069,--,0.00,,
"""21496""","PIZZA HUT 14"" Sausage Pizza, THIN 'N CRISPY Crust",92.0,"1.0 slice",0.064,--,0.03,,
"""21525""","PIZZA HUT, breadstick, parmesan garlic",43.0,"1.0 breadstick",0.013,--,0.00,,
"""21505""","Pizza, cheese topping, thin crust, frozen, cooked",69.0,"1.0 slice",0.047,--,0.07,,
"""22902""","Pizza, meat topping, thick crust, frozen, cooked",103.0,"1.0 slice 1/8 of 12"" pizza",0.047,--,--,,
"""22903""","Pizza, pepperoni topping, regular crust, frozen, cooked",127.0,"0.25 pizza 12"" diameter",0.058,--,0.00,,
"""21415""","POPEYES, biscuit",60.0,"1.0 biscuit",0.018,--,0.44,,
"""21416""","POPEYES, Coleslaw",120.0,"1.0 package",0.042,--,9.29,,
"""21442""","POPEYES, Fried Chicken, Mild, Breast, meat only, skin and breading removed",132.0,"1.0 breast without skin",0.011,--,--,,
"""21457""","POPEYES, Fried Chicken, Mild, Drumstick, meat and skin with breading",76.0,"1.0 drumstick, with skin",0.040,--,--,,
"""21443""","POPEYES, Fried Chicken, Mild, Drumstick, meat only, skin and breading removed",44.0,"1.0 drumstick, bone and skin removed",0.008,--,--,,
"""21445""","POPEYES, Fried Chicken, Mild, Thigh, meat only, skin and breading removed",83.0,"1.0 thigh thigh without skin",0.011,--,--,,
"""21446""","POPEYES, Fried Chicken, Mild, Wing, meat only, skin and breading removed",16.0,"1.0 wing without skin, bone and breading",0.004,--,--,,
"""21417""","POPEYES, Mild Chicken Strips, analyzed 2006",54.0,"1.0 strip",0.044,--,0.00,,
"""21418""","POPEYES, Spicy Chicken Strips, analyzed 2006",53.0,"1.0 strip",0.035,--,0.00,,
"""21161""","SUBWAY, B.L.T. sub on white bread with bacon, lettuce and tomato",148.0,"6.0 inch sub",0.015,--,0.00,,
"""21209""","SUBWAY, black forest ham sub on white bread with lettuce and tomato",184.0,"6.0 inch sub",0.013,--,0.00,,
"""21213""","SUBWAY, cold cut sub on white bread with lettuce and tomato",196.0,"6.0 inch sub",0.035,--,0.00,,
"""21157""","SUBWAY, meatball marinara sub on white bread (no toppings)",209.0,"6.0 inch sub",0.077,--,0.00,,
"""21211""","SUBWAY, oven roasted chicken sub on white bread with lettuce and tomato",198.0,"6.0 inch sub",0.014,--,0.00,,
"""21210""","SUBWAY, roast beef sub on white bread with lettuce and tomato",190.0,"6.0 inch sub",0.015,--,0.00,,
"""21159""","SUBWAY, steak  &  cheese sub on white bread with American cheese, lettuce and tomato",201.0,"6.0 inch sub",0.044,--,0.00,,
"""21152""","SUBWAY, SUBWAY CLUB sub on white bread with lettuce and tomato",207.0,"6.0 inch sub",0.014,--,0.00,,
"""21150""","SUBWAY, sweet onion chicken teriyaki sub on white bread with lettuce, tomato and sweet onion sauce",228.0,"6.0 inch sub",0.014,--,1.80,,
"""21214""","SUBWAY, tuna sub on white bread with lettuce and tomato",237.0,"6.0 inch sub",0.076,--,0.00,,
"""21207""","SUBWAY, turkey breast sub on white bread with lettuce and tomato",184.0,"6.0 inch sub",0.018,--,0.00,,
"""21264""","TACO BELL, Bean Burrito",185.0,"1.0 each burrito",0.065,--,0.74,,
"""21265""","TACO BELL, BURRITO SUPREME with beef",241.0,"1.0 burrito",0.060,--,0.41,,
"""21268""","TACO BELL, Nachos",80.0,"1.0 serving",0.019,--,0.42,,
"""21269""","TACO BELL, Nachos Supreme",222.0,"1.0 serving",0.060,--,0.60,,
"""21260""","TACO BELL, Original Taco with beef, cheese and lettuce",69.0,"1.0 each taco",0.040,--,0.28,,
"""21261""","TACO BELL, Soft Taco with beef, cheese and lettuce",102.0,"1.0 each taco",0.050,--,0.13,,
"""21262""","TACO BELL, Soft Taco with chicken, cheese and lettuce",98.0,"1.0 each taco",0.026,--,0.00,,
"""21508""","WEND'YS, Crispy Chicken Sandwich",126.0,"1.0 sandwich",0.066,--,0.00,,
"""21246""","WENDY'S, Chicken Nuggets",68.0,"5.0 pieces",0.078,--,0.00,,
"""21510""","WENDY'S, DAVE'S Hot 'N Juicy 1/4 LB, single",215.0,"1.0 sandwich",0.166,--,0.00,,
"""21507""","WENDY'S, Double Stack, with cheese",146.0,"1.0 sandwich",0.150,--,0.00,,
"""21247""","WENDY'S, french fries",71.0,"1.0 kid's meal Serving",0.031,--,0.00,,
