Source: USDA National Nutrient Database for Standard Reference Legacy Software v.3.9.4 2018-05-17
"Nutrients: Vitamin D (D2 + D3) (µg); Valine (g); Magnesium, Mg (mg)"
"Food Groups: Fast Foods"
Food Subset:All Foods
Ordered by:Food Name
Measured by:Household
Report Run at: 06-02-2018T14:05
NDB_NO,Description,Weight(g),Measure,"Vitamin D (D2 + D3)"(µg)Per Measure,"Valine"(g)Per Measure,"Magnesium, Mg"(mg)Per Measure,
"""21277""","DOMINO'S 14"" Cheese Pizza, Classic Hand-Tossed Crust",108.0,"1.0 slice",0.0,--,26,,
"""21280""","DOMINO'S 14"" Pepperoni Pizza, Classic Hand-Tossed Crust",113.0,"1.0 slice",0.0,0.574,27,,
"""21142""","Fast food, biscuit",55.0,"1.0 biscuit",0.0,--,8,,
"""21299""","Fast Food, Pizza Chain, 14"" pizza, cheese topping, regular crust",107.0,"1.0 slice",0.0,0.770,26,,
"""21511""","Fast Food, Pizza Chain, 14"" pizza, cheese topping, stuffed crust",117.0,"1.0 slice 1/8 pizza",0.0,0.827,26,,
"""21300""","Fast Food, Pizza Chain, 14"" pizza, cheese topping, thick crust",115.0,"1.0 slice",0.0,--,26,,
"""21301""","Fast Food, Pizza Chain, 14"" pizza, cheese topping, thin crust",76.0,"1.0 slice",0.0,--,18,,
"""21304""","Fast Food, Pizza Chain, 14"" pizza, meat and vegetable topping, regular crust",136.0,"1.0 slice",0.0,0.787,31,,
"""21302""","Fast Food, Pizza Chain, 14"" pizza, pepperoni topping, regular crust",111.0,"1.0 slice",0.0,--,27,,
"""21303""","Fast Food, Pizza Chain, 14"" pizza, pepperoni topping, thick crust",118.0,"1.0 slice",0.0,--,27,,
"""21485""","Fast Food, Pizza Chain, 14"" pizza, pepperoni topping, thin crust",79.0,"1.0 slice",0.0,--,20,,
"""21484""","Fast Food, Pizza Chain, 14"" pizza, sausage topping, regular crust",116.0,"1.0 slice",0.0,--,28,,
"""21482""","Fast Food, Pizza Chain, 14"" pizza, sausage topping, thick crust",127.0,"1.0 slice",0.0,--,29,,
"""21483""","Fast Food, Pizza Chain, 14"" pizza, sausage topping, thin crust",88.0,"1.0 slice",0.0,--,22,,
"""21411""","Fast foods, bagel, with breakfast steak, egg, cheese, and condiments",254.0,"1.0 item",1.0,--,56,,
"""21410""","Fast foods, bagel, with egg, sausage patty, cheese, and condiments",219.0,"1.0 item",0.9,--,44,,
"""21010""","Fast foods, biscuit, with crispy chicken fillet",132.0,"1.0 item",0.1,--,24,,
"""21003""","Fast foods, biscuit, with egg and bacon",150.0,"1.0 biscuit",0.9,0.953,24,,
"""21004""","Fast foods, biscuit, with egg and ham",182.0,"1.0 biscuit",1.1,1.026,29,,
"""21005""","Fast Foods, biscuit, with egg and sausage",162.0,"1.0 item",0.8,0.863,21,,
"""21007""","Fast foods, biscuit, with egg, cheese, and bacon",145.0,"1.0 item",0.7,0.922,22,,
"""21008""","Fast foods, biscuit, with ham",162.0,"1.0 biscuit",0.5,0.863,32,,
"""21009""","Fast foods, biscuit, with sausage",111.0,"1.0 item",0.3,0.462,14,,
"""21520""","Fast foods, breadstick, soft, prepared with garlic and parmesan cheese",43.0,"1.0 breadstick",0.0,--,9,,
"""21519""","Fast foods, breakfast burrito, with egg, cheese, and sausage",109.0,"1.0 burrito",0.9,0.571,20,,
"""21063""","Fast foods, burrito, with beans and beef",241.0,"1.0 item",0.2,--,60,,
"""21061""","Fast foods, burrito, with beans and cheese",185.0,"1.0 each burrito",0.2,--,63,,
"""21064""","Fast foods, burrito, with beans, cheese, and beef",241.0,"1.0 burrito",0.2,0.776,55,,
"""21094""","Fast foods, cheeseburger, double, regular patty and bun, with condiments",155.0,"1.0 sandwich",0.3,--,33,,
"""21399""","Fast Foods, cheeseburger; double, large patty; with condiments, vegetables and mayonnaise",355.0,"1.0 item",0.4,--,67,,
"""21400""","Fast foods, cheeseburger; double, regular patty; double decker bun with condiments and special sauce",219.0,"1.0 item",0.2,1.139,55,,
"""21395""","Fast foods, cheeseburger; double, regular patty; with condiments",155.0,"1.0 sandwich",0.3,--,33,,
"""21096""","Fast foods, cheeseburger; single, large patty; plain",182.0,"1.0 sandwich",0.2,1.605,44,,
"""21398""","Fast foods, cheeseburger; single, large patty; with condiments",199.0,"1.0 item",0.2,--,52,,
"""21397""","Fast foods, cheeseburger; single, large patty; with condiments, vegetables and mayonnaise",215.0,"1.0 sandwich",0.2,--,39,,
"""21090""","Fast foods, cheeseburger; single, regular patty, with condiments",127.0,"1.0 item",0.1,--,29,,
"""21091""","Fast foods, cheeseburger; single, regular patty, with condiments and vegetables",115.0,"1.0 sandwich",0.1,--,25,,
"""21089""","Fast foods, cheeseburger; single, regular patty; plain",91.0,"1.0 sandwich",0.1,0.802,24,,
"""21102""","Fast foods, chicken fillet sandwich, plain with pickles",187.0,"1.0 sandwich",0.2,--,45,,
"""21401""","Fast foods, chicken tenders",30.0,"1.0 strip",0.1,0.272,8,,
"""21229""","Fast foods, chicken, breaded and fried, boneless pieces, plain",96.0,"6.0 pieces",0.2,--,23,,
"""21230""","Fast Foods, crispy chicken filet sandwich, with lettuce and mayonnaise",152.0,"1.0 sandwich",0.3,--,30,,
"""21517""","Fast foods, crispy chicken in tortilla, with lettuce, cheese, and ranch sauce",133.0,"1.0 item",0.1,--,25,,
"""21462""","Fast foods, crispy chicken, bacon, and tomato club sandwich, with cheese, lettuce, and mayonnaise",271.0,"1.0 sandwich",0.5,--,84,,
"""21012""","Fast foods, croissant, with egg, cheese, and bacon",128.0,"1.0 item",1.0,--,22,,
"""21013""","Fast foods, croissant, with egg, cheese, and ham",155.0,"1.0 item",1.2,--,26,,
"""21014""","Fast foods, croissant, with egg, cheese, and sausage",171.0,"1.0 sandwich",1.2,1.125,29,,
"""21018""","Fast foods, egg, scrambled",96.0,"2.0 eggs",1.1,0.922,13,,
"""21020""","Fast foods, english muffin, with cheese and sausage",108.0,"1.0 item",0.4,0.639,23,,
"""21021""","Fast foods, english muffin, with egg, cheese, and canadian bacon",126.0,"1.0 sandwich",0.8,--,25,,
"""21022""","Fast foods, english muffin, with egg, cheese, and sausage",165.0,"1.0 item",1.0,1.077,28,,
"""21105""","Fast foods, fish sandwich, with tartar sauce",220.0,"1.0 sandwich",0.4,--,55,,
"""21106""","Fast foods, fish sandwich, with tartar sauce and cheese",134.0,"1.0 sandwich",1.2,--,36,,
"""21024""","Fast foods, french toast sticks",65.0,"3.0 pieces",0.0,--,12,,
"""21469""","Fast Foods, Fried Chicken, Breast, meat and skin and breading",203.0,"1.0 breast, with skin",0.2,--,53,,
"""21464""","Fast Foods, Fried Chicken, Breast, meat only, skin and breading removed",142.0,"1.0 breast without skin",0.1,--,40,,
"""21470""","Fast Foods, Fried Chicken, Drumstick, meat and skin with breading",75.0,"1.0 drumstick, with skin",0.1,--,16,,
"""21465""","Fast Foods, Fried Chicken, Drumstick, meat only, skin and breading removed",40.0,"1.0 drumstick, bone and skin removed",0.0,--,10,,
"""21471""","Fast Foods, Fried Chicken, Thigh, meat and skin and breading",136.0,"1.0 thigh with skin",0.3,--,30,,
"""21466""","Fast Foods, Fried Chicken, Thigh, meat only, skin and breading removed",84.0,"1.0 thigh without skin",0.2,--,18,,
"""21472""","Fast Foods, Fried Chicken, Wing, meat and skin and breading",58.0,"1.0 wing, with skin",0.1,--,14,,
"""21467""","Fast Foods, Fried Chicken, Wing, meat only, skin and breading removed",37.0,"1.0 wing without skin",0.0,--,9,,
"""21307""","Fast foods, griddle cake sandwich, egg, cheese, and bacon",174.0,"1.0 item 6.1 oz",0.5,--,37,,
"""21305""","Fast foods, griddle cake sandwich, egg, cheese, and sausage",199.0,"1.0 item",1.0,--,28,,
"""21306""","Fast foods, griddle cake sandwich, sausage",135.0,"1.0 item",0.3,--,19,,
"""21490""","Fast Foods, grilled chicken filet sandwich, with lettuce, tomato and spread",230.0,"1.0 sandwich",0.2,--,53,,
"""21518""","Fast foods, grilled chicken in tortilla, with lettuce, cheese, and ranch sauce",123.0,"1.0 item",0.0,--,25,,
"""21461""","Fast foods, grilled chicken, bacon and tomato club sandwich, with cheese, lettuce, and mayonnaise",268.0,"1.0 sandwich",0.3,--,86,,
"""21202""","Fast foods, hamburger, large, single patty, with condiments",171.0,"1.0 item",0.2,--,41,,
"""21389""","Fast foods, hamburger; double, large patty; with condiments, vegetables and mayonnaise",374.0,"1.0 item",0.4,--,67,,
"""21390""","Fast foods, hamburger; single, large patty; with condiments, vegetables and mayonnaise",247.0,"1.0 item",0.2,1.156,44,,
"""21107""","Fast foods, hamburger; single, regular patty; plain",78.0,"1.0 sandwich",0.1,0.568,21,,
"""21108""","Fast foods, hamburger; single, regular patty; with condiments",97.0,"1.0 sandwich",0.1,--,21,,
"""21129""","Fast foods, hush puppies",22.0,"1.0 piece",0.0,--,9,,
"""21078""","Fast foods, nachos, with cheese",80.0,"1.0 serving",0.0,0.200,34,,
"""21080""","Fast foods, nachos, with cheese, beans, ground beef, and tomatoes",222.0,"1.0 serving",0.2,0.722,73,,
"""21130""","Fast foods, onion rings, breaded and fried",117.0,"1.0 package (18 onion rings)",0.0,--,22,,
"""21138""","Fast foods, potato, french fried in vegetable oil",71.0,"1.0 serving small",0.0,--,25,,
"""21139""","Fast foods, potato, mashed",242.0,"1.0 cup",0.0,--,36,,
"""21026""","Fast foods, potatoes, hash browns, round pieces or patty",5.5,"1.0 round piece",0.0,--,1,,
"""21488""","Fast foods, quesadilla, with chicken",180.0,"1.0 each quesadilla",0.4,--,45,,
"""21121""","Fast foods, roast beef sandwich, plain",149.0,"1.0 sandwich",0.0,--,34,,
"""21059""","Fast foods, shrimp, breaded and fried",39.0,"3.0 pieces shrimp",0.0,--,6,,
"""21521""","Fast foods, strawberry banana smoothie made with ice and low-fat yogurt",347.0,"12.0 fl oz",0.0,--,38,,
"""21162""","Fast foods, submarine sandwich, bacon, lettuce, and tomato on white bread",148.0,"6.0 inch sub",0.0,--,33,,
"""21124""","Fast foods, submarine sandwich, cold cut on white bread with lettuce and tomato",196.0,"6.0 inch sub",0.4,0.982,39,,
"""21156""","Fast foods, submarine sandwich, ham on white bread with lettuce and tomato",184.0,"6.0 inch sub",0.4,--,37,,
"""21158""","Fast foods, submarine sandwich, meatball marinara on white bread",209.0,"6.0 inch sub",0.0,--,61,,
"""21154""","Fast foods, submarine sandwich, oven roasted chicken on white bread with lettuce and tomato",198.0,"6.0 inch sub",0.0,--,44,,
"""21125""","Fast foods, submarine sandwich, roast beef on white bread with lettuce and tomato",190.0,"6.0 inch sub",0.0,1.168,38,,
"""21160""","Fast foods, submarine sandwich, steak and cheese on white bread with cheese, lettuce and tomato",201.0,"6.0 inch sub",0.4,--,44,,
"""21151""","Fast foods, submarine sandwich, sweet onion chicken teriyaki on white bread with lettuce, tomato and sweet onion sauce",228.0,"6.0 inch sub",0.0,--,52,,
"""21126""","Fast foods, submarine sandwich, tuna on white bread with lettuce and tomato",237.0,"6.0 inch sub",1.2,1.524,52,,
"""21155""","Fast foods, submarine sandwich, turkey breast on white bread with lettuce and tomato",184.0,"6.0 inch sub",0.0,--,42,,
"""21153""","Fast foods, submarine sandwich, turkey, roast beef and ham on white bread with lettuce and tomato",413.0,"12.0 inch sub",0.4,--,91,,
"""21082""","Fast foods, taco with beef, cheese and lettuce, hard shell",69.0,"1.0 each taco",0.1,--,22,,
"""21486""","Fast foods, taco with beef, cheese and lettuce, soft",102.0,"1.0 each taco",0.1,--,19,,
"""21487""","Fast foods, taco with chicken, lettuce and cheese, soft",98.0,"1.0 each taco",0.1,--,24,,
"""21028""","Fast foods, vanilla, light, soft-serve ice cream, with cone",120.0,"1.0 item",0.0,--,16,,
"""21413""","Light Ice Cream, soft serve, blended with cookie pieces",337.0,"12.0 fl oz cup",0.0,--,47,,
"""21412""","Light Ice Cream, soft serve, blended with milk chocolate candies",348.0,"12.0 fl oz cup",0.0,--,59,,
"""21287""","LITTLE CAESARS 14"" Original Round Cheese Pizza, Regular Crust",89.0,"1.0 slice",0.0,0.623,25,,
"""21288""","LITTLE CAESARS 14"" Original Round Pepperoni Pizza, Regular Crust",90.0,"1.0 slice",0.0,0.699,25,,
"""21283""","PAPA JOHN'S 14"" Cheese Pizza, Original Crust",117.0,"1.0 slice",0.0,--,28,,
"""21284""","PAPA JOHN'S 14"" Pepperoni Pizza, Original Crust",123.0,"1.0 slice",0.0,0.806,28,,
"""21293""","PIZZA HUT 14"" Cheese Pizza, Hand-Tossed Crust",105.0,"1.0 slice",0.0,--,25,,
"""21294""","PIZZA HUT 14"" Cheese Pizza, Pan Crust",112.0,"1.0 slice",0.0,--,24,,
"""21296""","PIZZA HUT 14"" Pepperoni Pizza, Hand-Tossed Crust",110.0,"1.0 slice",0.0,--,26,,
"""21297""","PIZZA HUT 14"" Pepperoni Pizza, Pan Crust",113.0,"1.0 slice",0.0,--,25,,
"""21224""","Pizza, cheese topping, regular crust, frozen, cooked",81.0,"1.0 serving 9 servings per 24 oz package",0.0,0.483,19,,
"""21225""","Pizza, cheese topping, rising crust, frozen, cooked",139.0,"1.0 serving 6 servings per 29.25 oz package",0.0,0.991,36,,
"""21505""","Pizza, cheese topping, thin crust, frozen, cooked",69.0,"1.0 slice",0.0,--,17,,
"""21226""","Pizza, meat and vegetable topping, regular crust, frozen, cooked",143.0,"1.0 serving 5 servings per 24.2 oz package",0.0,--,36,,
"""21227""","Pizza, meat and vegetable topping, rising crust, frozen, cooked",170.0,"1.0 serving 6 servings per 34.98 oz package",0.0,--,46,,
"""22902""","Pizza, meat topping, thick crust, frozen, cooked",103.0,"1.0 slice 1/8 of 12"" pizza",0.0,--,26,,
"""22903""","Pizza, pepperoni topping, regular crust, frozen, cooked",127.0,"0.25 pizza 12"" diameter",0.0,--,34,,
"""21611""","School Lunch, chicken nuggets, whole grain breaded",88.0,"5.0 pieces",0.3,--,21,,
"""21610""","School Lunch, chicken patty, whole grain breaded",86.0,"1.0 patty",0.3,--,22,,
"""21601""","School Lunch, pizza, cheese topping, thick crust, whole grain, frozen, cooked",124.0,"1.0 slice per 1/10 pizza",0.0,--,50,,
"""21600""","School Lunch, pizza, cheese topping, thin crust, whole grain, frozen, cooked",130.0,"1.0 piece 4""x6""",0.0,--,66,,
"""21603""","School Lunch, pizza, pepperoni topping, thick crust, whole grain, frozen, cooked",124.0,"1.0 slice per 1/10 pizza",0.0,--,51,,
"""21602""","School Lunch, pizza, pepperoni topping, thin crust, whole grain, frozen, cooked",127.0,"1.0 piece 4""x6""",0.0,--,65,,
"""21605""","School Lunch, pizza, sausage topping, thick crust, whole grain, frozen, cooked",129.0,"1.0 slice per 1/10 pizza",0.0,--,30,,
"""21604""","School Lunch, pizza, sausage topping, thin crust, whole grain, frozen, cooked",133.0,"1.0 piece 4"" x 6""",0.0,--,69,,
"""21463""","Yogurt parfait, lowfat, with fruit and granola",149.0,"1.0 item",0.1,--,25,,
