Source: USDA National Nutrient Database for Standard Reference Legacy Software v.3.9.4 2018-05-17
"Nutrients: Retinol (µg); 18:1-11 t (18:1t n-7) (g); Caffeine (mg)"
"Food Groups: Fast Foods"
Food Subset:All Foods
Ordered by:Food Name
Measured by:Household
Report Run at: 06-02-2018T14:04
NDB_NO,Description,Weight(g),Measure,"Retinol"(µg)Per Measure,"18:1-11 t (18:1t n-7)"(g)Per Measure,"Caffeine"(mg)Per Measure,
"""21256""","BURGER KING, Chicken Strips",36.0,"1.0 strip",1,--,--,,
"""21383""","BURGER KING, CROISSAN'WICH with Sausage, Egg and Cheese",171.0,"1.0 sandwich",291,--,--,,
"""21473""","DIGIORNO Pizza, cheese topping, cheese stuffed crust, frozen, baked",164.0,"1.0 slice 1/4 of pie",131,--,--,,
"""21474""","DIGIORNO Pizza, cheese topping, rising crust, frozen, baked",183.0,"1.0 slice 1/4 of pie",84,--,--,,
"""21475""","DIGIORNO Pizza, cheese topping, thin crispy crust, frozen, baked",161.0,"1.0 slice 1/4 of pie",103,--,--,,
"""21476""","DIGIORNO Pizza, pepperoni topping, cheese stuffed crust, frozen, baked",179.0,"1.0 slice 1/4 of pie",115,--,--,,
"""21477""","DIGIORNO Pizza, pepperoni topping, rising crust, frozen, baked",207.0,"1.0 slice 1/4 of pie",85,--,--,,
"""21478""","DIGIORNO Pizza, pepperoni topping, thin crispy crust, frozen, baked",145.0,"1.0 slice 1/4 of pie",67,--,--,,
"""21479""","DIGIORNO Pizza, supreme topping, rising crust, frozen, baked",227.0,"1.0 slice 1/4 of pie",79,--,--,,
"""21480""","DIGIORNO Pizza, supreme topping, thin crispy crust, frozen, baked",155.0,"1.0 slice 1/4 of pie",64,--,--,,
"""21277""","DOMINO'S 14"" Cheese Pizza, Classic Hand-Tossed Crust",108.0,"1.0 slice",59,--,--,,
"""21282""","DOMINO'S 14"" EXTRAVAGANZZA FEAST Pizza, Classic Hand-Tossed Crust",151.0,"1.0 slice",72,--,--,,
"""21142""","Fast food, biscuit",55.0,"1.0 biscuit",10,--,0,,
"""21299""","Fast Food, Pizza Chain, 14"" pizza, cheese topping, regular crust",107.0,"1.0 slice",65,--,0,,
"""21511""","Fast Food, Pizza Chain, 14"" pizza, cheese topping, stuffed crust",117.0,"1.0 slice 1/8 pizza",129,--,0,,
"""21300""","Fast Food, Pizza Chain, 14"" pizza, cheese topping, thick crust",115.0,"1.0 slice",70,--,0,,
"""21301""","Fast Food, Pizza Chain, 14"" pizza, cheese topping, thin crust",76.0,"1.0 slice",49,--,0,,
"""21304""","Fast Food, Pizza Chain, 14"" pizza, meat and vegetable topping, regular crust",136.0,"1.0 slice",73,--,0,,
"""21302""","Fast Food, Pizza Chain, 14"" pizza, pepperoni topping, regular crust",111.0,"1.0 slice",69,--,0,,
"""21303""","Fast Food, Pizza Chain, 14"" pizza, pepperoni topping, thick crust",118.0,"1.0 slice",74,--,0,,
"""21485""","Fast Food, Pizza Chain, 14"" pizza, pepperoni topping, thin crust",79.0,"1.0 slice",49,--,0,,
"""21484""","Fast Food, Pizza Chain, 14"" pizza, sausage topping, regular crust",116.0,"1.0 slice",70,--,0,,
"""21482""","Fast Food, Pizza Chain, 14"" pizza, sausage topping, thick crust",127.0,"1.0 slice",76,--,0,,
"""21483""","Fast Food, Pizza Chain, 14"" pizza, sausage topping, thin crust",88.0,"1.0 slice",52,--,0,,
"""21411""","Fast foods, bagel, with breakfast steak, egg, cheese, and condiments",254.0,"1.0 item",206,--,0,,
"""21410""","Fast foods, bagel, with egg, sausage patty, cheese, and condiments",219.0,"1.0 item",140,--,0,,
"""21010""","Fast foods, biscuit, with crispy chicken fillet",132.0,"1.0 item",13,--,0,,
"""21003""","Fast foods, biscuit, with egg and bacon",150.0,"1.0 biscuit",93,--,0,,
"""21004""","Fast foods, biscuit, with egg and ham",182.0,"1.0 biscuit",107,--,0,,
"""21005""","Fast Foods, biscuit, with egg and sausage",162.0,"1.0 item",63,--,0,,
"""21007""","Fast foods, biscuit, with egg, cheese, and bacon",145.0,"1.0 item",109,--,0,,
"""21008""","Fast foods, biscuit, with ham",162.0,"1.0 biscuit",40,--,0,,
"""21009""","Fast foods, biscuit, with sausage",111.0,"1.0 item",--,--,0,,
"""21520""","Fast foods, breadstick, soft, prepared with garlic and parmesan cheese",43.0,"1.0 breadstick",10,--,0,,
"""21519""","Fast foods, breakfast burrito, with egg, cheese, and sausage",109.0,"1.0 burrito",72,--,0,,
"""21063""","Fast foods, burrito, with beans and beef",241.0,"1.0 item",39,--,0,,
"""21061""","Fast foods, burrito, with beans and cheese",185.0,"1.0 each burrito",43,--,0,,
"""21064""","Fast foods, burrito, with beans, cheese, and beef",241.0,"1.0 burrito",108,--,0,,
"""21094""","Fast foods, cheeseburger, double, regular patty and bun, with condiments",155.0,"1.0 sandwich",62,--,0,,
"""21399""","Fast Foods, cheeseburger; double, large patty; with condiments, vegetables and mayonnaise",355.0,"1.0 item",25,--,0,,
"""21400""","Fast foods, cheeseburger; double, regular patty; double decker bun with condiments and special sauce",219.0,"1.0 item",48,--,0,,
"""21395""","Fast foods, cheeseburger; double, regular patty; with condiments",155.0,"1.0 sandwich",62,--,0,,
"""21096""","Fast foods, cheeseburger; single, large patty; plain",182.0,"1.0 sandwich",96,--,0,,
"""21398""","Fast foods, cheeseburger; single, large patty; with condiments",199.0,"1.0 item",94,--,0,,
"""21397""","Fast foods, cheeseburger; single, large patty; with condiments, vegetables and mayonnaise",215.0,"1.0 sandwich",95,--,0,,
"""21090""","Fast foods, cheeseburger; single, regular patty, with condiments",127.0,"1.0 item",64,--,0,,
"""21091""","Fast foods, cheeseburger; single, regular patty, with condiments and vegetables",115.0,"1.0 sandwich",9,--,0,,
"""21089""","Fast foods, cheeseburger; single, regular patty; plain",91.0,"1.0 sandwich",41,--,0,,
"""21102""","Fast foods, chicken fillet sandwich, plain with pickles",187.0,"1.0 sandwich",4,--,0,,
"""21401""","Fast foods, chicken tenders",30.0,"1.0 strip",1,--,0,,
"""21229""","Fast foods, chicken, breaded and fried, boneless pieces, plain",96.0,"6.0 pieces",5,--,0,,
"""21127""","Fast foods, coleslaw",191.0,"1.0 cup",53,--,--,,
"""21230""","Fast Foods, crispy chicken filet sandwich, with lettuce and mayonnaise",152.0,"1.0 sandwich",2,--,0,,
"""21517""","Fast foods, crispy chicken in tortilla, with lettuce, cheese, and ranch sauce",133.0,"1.0 item",31,--,0,,
"""21462""","Fast foods, crispy chicken, bacon, and tomato club sandwich, with cheese, lettuce, and mayonnaise",271.0,"1.0 sandwich",46,--,0,,
"""21012""","Fast foods, croissant, with egg, cheese, and bacon",128.0,"1.0 item",221,--,0,,
"""21013""","Fast foods, croissant, with egg, cheese, and ham",155.0,"1.0 item",223,--,0,,
"""21014""","Fast foods, croissant, with egg, cheese, and sausage",171.0,"1.0 sandwich",291,--,0,,
"""21018""","Fast foods, egg, scrambled",96.0,"2.0 eggs",164,--,0,,
"""21020""","Fast foods, english muffin, with cheese and sausage",108.0,"1.0 item",59,--,0,,
"""21021""","Fast foods, english muffin, with egg, cheese, and canadian bacon",126.0,"1.0 sandwich",122,--,0,,
"""21022""","Fast foods, english muffin, with egg, cheese, and sausage",165.0,"1.0 item",112,--,0,,
"""21105""","Fast foods, fish sandwich, with tartar sauce",220.0,"1.0 sandwich",2,--,0,,
"""21106""","Fast foods, fish sandwich, with tartar sauce and cheese",134.0,"1.0 sandwich",27,--,0,,
"""21024""","Fast foods, french toast sticks",65.0,"3.0 pieces",--,--,0,,
"""21469""","Fast Foods, Fried Chicken, Breast, meat and skin and breading",203.0,"1.0 breast, with skin",20,--,0,,
"""21464""","Fast Foods, Fried Chicken, Breast, meat only, skin and breading removed",142.0,"1.0 breast without skin",6,--,0,,
"""21470""","Fast Foods, Fried Chicken, Drumstick, meat and skin with breading",75.0,"1.0 drumstick, with skin",16,--,0,,
"""21465""","Fast Foods, Fried Chicken, Drumstick, meat only, skin and breading removed",40.0,"1.0 drumstick, bone and skin removed",4,--,0,,
"""21471""","Fast Foods, Fried Chicken, Thigh, meat and skin and breading",136.0,"1.0 thigh with skin",22,--,0,,
"""21466""","Fast Foods, Fried Chicken, Thigh, meat only, skin and breading removed",84.0,"1.0 thigh without skin",10,--,0,,
"""21472""","Fast Foods, Fried Chicken, Wing, meat and skin and breading",58.0,"1.0 wing, with skin",9,--,0,,
"""21467""","Fast Foods, Fried Chicken, Wing, meat only, skin and breading removed",37.0,"1.0 wing without skin",4,--,0,,
"""21307""","Fast foods, griddle cake sandwich, egg, cheese, and bacon",174.0,"1.0 item 6.1 oz",106,--,0,,
"""21305""","Fast foods, griddle cake sandwich, egg, cheese, and sausage",199.0,"1.0 item",113,--,0,,
"""21306""","Fast foods, griddle cake sandwich, sausage",135.0,"1.0 item",--,--,0,,
"""21490""","Fast Foods, grilled chicken filet sandwich, with lettuce, tomato and spread",230.0,"1.0 sandwich",7,--,0,,
"""21518""","Fast foods, grilled chicken in tortilla, with lettuce, cheese, and ranch sauce",123.0,"1.0 item",32,--,0,,
"""21461""","Fast foods, grilled chicken, bacon and tomato club sandwich, with cheese, lettuce, and mayonnaise",268.0,"1.0 sandwich",56,--,0,,
"""21202""","Fast foods, hamburger, large, single patty, with condiments",171.0,"1.0 item",--,--,0,,
"""21389""","Fast foods, hamburger; double, large patty; with condiments, vegetables and mayonnaise",374.0,"1.0 item",--,--,0,,
"""21390""","Fast foods, hamburger; single, large patty; with condiments, vegetables and mayonnaise",247.0,"1.0 item",--,--,0,,
"""21107""","Fast foods, hamburger; single, regular patty; plain",78.0,"1.0 sandwich",6,--,0,,
"""21108""","Fast foods, hamburger; single, regular patty; with condiments",97.0,"1.0 sandwich",--,--,0,,
"""21129""","Fast foods, hush puppies",22.0,"1.0 piece",--,--,0,,
"""21078""","Fast foods, nachos, with cheese",80.0,"1.0 serving",4,--,0,,
"""21080""","Fast foods, nachos, with cheese, beans, ground beef, and tomatoes",222.0,"1.0 serving",80,--,0,,
"""21130""","Fast foods, onion rings, breaded and fried",117.0,"1.0 package (18 onion rings)",--,--,0,,
"""21138""","Fast foods, potato, french fried in vegetable oil",71.0,"1.0 serving small",--,--,0,,
"""21139""","Fast foods, potato, mashed",242.0,"1.0 cup",99,--,0,,
"""21026""","Fast foods, potatoes, hash browns, round pieces or patty",5.5,"1.0 round piece",--,--,0,,
"""21488""","Fast foods, quesadilla, with chicken",180.0,"1.0 each quesadilla",126,--,0,,
"""21121""","Fast foods, roast beef sandwich, plain",149.0,"1.0 sandwich",3,--,0,,
"""21059""","Fast foods, shrimp, breaded and fried",39.0,"3.0 pieces shrimp",12,--,0,,
"""21521""","Fast foods, strawberry banana smoothie made with ice and low-fat yogurt",347.0,"12.0 fl oz",3,--,0,,
"""21162""","Fast foods, submarine sandwich, bacon, lettuce, and tomato on white bread",148.0,"6.0 inch sub",--,--,0,,
"""21124""","Fast foods, submarine sandwich, cold cut on white bread with lettuce and tomato",196.0,"6.0 inch sub",31,--,0,,
"""21156""","Fast foods, submarine sandwich, ham on white bread with lettuce and tomato",184.0,"6.0 inch sub",--,--,0,,
"""21158""","Fast foods, submarine sandwich, meatball marinara on white bread",209.0,"6.0 inch sub",--,--,0,,
"""21154""","Fast foods, submarine sandwich, oven roasted chicken on white bread with lettuce and tomato",198.0,"6.0 inch sub",4,--,0,,
"""21125""","Fast foods, submarine sandwich, roast beef on white bread with lettuce and tomato",190.0,"6.0 inch sub",6,--,0,,
"""21160""","Fast foods, submarine sandwich, steak and cheese on white bread with cheese, lettuce and tomato",201.0,"6.0 inch sub",18,--,0,,
"""21151""","Fast foods, submarine sandwich, sweet onion chicken teriyaki on white bread with lettuce, tomato and sweet onion sauce",228.0,"6.0 inch sub",--,--,0,,
"""21126""","Fast foods, submarine sandwich, tuna on white bread with lettuce and tomato",237.0,"6.0 inch sub",21,--,0,,
"""21155""","Fast foods, submarine sandwich, turkey breast on white bread with lettuce and tomato",184.0,"6.0 inch sub",--,--,0,,
"""21153""","Fast foods, submarine sandwich, turkey, roast beef and ham on white bread with lettuce and tomato",413.0,"12.0 inch sub",--,--,0,,
"""21032""","Fast foods, sundae, caramel",155.0,"1.0 sundae",67,--,--,,
"""21033""","Fast foods, sundae, hot fudge",158.0,"1.0 sundae",55,--,2,,
"""21034""","Fast foods, sundae, strawberry",153.0,"1.0 sundae",54,--,--,,
"""21082""","Fast foods, taco with beef, cheese and lettuce, hard shell",69.0,"1.0 each taco",11,--,0,,
"""21486""","Fast foods, taco with beef, cheese and lettuce, soft",102.0,"1.0 each taco",13,--,0,,
"""21487""","Fast foods, taco with chicken, lettuce and cheese, soft",98.0,"1.0 each taco",18,--,0,,
"""21028""","Fast foods, vanilla, light, soft-serve ice cream, with cone",120.0,"1.0 item",32,--,0,,
"""21419""","KFC, biscuit",49.0,"1.0 biscuit",0,--,--,,
"""21420""","KFC, Coleslaw",112.0,"1.0 package",1,--,--,,
"""21438""","KFC, Fried Chicken, EXTRA CRISPY, Breast, meat and skin with breading",212.0,"1.0 breast, with skin",36,--,--,,
"""21430""","KFC, Fried Chicken, EXTRA CRISPY, Breast, meat only, skin and breading removed",140.0,"1.0 breast, without skin",8,--,--,,
"""21439""","KFC, Fried Chicken, EXTRA CRISPY, Drumstick, meat and skin with breading",81.0,"1.0 drumstick, with skin",15,--,--,,
"""21431""","KFC, Fried Chicken, EXTRA CRISPY, Drumstick, meat only, skin and breading removed",41.0,"1.0 drumstick, bone and skin removed",5,--,--,,
"""21440""","KFC, Fried Chicken, EXTRA CRISPY, Thigh, meat and skin with breading",152.0,"1.0 thigh, with skin",35,--,--,,
"""21432""","KFC, Fried Chicken, EXTRA CRISPY, Thigh, meat only, skin and breading removed",91.0,"1.0 thigh, without skin",13,--,--,,
"""21441""","KFC, Fried Chicken, EXTRA CRISPY, Wing, meat and skin with breading",68.0,"1.0 wing, with skin",16,--,--,,
"""21433""","KFC, Fried Chicken, EXTRA CRISPY, Wing, meat only, skin and breading removed",44.0,"1.0 wing, without skin",6,--,--,,
"""21425""","KFC, Fried Chicken, ORIGINAL RECIPE, Breast, meat only, skin and breading removed",152.0,"1.0 breast without skin",8,--,--,,
"""21435""","KFC, Fried Chicken, ORIGINAL RECIPE, Drumstick, meat and skin with breading",75.0,"1.0 drumstick, with skin",16,--,--,,
"""21426""","KFC, Fried Chicken, ORIGINAL RECIPE, Drumstick, meat only, skin and breading removed",40.0,"1.0 drumstick, bone and skin removed",4,--,--,,
"""21436""","KFC, Fried Chicken, ORIGINAL RECIPE, Thigh, meat and skin with breading",135.0,"1.0 thigh, with skin",20,--,--,,
"""21427""","KFC, Fried Chicken, ORIGINAL RECIPE, Thigh, meat only, skin and breading removed",86.0,"1.0 thigh without skin",9,--,--,,
"""21437""","KFC, Fried Chicken, ORIGINAL RECIPE, Wing, meat and skin with breading",60.0,"1.0 wing, with skin",8,--,--,,
"""21428""","KFC, Fried Chicken, ORIGINAL RECIPE, Wing, meat only, skin and breading removed",39.0,"1.0 wing wing without skin",4,--,--,,
"""21413""","Light Ice Cream, soft serve, blended with cookie pieces",337.0,"12.0 fl oz cup",84,--,3,,
"""21412""","Light Ice Cream, soft serve, blended with milk chocolate candies",348.0,"12.0 fl oz cup",108,--,3,,
"""21290""","LITTLE CAESARS 14"" Cheese Pizza, Large Deep Dish Crust",102.0,"1.0 slice",72,--,--,,
"""21292""","LITTLE CAESARS 14"" Cheese Pizza, Thin Crust",48.0,"1.0 slice",56,--,--,,
"""21287""","LITTLE CAESARS 14"" Original Round Cheese Pizza, Regular Crust",89.0,"1.0 slice",64,--,--,,
"""21289""","LITTLE CAESARS 14"" Original Round Meat and Vegetable Pizza, Regular Crust",115.0,"1.0 slice",53,--,--,,
"""21288""","LITTLE CAESARS 14"" Original Round Pepperoni Pizza, Regular Crust",90.0,"1.0 slice",58,--,--,,
"""21291""","LITTLE CAESARS 14"" Pepperoni Pizza, Large Deep Dish Crust",104.0,"1.0 slice",61,--,--,,
"""21335""","McDONALD'S, Hot Caramel Sundae",182.0,"1.0 item (6.4 oz)",167,--,--,,
"""21336""","McDONALD'S, Hot Fudge Sundae",179.0,"1.0 item (6.3 oz)",145,--,--,,
"""21321""","McDONALD'S, Hotcakes (plain)",149.0,"3.0 hotcakes 5.3 oz",0,--,--,,
"""21523""","McDONALD'S, RANCH SNACK WRAP, Crispy",133.0,"1.0 wrap",31,--,--,,
"""21524""","McDONALD'S, RANCH SNACK WRAP, Grilled",123.0,"1.0 wrap",32,--,--,,
"""21361""","McDONALD'S, Sausage Biscuit",117.0,"1.0 item 4.1 oz",9,--,--,,
"""21362""","McDONALD'S, Sausage Biscuit with Egg",163.0,"1.0 item 5.7 oz",104,--,--,,
"""21340""","McDONALD'S, Sausage Burrito",109.0,"1.0 burrito",72,--,--,,
"""21283""","PAPA JOHN'S 14"" Cheese Pizza, Original Crust",117.0,"1.0 slice",63,--,--,,
"""21286""","PAPA JOHN'S 14"" Cheese Pizza, Thin Crust",87.0,"1.0 slice",67,--,--,,
"""21284""","PAPA JOHN'S 14"" Pepperoni Pizza, Original Crust",123.0,"1.0 slice",64,--,--,,
"""21285""","PAPA JOHN'S 14"" The Works Pizza, Original Crust",153.0,"1.0 slice",41,--,--,,
"""21271""","PIZZA HUT 12"" Cheese Pizza, Hand-Tossed Crust",96.0,"1.0 slice",69,--,--,,
"""21272""","PIZZA HUT 12"" Cheese Pizza, Pan Crust",100.0,"1.0 slice",73,--,--,,
"""21273""","PIZZA HUT 12"" Cheese Pizza, THIN 'N CRISPY Crust",69.0,"1.0 slice",74,--,--,,
"""21274""","PIZZA HUT 12"" Pepperoni Pizza, Hand-Tossed Crust",96.0,"1.0 slice",54,--,--,,
"""21275""","PIZZA HUT 12"" Pepperoni Pizza, Pan Crust",96.0,"1.0 slice",44,--,--,,
"""21276""","PIZZA HUT 12"" Super Supreme Pizza, Hand-Tossed Crust",127.0,"1.0 slice",44,--,--,,
"""21512""","PIZZA HUT 14"" Cheese Pizza, Stuffed Crust",117.0,"1.0 slice",129,--,--,,
"""21298""","PIZZA HUT 14"" Super Supreme Pizza, Hand-Tossed Crust",123.0,"1.0 slice",36,--,--,,
"""21224""","Pizza, cheese topping, regular crust, frozen, cooked",81.0,"1.0 serving 9 servings per 24 oz package",47,--,0,,
"""21225""","Pizza, cheese topping, rising crust, frozen, cooked",139.0,"1.0 serving 6 servings per 29.25 oz package",85,--,0,,
"""21505""","Pizza, cheese topping, thin crust, frozen, cooked",69.0,"1.0 slice",44,--,0,,
"""21226""","Pizza, meat and vegetable topping, regular crust, frozen, cooked",143.0,"1.0 serving 5 servings per 24.2 oz package",83,--,0,,
"""21227""","Pizza, meat and vegetable topping, rising crust, frozen, cooked",170.0,"1.0 serving 6 servings per 34.98 oz package",104,--,0,,
"""22902""","Pizza, meat topping, thick crust, frozen, cooked",103.0,"1.0 slice 1/8 of 12"" pizza",42,--,0,,
"""22903""","Pizza, pepperoni topping, regular crust, frozen, cooked",127.0,"0.25 pizza 12"" diameter",88,--,0,,
"""21415""","POPEYES, biscuit",60.0,"1.0 biscuit",38,--,--,,
"""21416""","POPEYES, Coleslaw",120.0,"1.0 package",67,--,--,,
"""21442""","POPEYES, Fried Chicken, Mild, Breast, meat only, skin and breading removed",132.0,"1.0 breast without skin",5,--,--,,
"""21457""","POPEYES, Fried Chicken, Mild, Drumstick, meat and skin with breading",76.0,"1.0 drumstick, with skin",17,--,--,,
"""21443""","POPEYES, Fried Chicken, Mild, Drumstick, meat only, skin and breading removed",44.0,"1.0 drumstick, bone and skin removed",4,--,--,,
"""21458""","POPEYES, Fried Chicken, Mild, Thigh, meat and skin with breading",138.0,"1.0 thigh with skin",26,--,--,,
"""21445""","POPEYES, Fried Chicken, Mild, Thigh, meat only, skin and breading removed",83.0,"1.0 thigh thigh without skin",11,--,--,,
"""21459""","POPEYES, Fried Chicken, Mild, Wing, meat and skin with breading",57.0,"1.0 wing, with skin",11,--,--,,
"""21446""","POPEYES, Fried Chicken, Mild, Wing, meat only, skin and breading removed",16.0,"1.0 wing without skin, bone and breading",2,--,--,,
"""21611""","School Lunch, chicken nuggets, whole grain breaded",88.0,"5.0 pieces",14,--,0,,
"""21610""","School Lunch, chicken patty, whole grain breaded",86.0,"1.0 patty",--,--,0,,
"""21145""","School Lunch, pizza, BIG DADDY'S LS 16"" 51% Whole Grain Rolled Edge Cheese Pizza, frozen",155.0,"1.0 slice 1/8 per pizza",48,--,--,,
"""21146""","School Lunch, pizza, BIG DADDY'S LS 16"" 51% Whole Grain Rolled Edge Turkey Pepperoni Pizza, frozen",156.0,"1.0 slice 1/8 per pizza",53,--,--,,
"""21601""","School Lunch, pizza, cheese topping, thick crust, whole grain, frozen, cooked",124.0,"1.0 slice per 1/10 pizza",40,--,0,,
"""21600""","School Lunch, pizza, cheese topping, thin crust, whole grain, frozen, cooked",130.0,"1.0 piece 4""x6""",77,--,0,,
"""21603""","School Lunch, pizza, pepperoni topping, thick crust, whole grain, frozen, cooked",124.0,"1.0 slice per 1/10 pizza",45,--,0,,
"""21602""","School Lunch, pizza, pepperoni topping, thin crust, whole grain, frozen, cooked",127.0,"1.0 piece 4""x6""",85,--,0,,
"""21605""","School Lunch, pizza, sausage topping, thick crust, whole grain, frozen, cooked",129.0,"1.0 slice per 1/10 pizza",70,--,0,,
"""21604""","School Lunch, pizza, sausage topping, thin crust, whole grain, frozen, cooked",133.0,"1.0 piece 4"" x 6""",105,--,0,,
"""21149""","School Lunch, pizza, TONY'S Breakfast Pizza Sausage, frozen",91.0,"1.0 piece 3.2 oz",82,--,--,,
"""21147""","School Lunch, pizza, TONY'S SMARTPIZZA Whole Grain 4x6 Cheese Pizza 50/50 Cheese, frozen",130.0,"1.0 piece 4"" x 6""",73,--,--,,
"""21148""","School Lunch, pizza, TONY'S SMARTPIZZA Whole Grain 4x6 Pepperoni Pizza 50/50 Cheese, frozen",127.0,"1.0 piece 4""x6""",80,--,--,,
"""21161""","SUBWAY, B.L.T. sub on white bread with bacon, lettuce and tomato",148.0,"6.0 inch sub",0,--,--,,
"""21209""","SUBWAY, black forest ham sub on white bread with lettuce and tomato",184.0,"6.0 inch sub",0,--,--,,
"""21213""","SUBWAY, cold cut sub on white bread with lettuce and tomato",196.0,"6.0 inch sub",31,--,--,,
"""21157""","SUBWAY, meatball marinara sub on white bread (no toppings)",209.0,"6.0 inch sub",0,--,--,,
"""21211""","SUBWAY, oven roasted chicken sub on white bread with lettuce and tomato",198.0,"6.0 inch sub",4,--,--,,
"""21210""","SUBWAY, roast beef sub on white bread with lettuce and tomato",190.0,"6.0 inch sub",6,--,--,,
"""21159""","SUBWAY, steak  &  cheese sub on white bread with American cheese, lettuce and tomato",201.0,"6.0 inch sub",18,--,--,,
"""21152""","SUBWAY, SUBWAY CLUB sub on white bread with lettuce and tomato",207.0,"6.0 inch sub",0,--,--,,
"""21150""","SUBWAY, sweet onion chicken teriyaki sub on white bread with lettuce, tomato and sweet onion sauce",228.0,"6.0 inch sub",0,--,--,,
"""21214""","SUBWAY, tuna sub on white bread with lettuce and tomato",237.0,"6.0 inch sub",21,--,--,,
"""21207""","SUBWAY, turkey breast sub on white bread with lettuce and tomato",184.0,"6.0 inch sub",0,--,--,,
"""21265""","TACO BELL, BURRITO SUPREME with beef",241.0,"1.0 burrito",108,--,--,,
"""21268""","TACO BELL, Nachos",80.0,"1.0 serving",4,--,--,,
"""21269""","TACO BELL, Nachos Supreme",222.0,"1.0 serving",80,--,--,,
"""21510""","WENDY'S, DAVE'S Hot 'N Juicy 1/4 LB, single",215.0,"1.0 sandwich",95,--,--,,
"""21463""","Yogurt parfait, lowfat, with fruit and granola",149.0,"1.0 item",43,--,0,,
