Source: USDA National Nutrient Database for Standard Reference Legacy Software v.3.9.4 2018-05-17
"Nutrients: Proline (g); Total lipid (fat) (g); 16:1 undifferentiated (g)"
"Food Groups: Fats and Oils"
Food Subset:All Foods
Ordered by:Food Name
Measured by:Household
Report Run at: 06-02-2018T14:01
NDB_NO,Description,Weight(g),Measure,"Proline"(g)Per Measure,"Total lipid (fat)"(g)Per Measure,"16:1 undifferentiated"(g)Per Measure,
"""04001""","Fat, beef tallow",12.8,"1.0 tbsp",0.000,12.80,0.538,,
"""04542""","Fat, chicken",12.8,"1.0 tbsp",0.000,12.77,0.730,,
"""04576""","Fat, goose",12.8,"1.0 tbsp",0.000,12.77,0.358,,
"""04575""","Fat, turkey",12.8,"1.0 tbsp",0.000,12.77,0.768,,
"""04002""","Lard",12.8,"1.0 tbsp",0.000,12.80,0.346,,
"""04073""","Margarine, regular, hard, soybean (hydrogenated)",4.7,"1.0 tsp",0.004,3.78,0.009,,
"""04529""","Oil, almond",13.6,"1.0 tablespoon",0.000,13.60,0.082,,
"""04530""","Oil, apricot kernel",13.6,"1.0 tablespoon",0.000,13.60,0.204,,
"""04534""","Oil, babassu",13.6,"1.0 tbsp",0.000,13.60,--,,
"""04501""","Oil, cocoa butter",13.6,"1.0 tablespoon",0.000,13.60,0.027,,
"""04047""","Oil, coconut",13.6,"1.0 tbsp",0.000,13.47,0.002,,
"""04518""","Oil, corn, industrial and retail, all purpose salad or cooking",13.6,"1.0 tbsp",0.000,13.60,0.016,,
"""04502""","Oil, cottonseed, salad or cooking",13.6,"1.0 tablespoon",0.000,13.60,0.109,,
"""04541""","Oil, cupu assu",13.6,"1.0 tablespoon",0.000,13.60,--,,
"""04517""","Oil, grapeseed",13.6,"1.0 tablespoon",0.000,13.60,0.041,,
"""04532""","Oil, hazelnut",13.6,"1.0 tablespoon",0.000,13.60,0.027,,
"""04661""","Oil, industrial, coconut (hydrogenated), used for whipped toppings and coffee whiteners",13.6,"1.0 tbsp",0.000,13.53,--,,
"""04659""","Oil, industrial, coconut, confection fat, typical basis for ice cream coatings",13.6,"1.0 tbsp",0.000,13.60,--,,
"""04646""","Oil, industrial, coconut, principal uses candy coatings, oil sprays, roasting nuts",13.6,"1.0 tbsp",0.000,13.60,--,,
"""04662""","Oil, industrial, palm and palm kernel, filling fat (non-hydrogenated)",13.6,"1.0 tbsp",0.000,13.53,--,,
"""04660""","Oil, industrial, palm kernel (hydrogenated) , used for whipped toppings, non-dairy",13.6,"1.0 tbsp",0.000,13.60,--,,
"""04658""","Oil, industrial, palm kernel (hydrogenated), confection fat, intermediate grade product",13.6,"1.0 tbsp",0.000,13.60,--,,
"""04657""","Oil, industrial, palm kernel (hydrogenated), confection fat, uses similar to 95 degree hard butter",13.6,"1.0 tbsp",0.000,13.60,--,,
"""04663""","Oil, industrial, palm kernel (hydrogenated), filling fat",13.6,"1.0 tbsp",0.000,13.60,--,,
"""04656""","Oil, industrial, palm kernel, confection fat, uses similar to high quality cocoa butter",13.6,"1.0 tbsp",0.000,13.60,--,,
"""04652""","Oil, industrial, soy ( partially hydrogenated), all purpose",13.6,"1.0 tbsp",0.000,13.60,0.012,,
"""04653""","Oil, industrial, soy (partially hydrogenated ) and soy (winterized), pourable clear fry",13.6,"1.0 tbsp",0.000,13.60,0.013,,
"""04664""","Oil, industrial, soy (partially hydrogenated ), palm, principal uses icings and fillings",13.6,"1.0 tbsp",0.000,13.60,0.014,,
"""04654""","Oil, industrial, soy (partially hydrogenated)  and cottonseed, principal use as a tortilla shortening",13.6,"1.0 tbsp",0.000,13.60,0.010,,
"""04651""","Oil, industrial, soy (partially hydrogenated), multiuse for non-dairy butter flavor",13.6,"1.0 tbsp",0.000,13.60,0.014,,
"""04648""","Oil, industrial, soy (partially hydrogenated), principal uses popcorn and flavoring vegetables",13.6,"1.0 tbsp",0.000,13.60,0.013,,
"""04650""","Oil, industrial, soy, refined, for woks and light frying",13.6,"1.0 tbsp",0.000,13.60,0.017,,
"""04572""","Oil, nutmeg butter",13.6,"1.0 tbsp",0.000,13.60,--,,
"""04053""","Oil, olive, salad or cooking",13.5,"1.0 tablespoon",0.000,13.50,0.169,,
"""04055""","Oil, palm",13.6,"1.0 tbsp",0.000,13.60,0.041,,
"""04042""","Oil, peanut, salad or cooking",13.5,"1.0 tbsp",0.000,13.50,0.014,,
"""04514""","Oil, poppyseed",13.6,"1.0 tablespoon",0.000,13.60,--,,
"""04037""","Oil, rice bran",13.6,"1.0 tablespoon",0.000,13.60,0.027,,
"""04511""","Oil, safflower, salad or cooking, high oleic (primary safflower oil of commerce)",13.6,"1.0 tablespoon",0.000,13.60,0.013,,
"""04510""","Oil, safflower, salad or cooking, linoleic, (over 70%)",13.6,"1.0 tbsp",0.000,13.60,--,,
"""04058""","Oil, sesame, salad or cooking",13.6,"1.0 tablespoon",0.000,13.60,0.027,,
"""04536""","Oil, sheanut",13.6,"1.0 tablespoon",0.000,13.60,0.014,,
"""04044""","Oil, soybean, salad or cooking",13.6,"1.0 tbsp",0.000,13.60,--,,
"""04034""","Oil, soybean, salad or cooking, (partially hydrogenated)",13.6,"1.0 tbsp",0.000,13.60,0.054,,
"""04543""","Oil, soybean, salad or cooking, (partially hydrogenated) and cottonseed",13.6,"1.0 tablespoon",0.000,13.60,0.027,,
"""04060""","Oil, sunflower, linoleic (less than 60%)",13.6,"1.0 tbsp",0.000,13.60,0.027,,
"""04506""","Oil, sunflower, linoleic, (approx. 65%)",13.6,"1.0 tbsp",0.000,13.60,--,,
"""04545""","Oil, sunflower, linoleic, (partially hydrogenated)",13.6,"1.0 tbsp",0.000,13.60,--,,
"""04516""","Oil, teaseed",13.6,"1.0 tablespoon",0.000,13.60,0.068,,
"""04515""","Oil, tomatoseed",13.6,"1.0 tablespoon",0.000,13.60,0.068,,
"""04573""","Oil, ucuhuba butter",13.6,"1.0 tbsp",0.000,13.60,--,,
"""04669""","Oil, vegetable, soybean, refined",13.6,"1.0 tablespoon",0.000,13.60,0.003,,
"""04528""","Oil, walnut",13.6,"1.0 tbsp",0.000,13.60,0.014,,
"""04038""","Oil, wheat germ",4.5,"1.0 tsp",0.000,4.50,0.022,,
"""04020""","Salad dressing, french dressing, reduced fat",16.0,"1.0 tablespoon",0.002,1.84,0.000,,
"""04133""","Salad dressing, french, home recipe",14.0,"1.0 tablespoon",0.000,9.83,0.028,,
"""04135""","Salad dressing, home recipe, vinegar and oil",16.0,"1.0 tablespoon",0.000,8.02,0.016,,
"""04021""","Salad dressing, italian dressing, commercial, reduced fat",15.0,"1.0 tablespoon",0.002,1.00,0.001,,
"""04114""","Salad dressing, italian dressing, commercial, regular",14.7,"1.0 tbsp",0.001,3.10,0.003,,
"""04018""","Salad dressing, mayonnaise type, regular, with salt",14.7,"1.0 tbsp",0.004,3.18,--,,
"""04028""","Salad dressing, mayonnaise, imitation, milk cream",15.0,"1.0 tablespoon",0.030,0.77,0.000,,
"""04027""","Salad dressing, mayonnaise, imitation, soybean",15.0,"1.0 tbsp",0.000,2.88,--,,
"""04029""","Salad dressing, mayonnaise, imitation, soybean without cholesterol",14.1,"1.0 tablespoon",0.000,6.73,--,,
"""04641""","Salad dressing, mayonnaise, light",15.0,"1.0 tablespoon",0.002,3.33,0.004,,
"""04025""","Salad dressing, mayonnaise, regular",13.8,"1.0 tbsp",0.006,10.33,0.012,,
"""04026""","Salad dressing, mayonnaise, soybean and safflower oil, with salt",13.8,"1.0 tablespoon",0.006,10.96,0.000,,
"""04022""","Salad dressing, russian dressing, low calorie",16.0,"1.0 tablespoon",0.003,0.64,0.000,,
"""04016""","Salad dressing, sesame seed dressing, regular",15.0,"1.0 tablespoon",0.000,6.78,--,,
"""04023""","Salad dressing, thousand island dressing, reduced fat",15.0,"1.0 tablespoon",0.000,1.70,--,,
"""04017""","Salad dressing, thousand island, commercial, regular",16.0,"1.0 tbsp",0.000,5.61,--,,
"""04030""","Sandwich spread, with chopped pickle, regular, unspecified oils",15.0,"1.0 tablespoon",0.006,5.10,0.000,,
"""04546""","Shortening bread, soybean (hydrogenated) and cottonseed",12.8,"1.0 tablespoon",0.000,12.80,--,,
"""04548""","Shortening cake mix, soybean (hydrogenated) and cottonseed (hydrogenated)",12.8,"1.0 tbsp",0.000,12.80,--,,
"""04551""","Shortening confectionery, coconut (hydrogenated) and or palm kernel (hydrogenated)",12.8,"1.0 tbsp",0.000,12.80,--,,
"""04550""","Shortening frying (heavy duty), beef tallow and cottonseed",12.8,"1.0 tbsp",0.000,12.80,0.550,,
"""04556""","Shortening frying (heavy duty), palm (hydrogenated)",12.8,"1.0 tbsp",0.000,12.80,--,,
"""04560""","Shortening frying (heavy duty), soybean (hydrogenated), linoleic (less than 1%)",12.8,"1.0 tbsp",0.000,12.80,--,,
"""04559""","Shortening household soybean (hydrogenated) and palm",12.8,"1.0 tbsp",0.000,12.80,0.013,,
"""04549""","Shortening industrial, lard and vegetable oil",12.8,"1.0 tbsp",0.000,12.80,0.179,,
"""04554""","Shortening industrial, soybean (hydrogenated) and cottonseed",12.8,"1.0 tbsp",0.000,12.80,--,,
"""04570""","Shortening, confectionery, fractionated palm",13.6,"1.0 tbsp",0.000,13.60,--,,
"""04544""","Shortening, household, lard and vegetable oil",12.8,"1.0 tablespoon",0.000,12.80,0.397,,
"""04031""","Shortening, household, soybean (partially hydrogenated)-cottonseed (partially hydrogenated)",12.8,"1.0 tbsp",0.000,12.80,--,,
"""04667""","Shortening, industrial, soy (partially hydrogenated ) for baking and confections",12.8,"1.0 tbsp",0.000,12.80,0.007,,
"""04649""","Shortening, industrial, soy (partially hydrogenated), pourable liquid fry shortening",13.6,"1.0 tbsp",0.000,13.60,0.014,,
"""04513""","Vegetable oil, palm kernel",13.6,"1.0 tablespoon",0.000,13.60,--,,
