Source: USDA National Nutrient Database for Standard Reference Legacy Software v.3.9.4 2018-05-17
"Nutrients: 18:1 undifferentiated (g); Histidine (g); Dihydrophylloquinone (µg)"
"Food Groups: Fats and Oils"
Food Subset:All Foods
Ordered by:Food Name
Measured by:Household
Report Run at: 06-02-2018T14:02
NDB_NO,Description,Weight(g),Measure,"18:1 undifferentiated"(g)Per Measure,"Histidine"(g)Per Measure,"Dihydrophylloquinone"(µg)Per Measure,
"""04609""","Animal fat, bacon grease",4.3,"1.0 tsp",1.763,--,--,,
"""43214""","Butter replacement, without fat, powder",80.0,"1.0 cup",0.194,--,--,,
"""04601""","Butter, light, stick, with salt",14.0,"1.0 tablespoon",1.941,--,--,,
"""04602""","Butter, light, stick, without salt",14.0,"1.0 tablespoon",1.941,--,--,,
"""42116""","Creamy dressing, made with sour cream and/or buttermilk and oil, reduced calorie",15.0,"1.0 tbsp",0.480,--,--,,
"""42158""","Creamy dressing, made with sour cream and/or buttermilk and oil, reduced calorie, cholesterol-free",15.0,"1.0 tbsp",0.501,--,--,,
"""42157""","Creamy dressing, made with sour cream and/or buttermilk and oil, reduced calorie, fat-free",17.0,"1.0 tbsp",0.105,--,--,,
"""04706""","Dressing, honey mustard, fat-free",30.0,"2.0 tbsp (1 NLEA serving)",0.101,--,--,,
"""04001""","Fat, beef tallow",12.8,"1.0 tbsp",4.608,0.000,--,,
"""04542""","Fat, chicken",12.8,"1.0 tbsp",4.774,0.000,--,,
"""04576""","Fat, goose",12.8,"1.0 tbsp",6.848,0.000,--,,
"""04575""","Fat, turkey",12.8,"1.0 tbsp",4.595,0.000,--,,
"""04589""","Fish oil, cod liver",4.5,"1.0 tsp",0.929,--,--,,
"""04590""","Fish oil, herring",13.6,"1.0 tbsp",1.626,--,--,,
"""04591""","Fish oil, menhaden",13.6,"1.0 tbsp",1.976,--,--,,
"""04593""","Fish oil, salmon",13.6,"1.0 tbsp",2.309,--,--,,
"""04594""","Fish oil, sardine",13.6,"1.0 tbsp",2.006,--,--,,
"""04002""","Lard",12.8,"1.0 tbsp",5.274,0.000,--,,
"""04628""","Margarine, 80% fat, stick, includes regular and hydrogenated corn and soybean oils",14.0,"1.0 tbsp",5.414,--,14.5,,
"""04684""","Margarine, 80% fat, tub, CANOLA HARVEST Soft Spread (canola, palm and palm kernel oils)",14.0,"1.0 tablespoon (1 NLEA serving)",6.110,--,--,,
"""04665""","Margarine, industrial, non-dairy, cottonseed, soy oil (partially hydrogenated ), for flaky pastries",14.0,"1.0 tbsp",6.528,--,--,,
"""04668""","Margarine, industrial, soy and partially hydrogenated soy oil, use for baking, sauces and candy",14.0,"1.0 tbsp",5.225,--,--,,
"""04683""","Margarine, margarine-like vegetable oil spread, 67-70% fat, tub",14.0,"1.0 tbsp (1 NLEA serving)",3.402,--,--,,
"""04629""","Margarine, margarine-type vegetable oil spread, 70% fat, soybean and partially hydrogenated soybean, stick",14.0,"1.0 tbsp (1 NLEA serving)",4.653,--,--,,
"""04610""","Margarine, regular, 80% fat, composite, stick, with salt",14.0,"1.0 tbsp",5.414,--,--,,
"""04691""","Margarine, regular, 80% fat, composite, stick, with salt, with added vitamin D",14.0,"1.0 tablespoon",5.414,--,--,,
"""04617""","Margarine, regular, 80% fat, composite, stick, without salt",14.2,"1.0 tbsp",5.492,--,--,,
"""04696""","Margarine, regular, 80% fat, composite, stick, without salt, with added vitamin D",14.0,"1.0 tbsp",5.414,--,--,,
"""04611""","Margarine, regular, 80% fat, composite, tub, with salt",14.2,"1.0 tbsp",5.047,--,7.6,,
"""04692""","Margarine, regular, 80% fat, composite, tub, with salt, with added vitamin D",14.0,"1.0 tbsp",4.976,--,7.5,,
"""04618""","Margarine, regular, 80% fat, composite, tub, without salt",14.2,"1.0 tbsp",5.047,--,--,,
"""04073""","Margarine, regular, hard, soybean (hydrogenated)",4.7,"1.0 tsp",1.838,0.001,--,,
"""04128""","Margarine,spread, 35-39% fat, tub",232.0,"1.0 cup",25.395,--,--,,
"""04655""","Margarine-like shortening, industrial, soy (partially hydrogenated), cottonseed, and soy, principal use flaky pastries",14.0,"1.0 tbsp",5.206,--,--,,
"""04626""","Margarine-like spread with yogurt, 70% fat, stick, with salt",14.0,"1.0 tablespoon",5.488,--,--,,
"""04627""","Margarine-like spread with yogurt, approximately 40% fat, tub, with salt",14.0,"1.0 tablespoon",1.323,--,--,,
"""04687""","Margarine-like spread, BENECOL Light Spread",14.0,"1.0 tablespoon (1 NLEA serving)",2.593,--,1.7,,
"""04674""","Margarine-like spread, SMART BALANCE Light Buttery Spread",14.0,"1.0 tbsp",1.889,--,0.0,,
"""04677""","Margarine-like spread, SMART BALANCE Omega Plus Spread (with plant sterols  &  fish oil)",14.0,"1.0 tablespoon",3.423,--,--,,
"""04673""","Margarine-like spread, SMART BALANCE Regular Buttery Spread with flax oil",14.0,"1.0 tablespoon",3.628,--,--,,
"""04695""","Margarine-like vegetable-oil spread, stick/tub/bottle, 60% fat, with added vitamin D",14.0,"1.0 tbsp",2.827,--,--,,
"""42307""","Margarine-like, butter-margarine blend, 80% fat, stick, without salt",14.0,"1.0 tablespoon",4.322,--,--,,
"""04585""","Margarine-like, margarine-butter blend, soybean oil and butter",14.1,"1.0 tbsp",4.240,--,10.2,,
"""04633""","Margarine-like, vegetable oil spread, 20% fat, with salt",15.0,"1.0 tbsp",1.117,--,--,,
"""04634""","Margarine-like, vegetable oil spread, 20% fat, without salt",12.8,"1.0 tbsp",0.954,--,--,,
"""04612""","Margarine-like, vegetable oil spread, 60% fat, stick, with salt",14.3,"1.0 tbsp",4.219,--,3.8,,
"""04693""","Margarine-like, vegetable oil spread, 60% fat, stick, with salt, with added vitamin D",14.0,"1.0 tbsp",4.130,--,--,,
"""04614""","Margarine-like, vegetable oil spread, 60% fat, stick/tub/bottle, with salt",14.3,"1.0 tbsp",2.887,--,--,,
"""04620""","Margarine-like, vegetable oil spread, 60% fat, stick/tub/bottle, without salt",14.0,"1.0 tbsp",2.669,--,--,,
"""04697""","Margarine-like, vegetable oil spread, 60% fat, stick/tub/bottle, without salt, with added vitamin D",14.0,"1.0 tbsp",2.669,--,--,,
"""04613""","Margarine-like, vegetable oil spread, 60% fat, tub, with salt",14.0,"1.0 tbsp",2.669,--,3.7,,
"""04694""","Margarine-like, vegetable oil spread, 60% fat, tub, with salt, with added vitamin D",14.0,"1.0 tbsp",2.669,--,--,,
"""04690""","Margarine-like, vegetable oil spread, approximately 37% fat, unspecified oils, with salt, with added vitamin D",14.9,"1.0 tbsp",2.046,--,1.3,,
"""04624""","Margarine-like, vegetable oil spread, fat free, liquid, with salt",15.0,"1.0 tbsp",0.111,--,--,,
"""04631""","Margarine-like, vegetable oil spread, fat-free, tub",14.6,"1.0 tbsp",0.026,--,0.0,,
"""42256""","Margarine-like, vegetable oil spread, stick or tub, sweetened",14.0,"1.0 tablespoon",2.366,--,--,,
"""42309""","Margarine-like, vegetable oil-butter spread, reduced calorie, tub, with salt",14.0,"1.0 tablespoon",2.678,--,--,,
"""04600""","Margarine-like, vegetable oil-butter spread, tub, with salt",14.0,"1.0 tablespoon",2.577,--,--,,
"""43598""","Mayonnaise dressing, no cholesterol",15.0,"1.0 tbsp",2.704,--,--,,
"""43355""","Mayonnaise, low sodium, low calorie or diet",14.0,"1.0 tbsp",0.630,--,--,,
"""42178""","Mayonnaise, made with tofu",15.0,"1.0 tbsp",0.731,--,--,,
"""04708""","Mayonnaise, reduced fat, with olive oil",15.0,"1.0 tbsp",4.343,--,--,,
"""42138""","Mayonnaise, reduced-calorie or diet, cholesterol-free",14.6,"1.0 tbsp",1.125,--,--,,
"""04529""","Oil, almond",13.6,"1.0 tablespoon",9.438,0.000,--,,
"""04530""","Oil, apricot kernel",13.6,"1.0 tablespoon",7.956,0.000,--,,
"""04581""","Oil, avocado",14.0,"1.0 tbsp",9.504,--,--,,
"""04534""","Oil, babassu",13.6,"1.0 tbsp",1.550,0.000,--,,
"""04582""","Oil, canola",14.0,"1.0 tbsp",8.644,--,0.0,,
"""04501""","Oil, cocoa butter",13.6,"1.0 tablespoon",4.434,0.000,--,,
"""04047""","Oil, coconut",13.6,"1.0 tbsp",0.853,--,0.0,,
"""04685""","Oil, cooking and salad, ENOVA, 80% diglycerides",14.0,"1.0 tbsp (1 NLEA serving)",5.077,--,--,,
"""42289""","Oil, corn and canola",14.0,"1.0 tbsp",8.000,--,0.0,,
"""04518""","Oil, corn, industrial and retail, all purpose salad or cooking",13.6,"1.0 tbsp",3.717,0.000,--,,
"""44005""","Oil, corn, peanut, and olive",14.0,"1.0 tablespoon",6.603,--,--,,
"""04502""","Oil, cottonseed, salad or cooking",13.6,"1.0 tablespoon",2.312,0.000,--,,
"""04541""","Oil, cupu assu",13.6,"1.0 tablespoon",5.263,0.000,--,,
"""42231""","Oil, flaxseed, cold pressed",13.6,"1.0 tbsp",2.491,--,0.0,,
"""04707""","Oil, flaxseed, contains added sliced flaxseed",13.7,"1.0 tablespoon",2.803,--,0.0,,
"""04517""","Oil, grapeseed",13.6,"1.0 tablespoon",2.149,0.000,--,,
"""04532""","Oil, hazelnut",13.6,"1.0 tablespoon",10.581,0.000,--,,
"""04645""","Oil, industrial, canola (partially hydrogenated) oil for deep fat frying",13.6,"1.0 tablespoon",9.531,--,--,,
"""04644""","Oil, industrial, canola for salads, woks and light frying",13.6,"1.0 tablespoon",8.130,--,--,,
"""04643""","Oil, industrial, canola with antifoaming agent, principal uses salads, woks and light frying",13.6,"1.0 tablespoon",8.263,--,--,,
"""04698""","Oil, industrial, canola, high oleic",14.0,"1.0 tablespoon",10.049,--,--,,
"""04661""","Oil, industrial, coconut (hydrogenated), used for whipped toppings and coffee whiteners",13.6,"1.0 tbsp",0.036,0.000,--,,
"""04659""","Oil, industrial, coconut, confection fat, typical basis for ice cream coatings",13.6,"1.0 tbsp",0.773,0.000,--,,
"""04646""","Oil, industrial, coconut, principal uses candy coatings, oil sprays, roasting nuts",13.6,"1.0 tbsp",0.807,0.000,--,,
"""04702""","Oil, industrial, cottonseed, fully hydrogenated",13.6,"1.0 tablespoon",0.130,--,--,,
"""04642""","Oil, industrial, mid-oleic, sunflower",13.6,"1.0 tablespoon",7.756,--,--,,
"""04662""","Oil, industrial, palm and palm kernel, filling fat (non-hydrogenated)",13.6,"1.0 tbsp",2.679,0.000,--,,
"""04660""","Oil, industrial, palm kernel (hydrogenated) , used for whipped toppings, non-dairy",13.6,"1.0 tbsp",0.671,0.000,--,,
"""04658""","Oil, industrial, palm kernel (hydrogenated), confection fat, intermediate grade product",13.6,"1.0 tbsp",0.173,0.000,--,,
"""04657""","Oil, industrial, palm kernel (hydrogenated), confection fat, uses similar to 95 degree hard butter",13.6,"1.0 tbsp",0.035,0.000,--,,
"""04663""","Oil, industrial, palm kernel (hydrogenated), filling fat",13.6,"1.0 tbsp",0.776,0.000,--,,
"""04656""","Oil, industrial, palm kernel, confection fat, uses similar to high quality cocoa butter",13.6,"1.0 tbsp",0.735,0.000,--,,
"""04652""","Oil, industrial, soy ( partially hydrogenated), all purpose",13.6,"1.0 tbsp",8.313,0.000,--,,
"""04653""","Oil, industrial, soy (partially hydrogenated ) and soy (winterized), pourable clear fry",13.6,"1.0 tbsp",4.697,0.000,--,,
"""04664""","Oil, industrial, soy (partially hydrogenated ), palm, principal uses icings and fillings",13.6,"1.0 tbsp",8.089,0.000,--,,
"""04654""","Oil, industrial, soy (partially hydrogenated)  and cottonseed, principal use as a tortilla shortening",13.6,"1.0 tbsp",8.027,0.000,--,,
"""04651""","Oil, industrial, soy (partially hydrogenated), multiuse for non-dairy butter flavor",13.6,"1.0 tbsp",5.430,0.000,--,,
"""04648""","Oil, industrial, soy (partially hydrogenated), principal uses popcorn and flavoring vegetables",13.6,"1.0 tbsp",5.662,0.000,--,,
"""04701""","Oil, industrial, soy, fully hydrogenated",13.6,"1.0 tablespoon",0.156,--,--,,
"""04699""","Oil, industrial, soy, low linolenic",14.0,"1.0 tablespoon",2.974,--,--,,
"""04650""","Oil, industrial, soy, refined, for woks and light frying",13.6,"1.0 tbsp",2.930,0.000,--,,
"""04700""","Oil, industrial, soy, ultra low linolenic",13.6,"1.0 tablespoon",3.875,--,--,,
"""04583""","Oil, mustard",14.0,"1.0 tbsp",1.625,--,--,,
"""04572""","Oil, nutmeg butter",13.6,"1.0 tbsp",0.653,0.000,--,,
"""04588""","Oil, oat",13.6,"1.0 tbsp",4.746,--,--,,
"""04053""","Oil, olive, salad or cooking",13.5,"1.0 tablespoon",9.621,--,0.0,,
"""04055""","Oil, palm",13.6,"1.0 tbsp",4.978,0.000,--,,
"""04679""","Oil, PAM cooking spray, original",0.3,"1.0 spray , about 1/3 second (1 NLEA serving)",0.146,--,--,,
"""04042""","Oil, peanut, salad or cooking",13.5,"1.0 tbsp",6.048,0.000,--,,
"""04514""","Oil, poppyseed",13.6,"1.0 tablespoon",2.679,0.000,--,,
"""04037""","Oil, rice bran",13.6,"1.0 tablespoon",5.318,0.000,--,,
"""04511""","Oil, safflower, salad or cooking, high oleic (primary safflower oil of commerce)",13.6,"1.0 tablespoon",10.178,0.000,--,,
"""04510""","Oil, safflower, salad or cooking, linoleic, (over 70%)",13.6,"1.0 tbsp",1.952,0.000,--,,
"""04058""","Oil, sesame, salad or cooking",13.6,"1.0 tablespoon",5.345,0.000,--,,
"""04536""","Oil, sheanut",13.6,"1.0 tablespoon",5.916,0.000,--,,
"""04531""","Oil, soybean lecithin",13.6,"1.0 tablespoon",1.438,--,--,,
"""04044""","Oil, soybean, salad or cooking",13.6,"1.0 tbsp",3.067,--,0.0,,
"""04034""","Oil, soybean, salad or cooking, (partially hydrogenated)",13.6,"1.0 tbsp",5.780,0.000,--,,
"""04543""","Oil, soybean, salad or cooking, (partially hydrogenated) and cottonseed",13.6,"1.0 tablespoon",3.985,0.000,--,,
"""04584""","Oil, sunflower, high oleic (70% and over)",14.0,"1.0 tbsp",11.568,--,--,,
"""04060""","Oil, sunflower, linoleic (less than 60%)",13.6,"1.0 tbsp",6.161,0.000,--,,
"""04506""","Oil, sunflower, linoleic, (approx. 65%)",13.6,"1.0 tbsp",2.652,0.000,--,,
"""04545""","Oil, sunflower, linoleic, (partially hydrogenated)",13.6,"1.0 tbsp",6.256,0.000,--,,
"""04516""","Oil, teaseed",13.6,"1.0 tablespoon",6.786,0.000,--,,
"""04515""","Oil, tomatoseed",13.6,"1.0 tablespoon",2.978,0.000,--,,
"""04573""","Oil, ucuhuba butter",13.6,"1.0 tbsp",0.911,0.000,--,,
"""04678""","Oil, vegetable, Natreon canola, high stability, non trans, high oleic (70%)",14.0,"1.0 tbsp",9.796,--,--,,
"""04669""","Oil, vegetable, soybean, refined",13.6,"1.0 tablespoon",3.070,0.000,--,,
"""04528""","Oil, walnut",13.6,"1.0 tbsp",3.019,0.000,--,,
"""04038""","Oil, wheat germ",4.5,"1.0 tsp",0.657,0.000,--,,
"""43331""","Salad dressing, bacon and tomato",15.0,"1.0 tbsp",1.230,--,--,,
"""04539""","Salad dressing, blue or roquefort cheese dressing, commercial, regular",15.0,"1.0 tbsp",1.967,--,0.0,,
"""42192""","Salad dressing, blue or roquefort cheese dressing, fat-free",17.0,"1.0 tbsp",0.069,--,--,,
"""42153""","Salad dressing, blue or roquefort cheese dressing, light",16.0,"1.0 tbsp",0.170,--,--,,
"""43020""","Salad dressing, blue or roquefort cheese, low calorie",15.0,"1.0 tbsp",0.247,--,--,,
"""43215""","Salad dressing, buttermilk, lite",15.0,"1.0 tablespoon",0.409,--,0.0,,
"""43015""","Salad dressing, caesar dressing, regular",14.7,"1.0 tbsp",1.959,--,--,,
"""04705""","Salad dressing, caesar, fat-free",34.0,"2.0 tbsp (1 NLEA serving)",0.013,--,--,,
"""43021""","Salad dressing, caesar, low calorie",15.0,"1.0 tbsp",0.151,--,--,,
"""43016""","Salad dressing, coleslaw",19.0,"1.0 tbsp",1.347,--,0.0,,
"""42230""","Salad Dressing, coleslaw, reduced fat",17.0,"1.0 tbsp",1.445,--,--,,
"""04120""","Salad dressing, french dressing, commercial, regular",250.0,"1.0 cup",21.547,--,--,,
"""04141""","Salad dressing, french dressing, commercial, regular, without salt",15.0,"1.0 tablespoon",1.243,--,0.0,,
"""04367""","Salad dressing, french dressing, fat-free",16.0,"1.0 tablespoon",0.008,--,--,,
"""42171""","Salad dressing, french dressing, reduced calorie",16.0,"1.0 tbsp",0.474,--,--,,
"""04020""","Salad dressing, french dressing, reduced fat",16.0,"1.0 tablespoon",0.705,0.001,--,,
"""04142""","Salad dressing, french dressing, reduced fat, without salt",16.0,"1.0 tablespoon",0.920,--,--,,
"""04133""","Salad dressing, french, home recipe",14.0,"1.0 tablespoon",2.870,0.000,--,,
"""43017""","Salad dressing, green goddess, regular",15.0,"1.0 tbsp",1.388,--,--,,
"""04135""","Salad dressing, home recipe, vinegar and oil",16.0,"1.0 tablespoon",2.352,0.000,--,,
"""04686""","Salad dressing, honey mustard dressing, reduced calorie",30.0,"2.0 tbsp (1 serving)",1.500,--,--,,
"""04703""","Salad dressing, honey mustard, regular",30.0,"2.0 tbsp",3.334,--,--,,
"""04021""","Salad dressing, italian dressing, commercial, reduced fat",15.0,"1.0 tablespoon",0.252,0.001,0.0,,
"""04114""","Salad dressing, italian dressing, commercial, regular",14.7,"1.0 tbsp",0.806,0.001,0.0,,
"""04143""","Salad dressing, italian dressing, commercial, regular, without salt",14.7,"1.0 tablespoon",0.928,--,--,,
"""04636""","Salad dressing, italian dressing, fat-free",14.0,"1.0 tbsp",0.029,--,--,,
"""42140""","Salad dressing, italian dressing, reduced calorie",14.0,"1.0 tbsp",0.638,--,--,,
"""04144""","Salad dressing, italian dressing, reduced fat, without salt",15.0,"1.0 tablespoon",0.329,--,--,,
"""04013""","Salad dressing, KRAFT Mayo Fat Free Mayonnaise Dressing",16.0,"1.0 tbsp",0.000,--,--,,
"""43329""","Salad dressing, mayonnaise and mayonnaise-type, low calorie",14.5,"1.0 tbsp",0.652,--,--,,
"""04018""","Salad dressing, mayonnaise type, regular, with salt",14.7,"1.0 tbsp",0.723,0.002,--,,
"""04028""","Salad dressing, mayonnaise, imitation, milk cream",15.0,"1.0 tablespoon",0.255,0.009,--,,
"""04027""","Salad dressing, mayonnaise, imitation, soybean",15.0,"1.0 tbsp",0.675,0.000,--,,
"""04029""","Salad dressing, mayonnaise, imitation, soybean without cholesterol",14.1,"1.0 tablespoon",1.480,0.000,--,,
"""04641""","Salad dressing, mayonnaise, light",15.0,"1.0 tablespoon",0.732,0.001,0.0,,
"""04689""","Salad Dressing, mayonnaise, light, SMART BALANCE, Omega Plus light",14.0,"1.0 tbsp (1 NLEA serving)",2.236,--,0.0,,
"""04025""","Salad dressing, mayonnaise, regular",13.8,"1.0 tbsp",2.271,0.004,0.0,,
"""04026""","Salad dressing, mayonnaise, soybean and safflower oil, with salt",13.8,"1.0 tablespoon",1.794,0.004,--,,
"""04145""","Salad dressing, mayonnaise, soybean oil, without salt",13.8,"1.0 tablespoon",3.105,--,--,,
"""42193""","Salad Dressing, mayonnaise-like, fat-free",16.0,"1.0 tbsp",0.302,--,--,,
"""42137""","Salad dressing, peppercorn dressing, commercial, regular",13.4,"1.0 tbsp",1.928,--,--,,
"""04704""","Salad dressing, poppyseed, creamy",33.0,"2.0 tbsp",2.633,--,--,,
"""04638""","Salad dressing, ranch dressing, fat-free",14.0,"1.0 tablespoon",0.052,--,0.0,,
"""04640""","Salad dressing, ranch dressing, reduced fat",15.0,"1.0 tablespoon",0.409,--,0.0,,
"""04639""","Salad dressing, ranch dressing, regular",15.0,"1.0 tablespoon",1.342,--,0.0,,
"""04015""","Salad dressing, russian dressing",15.0,"1.0 tbsp",0.874,--,--,,
"""04022""","Salad dressing, russian dressing, low calorie",16.0,"1.0 tablespoon",0.144,0.002,--,,
"""04016""","Salad dressing, sesame seed dressing, regular",15.0,"1.0 tablespoon",1.785,0.005,--,,
"""43019""","Salad dressing, sweet and sour",16.0,"1.0 tbsp",0.000,--,--,,
"""04635""","Salad dressing, thousand island dressing, fat-free",16.0,"1.0 tbsp",0.046,--,0.0,,
"""04023""","Salad dressing, thousand island dressing, reduced fat",15.0,"1.0 tablespoon",0.943,0.000,--,,
"""04017""","Salad dressing, thousand island, commercial, regular",16.0,"1.0 tbsp",1.236,--,0.0,,
"""04030""","Sandwich spread, with chopped pickle, regular, unspecified oils",15.0,"1.0 tablespoon",1.110,0.003,--,,
"""04546""","Shortening bread, soybean (hydrogenated) and cottonseed",12.8,"1.0 tablespoon",4.224,0.000,--,,
"""04548""","Shortening cake mix, soybean (hydrogenated) and cottonseed (hydrogenated)",12.8,"1.0 tbsp",6.938,0.000,--,,
"""04551""","Shortening confectionery, coconut (hydrogenated) and or palm kernel (hydrogenated)",12.8,"1.0 tbsp",0.282,0.000,--,,
"""04550""","Shortening frying (heavy duty), beef tallow and cottonseed",12.8,"1.0 tbsp",4.378,0.000,--,,
"""04556""","Shortening frying (heavy duty), palm (hydrogenated)",12.8,"1.0 tbsp",5.197,0.000,--,,
"""04560""","Shortening frying (heavy duty), soybean (hydrogenated), linoleic (less than 1%)",12.8,"1.0 tbsp",9.434,0.000,--,,
"""04559""","Shortening household soybean (hydrogenated) and palm",12.8,"1.0 tbsp",5.404,0.000,--,,
"""04549""","Shortening industrial, lard and vegetable oil",12.8,"1.0 tbsp",4.864,0.000,--,,
"""04554""","Shortening industrial, soybean (hydrogenated) and cottonseed",12.8,"1.0 tbsp",7.424,0.000,--,,
"""04570""","Shortening, confectionery, fractionated palm",13.6,"1.0 tbsp",3.985,0.000,--,,
"""04544""","Shortening, household, lard and vegetable oil",12.8,"1.0 tablespoon",5.235,0.000,--,,
"""04031""","Shortening, household, soybean (partially hydrogenated)-cottonseed (partially hydrogenated)",12.8,"1.0 tbsp",5.696,0.000,--,,
"""04666""","Shortening, industrial, soy (partially hydrogenated ) and corn for frying",12.8,"1.0 tbsp",5.183,--,--,,
"""04667""","Shortening, industrial, soy (partially hydrogenated ) for baking and confections",12.8,"1.0 tbsp",9.084,0.000,--,,
"""04649""","Shortening, industrial, soy (partially hydrogenated), pourable liquid fry shortening",13.6,"1.0 tbsp",5.250,0.000,--,,
"""04595""","Shortening, multipurpose, soybean (hydrogenated) and palm (hydrogenated)",12.8,"1.0 tbsp",6.525,--,--,,
"""04587""","Shortening, special purpose for baking, soybean (hydrogenated) palm and cottonseed",12.8,"1.0 tbsp",3.757,--,--,,
"""04586""","Shortening, special purpose for cakes and frostings, soybean (hydrogenated)",12.8,"1.0 tbsp",4.679,--,--,,
"""04615""","Shortening, vegetable, household, composite",12.8,"1.0 tbsp",5.258,--,21.1,,
"""04513""","Vegetable oil, palm kernel",13.6,"1.0 tablespoon",1.550,0.000,--,,
"""42151""","Vegetable oil-butter spread, reduced calorie",13.0,"1.0 tbsp",2.621,--,--,,
