Source: USDA National Nutrient Database for Standard Reference Legacy Software v.3.9.4 2018-05-17
"Nutrients: 6:0 (g); 22:4 (g); Folate, food (µg)"
"Food Groups: Fats and Oils"
Food Subset:All Foods
Ordered by:Food Name
Measured by:Household
Report Run at: 06-02-2018T14:01
NDB_NO,Description,Weight(g),Measure,"6:0"(g)Per Measure,"22:4"(g)Per Measure,"Folate, food"(µg)Per Measure,
"""04609""","Animal fat, bacon grease",4.3,"1.0 tsp",--,--,0,,
"""43214""","Butter replacement, without fat, powder",80.0,"1.0 cup",0.014,--,0,,
"""04601""","Butter, light, stick, with salt",14.0,"1.0 tablespoon",0.148,--,0,,
"""04602""","Butter, light, stick, without salt",14.0,"1.0 tablespoon",0.148,--,0,,
"""42116""","Creamy dressing, made with sour cream and/or buttermilk and oil, reduced calorie",15.0,"1.0 tbsp",0.001,--,1,,
"""42158""","Creamy dressing, made with sour cream and/or buttermilk and oil, reduced calorie, cholesterol-free",15.0,"1.0 tbsp",0.001,--,1,,
"""42157""","Creamy dressing, made with sour cream and/or buttermilk and oil, reduced calorie, fat-free",17.0,"1.0 tbsp",0.001,--,1,,
"""04706""","Dressing, honey mustard, fat-free",30.0,"2.0 tbsp (1 NLEA serving)",0.003,--,3,,
"""04001""","Fat, beef tallow",12.8,"1.0 tbsp",--,--,0,,
"""04542""","Fat, chicken",12.8,"1.0 tbsp",--,--,0,,
"""04576""","Fat, goose",12.8,"1.0 tbsp",--,--,0,,
"""04575""","Fat, turkey",12.8,"1.0 tbsp",--,--,0,,
"""04002""","Lard",12.8,"1.0 tbsp",--,--,0,,
"""04628""","Margarine, 80% fat, stick, includes regular and hydrogenated corn and soybean oils",14.0,"1.0 tbsp",0.000,--,0,,
"""04684""","Margarine, 80% fat, tub, CANOLA HARVEST Soft Spread (canola, palm and palm kernel oils)",14.0,"1.0 tablespoon (1 NLEA serving)",0.000,--,--,,
"""04665""","Margarine, industrial, non-dairy, cottonseed, soy oil (partially hydrogenated ), for flaky pastries",14.0,"1.0 tbsp",0.000,--,0,,
"""04668""","Margarine, industrial, soy and partially hydrogenated soy oil, use for baking, sauces and candy",14.0,"1.0 tbsp",0.000,--,0,,
"""04683""","Margarine, margarine-like vegetable oil spread, 67-70% fat, tub",14.0,"1.0 tbsp (1 NLEA serving)",0.000,--,--,,
"""04629""","Margarine, margarine-type vegetable oil spread, 70% fat, soybean and partially hydrogenated soybean, stick",14.0,"1.0 tbsp (1 NLEA serving)",0.001,0.000,0,,
"""04610""","Margarine, regular, 80% fat, composite, stick, with salt",14.0,"1.0 tbsp",0.000,--,0,,
"""04691""","Margarine, regular, 80% fat, composite, stick, with salt, with added vitamin D",14.0,"1.0 tablespoon",0.000,--,0,,
"""04617""","Margarine, regular, 80% fat, composite, stick, without salt",14.2,"1.0 tbsp",0.000,--,0,,
"""04696""","Margarine, regular, 80% fat, composite, stick, without salt, with added vitamin D",14.0,"1.0 tbsp",0.000,--,0,,
"""04611""","Margarine, regular, 80% fat, composite, tub, with salt",14.2,"1.0 tbsp",0.000,--,0,,
"""04692""","Margarine, regular, 80% fat, composite, tub, with salt, with added vitamin D",14.0,"1.0 tbsp",0.000,--,0,,
"""04618""","Margarine, regular, 80% fat, composite, tub, without salt",14.2,"1.0 tbsp",0.000,--,0,,
"""04073""","Margarine, regular, hard, soybean (hydrogenated)",4.7,"1.0 tsp",0.000,--,0,,
"""04128""","Margarine,spread, 35-39% fat, tub",232.0,"1.0 cup",0.007,0.000,2,,
"""04655""","Margarine-like shortening, industrial, soy (partially hydrogenated), cottonseed, and soy, principal use flaky pastries",14.0,"1.0 tbsp",--,--,0,,
"""04626""","Margarine-like spread with yogurt, 70% fat, stick, with salt",14.0,"1.0 tablespoon",0.000,--,0,,
"""04627""","Margarine-like spread with yogurt, approximately 40% fat, tub, with salt",14.0,"1.0 tablespoon",0.000,--,0,,
"""04687""","Margarine-like spread, BENECOL Light Spread",14.0,"1.0 tablespoon (1 NLEA serving)",0.000,--,--,,
"""04674""","Margarine-like spread, SMART BALANCE Light Buttery Spread",14.0,"1.0 tbsp",0.000,--,--,,
"""04677""","Margarine-like spread, SMART BALANCE Omega Plus Spread (with plant sterols  &  fish oil)",14.0,"1.0 tablespoon",0.000,--,--,,
"""04673""","Margarine-like spread, SMART BALANCE Regular Buttery Spread with flax oil",14.0,"1.0 tablespoon",0.000,--,--,,
"""04695""","Margarine-like vegetable-oil spread, stick/tub/bottle, 60% fat, with added vitamin D",14.0,"1.0 tbsp",0.000,--,0,,
"""42307""","Margarine-like, butter-margarine blend, 80% fat, stick, without salt",14.0,"1.0 tablespoon",0.070,--,0,,
"""04585""","Margarine-like, margarine-butter blend, soybean oil and butter",14.1,"1.0 tbsp",0.000,--,0,,
"""04633""","Margarine-like, vegetable oil spread, 20% fat, with salt",15.0,"1.0 tbsp",--,--,0,,
"""04634""","Margarine-like, vegetable oil spread, 20% fat, without salt",12.8,"1.0 tbsp",--,--,0,,
"""04612""","Margarine-like, vegetable oil spread, 60% fat, stick, with salt",14.3,"1.0 tbsp",0.000,--,0,,
"""04693""","Margarine-like, vegetable oil spread, 60% fat, stick, with salt, with added vitamin D",14.0,"1.0 tbsp",0.000,--,0,,
"""04614""","Margarine-like, vegetable oil spread, 60% fat, stick/tub/bottle, with salt",14.3,"1.0 tbsp",0.000,--,0,,
"""04620""","Margarine-like, vegetable oil spread, 60% fat, stick/tub/bottle, without salt",14.0,"1.0 tbsp",0.001,--,0,,
"""04697""","Margarine-like, vegetable oil spread, 60% fat, stick/tub/bottle, without salt, with added vitamin D",14.0,"1.0 tbsp",0.001,--,0,,
"""04613""","Margarine-like, vegetable oil spread, 60% fat, tub, with salt",14.0,"1.0 tbsp",0.001,0.000,0,,
"""04694""","Margarine-like, vegetable oil spread, 60% fat, tub, with salt, with added vitamin D",14.0,"1.0 tbsp",0.001,0.000,0,,
"""04690""","Margarine-like, vegetable oil spread, approximately 37% fat, unspecified oils, with salt, with added vitamin D",14.9,"1.0 tbsp",0.000,--,0,,
"""04624""","Margarine-like, vegetable oil spread, fat free, liquid, with salt",15.0,"1.0 tbsp",0.000,--,0,,
"""04631""","Margarine-like, vegetable oil spread, fat-free, tub",14.6,"1.0 tbsp",--,--,0,,
"""42256""","Margarine-like, vegetable oil spread, stick or tub, sweetened",14.0,"1.0 tablespoon",--,--,0,,
"""42309""","Margarine-like, vegetable oil-butter spread, reduced calorie, tub, with salt",14.0,"1.0 tablespoon",0.043,--,0,,
"""04600""","Margarine-like, vegetable oil-butter spread, tub, with salt",14.0,"1.0 tablespoon",0.002,--,0,,
"""43598""","Mayonnaise dressing, no cholesterol",15.0,"1.0 tbsp",--,--,0,,
"""43355""","Mayonnaise, low sodium, low calorie or diet",14.0,"1.0 tbsp",--,--,0,,
"""42178""","Mayonnaise, made with tofu",15.0,"1.0 tbsp",0.000,--,1,,
"""04708""","Mayonnaise, reduced fat, with olive oil",15.0,"1.0 tbsp",--,--,0,,
"""42138""","Mayonnaise, reduced-calorie or diet, cholesterol-free",14.6,"1.0 tbsp",--,--,0,,
"""04529""","Oil, almond",13.6,"1.0 tablespoon",--,--,0,,
"""04530""","Oil, apricot kernel",13.6,"1.0 tablespoon",--,--,0,,
"""04534""","Oil, babassu",13.6,"1.0 tbsp",0.027,--,0,,
"""04582""","Oil, canola",14.0,"1.0 tbsp",--,--,0,,
"""04501""","Oil, cocoa butter",13.6,"1.0 tablespoon",--,--,0,,
"""04047""","Oil, coconut",13.6,"1.0 tbsp",0.065,--,0,,
"""04685""","Oil, cooking and salad, ENOVA, 80% diglycerides",14.0,"1.0 tbsp (1 NLEA serving)",0.000,--,--,,
"""42289""","Oil, corn and canola",14.0,"1.0 tbsp",--,--,0,,
"""04518""","Oil, corn, industrial and retail, all purpose salad or cooking",13.6,"1.0 tbsp",--,--,0,,
"""44005""","Oil, corn, peanut, and olive",14.0,"1.0 tablespoon",--,--,0,,
"""04502""","Oil, cottonseed, salad or cooking",13.6,"1.0 tablespoon",--,--,0,,
"""04541""","Oil, cupu assu",13.6,"1.0 tablespoon",--,--,0,,
"""42231""","Oil, flaxseed, cold pressed",13.6,"1.0 tbsp",--,0.002,0,,
"""04707""","Oil, flaxseed, contains added sliced flaxseed",13.7,"1.0 tablespoon",0.000,0.002,--,,
"""04517""","Oil, grapeseed",13.6,"1.0 tablespoon",--,--,0,,
"""04532""","Oil, hazelnut",13.6,"1.0 tablespoon",--,--,0,,
"""04645""","Oil, industrial, canola (partially hydrogenated) oil for deep fat frying",13.6,"1.0 tablespoon",--,--,0,,
"""04644""","Oil, industrial, canola for salads, woks and light frying",13.6,"1.0 tablespoon",--,--,0,,
"""04643""","Oil, industrial, canola with antifoaming agent, principal uses salads, woks and light frying",13.6,"1.0 tablespoon",--,--,0,,
"""04698""","Oil, industrial, canola, high oleic",14.0,"1.0 tablespoon",--,--,0,,
"""04661""","Oil, industrial, coconut (hydrogenated), used for whipped toppings and coffee whiteners",13.6,"1.0 tbsp",0.086,--,0,,
"""04659""","Oil, industrial, coconut, confection fat, typical basis for ice cream coatings",13.6,"1.0 tbsp",0.102,--,0,,
"""04646""","Oil, industrial, coconut, principal uses candy coatings, oil sprays, roasting nuts",13.6,"1.0 tbsp",0.102,--,0,,
"""04702""","Oil, industrial, cottonseed, fully hydrogenated",13.6,"1.0 tablespoon",--,--,0,,
"""04642""","Oil, industrial, mid-oleic, sunflower",13.6,"1.0 tablespoon",--,--,0,,
"""04662""","Oil, industrial, palm and palm kernel, filling fat (non-hydrogenated)",13.6,"1.0 tbsp",0.032,--,0,,
"""04660""","Oil, industrial, palm kernel (hydrogenated) , used for whipped toppings, non-dairy",13.6,"1.0 tbsp",0.044,--,0,,
"""04658""","Oil, industrial, palm kernel (hydrogenated), confection fat, intermediate grade product",13.6,"1.0 tbsp",0.035,--,0,,
"""04657""","Oil, industrial, palm kernel (hydrogenated), confection fat, uses similar to 95 degree hard butter",13.6,"1.0 tbsp",0.044,--,0,,
"""04663""","Oil, industrial, palm kernel (hydrogenated), filling fat",13.6,"1.0 tbsp",0.043,--,0,,
"""04656""","Oil, industrial, palm kernel, confection fat, uses similar to high quality cocoa butter",13.6,"1.0 tbsp",0.021,--,0,,
"""04652""","Oil, industrial, soy ( partially hydrogenated), all purpose",13.6,"1.0 tbsp",--,--,0,,
"""04653""","Oil, industrial, soy (partially hydrogenated ) and soy (winterized), pourable clear fry",13.6,"1.0 tbsp",--,--,0,,
"""04664""","Oil, industrial, soy (partially hydrogenated ), palm, principal uses icings and fillings",13.6,"1.0 tbsp",--,--,0,,
"""04654""","Oil, industrial, soy (partially hydrogenated)  and cottonseed, principal use as a tortilla shortening",13.6,"1.0 tbsp",--,--,0,,
"""04651""","Oil, industrial, soy (partially hydrogenated), multiuse for non-dairy butter flavor",13.6,"1.0 tbsp",--,--,0,,
"""04648""","Oil, industrial, soy (partially hydrogenated), principal uses popcorn and flavoring vegetables",13.6,"1.0 tbsp",--,--,0,,
"""04701""","Oil, industrial, soy, fully hydrogenated",13.6,"1.0 tablespoon",--,--,0,,
"""04699""","Oil, industrial, soy, low linolenic",14.0,"1.0 tablespoon",--,--,0,,
"""04650""","Oil, industrial, soy, refined, for woks and light frying",13.6,"1.0 tbsp",--,--,0,,
"""04700""","Oil, industrial, soy, ultra low linolenic",13.6,"1.0 tablespoon",--,--,0,,
"""04572""","Oil, nutmeg butter",13.6,"1.0 tbsp",--,--,0,,
"""04053""","Oil, olive, salad or cooking",13.5,"1.0 tablespoon",--,--,0,,
"""04055""","Oil, palm",13.6,"1.0 tbsp",--,--,0,,
"""04679""","Oil, PAM cooking spray, original",0.3,"1.0 spray , about 1/3 second (1 NLEA serving)",--,--,0,,
"""04042""","Oil, peanut, salad or cooking",13.5,"1.0 tbsp",--,--,0,,
"""04514""","Oil, poppyseed",13.6,"1.0 tablespoon",--,--,0,,
"""04037""","Oil, rice bran",13.6,"1.0 tablespoon",--,--,0,,
"""04511""","Oil, safflower, salad or cooking, high oleic (primary safflower oil of commerce)",13.6,"1.0 tablespoon",--,--,0,,
"""04510""","Oil, safflower, salad or cooking, linoleic, (over 70%)",13.6,"1.0 tbsp",--,--,0,,
"""04058""","Oil, sesame, salad or cooking",13.6,"1.0 tablespoon",--,--,0,,
"""04536""","Oil, sheanut",13.6,"1.0 tablespoon",--,--,0,,
"""04531""","Oil, soybean lecithin",13.6,"1.0 tablespoon",--,--,0,,
"""04044""","Oil, soybean, salad or cooking",13.6,"1.0 tbsp",--,--,0,,
"""04034""","Oil, soybean, salad or cooking, (partially hydrogenated)",13.6,"1.0 tbsp",--,--,0,,
"""04543""","Oil, soybean, salad or cooking, (partially hydrogenated) and cottonseed",13.6,"1.0 tablespoon",--,--,0,,
"""04584""","Oil, sunflower, high oleic (70% and over)",14.0,"1.0 tbsp",--,--,0,,
"""04060""","Oil, sunflower, linoleic (less than 60%)",13.6,"1.0 tbsp",--,--,0,,
"""04506""","Oil, sunflower, linoleic, (approx. 65%)",13.6,"1.0 tbsp",--,--,0,,
"""04545""","Oil, sunflower, linoleic, (partially hydrogenated)",13.6,"1.0 tbsp",--,--,0,,
"""04516""","Oil, teaseed",13.6,"1.0 tablespoon",--,--,0,,
"""04515""","Oil, tomatoseed",13.6,"1.0 tablespoon",--,--,0,,
"""04573""","Oil, ucuhuba butter",13.6,"1.0 tbsp",--,--,0,,
"""04678""","Oil, vegetable, Natreon canola, high stability, non trans, high oleic (70%)",14.0,"1.0 tbsp",0.000,--,--,,
"""04669""","Oil, vegetable, soybean, refined",13.6,"1.0 tablespoon",--,--,0,,
"""04528""","Oil, walnut",13.6,"1.0 tbsp",--,--,0,,
"""04038""","Oil, wheat germ",4.5,"1.0 tsp",--,--,0,,
"""43331""","Salad dressing, bacon and tomato",15.0,"1.0 tbsp",0.001,--,0,,
"""04539""","Salad dressing, blue or roquefort cheese dressing, commercial, regular",15.0,"1.0 tbsp",0.001,--,1,,
"""42192""","Salad dressing, blue or roquefort cheese dressing, fat-free",17.0,"1.0 tbsp",0.001,--,0,,
"""42153""","Salad dressing, blue or roquefort cheese dressing, light",16.0,"1.0 tbsp",0.001,--,4,,
"""43020""","Salad dressing, blue or roquefort cheese, low calorie",15.0,"1.0 tbsp",0.006,--,0,,
"""43215""","Salad dressing, buttermilk, lite",15.0,"1.0 tablespoon",0.000,--,1,,
"""43015""","Salad dressing, caesar dressing, regular",14.7,"1.0 tbsp",0.001,0.000,0,,
"""04705""","Salad dressing, caesar, fat-free",34.0,"2.0 tbsp (1 NLEA serving)",0.001,0.000,1,,
"""43021""","Salad dressing, caesar, low calorie",15.0,"1.0 tbsp",0.000,--,0,,
"""43016""","Salad dressing, coleslaw",19.0,"1.0 tbsp",0.000,0.000,1,,
"""42230""","Salad Dressing, coleslaw, reduced fat",17.0,"1.0 tbsp",--,--,0,,
"""04120""","Salad dressing, french dressing, commercial, regular",250.0,"1.0 cup",--,--,0,,
"""04141""","Salad dressing, french dressing, commercial, regular, without salt",15.0,"1.0 tablespoon",--,--,0,,
"""04367""","Salad dressing, french dressing, fat-free",16.0,"1.0 tablespoon",0.000,--,2,,
"""42171""","Salad dressing, french dressing, reduced calorie",16.0,"1.0 tbsp",0.000,--,0,,
"""04020""","Salad dressing, french dressing, reduced fat",16.0,"1.0 tablespoon",0.000,--,0,,
"""04142""","Salad dressing, french dressing, reduced fat, without salt",16.0,"1.0 tablespoon",0.000,--,0,,
"""04133""","Salad dressing, french, home recipe",14.0,"1.0 tablespoon",--,--,0,,
"""43017""","Salad dressing, green goddess, regular",15.0,"1.0 tbsp",0.001,--,1,,
"""04135""","Salad dressing, home recipe, vinegar and oil",16.0,"1.0 tablespoon",--,--,0,,
"""04686""","Salad dressing, honey mustard dressing, reduced calorie",30.0,"2.0 tbsp (1 serving)",0.000,--,1,,
"""04703""","Salad dressing, honey mustard, regular",30.0,"2.0 tbsp",0.000,--,2,,
"""04021""","Salad dressing, italian dressing, commercial, reduced fat",15.0,"1.0 tablespoon",0.000,--,0,,
"""04114""","Salad dressing, italian dressing, commercial, regular",14.7,"1.0 tbsp",--,--,0,,
"""04143""","Salad dressing, italian dressing, commercial, regular, without salt",14.7,"1.0 tablespoon",--,--,0,,
"""04636""","Salad dressing, italian dressing, fat-free",14.0,"1.0 tbsp",0.000,--,2,,
"""42140""","Salad dressing, italian dressing, reduced calorie",14.0,"1.0 tbsp",0.000,--,0,,
"""04144""","Salad dressing, italian dressing, reduced fat, without salt",15.0,"1.0 tablespoon",--,--,0,,
"""04013""","Salad dressing, KRAFT Mayo Fat Free Mayonnaise Dressing",16.0,"1.0 tbsp",0.000,--,1,,
"""43329""","Salad dressing, mayonnaise and mayonnaise-type, low calorie",14.5,"1.0 tbsp",0.000,--,1,,
"""04018""","Salad dressing, mayonnaise type, regular, with salt",14.7,"1.0 tbsp",0.000,--,1,,
"""04028""","Salad dressing, mayonnaise, imitation, milk cream",15.0,"1.0 tablespoon",0.000,--,0,,
"""04027""","Salad dressing, mayonnaise, imitation, soybean",15.0,"1.0 tbsp",--,--,0,,
"""04029""","Salad dressing, mayonnaise, imitation, soybean without cholesterol",14.1,"1.0 tablespoon",--,--,0,,
"""04641""","Salad dressing, mayonnaise, light",15.0,"1.0 tablespoon",0.000,--,1,,
"""04689""","Salad Dressing, mayonnaise, light, SMART BALANCE, Omega Plus light",14.0,"1.0 tbsp (1 NLEA serving)",0.000,--,--,,
"""04025""","Salad dressing, mayonnaise, regular",13.8,"1.0 tbsp",0.000,--,1,,
"""04026""","Salad dressing, mayonnaise, soybean and safflower oil, with salt",13.8,"1.0 tablespoon",0.000,--,1,,
"""42193""","Salad Dressing, mayonnaise-like, fat-free",16.0,"1.0 tbsp",--,--,0,,
"""42137""","Salad dressing, peppercorn dressing, commercial, regular",13.4,"1.0 tbsp",0.006,--,1,,
"""04704""","Salad dressing, poppyseed, creamy",33.0,"2.0 tbsp",0.031,--,1,,
"""04638""","Salad dressing, ranch dressing, fat-free",14.0,"1.0 tablespoon",0.000,--,1,,
"""04640""","Salad dressing, ranch dressing, reduced fat",15.0,"1.0 tablespoon",0.000,--,1,,
"""04639""","Salad dressing, ranch dressing, regular",15.0,"1.0 tablespoon",0.001,0.000,1,,
"""04015""","Salad dressing, russian dressing",15.0,"1.0 tbsp",0.000,--,1,,
"""04022""","Salad dressing, russian dressing, low calorie",16.0,"1.0 tablespoon",0.000,--,0,,
"""04016""","Salad dressing, sesame seed dressing, regular",15.0,"1.0 tablespoon",--,--,0,,
"""43019""","Salad dressing, sweet and sour",16.0,"1.0 tbsp",0.000,--,0,,
"""04635""","Salad dressing, thousand island dressing, fat-free",16.0,"1.0 tbsp",0.000,--,2,,
"""04023""","Salad dressing, thousand island dressing, reduced fat",15.0,"1.0 tablespoon",--,--,0,,
"""04017""","Salad dressing, thousand island, commercial, regular",16.0,"1.0 tbsp",--,--,0,,
"""04030""","Sandwich spread, with chopped pickle, regular, unspecified oils",15.0,"1.0 tablespoon",0.000,--,1,,
"""04546""","Shortening bread, soybean (hydrogenated) and cottonseed",12.8,"1.0 tablespoon",--,--,0,,
"""04548""","Shortening cake mix, soybean (hydrogenated) and cottonseed (hydrogenated)",12.8,"1.0 tbsp",--,--,0,,
"""04551""","Shortening confectionery, coconut (hydrogenated) and or palm kernel (hydrogenated)",12.8,"1.0 tbsp",--,--,0,,
"""04550""","Shortening frying (heavy duty), beef tallow and cottonseed",12.8,"1.0 tbsp",--,--,0,,
"""04556""","Shortening frying (heavy duty), palm (hydrogenated)",12.8,"1.0 tbsp",--,--,0,,
"""04560""","Shortening frying (heavy duty), soybean (hydrogenated), linoleic (less than 1%)",12.8,"1.0 tbsp",--,--,0,,
"""04559""","Shortening household soybean (hydrogenated) and palm",12.8,"1.0 tbsp",--,--,0,,
"""04549""","Shortening industrial, lard and vegetable oil",12.8,"1.0 tbsp",--,--,0,,
"""04554""","Shortening industrial, soybean (hydrogenated) and cottonseed",12.8,"1.0 tbsp",--,--,0,,
"""04570""","Shortening, confectionery, fractionated palm",13.6,"1.0 tbsp",--,--,0,,
"""04544""","Shortening, household, lard and vegetable oil",12.8,"1.0 tablespoon",--,--,0,,
"""04031""","Shortening, household, soybean (partially hydrogenated)-cottonseed (partially hydrogenated)",12.8,"1.0 tbsp",--,--,0,,
"""04666""","Shortening, industrial, soy (partially hydrogenated ) and corn for frying",12.8,"1.0 tbsp",--,--,0,,
"""04667""","Shortening, industrial, soy (partially hydrogenated ) for baking and confections",12.8,"1.0 tbsp",--,--,0,,
"""04649""","Shortening, industrial, soy (partially hydrogenated), pourable liquid fry shortening",13.6,"1.0 tbsp",--,--,0,,
"""04615""","Shortening, vegetable, household, composite",12.8,"1.0 tbsp",--,--,0,,
"""04513""","Vegetable oil, palm kernel",13.6,"1.0 tablespoon",0.027,--,0,,
"""42151""","Vegetable oil-butter spread, reduced calorie",13.0,"1.0 tbsp",0.060,--,0,,
