Source: USDA National Nutrient Database for Standard Reference Legacy Software v.3.9.4 2018-05-17
"Nutrients: 15:1 (g); Glutamic acid (g); Aspartic acid (g)"
"Food Groups: Fats and Oils"
Food Subset:All Foods
Ordered by:Food Name
Measured by:Household
Report Run at: 06-02-2018T14:01
NDB_NO,Description,Weight(g),Measure,"15:1"(g)Per Measure,"Glutamic acid"(g)Per Measure,"Aspartic acid"(g)Per Measure,
"""04628""","Margarine, 80% fat, stick, includes regular and hydrogenated corn and soybean oils",14.0,"1.0 tbsp",0.000,--,--,,
"""04684""","Margarine, 80% fat, tub, CANOLA HARVEST Soft Spread (canola, palm and palm kernel oils)",14.0,"1.0 tablespoon (1 NLEA serving)",0.000,--,--,,
"""04683""","Margarine, margarine-like vegetable oil spread, 67-70% fat, tub",14.0,"1.0 tbsp (1 NLEA serving)",0.000,--,--,,
"""04629""","Margarine, margarine-type vegetable oil spread, 70% fat, soybean and partially hydrogenated soybean, stick",14.0,"1.0 tbsp (1 NLEA serving)",0.000,--,--,,
"""04610""","Margarine, regular, 80% fat, composite, stick, with salt",14.0,"1.0 tbsp",0.000,--,--,,
"""04691""","Margarine, regular, 80% fat, composite, stick, with salt, with added vitamin D",14.0,"1.0 tablespoon",0.000,--,--,,
"""04611""","Margarine, regular, 80% fat, composite, tub, with salt",14.2,"1.0 tbsp",0.000,--,--,,
"""04692""","Margarine, regular, 80% fat, composite, tub, with salt, with added vitamin D",14.0,"1.0 tbsp",0.000,--,--,,
"""04128""","Margarine,spread, 35-39% fat, tub",232.0,"1.0 cup",0.000,--,--,,
"""04677""","Margarine-like spread, SMART BALANCE Omega Plus Spread (with plant sterols  &  fish oil)",14.0,"1.0 tablespoon",0.000,--,--,,
"""04673""","Margarine-like spread, SMART BALANCE Regular Buttery Spread with flax oil",14.0,"1.0 tablespoon",0.000,--,--,,
"""04612""","Margarine-like, vegetable oil spread, 60% fat, stick, with salt",14.3,"1.0 tbsp",0.000,--,--,,
"""04693""","Margarine-like, vegetable oil spread, 60% fat, stick, with salt, with added vitamin D",14.0,"1.0 tbsp",0.000,--,--,,
"""04613""","Margarine-like, vegetable oil spread, 60% fat, tub, with salt",14.0,"1.0 tbsp",0.000,--,--,,
"""04694""","Margarine-like, vegetable oil spread, 60% fat, tub, with salt, with added vitamin D",14.0,"1.0 tbsp",0.000,--,--,,
"""04690""","Margarine-like, vegetable oil spread, approximately 37% fat, unspecified oils, with salt, with added vitamin D",14.9,"1.0 tbsp",0.000,--,--,,
"""42178""","Mayonnaise, made with tofu",15.0,"1.0 tbsp",0.000,--,--,,
"""04582""","Oil, canola",14.0,"1.0 tbsp",0.000,--,--,,
"""04047""","Oil, coconut",13.6,"1.0 tbsp",--,--,0.000,,
"""42289""","Oil, corn and canola",14.0,"1.0 tbsp",0.000,--,--,,
"""42231""","Oil, flaxseed, cold pressed",13.6,"1.0 tbsp",0.000,--,--,,
"""04707""","Oil, flaxseed, contains added sliced flaxseed",13.7,"1.0 tablespoon",0.000,--,--,,
"""04044""","Oil, soybean, salad or cooking",13.6,"1.0 tbsp",--,--,0.000,,
"""04705""","Salad dressing, caesar, fat-free",34.0,"2.0 tbsp (1 NLEA serving)",0.000,--,--,,
"""43016""","Salad dressing, coleslaw",19.0,"1.0 tbsp",0.000,--,--,,
"""04120""","Salad dressing, french dressing, commercial, regular",250.0,"1.0 cup",0.000,--,--,,
"""04021""","Salad dressing, italian dressing, commercial, reduced fat",15.0,"1.0 tablespoon",0.000,0.010,0.005,,
"""04114""","Salad dressing, italian dressing, commercial, regular",14.7,"1.0 tbsp",0.000,0.007,0.004,,
"""04143""","Salad dressing, italian dressing, commercial, regular, without salt",14.7,"1.0 tablespoon",0.000,--,--,,
"""04018""","Salad dressing, mayonnaise type, regular, with salt",14.7,"1.0 tbsp",0.000,0.013,0.010,,
"""04641""","Salad dressing, mayonnaise, light",15.0,"1.0 tablespoon",0.000,0.007,0.006,,
"""04689""","Salad Dressing, mayonnaise, light, SMART BALANCE, Omega Plus light",14.0,"1.0 tbsp (1 NLEA serving)",0.000,--,--,,
"""04025""","Salad dressing, mayonnaise, regular",13.8,"1.0 tbsp",0.000,0.020,0.013,,
"""04639""","Salad dressing, ranch dressing, regular",15.0,"1.0 tablespoon",0.000,--,--,,
