Source: USDA National Nutrient Database for Standard Reference Legacy Software v.3.9.4 2018-05-17
"Nutrients: 13:0 (g); Beta-sitosterol (mg); 18:4 (g)"
"Food Groups: Fats and Oils"
Food Subset:All Foods
Ordered by:Food Name
Measured by:Household
Report Run at: 06-02-2018T14:01
NDB_NO,Description,Weight(g),Measure,"13:0"(g)Per Measure,"Beta-sitosterol"(mg)Per Measure,"18:4"(g)Per Measure,
"""04705""","Salad dressing, caesar, fat-free",34.0,"2.0 tbsp (1 NLEA serving)",--,--,0.000,,
"""04636""","Salad dressing, italian dressing, fat-free",14.0,"1.0 tbsp",0.000,--,0.000,,
