Source: USDA National Nutrient Database for Standard Reference Legacy Software v.3.9.4 2018-05-17
"Nutrients: Tocopherol, gamma (mg); Glycine (g); Calcium, Ca (mg)"
"Food Groups: Fats and Oils"
Food Subset:All Foods
Ordered by:Food Name
Measured by:Household
Report Run at: 06-02-2018T14:01
NDB_NO,Description,Weight(g),Measure,"Tocopherol, gamma"(mg)Per Measure,"Glycine"(g)Per Measure,"Calcium, Ca"(mg)Per Measure,
"""04002""","Lard",12.8,"1.0 tbsp",--,--,0,,
"""04628""","Margarine, 80% fat, stick, includes regular and hydrogenated corn and soybean oils",14.0,"1.0 tbsp",6.13,--,0,,
"""04684""","Margarine, 80% fat, tub, CANOLA HARVEST Soft Spread (canola, palm and palm kernel oils)",14.0,"1.0 tablespoon (1 NLEA serving)",2.74,--,--,,
"""04683""","Margarine, margarine-like vegetable oil spread, 67-70% fat, tub",14.0,"1.0 tbsp (1 NLEA serving)",4.09,--,--,,
"""04629""","Margarine, margarine-type vegetable oil spread, 70% fat, soybean and partially hydrogenated soybean, stick",14.0,"1.0 tbsp (1 NLEA serving)",4.90,--,1,,
"""04691""","Margarine, regular, 80% fat, composite, stick, with salt, with added vitamin D",14.0,"1.0 tablespoon",6.13,--,0,,
"""04611""","Margarine, regular, 80% fat, composite, tub, with salt",14.2,"1.0 tbsp",3.83,--,0,,
"""04692""","Margarine, regular, 80% fat, composite, tub, with salt, with added vitamin D",14.0,"1.0 tbsp",3.78,--,0,,
"""04655""","Margarine-like shortening, industrial, soy (partially hydrogenated), cottonseed, and soy, principal use flaky pastries",14.0,"1.0 tbsp",4.52,--,0,,
"""04687""","Margarine-like spread, BENECOL Light Spread",14.0,"1.0 tablespoon (1 NLEA serving)",1.93,--,1,,
"""04674""","Margarine-like spread, SMART BALANCE Light Buttery Spread",14.0,"1.0 tbsp",1.09,--,0,,
"""04677""","Margarine-like spread, SMART BALANCE Omega Plus Spread (with plant sterols  &  fish oil)",14.0,"1.0 tablespoon",2.23,--,--,,
"""04673""","Margarine-like spread, SMART BALANCE Regular Buttery Spread with flax oil",14.0,"1.0 tablespoon",1.67,--,--,,
"""04585""","Margarine-like, margarine-butter blend, soybean oil and butter",14.1,"1.0 tbsp",5.20,--,1,,
"""04613""","Margarine-like, vegetable oil spread, 60% fat, tub, with salt",14.0,"1.0 tbsp",3.08,--,3,,
"""04694""","Margarine-like, vegetable oil spread, 60% fat, tub, with salt, with added vitamin D",14.0,"1.0 tbsp",3.08,--,3,,
"""04690""","Margarine-like, vegetable oil spread, approximately 37% fat, unspecified oils, with salt, with added vitamin D",14.9,"1.0 tbsp",1.84,--,1,,
"""04582""","Oil, canola",14.0,"1.0 tbsp",3.83,--,0,,
"""04047""","Oil, coconut",13.6,"1.0 tbsp",0.00,--,0,,
"""04685""","Oil, cooking and salad, ENOVA, 80% diglycerides",14.0,"1.0 tbsp (1 NLEA serving)",14.12,--,--,,
"""42289""","Oil, corn and canola",14.0,"1.0 tbsp",4.95,--,0,,
"""42231""","Oil, flaxseed, cold pressed",13.6,"1.0 tbsp",3.91,--,0,,
"""04707""","Oil, flaxseed, contains added sliced flaxseed",13.7,"1.0 tablespoon",4.57,--,1,,
"""04643""","Oil, industrial, canola with antifoaming agent, principal uses salads, woks and light frying",13.6,"1.0 tablespoon",4.13,--,0,,
"""04661""","Oil, industrial, coconut (hydrogenated), used for whipped toppings and coffee whiteners",13.6,"1.0 tbsp",0.03,0.000,0,,
"""04659""","Oil, industrial, coconut, confection fat, typical basis for ice cream coatings",13.6,"1.0 tbsp",0.03,0.000,0,,
"""04646""","Oil, industrial, coconut, principal uses candy coatings, oil sprays, roasting nuts",13.6,"1.0 tbsp",0.03,--,0,,
"""04053""","Oil, olive, salad or cooking",13.5,"1.0 tablespoon",0.11,0.000,0,,
"""04055""","Oil, palm",13.6,"1.0 tbsp",--,--,0,,
"""04042""","Oil, peanut, salad or cooking",13.5,"1.0 tbsp",2.15,--,0,,
"""04044""","Oil, soybean, salad or cooking",13.6,"1.0 tbsp",8.74,--,0,,
"""04545""","Oil, sunflower, linoleic, (partially hydrogenated)",13.6,"1.0 tbsp",1.24,--,0,,
"""04678""","Oil, vegetable, Natreon canola, high stability, non trans, high oleic (70%)",14.0,"1.0 tbsp",3.05,--,--,,
"""04703""","Salad dressing, honey mustard, regular",30.0,"2.0 tbsp",7.22,--,4,,
"""04021""","Salad dressing, italian dressing, commercial, reduced fat",15.0,"1.0 tablespoon",0.69,0.002,2,,
"""04114""","Salad dressing, italian dressing, commercial, regular",14.7,"1.0 tbsp",2.07,0.002,2,,
"""04018""","Salad dressing, mayonnaise type, regular, with salt",14.7,"1.0 tbsp",1.63,0.003,1,,
"""04641""","Salad dressing, mayonnaise, light",15.0,"1.0 tablespoon",2.92,0.002,1,,
"""04689""","Salad Dressing, mayonnaise, light, SMART BALANCE, Omega Plus light",14.0,"1.0 tbsp (1 NLEA serving)",1.56,--,2,,
"""04025""","Salad dressing, mayonnaise, regular",13.8,"1.0 tbsp",4.90,0.005,1,,
"""04639""","Salad dressing, ranch dressing, regular",15.0,"1.0 tablespoon",4.55,--,4,,
"""04548""","Shortening cake mix, soybean (hydrogenated) and cottonseed (hydrogenated)",12.8,"1.0 tbsp",4.13,--,0,,
"""04560""","Shortening frying (heavy duty), soybean (hydrogenated), linoleic (less than 1%)",12.8,"1.0 tbsp",4.13,--,0,,
"""04554""","Shortening industrial, soybean (hydrogenated) and cottonseed",12.8,"1.0 tbsp",4.13,--,0,,
"""04031""","Shortening, household, soybean (partially hydrogenated)-cottonseed (partially hydrogenated)",12.8,"1.0 tbsp",4.13,--,0,,
"""04666""","Shortening, industrial, soy (partially hydrogenated ) and corn for frying",12.8,"1.0 tbsp",4.13,--,0,,
"""04667""","Shortening, industrial, soy (partially hydrogenated ) for baking and confections",12.8,"1.0 tbsp",4.13,--,0,,
"""04587""","Shortening, special purpose for baking, soybean (hydrogenated) palm and cottonseed",12.8,"1.0 tbsp",4.13,--,0,,
"""04586""","Shortening, special purpose for cakes and frostings, soybean (hydrogenated)",12.8,"1.0 tbsp",4.13,--,0,,
"""04615""","Shortening, vegetable, household, composite",12.8,"1.0 tbsp",4.13,--,0,,
