Source: USDA National Nutrient Database for Standard Reference Legacy Software v.3.9.4 2018-05-17
"Nutrients: Menaquinone-4 (µg); Tocotrienol, alpha (mg); Alanine (g)"
"Food Groups: Fats and Oils"
Food Subset:All Foods
Ordered by:Food Name
Measured by:Household
Report Run at: 06-02-2018T14:01
NDB_NO,Description,Weight(g),Measure,"Menaquinone-4"(µg)Per Measure,"Tocotrienol, alpha"(mg)Per Measure,"Alanine"(g)Per Measure,
"""04611""","Margarine, regular, 80% fat, composite, tub, with salt",14.2,"1.0 tbsp",0.0,0.01,--,,
"""04692""","Margarine, regular, 80% fat, composite, tub, with salt, with added vitamin D",14.0,"1.0 tbsp",0.0,0.01,--,,
"""04585""","Margarine-like, margarine-butter blend, soybean oil and butter",14.1,"1.0 tbsp",0.2,0.00,--,,
"""04690""","Margarine-like, vegetable oil spread, approximately 37% fat, unspecified oils, with salt, with added vitamin D",14.9,"1.0 tbsp",0.0,0.12,--,,
"""04582""","Oil, canola",14.0,"1.0 tbsp",0.0,0.00,--,,
"""04047""","Oil, coconut",13.6,"1.0 tbsp",0.0,0.30,--,,
"""42289""","Oil, corn and canola",14.0,"1.0 tbsp",0.0,--,--,,
"""42231""","Oil, flaxseed, cold pressed",13.6,"1.0 tbsp",0.0,0.12,--,,
"""04707""","Oil, flaxseed, contains added sliced flaxseed",13.7,"1.0 tablespoon",0.3,0.09,--,,
"""04044""","Oil, soybean, salad or cooking",13.6,"1.0 tbsp",0.0,0.01,--,,
"""04539""","Salad dressing, blue or roquefort cheese dressing, commercial, regular",15.0,"1.0 tbsp",0.0,--,--,,
"""43016""","Salad dressing, coleslaw",19.0,"1.0 tbsp",0.0,--,--,,
"""04689""","Salad Dressing, mayonnaise, light, SMART BALANCE, Omega Plus light",14.0,"1.0 tbsp (1 NLEA serving)",0.0,--,--,,
